"pid","x","modalities","modalities2"
"28350526",NULL,NULL,NULL
"28601499","[""fMRI""], [""fMRI""]","[""fMRI""]","[""fMRI""]"
"28651909","[""Computerized Cambridge Neurocognitive Test Automated Battery"", ""Short version of the Wechsler Adult Intelligence Scale-Revised in China"", ""Immediate and delayed logical memory of the Wechsler Memory Scale-Revised in China""], [""cognitive tests""]","[""Computerized Cambridge Neurocognitive Test Automated Battery"", ""Short version of the Wechsler Adult Intelligence Scale-Revised in China"", ""Immediate and delayed logical memory of the Wechsler Memory Scale-Revised in China""]","[""cognitive tests""]"
"28673115",NULL,"[""Nil""]",NULL
"28696831","[""Haptics"", ""Robot""], [""touch sensations""]","[""Haptics"", ""Robot""]","[""touch sensations""]"
"28756487","[""anatomical"", ""functional""], [""voice-sensitive cortex"", ""functional voice activity""]","[""anatomical"", ""functional""]","[""voice-sensitive cortex"", ""functional voice activity""]"
"28771699","[""Checkerboard DNA-DNA hybridisation""], [""DNA-DNA hybridisation""]","[""Checkerboard DNA-DNA hybridisation""]","[""DNA-DNA hybridisation""]"
"28853237","[""Optical Coherence Tomography""], [""optical coherence tomography""]","[""Optical Coherence Tomography""]","[""optical coherence tomography""]"
"28869436","[""Lower Limbs Rehabilitation Robot""], [""Robot"", ""Device""]","[""Lower Limbs Rehabilitation Robot""]","[""Robot"", ""Device""]"
"28952798","[""Medical""], [""Blood Pressure"", ""Systolic BP"", ""Diastolic BP""]","[""Medical""]","[""Blood Pressure"", ""Systolic BP"", ""Diastolic BP""]"
"28968847","[""MRI""], [""MRI""]","[""MRI""]","[""MRI""]"
"28981875","[""Nil""], [""Text"", ""Audio""]","[""Nil""]","[""Text"", ""Audio""]"
"28987903","[""MR""], [""Cardiac Images (MR sequences)""]","[""MR""]","[""Cardiac Images (MR sequences)""]"
"29043544","[""Transcranial Doppler (TCD)"", ""Intracranial pressure (ICP)"", ""Cortical laser Doppler flowmetry (LDF)""], [""Transcranial Doppler"", ""Intracranial pressure"", ""Cortical laser Doppler flowmetry""]","[""Transcranial Doppler (TCD)"", ""Intracranial pressure (ICP)"", ""Cortical laser Doppler flowmetry (LDF)""]","[""Transcranial Doppler"", ""Intracranial pressure"", ""Cortical laser Doppler flowmetry""]"
"29065782","[""Clinical""], [""Surgery"", ""Medicine""]","[""Clinical""]","[""Surgery"", ""Medicine""]"
"29071211","[""Myelin"", ""T1-weighted MRI""], [""Myelin Maps"", ""T1-weighted MRI""]","[""Myelin"", ""T1-weighted MRI""]","[""Myelin Maps"", ""T1-weighted MRI""]"
"29084099","[""Sensorimotor"", ""Visuospatial attention"", ""Working Memory"", ""Executive Function""], [""Robotics"", ""Sensorimotor""]","[""Sensorimotor"", ""Visuospatial attention"", ""Working Memory"", ""Executive Function""]","[""Robotics"", ""Sensorimotor""]"
"29094375","[""Electronic medical data""], [""Sparse indicator covariates""]","[""Electronic medical data""]","[""Sparse indicator covariates""]"
"29098645","[""Cognitive features""], [""Cognitive features""]","[""Cognitive features""]","[""Cognitive features""]"
"29128490","[""EEG""], [""EEG""]","[""EEG""]","[""EEG""]"
"29145629",NULL,NULL,"[""text"", ""image""]"
"29169029","[""Electron Microscopy"", ""CT"", ""MRI""], [""Electron Microscopy"", ""CT images"", ""MRI""]","[""Electron Microscopy"", ""CT"", ""MRI""]","[""Electron Microscopy"", ""CT images"", ""MRI""]"
"29193460","[""Imaging"", ""Robotics""], [""diffusion_tensor_imaging"", ""robotic""]","[""Imaging"", ""Robotics""]","[""diffusion_tensor_imaging"", ""robotic""]"
"29194610","[""dental-related claims""], [""topical fluoride"", ""dental sealants""]","[""dental-related claims""]","[""topical fluoride"", ""dental sealants""]"
"29237237",NULL,NULL,NULL
"29244902","[""Electronic portal imaging device (EPID)"", ""Tumor position""], [""Electronic Portal Imaging Device""]","[""Electronic portal imaging device (EPID)"", ""Tumor position""]","[""Electronic Portal Imaging Device""]"
"29251172","[""Gene expression profile""], [""gene expression""]","[""Gene expression profile""]","[""gene expression""]"
"29254878","[""Self-report"", ""Likert scale""], [""self-report""]","[""Self-report"", ""Likert scale""]","[""self-report""]"
"29268169","[""MICCAI""], [""X-ray"", ""Computed Tomography""]","[""MICCAI""]","[""X-ray"", ""Computed Tomography""]"
"29272464","[""Structural magnetic resonance imaging scans (MRI)""], [""MRI scans""]","[""Structural magnetic resonance imaging scans (MRI)""]","[""MRI scans""]"
"29274736","[""Tissue Density Estimates"", ""Cortical Thickness""], [""magnetic resonance images""]","[""Tissue Density Estimates"", ""Cortical Thickness""]","[""magnetic resonance images""]"
"29288983","[""T2-weighted"", ""T1-weighted"", ""T2* weighted"", ""Diffusion-weighted""], [""MRI""]","[""T2-weighted"", ""T1-weighted"", ""T2* weighted"", ""Diffusion-weighted""]","[""MRI""]"
"29294157","[""Computed Tomography""], [""CT scans""]","[""Computed Tomography""]","[""CT scans""]"
"29300432",NULL,"[""Bedside clinical assessment""]",NULL
"29304138","[""Histopathological images"", ""Ki67 scores""], [""image"", ""pathology""]","[""Histopathological images"", ""Ki67 scores""]","[""image"", ""pathology""]"
"29306928",NULL,"[""Genetic data""]",NULL
"29321174",NULL,NULL,"[""text""]"
"29321970","[""EEG"", ""fMRI""], [""EEG"", ""fMRI""]","[""EEG"", ""fMRI""]","[""EEG"", ""fMRI""]"
"29334038","[""MRI""], [""MRI"", ""Neuronavigation""]","[""MRI""]","[""MRI"", ""Neuronavigation""]"
"29334467",NULL,"[""Robotics"", ""Upper Extremity""]",NULL
"29335008","[""16S"", ""Shotgun metagenomics""], [""16S rRNA gene"", ""shotgun metagenomics""]","[""16S"", ""Shotgun metagenomics""]","[""16S rRNA gene"", ""shotgun metagenomics""]"
"29336922","[""PET""], [""Images""]","[""PET""]","[""Images""]"
"29340580","[""Blood Samples""], [""Hematological""]","[""Blood Samples""]","[""Hematological""]"
"29344313","[""Genomic Data""], [""DNA methylation""]","[""Genomic Data""]","[""DNA methylation""]"
"29346286",NULL,NULL,"[]"
"29354080","[""Audio"", ""Physiological""], [""audio"", ""physiological""]","[""Audio"", ""Physiological""]","[""audio"", ""physiological""]"
"29355792","[""Biomechanical"", ""Robotic""], [""force"", ""movement""]","[""Biomechanical"", ""Robotic""]","[""force"", ""movement""]"
"29356281","[""Physiological""], [""Energy"", ""Mood""]","[""Physiological""]","[""Energy"", ""Mood""]"
"29356346","[""Audiogram"", ""Initial Hearing Level"", ""Time Elapse between Symptom Onset and Study Entry""], [""Audiogram"", ""Hearing level""]","[""Audiogram"", ""Initial Hearing Level"", ""Time Elapse between Symptom Onset and Study Entry""]","[""Audiogram"", ""Hearing level""]"
"29377156","[""prostate cancer treatment"", ""radiation therapy""], [""radiation therapy"", ""computed tomography""]","[""prostate cancer treatment"", ""radiation therapy""]","[""radiation therapy"", ""computed tomography""]"
"29378522","[""EEG""], [""Electroencephalography""]","[""EEG""]","[""Electroencephalography""]"
"29380275","[""Psychiatric""], [""Text""]","[""Psychiatric""]","[""Text""]"
"29391513",NULL,"[""Medical Records""]",NULL
"29398207","[""Functional magnetic resonance imaging""], [""functional MRI""]","[""Functional magnetic resonance imaging""]","[""functional MRI""]"
"29407288",NULL,NULL,"[""Genome-wide data"", ""Self-reporting""]"
"29450848","[""MRI""], [""T1/T2-weighted MRI scans""]","[""MRI""]","[""T1/T2-weighted MRI scans""]"
"29454222","[""Magnetic Resonance Imaging"", ""Lipids and body mass index""], [""structural MRI"", ""fasting lipids"", ""body mass index""]","[""Magnetic Resonance Imaging"", ""Lipids and body mass index""]","[""structural MRI"", ""fasting lipids"", ""body mass index""]"
"29502031","[""FDG-PET""], [""FDG-PET metabolism imaging""]","[""FDG-PET""]","[""FDG-PET metabolism imaging""]"
"29539639","[""DNA methylation""], [""text"", ""image"", ""audio""]","[""DNA methylation""]","[""text"", ""image"", ""audio""]"
"29540617",NULL,NULL,"[{""Modality"": ""Kinesthetic feedback""}, {""Modality"": ""Vision""}, {""Modality"": ""Intent""}]"
"29543895","[""Registry data""], [""software tool"", ""model""]","[""Registry data""]","[""software tool"", ""model""]"
"29546805","[""Image""], [""image""]","[""Image""]","[""image""]"
"29548746","[""Gene expression""], [""gene expression"", ""brain transcriptional profile""]","[""Gene expression""]","[""gene expression"", ""brain transcriptional profile""]"
"29550305","[""Medical Imaging""], [""image"", ""text""]","[""Medical Imaging""]","[""image"", ""text""]"
"29558208","[""knee kinematics"", ""tibial internal rotation""], [""robotic testing system"", ""6 degrees of freedom""]","[""knee kinematics"", ""tibial internal rotation""]","[""robotic testing system"", ""6 degrees of freedom""]"
"29571749","[""Actigraphy""], [""actigraphy""]","[""Actigraphy""]","[""actigraphy""]"
"29581092","[""Typing""], [""typing""]","[""Typing""]","[""typing""]"
"29603092","[""CSF"", ""miRNA""], [""MicroRNA expression levels"", ""Cerebrospinal fluid""]","[""CSF"", ""miRNA""]","[""MicroRNA expression levels"", ""Cerebrospinal fluid""]"
"29606521",NULL,NULL,NULL
"29609039","[""MRI""], [""Brain MRI Images""]","[""MRI""]","[""Brain MRI Images""]"
"29616521","[""Near-infrared spectrometer""], [""Cerebral oxygenation"", ""Neurological function""]","[""Near-infrared spectrometer""]","[""Cerebral oxygenation"", ""Neurological function""]"
"29632364","[""MR"", ""PET""], [""structural MR"", ""FDG-PET images""]","[""MR"", ""PET""]","[""structural MR"", ""FDG-PET images""]"
"29636016","[""Diffusion Tensor Imaging""], [""MRI""]","[""Diffusion Tensor Imaging""]","[""MRI""]"
"29642656",NULL,NULL,NULL
"29662628","[""gene expression""], [""gene expression""]","[""gene expression""]","[""gene expression""]"
"29664902","[""Structural"", ""Functional""], [""Structural MRI"", ""Functional MRI""]","[""Structural"", ""Functional""]","[""Structural MRI"", ""Functional MRI""]"
"29665537","[""Digital Breast Tomosynthesis""], [""2D Slices""]","[""Digital Breast Tomosynthesis""]","[""2D Slices""]"
"29673341","[""Pelvic acceleration""], [""pelvic acceleration"", ""kinematic data""]","[""Pelvic acceleration""]","[""pelvic acceleration"", ""kinematic data""]"
"29674371","[""NCCT""], [""CT""]","[""NCCT""]","[""CT""]"
"29678095","[""Artificial Intelligence"", ""Data Visualization"", ""Mobile Health Technologies""], [""mobile health technologies"", ""data visualization""]","[""Artificial Intelligence"", ""Data Visualization"", ""Mobile Health Technologies""]","[""mobile health technologies"", ""data visualization""]"
"29679492","[""DVHs"", ""organ-at-risk""], [""DVHs"", ""Clinical plans""]","[""DVHs"", ""organ-at-risk""]","[""DVHs"", ""Clinical plans""]"
"29688388","[""MRI"", ""Functional connectivity""], [""Grey Matter Volume"", ""Whole-Brain Resting State Functional Connectivity""]","[""MRI"", ""Functional connectivity""]","[""Grey Matter Volume"", ""Whole-Brain Resting State Functional Connectivity""]"
"29689632","[""Ultrasound""], [""Ultrasound""]","[""Ultrasound""]","[""Ultrasound""]"
"29693792","[""Proteomics""], [{""Description"": ""text data""}, {""Description"": ""image data""}, {""Description"": ""audio data""}]","[""Proteomics""]","[{""Description"": ""text data""}, {""Description"": ""image data""}, {""Description"": ""audio data""}]"
"29699511","[""Nil""], [{""type"": ""omics"", ""modality"": ""gene expression""}, {""type"": ""outcome"", ""modality"": ""clinical outcome""}]","[""Nil""]","[{""type"": ""omics"", ""modality"": ""gene expression""}, {""type"": ""outcome"", ""modality"": ""clinical outcome""}]"
"29704323","[""Genomics"", ""Exomes""], [""Genomics"", ""Exomics""]","[""Genomics"", ""Exomes""]","[""Genomics"", ""Exomics""]"
"29708944","[""Functional Connectivity""], [""brain imaging""]","[""Functional Connectivity""]","[""brain imaging""]"
"29717941",NULL,NULL,"[""Text""]"
"29747532","[""EEG""], [""EEG""]","[""EEG""]","[""EEG""]"
"29748112","[""Video""], [""Video""]","[""Video""]","[""Video""]"
"29753765","[""Imaging"", ""Cardiology""], [""CT"", ""MRI""]","[""Imaging"", ""Cardiology""]","[""CT"", ""MRI""]"
"29762023","[""Text""], [""SMILES string representation of molecules""]","[""Text""]","[""SMILES string representation of molecules""]"
"29766373","[""MRI""], [""MRI""]","[""MRI""]","[""MRI""]"
"29766490",NULL,NULL,NULL
"29766558","[""Text"", ""Numerical""], [""Text""]","[""Text"", ""Numerical""]","[""Text""]"
"29775951","[""Retinal Blood Vessel""], [""Image""]","[""Retinal Blood Vessel""]","[""Image""]"
"30123143","[null, ""Local field potentials (LFPs)""], [""EEG"", ""Brain Stim""]","[null, ""Local field potentials (LFPs)""]","[""EEG"", ""Brain Stim""]"
"29779671","[""Functional magnetic resonance imaging (fMRI)""], [""Psychological Data""]","[""Functional magnetic resonance imaging (fMRI)""]","[""Psychological Data""]"
"29780871","[""Audio"", ""Text""], [""Audio"", ""Text""]","[""Audio"", ""Text""]","[""Audio"", ""Text""]"
"29801696","[""Plain Text"", ""Structured Database""], [""Text"", ""Structured dataset""]","[""Plain Text"", ""Structured Database""]","[""Text"", ""Structured dataset""]"
"29803920","[""Anterior-posterior (AP)"", ""Lateral (LAT)""], [""Anterior-posterior (AP)"", ""Lateral (LAT)""]","[""Anterior-posterior (AP)"", ""Lateral (LAT)""]","[""Anterior-posterior (AP)"", ""Lateral (LAT)""]"
"29806042","[""QSAR"", ""molecular modeling""], [""Text""]","[""QSAR"", ""molecular modeling""]","[""Text""]"
"29844507","[""Macrostructural MRI"", ""Microstructural diffusion tensor imaging (DTI)""], [{""Modality"": ""Brain MRI""}, {""Modality"": ""Diffusion tensor imaging (DTI)""}]","[""Macrostructural MRI"", ""Microstructural diffusion tensor imaging (DTI)""]","[{""Modality"": ""Brain MRI""}, {""Modality"": ""Diffusion tensor imaging (DTI)""}]"
"29844511",NULL,NULL,NULL
"29847723","[""Electronic energies""], [""Electronic Energies""]","[""Electronic energies""]","[""Electronic Energies""]"
"29854259",NULL,NULL,NULL
"29860189","[""Nasal airflow""], [""Nasal airflow""]","[""Nasal airflow""]","[""Nasal airflow""]"
"29886760","[""Medical""], None","[""Medical""]","None"
"29869321","[""3D ultrasound""], [""3D ultrasound"", ""image""]","[""3D ultrasound""]","[""3D ultrasound"", ""image""]"
"29879201","[""nursing notes""], [""Text""]","[""nursing notes""]","[""Text""]"
"29886268","[""Ultrasound""], [""Ultrasound Images"", ""MRI Data"", ""Temporal Information""]","[""Ultrasound""]","[""Ultrasound Images"", ""MRI Data"", ""Temporal Information""]"
"29889330",NULL,NULL,"[""fMRI"", ""EEG""]"
"29890954","[""MRSA Colonization"", ""Electronic Records""], [""Text""]","[""MRSA Colonization"", ""Electronic Records""]","[""Text""]"
"29893482",NULL,NULL,"[""robot"", ""needle insertion""]"
"29902277","[""Tactile""], [""tactile"", ""neural network""]","[""Tactile""]","[""tactile"", ""neural network""]"
"29905649","[""Functional MRI""], [""MRI""]","[""Functional MRI""]","[""MRI""]"
"29905656","[""Functional magnetic resonance imaging""], [""Blood oxygenation-level-dependent (BOLD) signal"", ""Pain ratings"", ""Stimulus temperatures""]","[""Functional magnetic resonance imaging""]","[""Blood oxygenation-level-dependent (BOLD) signal"", ""Pain ratings"", ""Stimulus temperatures""]"
"29921920","[""Functional connectivity data""], [""Blood-Oxygen-Level Dependent Signals""]","[""Functional connectivity data""]","[""Blood-Oxygen-Level Dependent Signals""]"
"29923104","[""SPECT"", ""CT"", ""MRI""], [""Imaging""]","[""SPECT"", ""CT"", ""MRI""]","[""Imaging""]"
"29949021","[""2D"", ""3D""], [""2D and 3D images"", ""stereoradiographic 3D reconstruction""]","[""2D"", ""3D""]","[""2D and 3D images"", ""stereoradiographic 3D reconstruction""]"
"29964127","[""Microsoft Azure Machine Learning Studio""], [""Text""]","[""Microsoft Azure Machine Learning Studio""]","[""Text""]"
"29969172","[""Imaging""], [""Demographic"", ""Clinical"", ""Imaging and Operative Data""]","[""Imaging""]","[""Demographic"", ""Clinical"", ""Imaging and Operative Data""]"
"29971330","[""Neuroanatomical Maturity""], {""T1-weighted_magnetic_resonance_images"": true}","[""Neuroanatomical Maturity""]","{""T1-weighted_magnetic_resonance_images"": true}"
"29973250",NULL,NULL,"[""robotic therapy"", ""error-augmentation paradigm""]"
"29980214","[""Medical imaging"", ""Radiation therapy""], [""2D Dose Map"", ""3D Dose Data""]","[""Medical imaging"", ""Radiation therapy""]","[""2D Dose Map"", ""3D Dose Data""]"
"30005591","[""Gene Expression Omnibus""], [""genes"", ""proteins""]","[""Gene Expression Omnibus""]","[""genes"", ""proteins""]"
"30010088","[""Electrocardiogram""], [""ECG""]","[""Electrocardiogram""]","[""ECG""]"
"30012102","[""MRI"", ""Cerebrospinal fluid samples""], [""MRI"", ""CT scan""]","[""MRI"", ""Cerebrospinal fluid samples""]","[""MRI"", ""CT scan""]"
"30012686","[""Functional magnetic resonance imaging (fMRI)""], [""Brain Imaging""]","[""Functional magnetic resonance imaging (fMRI)""]","[""Brain Imaging""]"
"30015242",NULL,NULL,"[""Human"", ""Machine""]"
"30018571","[""Text"", ""Not specified""], [""Text""]","[""Text"", ""Not specified""]","[""Text""]"
"30020426","[""Plasma antibody responses"", ""Immunoglobulin A responses""], [""plasma antibody responses""]","[""Plasma antibody responses"", ""Immunoglobulin A responses""]","[""plasma antibody responses""]"
"30025851",NULL,"[""Neuroscience""]",NULL
"30032700","[""motor"", ""sensory"", ""cognitive""], [""Motor"", ""Sensory"", ""Cognitive""]","[""motor"", ""sensory"", ""cognitive""]","[""Motor"", ""Sensory"", ""Cognitive""]"
"30046955","[""3D ultrasound"", ""intensity""], [""Ultrasound""]","[""3D ultrasound"", ""intensity""]","[""Ultrasound""]"
"30060575","[""MRI""], [""MRI"", ""Apparent Diffusion Coefficient""]","[""MRI""]","[""MRI"", ""Apparent Diffusion Coefficient""]"
"30064263","[""dermoscopy"", ""hypodermoscopy""], [""Dermoscopy"", ""Hypodermoscopy""]","[""dermoscopy"", ""hypodermoscopy""]","[""Dermoscopy"", ""Hypodermoscopy""]"
"30064477","[""Audio"", ""Myoelectric""], [""Audio"", ""Robotics""]","[""Audio"", ""Myoelectric""]","[""Audio"", ""Robotics""]"
"30065177","[""Respiratory Signals""], [""Respiratory signals"", ""Machine learning""]","[""Respiratory Signals""]","[""Respiratory signals"", ""Machine learning""]"
"30084192","[""fMRI""], {""Department of Medical Biophysics, University of Western Ontario, London, ON, Canada."": null, ""Lawson Health Research Institute, London Health Sciences Centre, London, ON, Canada."": null, ""Department of Psychiatry, University of Western Ontario Schulich School of Medicine and Dentistry, London, ON, Canada."": null}","[""fMRI""]","{""Department of Medical Biophysics, University of Western Ontario, London, ON, Canada."": null, ""Lawson Health Research Institute, London Health Sciences Centre, London, ON, Canada."": null, ""Department of Psychiatry, University of Western Ontario Schulich School of Medicine and Dentistry, London, ON, Canada."": null}"
"30084388",NULL,NULL,"[""ground reaction forces"", ""angular velocity""]"
"30089110","[""thoracic phase signals""], [""electrophysiology""]","[""thoracic phase signals""]","[""electrophysiology""]"
"30089915","[""Genomics""], [""Genomics""]","[""Genomics""]","[""Genomics""]"
"30091677","[""ICP"", ""TCD""], [""transcranial Doppler"", ""intracranial pressure""]","[""ICP"", ""TCD""]","[""transcranial Doppler"", ""intracranial pressure""]"
"30098706","[""Echocardiography""], echocardiography","[""Echocardiography""]","echocardiography"
"30099076","[""Computerized tomography"", ""Magnetic resonance imaging""], [""Image"", ""Text"", ""Audio""]","[""Computerized tomography"", ""Magnetic resonance imaging""]","[""Image"", ""Text"", ""Audio""]"
"30104567",NULL,NULL,"[""text"", ""image""]"
"30111303",NULL,NULL,"[""Maternal characteristics"", ""Gestational weight gain""]"
"30114914","[""Chemical features""], [""Chemical features"", ""Continuous molecular descriptors""]","[""Chemical features""]","[""Chemical features"", ""Continuous molecular descriptors""]"
"30121208","[""magnetic resonance imaging"", ""transcranial magnetic stimulation""], [""TMS"", ""MRI""]","[""magnetic resonance imaging"", ""transcranial magnetic stimulation""]","[""TMS"", ""MRI""]"
"30132040","[""Functional magnetic resonance imaging (fMRI)""], [""Functional MRI""]","[""Functional magnetic resonance imaging (fMRI)""]","[""Functional MRI""]"
"30132089","[""Multiphase CT""], [""X-Ray"", ""CT Scan""]","[""Multiphase CT""]","[""X-Ray"", ""CT Scan""]"
"30135484","[""Microwave sensing""], [""microwave sensing""]","[""Microwave sensing""]","[""microwave sensing""]"
"30150560","[""3-dimensional (3D) linear accelerations""], [""linear accelerations"", ""3D""]","[""3-dimensional (3D) linear accelerations""]","[""linear accelerations"", ""3D""]"
"30153635",NULL,"[""Neuroimaging"", ""Peripheral gene expression""]",NULL
"30154742","[""Text"", ""Network""], [""text"", ""social media""]","[""Text"", ""Network""]","[""text"", ""social media""]"
"30155514","[""Cognitive"", ""Motor""], [{""Modality"": ""Cognitive"", ""Variables"": [""executive"", ""attentional"", ""visuoperceptive""]}, {""Modality"": ""Motor"", ""Variables"": null}]","[""Cognitive"", ""Motor""]","[{""Modality"": ""Cognitive"", ""Variables"": [""executive"", ""attentional"", ""visuoperceptive""]}, {""Modality"": ""Motor"", ""Variables"": null}]"
"30155789","[""Imaging""], [""Imaging""]","[""Imaging""]","[""Imaging""]"
"30170769","[""EEG"", ""EOG""], [""EEG"", ""EOG""]","[""EEG"", ""EOG""]","[""EEG"", ""EOG""]"
"30171211",NULL,"[""structural MRI""]",NULL
"30172227","[""EEG""], [""EEG""]","[""EEG""]","[""EEG""]"
"30185806","[""Fluorodeoxyglucose (FDG)"", ""Single photon emission computed tomography""], [""PET"", ""FDG""]","[""Fluorodeoxyglucose (FDG)"", ""Single photon emission computed tomography""]","[""PET"", ""FDG""]"
"30186761","[""Fluorodeoxyglucose positron emission tomography (FDG-PET)"", ""Imaging""], [""Fluorodeoxyglucose positron emission tomography (FDG-PET)"", ""Glucose metabolism""]","[""Fluorodeoxyglucose positron emission tomography (FDG-PET)"", ""Imaging""]","[""Fluorodeoxyglucose positron emission tomography (FDG-PET)"", ""Glucose metabolism""]"
"30187575","[""Dermatoscopic images"", ""Macroscopic images""], [""dermatoscopic image"", ""macroscopic image""]","[""Dermatoscopic images"", ""Macroscopic images""]","[""dermatoscopic image"", ""macroscopic image""]"
"30207594","[""Image""], [""Images""]","[""Image""]","[""Images""]"
"30209345","[], [""Computer Vision and Robotics (VICOROB)"", ""Medical Image Analysis Lab"", ""Department of Radiology, Children's Hospital""]","[]","[""Computer Vision and Robotics (VICOROB)"", ""Medical Image Analysis Lab"", ""Department of Radiology, Children's Hospital""]"
"30216140","[""Neural""], [""Neural features"", ""Intention to move in a direction""]","[""Neural""]","[""Neural features"", ""Intention to move in a direction""]"
"30216352","[""Magnetic resonance (MR) imaging"", ""Genetic"", ""Clinical""], [""Magnetic Resonance Imaging (MRI)"", ""Genetic variables"", ""Clinical variables""]","[""Magnetic resonance (MR) imaging"", ""Genetic"", ""Clinical""]","[""Magnetic Resonance Imaging (MRI)"", ""Genetic variables"", ""Clinical variables""]"
"30216362","[""microarray""], [""Image data"", ""Clinical data""]","[""microarray""]","[""Image data"", ""Clinical data""]"
"30218110","[""Magnetic Resonance Imaging""], [""MRI"", ""clinical data""]","[""Magnetic Resonance Imaging""]","[""MRI"", ""clinical data""]"
"30218900","[""Morphometric MRI""], [""MRI""]","[""Morphometric MRI""]","[""MRI""]"
"30220433","[""exome""], [""gnomAD database"", ""ClinVar-a rapidly growing database""]","[""exome""]","[""gnomAD database"", ""ClinVar-a rapidly growing database""]"
"30226903","[""Pelvic drop"", ""Ground contact time"", ""Braking"", ""Vertical oscillation of pelvis"", ""Pelvic rotation"", ""Cadence""], [""gait biomechanics"", ""pelvic drop"", ""ground contact time"", ""braking"", ""vertical oscillation of pelvis"", ""pelvic rotation"", ""cadence""]","[""Pelvic drop"", ""Ground contact time"", ""Braking"", ""Vertical oscillation of pelvis"", ""Pelvic rotation"", ""Cadence""]","[""gait biomechanics"", ""pelvic drop"", ""ground contact time"", ""braking"", ""vertical oscillation of pelvis"", ""pelvic rotation"", ""cadence""]"
"30229903",NULL,NULL,"[]"
"30243203","[""robotic technology"", ""Repeatable Battery for the Assessment of Neuropsychological Status (RBANS)""], [""Cognitive"", ""Sensorimotor""]","[""robotic technology"", ""Repeatable Battery for the Assessment of Neuropsychological Status (RBANS)""]","[""Cognitive"", ""Sensorimotor""]"
"30243670","[""MR""], [""MRI""]","[""MR""]","[""MRI""]"
"30252978","[""3.0T MRI"", ""T2 -weighted (T2 W) and multi-b-value diffusion-weighted (DW) sequences"", ""Apparent diffusion coefficient maps""], [""MRI"", ""T2-weighted images"", ""Diffusion-weighted images""]","[""3.0T MRI"", ""T2 -weighted (T2 W) and multi-b-value diffusion-weighted (DW) sequences"", ""Apparent diffusion coefficient maps""]","[""MRI"", ""T2-weighted images"", ""Diffusion-weighted images""]"
"30255819","[""single-nucleotide polymorphism (SNP) markers"", ""methylation (cytosine-phosphate-guanine [CpG]) markers""], [""genomic"", ""methylation""]","[""single-nucleotide polymorphism (SNP) markers"", ""methylation (cytosine-phosphate-guanine [CpG]) markers""]","[""genomic"", ""methylation""]"
"30262516","[""Medical Imaging"", ""Echocardiography""], [""Imaging"", ""Clinical""]","[""Medical Imaging"", ""Echocardiography""]","[""Imaging"", ""Clinical""]"
"30263040","[""DNA methylation""], [""DNAm""]","[""DNA methylation""]","[""DNAm""]"
"30267208","[""Doppler""], [""electrophysiological data"", ""pressure measurements""]","[""Doppler""]","[""electrophysiological data"", ""pressure measurements""]"
"30290728","[""IoT"", ""AI""], [""Machine Learning"", ""Complex Algorithms""]","[""IoT"", ""AI""]","[""Machine Learning"", ""Complex Algorithms""]"
"30300751","[""MRI""], [{""MRI"": ""Yes""}, {""CT"": ""No""}]","[""MRI""]","[{""MRI"": ""Yes""}, {""CT"": ""No""}]"
"30301895",NULL,NULL,"[""Image""]"
"30337065","[""echocardiograms""], [""echocardiogram""]","[""echocardiograms""]","[""echocardiogram""]"
"30306886","[""Resting-state mALFF"", ""Amygdala complex functional connectivity""], [""fMRI""]","[""Resting-state mALFF"", ""Amygdala complex functional connectivity""]","[""fMRI""]"
"30323170",NULL,NULL,NULL
"30336070","[""robot""], [""humanoid robot's mental state"", ""gaze cues""]","[""robot""]","[""humanoid robot's mental state"", ""gaze cues""]"
"30336363","[""3D spine models"", ""biplanar X-rays""], [""3D spine models"", ""X-rays""]","[""3D spine models"", ""biplanar X-rays""]","[""3D spine models"", ""X-rays""]"
"30337678",NULL,"[""Whole genome sequence""]",NULL
"30340027","[""Histopathology images""], [""Image""]","[""Histopathology images""]","[""Image""]"
"30352783","[""Magnetic Resonance Imaging""], [""MRI""]","[""Magnetic Resonance Imaging""]","[""MRI""]"
"30354561","[""Breath-by-breath"", ""Time-series""], [""Breath-by-Breath Data""]","[""Breath-by-breath"", ""Time-series""]","[""Breath-by-Breath Data""]"
"30367117","[""RNA-seq""], [""genomics"", ""epidemiology""]","[""RNA-seq""]","[""genomics"", ""epidemiology""]"
"30373211","[""Photoplethysmography"", ""Arterial Blood Pressure""], [""Photoplethysmography"", ""Arterial blood pressure""]","[""Photoplethysmography"", ""Arterial Blood Pressure""]","[""Photoplethysmography"", ""Arterial blood pressure""]"
"30381005",NULL,"[""Medical""]",NULL
"30381856","[""liquid chromatography coupled with mass spectrometry"", ""proton nuclear magnetic resonance spectroscopy-based metabolomics"", ""targeted proteomics analysis""], [""Metabolomics"", ""Proteomics""]","[""liquid chromatography coupled with mass spectrometry"", ""proton nuclear magnetic resonance spectroscopy-based metabolomics"", ""targeted proteomics analysis""]","[""Metabolomics"", ""Proteomics""]"
"30383850",NULL,NULL,"[""Demographic data""]"
"30409057","[""Acoustic"", ""Lip Movement"", ""Tongue Movement""], [""Acoustic"", ""Lip movement"", ""Tongue movement""]","[""Acoustic"", ""Lip Movement"", ""Tongue Movement""]","[""Acoustic"", ""Lip movement"", ""Tongue movement""]"
"30412826","[""Magnetic Resonance Imaging (MRI)""], [""Graph"", ""Image""]","[""Magnetic Resonance Imaging (MRI)""]","[""Graph"", ""Image""]"
"30416865","[""Image""], [""Image"", ""Sensor""]","[""Image""]","[""Image"", ""Sensor""]"
"30417539","[""Biopsy""], [""Histology"", ""Transcriptomics""]","[""Biopsy""]","[""Histology"", ""Transcriptomics""]"
"30427878",NULL,NULL,"[""sequence"", ""k-mer frequencies""]"
"30427892","[""Thermographic scans""], [""Healing by re-epithelization"", ""Requiring skin grafts"", ""Requiring amputations""]","[""Thermographic scans""]","[""Healing by re-epithelization"", ""Requiring skin grafts"", ""Requiring amputations""]"
"30439793","[""Blood Pressure"", ""Laboratory Test Results""], [""blood pressure"", ""laboratory test results""]","[""Blood Pressure"", ""Laboratory Test Results""]","[""blood pressure"", ""laboratory test results""]"
"30442636","[""Pain Scores""], [""Pain Scores""]","[""Pain Scores""]","[""Pain Scores""]"
"30459321","[""Genetics""], [""Images"", ""Text""]","[""Genetics""]","[""Images"", ""Text""]"
"30461117",NULL,NULL,"[""Alcohol use""]"
"30463545",NULL,NULL,"[""EMRs""]"
"30464478","[""Questionnaire""], [""KDSQ"", ""MMSE""]","[""Questionnaire""]","[""KDSQ"", ""MMSE""]"
"30465152","[""ECG""], [""ECG"", ""LV endocardial pacing""]","[""ECG""]","[""ECG"", ""LV endocardial pacing""]"
"30467459",NULL,NULL,"genome, epigenome, transcriptome, microbiome, phenotype, lifestyle"
"30468970",NULL,"[""image"", ""other""]",NULL
"30476213",NULL,NULL,"[""text""]"
"30481208","[""CBC""], [""Blood test results"", ""Demographic data""]","[""CBC""]","[""Blood test results"", ""Demographic data""]"
"30497186","[""Eye movement data""], [""Saccade""]","[""Eye movement data""]","[""Saccade""]"
"30498017","[""NCCT"", ""Diffusion-Weighted Imaging""], [""CT scans"", ""DWI images""]","[""NCCT"", ""Diffusion-Weighted Imaging""]","[""CT scans"", ""DWI images""]"
"30503831",NULL,NULL,"[""miRNA"", ""beta-cell function"", ""insulin sensitivity""]"
"30509988","[""Nanoscale-resolution scanning"", ""Atomic force microscopy (AFM)"", ""Subresonance tapping""], [""nanoscale-resolution scanning""]","[""Nanoscale-resolution scanning"", ""Atomic force microscopy (AFM)"", ""Subresonance tapping""]","[""nanoscale-resolution scanning""]"
"30517157","[""Optical Coherence Tomography (OCT)"", ""Standard Automated Perimetry (SAP)""], [""Optical Coherence Tomography"", ""Standard Automated Perimetry""]","[""Optical Coherence Tomography (OCT)"", ""Standard Automated Perimetry (SAP)""]","[""Optical Coherence Tomography"", ""Standard Automated Perimetry""]"
"30518697","[""plasma"", ""miRNA""], [""Plasma miRNA profiles"", ""Other""]","[""plasma"", ""miRNA""]","[""Plasma miRNA profiles"", ""Other""]"
"30519968","[""Neurocognitive performance""], [""Neuropsychological tests"", ""Imaging""]","[""Neurocognitive performance""]","[""Neuropsychological tests"", ""Imaging""]"
"30522594","[""Registry"", ""Clinical""], [""text""]","[""Registry"", ""Clinical""]","[""text""]"
"31958118",NULL,NULL,NULL
"30523141","[""MR Imaging""], [""medical images""]","[""MR Imaging""]","[""medical images""]"
"30545401","[""16S rRNA gene amplicon sequencing""], [""genomic data""]","[""16S rRNA gene amplicon sequencing""]","[""genomic data""]"
"30552264","[""Humanoid robot interaction""], [""Text""]","[""Humanoid robot interaction""]","[""Text""]"
"30558608","[""Surface electromyographic signals (sEMG)""], [""Muscle fatigue"", ""Surface electromyographic signals""]","[""Surface electromyographic signals (sEMG)""]","[""Muscle fatigue"", ""Surface electromyographic signals""]"
"30560362","[""Ultrasound""], [""Ultrasound"", ""Shear wave elastography""]","[""Ultrasound""]","[""Ultrasound"", ""Shear wave elastography""]"
"30563267",NULL,"[""cloud"", ""edge""]",NULL
"30573458","[""Imaging""], [""image"", ""text""]","[""Imaging""]","[""image"", ""text""]"
"30587458","[""proteomics"", ""CT""], [""tomography"", ""angiography""]","[""proteomics"", ""CT""]","[""tomography"", ""angiography""]"
"30594138",NULL,"[""Text"", ""Numerical""]",NULL
"30595082","[""Functional magnetic resonance imaging"", ""Proprioception""], [""Sensory Motor Networks"", ""Reaching Accuracy""]","[""Functional magnetic resonance imaging"", ""Proprioception""]","[""Sensory Motor Networks"", ""Reaching Accuracy""]"
"30598029","[""Ultrasonic"", ""Piezoelectric""], [""ultrasonic"", ""piezoelectric ultrasonic""]","[""Ultrasonic"", ""Piezoelectric""]","[""ultrasonic"", ""piezoelectric ultrasonic""]"
"30603188","[""Speech""], [""speech"", ""voice""]","[""Speech""]","[""speech"", ""voice""]"
"30607709",NULL,NULL,"[{""value"": ""radiation therapy""}, {""value"": ""chemotherapy""}]"
"30622691",NULL,NULL,"[""Force Analysis"", ""Pelvic Support""]"
"30614553","[""Ultrasonography""], [""Ultrasound (US)"", ""Texture features""]","[""Ultrasonography""]","[""Ultrasound (US)"", ""Texture features""]"
"30617134","[""gene expression"", ""copy-number variation"", ""cell morphometry"", ""protein expression""], [""microarray data""]","[""gene expression"", ""copy-number variation"", ""cell morphometry"", ""protein expression""]","[""microarray data""]"
"30620412","[""Radiotherapy""], [""Image"", ""Text""]","[""Radiotherapy""]","[""Image"", ""Text""]"
"30622091","[""Electronic Health Records""], [{""modality"": ""laboratory tests""}]","[""Electronic Health Records""]","[{""modality"": ""laboratory tests""}]"
"30625395","[""T1-and T2-weighted MR images""], [""MRI"", ""T1-weighted"", ""T2-weighted""]","[""T1-and T2-weighted MR images""]","[""MRI"", ""T1-weighted"", ""T2-weighted""]"
"30627654","[""Functional magnetic resonance imaging""], [""fMRI"", ""Videos""]","[""Functional magnetic resonance imaging""]","[""fMRI"", ""Videos""]"
"30629589","[""Lung Side"", ""Platelet Count""], [""health records""]","[""Lung Side"", ""Platelet Count""]","[""health records""]"
"30630441",NULL,NULL,"[""Text""]"
"30644411","[""Blood Biochemistry"", ""Cell Count""], [{""Modality"": ""Blood_Biochemistry"", ""Description"": null}]","[""Blood Biochemistry"", ""Cell Count""]","[{""Modality"": ""Blood_Biochemistry"", ""Description"": null}]"
"30645667","[""Biological data""], [{""value"": [""Text"", ""Image""]}]","[""Biological data""]","[{""value"": [""Text"", ""Image""]}]"
"30659193","[""Resting-state brain patterns"", ""functional connectivity""], [""MRI""]","[""Resting-state brain patterns"", ""functional connectivity""]","[""MRI""]"
"30661193","[""T1 contrast enhanced"", ""T2-FLAIR""], [""MRI""]","[""T1 contrast enhanced"", ""T2-FLAIR""]","[""MRI""]"
"30661578","[""Metabolomics"", ""Transcriptomics""], [""Metabolomics""]","[""Metabolomics"", ""Transcriptomics""]","[""Metabolomics""]"
"30662456","[""Sensorimotor function"", ""Robotic""], {""Kinesthesia"": null, ""Proprioception"": null}","[""Sensorimotor function"", ""Robotic""]","{""Kinesthesia"": null, ""Proprioception"": null}"
"30686984","[""Functional Magnetic Resonance Imaging""], [""fMRI""]","[""Functional Magnetic Resonance Imaging""]","[""fMRI""]"
"30688092","[""Sensorimotor"", ""Cognitive"", ""Proprioceptive""], [{""modality"": ""sensorimotor""}, {""modality"": ""cognitive""}]","[""Sensorimotor"", ""Cognitive"", ""Proprioceptive""]","[{""modality"": ""sensorimotor""}, {""modality"": ""cognitive""}]"
"30688670",NULL,NULL,"[""text""]"
"30692945","[""EEG"", ""Clinical""], [""EEG"", ""clinical""]","[""EEG"", ""Clinical""]","[""EEG"", ""clinical""]"
"30701625","[""MRI"", ""T2-weighted"", ""Diffusion weighted imaging""], [""MRI"", ""Diffusion weighted imaging""]","[""MRI"", ""T2-weighted"", ""Diffusion weighted imaging""]","[""MRI"", ""Diffusion weighted imaging""]"
"30704470","[""airway epithelial cells"", ""microarrays""], [""Genomics"", ""Transcriptomics""]","[""airway epithelial cells"", ""microarrays""]","[""Genomics"", ""Transcriptomics""]"
"30709363","[""Thigh"", ""Knee""], [""Knee flexion angle"", ""Thigh-segment angular velocity"", ""Thigh-segment acceleration""]","[""Thigh"", ""Knee""]","[""Knee flexion angle"", ""Thigh-segment angular velocity"", ""Thigh-segment acceleration""]"
"30709409","[""Motion"", ""Force""], [""Kinematic data (elbow movement), electromechanical signals""]","[""Motion"", ""Force""]","[""Kinematic data (elbow movement), electromechanical signals""]"
"30713485","[""Facial Videos""], [""facial videos"", ""computer vision algorithms""]","[""Facial Videos""]","[""facial videos"", ""computer vision algorithms""]"
"30724079","[""Raman spectroscopy""], [""Raman Spectroscopy""]","[""Raman spectroscopy""]","[""Raman Spectroscopy""]"
"30734176",NULL,"[""Robotics""]",NULL
"30734544","[""EEG"", ""fNIRS""], [""EEG"", ""fNIRS""]","[""EEG"", ""fNIRS""]","[""EEG"", ""fNIRS""]"
"30739657","[""Medical Imaging"", ""Clinical Data""], [""text"", ""clinical data""]","[""Medical Imaging"", ""Clinical Data""]","[""text"", ""clinical data""]"
"30739867","[""RNA sequencing"", ""Stable isotope labeling with amino acids in cell culture"", ""Reduced representative bisulfite sequencing and assay for transposase-accessible chromatin sequencing""], [{""gene_expression"": [""RNA sequencing"", ""stable isotope labeling with amino acids in cell culture""]}, {""protein_expression"": null}, {""other"": null}]","[""RNA sequencing"", ""Stable isotope labeling with amino acids in cell culture"", ""Reduced representative bisulfite sequencing and assay for transposase-accessible chromatin sequencing""]","[{""gene_expression"": [""RNA sequencing"", ""stable isotope labeling with amino acids in cell culture""]}, {""protein_expression"": null}, {""other"": null}]"
"30741250","[""ECG""], [""ECG signals""]","[""ECG""]","[""ECG signals""]"
"30745169","[""EHRs"", ""miRNAs""], [""exosomal microRNAs""]","[""EHRs"", ""miRNAs""]","[""exosomal microRNAs""]"
"30767173",NULL,"[""electronic health records""]",NULL
"30767528",NULL,"[""Chemistry""]",NULL
"30768159","[""Genomic data"", ""Gene expression"", ""Copy number variation""], [""Copy number variation"", ""Gene expression""]","[""Genomic data"", ""Gene expression"", ""Copy number variation""]","[""Copy number variation"", ""Gene expression""]"
"30770034","[""Physiological data""], [""HRV"", ""Blood Collection""]","[""Physiological data""]","[""HRV"", ""Blood Collection""]"
"30771620","[""Text""], [{""Type"": ""Clinical"", ""Modality"": ""Genetics""}, {""Type"": ""Research"", ""Modality"": ""Gene Ontology analysis""}]","[""Text""]","[{""Type"": ""Clinical"", ""Modality"": ""Genetics""}, {""Type"": ""Research"", ""Modality"": ""Gene Ontology analysis""}]"
"30773443","[""transcript"", ""expression""], [""transcript expression""]","[""transcript"", ""expression""]","[""transcript expression""]"
"30779585","[""DNA polymerase inhibition assays"", ""HIV-1 wild-type cell-based""], [""Text"", ""Numerical""]","[""DNA polymerase inhibition assays"", ""HIV-1 wild-type cell-based""]","[""Text"", ""Numerical""]"
"30782022","[""Voxel-based morphometry""], [""VBM""]","[""Voxel-based morphometry""]","[""VBM""]"
"30785881","[""Mechanically ventilated children""], [""mechanically ventilated children""]","[""Mechanically ventilated children""]","[""mechanically ventilated children""]"
"30789386",NULL,"[""Administrative""]",NULL
"30794559","[""Magnetic Resonance Imaging""], [""T1-weighted images"", ""T2-weighted images""]","[""Magnetic Resonance Imaging""]","[""T1-weighted images"", ""T2-weighted images""]"
"30794629","[""Functional MRI""], [""fMRI"", ""rs-fMRI""]","[""Functional MRI""]","[""fMRI"", ""rs-fMRI""]"
"30795962","[""molecular"", ""histologic""], [""Microarray"", ""Molecular""]","[""molecular"", ""histologic""]","[""Microarray"", ""Molecular""]"
"30807586","[""Clinical"", ""Imaging""], [""Image"", ""Text""]","[""Clinical"", ""Imaging""]","[""Image"", ""Text""]"
"30809047","[""Computed Tomography (CT)""], [""Computed Tomography Image""]","[""Computed Tomography (CT)""]","[""Computed Tomography Image""]"
"30831526","[""vision"", ""gait""], [""Vision""]","[""vision"", ""gait""]","[""Vision""]"
"30815130",NULL,NULL,"[""text""]"
"30818293","[""EEG""], [{""Text"": null, ""Label"": ""EEG""}, {""Text"": null, ""Label"": ""Button clicks""}]","[""EEG""]","[{""Text"": null, ""Label"": ""EEG""}, {""Text"": null, ""Label"": ""Button clicks""}]"
"30818294","[""Computed Tomography (CT)""], [""Dosimetric parameters"", ""Geometric parameters""]","[""Computed Tomography (CT)""]","[""Dosimetric parameters"", ""Geometric parameters""]"
"30833164",NULL,NULL,"[""CT examinations""]"
"30833926","[""Eye Movement"", ""Psychometric"", ""Neuroimaging""], [""eye movement"", ""psychometric tests"", ""neuroimaging""]","[""Eye Movement"", ""Psychometric"", ""Neuroimaging""]","[""eye movement"", ""psychometric tests"", ""neuroimaging""]"
"30838178","[""16S rRNA gene"", ""metagenomic shotgun sequencing""], [""Genomic"", ""Gut microbiome""]","[""16S rRNA gene"", ""metagenomic shotgun sequencing""]","[""Genomic"", ""Gut microbiome""]"
"30839433","[""Functional MRI""], [{""Tag"": ""Toronto, ON"", ""Country"": ""Canada""}]","[""Functional MRI""]","[{""Tag"": ""Toronto, ON"", ""Country"": ""Canada""}]"
"30847388","[""Neuronal recordings""], [""neuronal"", ""machine learning""]","[""Neuronal recordings""]","[""neuronal"", ""machine learning""]"
"30847821","[""Imaging"", ""Clinical""], [""SPECT Imaging"", ""Clinical Measures""]","[""Imaging"", ""Clinical""]","[""SPECT Imaging"", ""Clinical Measures""]"
"30850846","[""Transcriptomic perturbations""], [""transcriptomic data""]","[""Transcriptomic perturbations""]","[""transcriptomic data""]"
"30853041","[""Audio"", ""Physiological signals""], [""sound"", ""breath sounds""]","[""Audio"", ""Physiological signals""]","[""sound"", ""breath sounds""]"
"30870597",NULL,"[""Medical claims"", ""Electroencephalogram procedures""]",NULL
"30872323","[""medical""], [""text"", ""image""]","[""medical""]","[""text"", ""image""]"
"30872331","[""genomic"", ""gene expression""], [""genomic data""]","[""genomic"", ""gene expression""]","[""genomic data""]"
"30885044","[""DNA methylation""], [""DNA methylation""]","[""DNA methylation""]","[""DNA methylation""]"
"30895278","[""Image"", ""CT Scan""], [""Image""]","[""Image"", ""CT Scan""]","[""Image""]"
"30921785",NULL,"[""Radiation Medicine Program""]",NULL
"30923086","[""Image""], [""Neurological Surgery (R.J.H., A.F., X.D.-F., L.H.T., N.K., M.S.B., J.C.B., S.D., W.W., J.F.T.)."", ""Brain and Spinal Injury Center (D.B.M., R.J.H., A.F., X.D.-F., L.H.T., N.K., M.S.B., J.C.B., S.D., W.W.).""]","[""Image""]","[""Neurological Surgery (R.J.H., A.F., X.D.-F., L.H.T., N.K., M.S.B., J.C.B., S.D., W.W., J.F.T.)."", ""Brain and Spinal Injury Center (D.B.M., R.J.H., A.F., X.D.-F., L.H.T., N.K., M.S.B., J.C.B., S.D., W.W.).""]"
"30937398","[""nanofiber culture devices""], [""Image"", ""Text""]","[""nanofiber culture devices""]","[""Image"", ""Text""]"
"30941679","[""Ultrasound""], [""Ultrasound"", ""Mobile Point-of-Care""]","[""Ultrasound""]","[""Ultrasound"", ""Mobile Point-of-Care""]"
"30947300",NULL,"[""Imaging features"", ""Patient demographics"", ""Comorbidities""]",NULL
"30947496",NULL,NULL,NULL
"30948811","[""MRI""], [{""value"": ""medical imaging""}, {""value"": ""electroencephalography (EEG)""}]","[""MRI""]","[{""value"": ""medical imaging""}, {""value"": ""electroencephalography (EEG)""}]"
"30956924","[""Text""], [""Text""]","[""Text""]","[""Text""]"
"30958743","[""Magnetic Resonance Imaging"", ""T2-weighted"", ""Apparent Diffusion Coefficient"", ""Diffusion Kurtosis Imaging""], [""Magnetic Resonance Imaging""]","[""Magnetic Resonance Imaging"", ""T2-weighted"", ""Apparent Diffusion Coefficient"", ""Diffusion Kurtosis Imaging""]","[""Magnetic Resonance Imaging""]"
"30959966","[""Gene expression"", ""Copy number alteration""], [""Genomic"", ""Clinical""]","[""Gene expression"", ""Copy number alteration""]","[""Genomic"", ""Clinical""]"
"30962703","[""SBP"", ""Serum Creatinine"", ""Glycosylated Hemoglobin"", ""DBP""], [{""Modality"": ""stenting""}, {""Modality"": ""best medical therapy""}]","[""SBP"", ""Serum Creatinine"", ""Glycosylated Hemoglobin"", ""DBP""]","[{""Modality"": ""stenting""}, {""Modality"": ""best medical therapy""}]"
"30963519","[""Cerebral oxygen saturation"", ""Neurological assessment""], [""Cognitive Visuospatial Task"", ""Robotics Technology""]","[""Cerebral oxygen saturation"", ""Neurological assessment""]","[""Cognitive Visuospatial Task"", ""Robotics Technology""]"
"30972106","[""Genomic profiles"", ""clinical information""], [""Gene expression"", ""Therapy""]","[""Genomic profiles"", ""clinical information""]","[""Gene expression"", ""Therapy""]"
"30972686","[""T2-weighted"", ""Apparent diffusion coefficient map"", ""High b-value diffusion-weighted images""], {""Imaging"": [{""Modality"": ""T2-weighted"", ""Weighting"": null}, {""Modality"": ""Diffusion-Weighted"", ""Weighting"": ""b=1000""}]}","[""T2-weighted"", ""Apparent diffusion coefficient map"", ""High b-value diffusion-weighted images""]","{""Imaging"": [{""Modality"": ""T2-weighted"", ""Weighting"": null}, {""Modality"": ""Diffusion-Weighted"", ""Weighting"": ""b=1000""}]}"
"30980127","[""Computed Tomography"", ""Magnetic Resonance Imaging""], [""radiology""]","[""Computed Tomography"", ""Magnetic Resonance Imaging""]","[""radiology""]"
"30992063",NULL,NULL,"[""Genetics"", ""Neurology""]"
"31000803","[""Molecular properties""], [""Text""]","[""Molecular properties""]","[""Text""]"
"31000909","[""Intraoperative Ultrasound""], [""ultrasound""]","[""Intraoperative Ultrasound""]","[""ultrasound""]"
"31004711","[""MRI""], [""MRI""]","[""MRI""]","[""MRI""]"
"31005213","[""SABR""], [""Image"", ""Text""]","[""SABR""]","[""Image"", ""Text""]"
"31006909","[""Magnetic Resonance Imaging""], [""MRI""]","[""Magnetic Resonance Imaging""]","[""MRI""]"
"31009356",NULL,"[""Neuroradiology"", ""Radiology"", ""Neurology""]",NULL
"31012754","[""semi-structured interviews""], [""Text"", ""Audio""]","[""semi-structured interviews""]","[""Text"", ""Audio""]"
"31022750","[""Tele-assessment"", ""Tele-diagnosis"", ""Tele-interactions"", ""Tele-monitoring""], [""remote health care delivery"", ""telehealth domain""]","[""Tele-assessment"", ""Tele-diagnosis"", ""Tele-interactions"", ""Tele-monitoring""]","[""remote health care delivery"", ""telehealth domain""]"
"31026023","[""RNA sequencing""], [""Transcriptome""]","[""RNA sequencing""]","[""Transcriptome""]"
"31039680","[""Text"", ""Full-text""], [""Medline"", ""Emedicine"", ""Cochrane Library""]","[""Text"", ""Full-text""]","[""Medline"", ""Emedicine"", ""Cochrane Library""]"
"31048199","[""T1-weighted MR images"", ""T2-weighted MR images""], [""MRI""]","[""T1-weighted MR images"", ""T2-weighted MR images""]","[""MRI""]"
"31055684",NULL,NULL,"[""robotic movement"", ""rob integration sounds"", ""light effects"", ""complex movements""]"
"31060214","[""3D coordinates""], [""Image"", ""Sensor data""]","[""3D coordinates""]","[""Image"", ""Sensor data""]"
"31061005","[""Text"", ""Age""], [""text"", ""age""]","[""Text"", ""Age""]","[""text"", ""age""]"
"31062050","[""Ventilator variables"", ""Mortality""], [""Text"", ""Machine learning""]","[""Ventilator variables"", ""Mortality""]","[""Text"", ""Machine learning""]"
"31071228","[""Ultrasound""], [""3D ultrasound images""]","[""Ultrasound""]","[""3D ultrasound images""]"
"31075395","[""Imaging""], [""Imaging""]","[""Imaging""]","[""Imaging""]"
"31076475","[""Questionnaire"", ""Interview"", ""Focus Group Discussion""], [""text"", ""interviews"", ""focus group discussions""]","[""Questionnaire"", ""Interview"", ""Focus Group Discussion""]","[""text"", ""interviews"", ""focus group discussions""]"
"31077314","[""Cognitive"", ""Structural neuroimaging""], [""cognitive measures"", ""structural measurements""]","[""Cognitive"", ""Structural neuroimaging""]","[""cognitive measures"", ""structural measurements""]"
"31077500","[""Arterial spin labeling (ASL) MRI""], [""MRI""]","[""Arterial spin labeling (ASL) MRI""]","[""MRI""]"
"31085302","[""image""], [""Image""]","[""image""]","[""Image""]"
"31093956","[""Functional Magnetic Resonance Imaging (rs-fMRI)""], [""fMRI"", ""MMSE""]","[""Functional Magnetic Resonance Imaging (rs-fMRI)""]","[""fMRI"", ""MMSE""]"
"31101443","[""Radiofrequency"", ""Brightness-mode""], [""radiofrequency (RF)"", ""brightness-mode (B-mode)""]","[""Radiofrequency"", ""Brightness-mode""]","[""radiofrequency (RF)"", ""brightness-mode (B-mode)""]"
"31104700","[""electronic""], [""Imputed datasets"", ""Original dataset""]","[""electronic""]","[""Imputed datasets"", ""Original dataset""]"
"31106580","[], [""Text"", ""Image""]","[]","[""Text"", ""Image""]"
"31108670",NULL,"[""unsupervised learning""]",NULL
"31115734","[""ECG signals, atrial blood pressure (ABP), photoplethysmogram signals (PLETH) and respiration (RESP)""], [""ECG"", ""ABP"", ""PLETH"", ""RESP""]","[""ECG signals, atrial blood pressure (ABP), photoplethysmogram signals (PLETH) and respiration (RESP)""]","[""ECG"", ""ABP"", ""PLETH"", ""RESP""]"
"31117509",NULL,NULL,NULL
"31117831","[], [""Text""]","[]","[""Text""]"
"31128628",NULL,"[""Spatial"", ""Epidemic""]",NULL
"31133249","[""Dermoscopic images""], [""Image""]","[""Dermoscopic images""]","[""Image""]"
"31133782","[""Electromyogram (EMG)"", ""Skin Conductance Levels (SCL)"", ""Electrocardiogram (ECG)""], {""ECG"": true, ""EMG"": true, ""SCL"": true}","[""Electromyogram (EMG)"", ""Skin Conductance Levels (SCL)"", ""Electrocardiogram (ECG)""]","{""ECG"": true, ""EMG"": true, ""SCL"": true}"
"31138084","[""MRI"", ""CT""], [""physiological data"", ""questionnaire data""]","[""MRI"", ""CT""]","[""physiological data"", ""questionnaire data""]"
"31150083","[""electrocardiogram"", ""neurological status""], [""Text""]","[""electrocardiogram"", ""neurological status""]","[""Text""]"
"31150956","[""MRI""], [""MRI""]","[""MRI""]","[""MRI""]"
"31151119","[""EEG""], [{""name"": ""EEG"", ""value"": null}, {""name"": ""Other"", ""value"": null}]","[""EEG""]","[{""name"": ""EEG"", ""value"": null}, {""name"": ""Other"", ""value"": null}]"
"31153115","[""CT"", ""Mechanical loading""], [""6 degree-of-freedom hexapod robot"", ""carbon fiber struts""]","[""CT"", ""Mechanical loading""]","[""6 degree-of-freedom hexapod robot"", ""carbon fiber struts""]"
"31154512","[""Smartphone Sensor""], [""walking speed"", ""gait deficits""]","[""Smartphone Sensor""]","[""walking speed"", ""gait deficits""]"
"31156708",NULL,"[""OMICs molecular profiling"", ""Gene expression"", ""Protein levels"", ""Clinico-pathological data""]",NULL
"31158822","[""Polysomnographic (PSG) signals""], [""Polysomnographic (PSG) signals"", ""Multichannel PSG recordings""]","[""Polysomnographic (PSG) signals""]","[""Polysomnographic (PSG) signals"", ""Multichannel PSG recordings""]"
"31161221","[""Urine miRNA fingerprint""], [""text""]","[""Urine miRNA fingerprint""]","[""text""]"
"31163373","[""handgrip"", ""ramp-hold""], [""transcranial magnetic stimulation""]","[""handgrip"", ""ramp-hold""]","[""transcranial magnetic stimulation""]"
"31164212","[""Medical records""], [""Medical Imaging"", ""Lab Results""]","[""Medical records""]","[""Medical Imaging"", ""Lab Results""]"
"31171447","[null], [{""Modality"": ""Images""}, {""Modality"": ""Audio""}]","[null]","[{""Modality"": ""Images""}, {""Modality"": ""Audio""}]"
"31173905","[""MRI""], [{""modality"": ""MRI""}]","[""MRI""]","[{""modality"": ""MRI""}]"
"31174510","[""Heart rate""], [{""Type"": ""Survey Responses"", ""Modality"": ""Text Data""}, {""Type"": ""Sleep Stage Classification"", ""Modality"": ""Image Data""}]","[""Heart rate""]","[{""Type"": ""Survey Responses"", ""Modality"": ""Text Data""}, {""Type"": ""Sleep Stage Classification"", ""Modality"": ""Image Data""}]"
"31176387","[""Functional connectivity"", ""Clinical symptoms""], [""Functional Magnetic Resonance Imaging""]","[""Functional connectivity"", ""Clinical symptoms""]","[""Functional Magnetic Resonance Imaging""]"
"31179487","[""Physiological biomarkers""], [""Physiological biomarkers"", ""Biological age estimates""]","[""Physiological biomarkers""]","[""Physiological biomarkers"", ""Biological age estimates""]"
"31186508",NULL,NULL,"[""Spectra""]"
"31191926","[""motion""], [""classification"", ""segmentation""]","[""motion""]","[""classification"", ""segmentation""]"
"31194627","[""Video"", ""Handout""], [""Video"", ""Handout""]","[""Video"", ""Handout""]","[""Video"", ""Handout""]"
"31194873","[""Actigraphy"", ""Polysomnography""], [""actigraphy"", ""polysomnography""]","[""Actigraphy"", ""Polysomnography""]","[""actigraphy"", ""polysomnography""]"
"31196619",NULL,"[""Mobile"", ""Online"", ""Remote monitoring""]",NULL
"31208434",NULL,NULL,NULL
"31211469","[""Movement Disorders"", ""Neurology""], [""image"", ""text""]","[""Movement Disorders"", ""Neurology""]","[""image"", ""text""]"
"31216543","[""Computed Tomography""], [""Computed Tomography Angiography""]","[""Computed Tomography""]","[""Computed Tomography Angiography""]"
"31216619","[""EEG""], [""text"", null]","[""EEG""]","[""text"", null]"
"31219947","[""16S rRNA gene amplification"", ""Whole-genome sequencing""], [""Bacterial taxa""]","[""16S rRNA gene amplification"", ""Whole-genome sequencing""]","[""Bacterial taxa""]"
"31226518","[""Ultrasound""], [""Ultrasound Strain Elastography""]","[""Ultrasound""]","[""Ultrasound Strain Elastography""]"
"31227653","[""Phenotype Ontology (HPO) terms""], {""text"": true}","[""Phenotype Ontology (HPO) terms""]","{""text"": true}"
"31227879","[""PET""], [""PET imaging""]","[""PET""]","[""PET imaging""]"
"31228556","[""Magnetic Resonance Imaging""], [""MRI""]","[""Magnetic Resonance Imaging""]","[""MRI""]"
"31242238","[""Electronic health records""], [""Electronic health records""]","[""Electronic health records""]","[""Electronic health records""]"
"31245818","[""Computerized Tomography"", ""Magnetic Resonance Imaging""], Electroencephalography (EEG)","[""Computerized Tomography"", ""Magnetic Resonance Imaging""]","Electroencephalography (EEG)"
"31249104","[""Seminal Plasma"", ""Proteins""], [""Transcriptomics"", ""Proteomics"", ""Secretomics""]","[""Seminal Plasma"", ""Proteins""]","[""Transcriptomics"", ""Proteomics"", ""Secretomics""]"
"31255408","[""Sensor data""], [""wearable sensors""]","[""Sensor data""]","[""wearable sensors""]"
"31256570",NULL,NULL,NULL
"31267266","[""demographic"", ""clinical"", ""occupational""], [""Text""]","[""demographic"", ""clinical"", ""occupational""]","[""Text""]"
"31268541","[""Articles"", ""Records""], []","[""Articles"", ""Records""]","[]"
"31281024","[""Clinical"", ""Imaging""], {""Image"": true}","[""Clinical"", ""Imaging""]","{""Image"": true}"
"31283673",NULL,"[""recipient age"", ""Model for End-Stage Liver Disease score"", ""body mass index"", ""diabetes"", ""dialysis before LT""]",NULL
"31284154","[""MoCA score""], [""Cognitive assessment"", ""Imaging data""]","[""MoCA score""]","[""Cognitive assessment"", ""Imaging data""]"
"31285340","[""3D microscopy"", ""image analysis""], [""Microscopy"", ""Image analysis""]","[""3D microscopy"", ""image analysis""]","[""Microscopy"", ""Image analysis""]"
"31285702","[""Media reports"", ""Official reports"", ""Social media"", ""Twitter""], [""text""]","[""Media reports"", ""Official reports"", ""Social media"", ""Twitter""]","[""text""]"
"31286067","[""Brightfield images""], [""Brightfield images"", ""DNA quality""]","[""Brightfield images""]","[""Brightfield images"", ""DNA quality""]"
"31286534","[""Computed Tomography"", ""Random Forest""], [""CT scan""]","[""Computed Tomography"", ""Random Forest""]","[""CT scan""]"
"31287020","[""MIMIC III dataset""], [""Demographics"", ""Morbidity compositions""]","[""MIMIC III dataset""]","[""Demographics"", ""Morbidity compositions""]"
"31305529","[""Motor cortex"", ""TMS""], [""Transcranial Magnetic Stimulation (TMS)"", ""Transcranial Direct Current Stimulation (tDCS)""]","[""Motor cortex"", ""TMS""]","[""Transcranial Magnetic Stimulation (TMS)"", ""Transcranial Direct Current Stimulation (tDCS)""]"
"31317178",NULL,NULL,"[{""name"": ""Yale University"", ""description"": """"}, {""name"": ""Brigham and Women's Hospital"", ""description"": """"}, {""name"": ""Cedars-Sinai Medical Center"", ""description"": """"}]"
"31318580","[""Medical procedures""], [{""Text"": ""Children (n=18), who interacted with the robot before and during a procedure, and their parents reported significantly lower levels of fear and pain than did children (n=28) and their parents in standard care,"", ""Label"": ""RESULTS"", ""NlmCategory"": ""RESULTS""}, {""Text"": ""A nonrandomized two-group pre- and posttest design was used to compare pain and fear of children before and after intervention versus standard care."", ""Label"": ""METHODS"", ""NlmCategory"": ""METHODS""}]","[""Medical procedures""]","[{""Text"": ""Children (n=18), who interacted with the robot before and during a procedure, and their parents reported significantly lower levels of fear and pain than did children (n=28) and their parents in standard care,"", ""Label"": ""RESULTS"", ""NlmCategory"": ""RESULTS""}, {""Text"": ""A nonrandomized two-group pre- and posttest design was used to compare pain and fear of children before and after intervention versus standard care."", ""Label"": ""METHODS"", ""NlmCategory"": ""METHODS""}]"
"31318894","[""Physical"", ""Cardiovascular"", ""Cognitive"", ""Immunological"", ""Leisure-time activities""], [""Physical"", ""Cardiovascular"", ""Cognitive"", ""Immunological""]","[""Physical"", ""Cardiovascular"", ""Cognitive"", ""Immunological"", ""Leisure-time activities""]","[""Physical"", ""Cardiovascular"", ""Cognitive"", ""Immunological""]"
"31320356","[""electroencephalogram (EEG)""], [""auditory"", ""visual""]","[""electroencephalogram (EEG)""]","[""auditory"", ""visual""]"
"31324151","[""Lipid metabolites"", ""FPG"", ""TG""], [""plasma glucose"", ""triglyceride""]","[""Lipid metabolites"", ""FPG"", ""TG""]","[""plasma glucose"", ""triglyceride""]"
"31325722","[""Ultrasound""], {""Ultrasound"": true}","[""Ultrasound""]","{""Ultrasound"": true}"
"31325985","[""Electrophysiology""], [{""Modality"": ""Single unit neural responses""}, {""Modality"": ""Local field potential""}, {""Modality"": ""Globus pallidus interna firing rate""}]","[""Electrophysiology""]","[{""Modality"": ""Single unit neural responses""}, {""Modality"": ""Local field potential""}, {""Modality"": ""Globus pallidus interna firing rate""}]"
"31326191","[""Medical Imaging"", ""Clinical Data""], [""image"", ""text""]","[""Medical Imaging"", ""Clinical Data""]","[""image"", ""text""]"
"31328849","[""Registry Data""], [""Text"", ""Heat Map""]","[""Registry Data""]","[""Text"", ""Heat Map""]"
"31332903","[""Functional Magnetic Resonance Imaging"", ""Blood Oxygenation Level-Dependent (BOLD) signal""], [""fMRI"", ""BOLD""]","[""Functional Magnetic Resonance Imaging"", ""Blood Oxygenation Level-Dependent (BOLD) signal""]","[""fMRI"", ""BOLD""]"
"31337542","[""MR""], [""MRI""]","[""MR""]","[""MRI""]"
"31338709","[""PET"", ""CT""], [""images""]","[""PET"", ""CT""]","[""images""]"
"31342622","[""Whole blood"", ""Peripheral monocytes""], [""blood samples"", ""miRNA expression""]","[""Whole blood"", ""Peripheral monocytes""]","[""blood samples"", ""miRNA expression""]"
"31369338",NULL,"[""Unstructured Clinical Text""]",NULL
"31352417","[""CT scans""], [""Images"", ""CT Scans""]","[""CT scans""]","[""Images"", ""CT Scans""]"
"31357650","[""Electromyography""], [""Electromyography (EMG)""]","[""Electromyography""]","[""Electromyography (EMG)""]"
"31365273","[""Administrative data"", ""Pharmacy records""], [""Administrative pharmacy data"", null]","[""Administrative data"", ""Pharmacy records""]","[""Administrative pharmacy data"", null]"
"31369994","[""MRI""], [""MRI""]","[""MRI""]","[""MRI""]"
"31373651","[""Virtual Reality""], [""instrument movement and force"", ""resection of tissues"", ""bleeding""]","[""Virtual Reality""]","[""instrument movement and force"", ""resection of tissues"", ""bleeding""]"
"31376633",NULL,NULL,"[""structured-sparsity regularization"", ""group lasso""]"
"31382766","[""Facial Blood Flow"", ""Video""], [""Video"", ""Machine Learning""]","[""Facial Blood Flow"", ""Video""]","[""Video"", ""Machine Learning""]"
"31390016",NULL,"[""text""]",NULL
"31393626","[""Magnetoencephalography"", ""Magnetic Resonance Imaging""], [""MRI"", ""MEG""]","[""Magnetoencephalography"", ""Magnetic Resonance Imaging""]","[""MRI"", ""MEG""]"
"31399127",NULL,"[""DNA methylation""]",NULL
"31404130","[""facial expressions"", ""physiotherapy examination""], [""Facial expressions"", ""Physiotherapy examination""]","[""facial expressions"", ""physiotherapy examination""]","[""Facial expressions"", ""Physiotherapy examination""]"
"31404972","[""Sensor Data""], [""thermal noise"", ""lower inference quantization"", ""sensor failure""]","[""Sensor Data""]","[""thermal noise"", ""lower inference quantization"", ""sensor failure""]"
"31405148","[""tumor volumes""], [""radiomic"", ""genetic"", ""protein expression""]","[""tumor volumes""]","[""radiomic"", ""genetic"", ""protein expression""]"
"31406675","[""Image"", ""Text""], [""Brightfield images""]","[""Image"", ""Text""]","[""Brightfield images""]"
"31414853",NULL,NULL,"[""Cognitive""]"
"31417602","[], [""Imaging"", ""Genomics""]","[]","[""Imaging"", ""Genomics""]"
"31424555",NULL,NULL,"[""Text""]"
"31427959","[""Audio"", ""Text"", ""Eye-tracking"", ""Comprehension questions""], [""Audio"", ""Text"", ""Eye-tracking""]","[""Audio"", ""Text"", ""Eye-tracking"", ""Comprehension questions""]","[""Audio"", ""Text"", ""Eye-tracking""]"
"31428758","[""Video""], [""vision"", ""depth""]","[""Video""]","[""vision"", ""depth""]"
"31434533","[""Upper-limb motor and proprioceptive performance""], [""Motor"", ""Proprioceptive""]","[""Upper-limb motor and proprioceptive performance""]","[""Motor"", ""Proprioceptive""]"
"31438047",NULL,NULL,"[""Semantic Reasoning""]"
"31438061","[""health data visualizations"", ""artificial intelligence methods""], [""health data visualizations""]","[""health data visualizations"", ""artificial intelligence methods""]","[""health data visualizations""]"
"31438207","[""Text""], [""dialogue"", ""medications"", ""symptoms""]","[""Text""]","[""dialogue"", ""medications"", ""symptoms""]"
"31438445",NULL,NULL,NULL
"31443858","[""electronic data""], [""Text""]","[""electronic data""]","[""Text""]"
"31444624","[""iUS"", ""MRI""], [""image data"", ""brain shift measurement""]","[""iUS"", ""MRI""]","[""image data"", ""brain shift measurement""]"
"31444660","[""Electronic Health Records"", ""Laboratory Tests""], [""Laboratory tests""]","[""Electronic Health Records"", ""Laboratory Tests""]","[""Laboratory tests""]"
"31445619","[""mood"", ""cognitions"", ""physical activity"", ""sleep"", ""social interactions""], [""Mood"", ""Cognitions"", ""Physical Activity"", ""Sleep"", ""Social Interactions""]","[""mood"", ""cognitions"", ""physical activity"", ""sleep"", ""social interactions""]","[""Mood"", ""Cognitions"", ""Physical Activity"", ""Sleep"", ""Social Interactions""]"
"31446127","[""MRI"", ""Ultrasound""], [""MRI"", ""Ultrasound""]","[""MRI"", ""Ultrasound""]","[""MRI"", ""Ultrasound""]"
"31447230","[""Imaging"", ""Pathology""], [""digital imaging""]","[""Imaging"", ""Pathology""]","[""digital imaging""]"
"31448366","[""Computed Tomography""], [""Image"", ""Clinical""]","[""Computed Tomography""]","[""Image"", ""Clinical""]"
"31449531","[""Super-resolution microscopy images""], [""Microscopy images""]","[""Super-resolution microscopy images""]","[""Microscopy images""]"
"31455518","[""Magnetic Resonance Imaging""], [""MRI"", ""Demographic Data""]","[""Magnetic Resonance Imaging""]","[""MRI"", ""Demographic Data""]"
"31456317","[""MRI"", ""ADC map""], [""MRI"", ""ADC map""]","[""MRI"", ""ADC map""]","[""MRI"", ""ADC map""]"
"31465977","[""Inertial Measurement Unit (IMU)"", ""Surface Electromyography (sEMG)""], [""IMU"", ""sEMG""]","[""Inertial Measurement Unit (IMU)"", ""Surface Electromyography (sEMG)""]","[""IMU"", ""sEMG""]"
"31469648","[""EEG""], [""EEG"", ""signals""]","[""EEG""]","[""EEG"", ""signals""]"
"31472262",NULL,NULL,"[""FLAIR MRI""]"
"31473518","[""Anterior-posterior (AP)"", ""Lateral (LAT)""], [""Anterior-posterior (AP) view"", ""Lateral (LAT) view""]","[""Anterior-posterior (AP)"", ""Lateral (LAT)""]","[""Anterior-posterior (AP) view"", ""Lateral (LAT) view""]"
"31476750","[""Magnetic Resonance Imaging""], [""Dynamic imaging"", ""3D""]","[""Magnetic Resonance Imaging""]","[""Dynamic imaging"", ""3D""]"
"31477924","[""Biochemical"", ""Cell-based""], [""molecular""]","[""Biochemical"", ""Cell-based""]","[""molecular""]"
"31479448","[""Chest X-rays""], [{""Accuracy"": [""0.88 [0.82-0.90]"", ""0.75 [0.66-0.87]""], ""Modality"": ""Chest x-rays""}]","[""Chest X-rays""]","[{""Accuracy"": [""0.88 [0.82-0.90]"", ""0.75 [0.66-0.87]""], ""Modality"": ""Chest x-rays""}]"
"31479590","[""Text""], [""text""]","[""Text""]","[""text""]"
"31481707","[""Pharmacological"", ""Molecular""], [""Multimodal data""]","[""Pharmacological"", ""Molecular""]","[""Multimodal data""]"
"31494186","[""histology"", ""high-resolution images""], [""Histological images""]","[""histology"", ""high-resolution images""]","[""Histological images""]"
"31502268","[""Functional Connectivity"", ""Seed-Based""], [""functional connectivity"", ""machine learning""]","[""Functional Connectivity"", ""Seed-Based""]","[""functional connectivity"", ""machine learning""]"
"31505292","[""Magnetic Resonance Imaging""], [""MRI""]","[""Magnetic Resonance Imaging""]","[""MRI""]"
"31507022","[""FDG-PET images""], [""PET images""]","[""FDG-PET images""]","[""PET images""]"
"31508207","[""scRNA-seq"", ""Drop-seq"", ""10X Chromium"", ""Seq-Well""], [""RNA sequencing""]","[""scRNA-seq"", ""Drop-seq"", ""10X Chromium"", ""Seq-Well""]","[""RNA sequencing""]"
"31534203","[""Pathology""], []","[""Pathology""]","[]"
"31508367","[""MR"", ""ADC""], [""MRI""]","[""MR"", ""ADC""]","[""MRI""]"
"31510700","[""Somatic mutation"", ""Copy number aberration"", ""Gene expression""], [""Gene expression"", ""Somatic mutation"", ""Copy number aberration""]","[""Somatic mutation"", ""Copy number aberration"", ""Gene expression""]","[""Gene expression"", ""Somatic mutation"", ""Copy number aberration""]"
"31513271","[""Imaging""], []","[""Imaging""]","[]"
"31513622","[""EEG""], [""EEG""]","[""EEG""]","[""EEG""]"
"31515756","[""CT""], [""Computer Tomography"", ""Image Denoising""]","[""CT""]","[""Computer Tomography"", ""Image Denoising""]"
"31517022","[""MRI""], [""MRI""]","[""MRI""]","[""MRI""]"
"31518278","[""Wearable Sensor Data""], [""Wearable"", ""RAI-HC""]","[""Wearable Sensor Data""]","[""Wearable"", ""RAI-HC""]"
"31519923","[""MRI""], MRI","[""MRI""]","MRI"
"31520320","[""Neuropsychological"", ""Clinical""], [""Image"", ""Text""]","[""Neuropsychological"", ""Clinical""]","[""Image"", ""Text""]"
"31521248","[""fMRI"", ""ICA""], [""MRI""]","[""fMRI"", ""ICA""]","[""MRI""]"
"31525468",NULL,NULL,"[""Image"", ""Clinical""]"
"31526255","[""Dual-Energy X-ray Absorptiometry"", ""Vertebral Fracture Assessment""], [""Dual-energy x-ray absorptiometry""]","[""Dual-Energy X-ray Absorptiometry"", ""Vertebral Fracture Assessment""]","[""Dual-energy x-ray absorptiometry""]"
"31537911","[""Text"", ""Image""], [""Text data"", ""Image data"", ""Audio data""]","[""Text"", ""Image""]","[""Text data"", ""Image data"", ""Audio data""]"
"31542453","[""Spirometry""], [""Respiratory""]","[""Spirometry""]","[""Respiratory""]"
"31542646","[""MRI""], [""Image Data""]","[""MRI""]","[""Image Data""]"
"31546048","[""MRI""], [""T1-weighted MRIs""]","[""MRI""]","[""T1-weighted MRIs""]"
"31546227","[""2D echocardiograms""], [""Echocardiograms""]","[""2D echocardiograms""]","[""Echocardiograms""]"
"31551457",NULL,"[""Primary Care Patients""]",NULL
"31558433",NULL,NULL,"[{""Modality"": ""Cardiac Surgery""}]"
"31570096","[""Clinical"", ""Laboratory""], [""Clinical and laboratory parameters""]","[""Clinical"", ""Laboratory""]","[""Clinical and laboratory parameters""]"
"31576001","[""Whole Slide Images"", ""Digital Slides""], [""Images""]","[""Whole Slide Images"", ""Digital Slides""]","[""Images""]"
"31581142","[""Electrophysiology""], [""Electrical signals"", ""Mechanical stimuli""]","[""Electrophysiology""]","[""Electrical signals"", ""Mechanical stimuli""]"
"31586416","[""3D models"", ""Color maps""], [""3D scans"", ""anthropometric measurements""]","[""3D models"", ""Color maps""]","[""3D scans"", ""anthropometric measurements""]"
"31591579","[""Single-cell data""], [""cytometry""]","[""Single-cell data""]","[""cytometry""]"
"31599345","[""Neurological"", ""Clinical""], [""soleus Hoffmann reflexes"", ""Modified Ashworth Scale""]","[""Neurological"", ""Clinical""]","[""soleus Hoffmann reflexes"", ""Modified Ashworth Scale""]"
"31609046","[""Image""], [""Image"", ""MRI""]","[""Image""]","[""Image"", ""MRI""]"
"31610776","[""home care clients""], [""Assistive devices"", ""Unsteady gait""]","[""home care clients""]","[""Assistive devices"", ""Unsteady gait""]"
"31615566","[""laboratory results"", ""demographic data""], [""Age"", ""Sex"", ""Fasting blood glucose"", ""Body mass index"", ""High-density lipoprotein"", ""Triglycerides"", ""Blood pressure""]","[""laboratory results"", ""demographic data""]","[""Age"", ""Sex"", ""Fasting blood glucose"", ""Body mass index"", ""High-density lipoprotein"", ""Triglycerides"", ""Blood pressure""]"
"31619130","[""Real-World Data"", ""Medical""], []","[""Real-World Data"", ""Medical""]","[]"
"31622838","[""MR Imaging""], [""MRI""]","[""MR Imaging""]","[""MRI""]"
"31631618","[""Magnetic Resonance Imaging (MRI)""], [""MRI""]","[""Magnetic Resonance Imaging (MRI)""]","[""MRI""]"
"31633863","[""T1-weighted MRI""], [""MRI""]","[""T1-weighted MRI""]","[""MRI""]"
"31636101","[""Images""], [""Image""]","[""Images""]","[""Image""]"
"31636895",NULL,NULL,NULL
"31638491","[""CT"", ""MRI""], [""CT"", ""MRI""]","[""CT"", ""MRI""]","[""CT"", ""MRI""]"
"31650017","[""retina""], [""retina""]","[""retina""]","[""retina""]"
"31655198","[""Infrared"", ""Computed Tomography""], [""Infrared"", ""Computed tomography""]","[""Infrared"", ""Computed Tomography""]","[""Infrared"", ""Computed tomography""]"
"31655612","[""motor"", ""kinesthetic""], [{""Modality_Name"": ""Motor""}]","[""motor"", ""kinesthetic""]","[{""Modality_Name"": ""Motor""}]"
"31656049","[""Self-reported"", ""Biomarkers""], [""textual""]","[""Self-reported"", ""Biomarkers""]","[""textual""]"
"31661081",NULL,NULL,"[]"
"31661761","[""Electroencephalograph (EEG)"", ""Dynamic signature""], [""Dynamic signatures"", ""EEG signals""]","[""Electroencephalograph (EEG)"", ""Dynamic signature""]","[""Dynamic signatures"", ""EEG signals""]"
"31663066","[""Genomic data"", ""Clinical data""], [""genomic"", ""mutation""]","[""Genomic data"", ""Clinical data""]","[""genomic"", ""mutation""]"
"31666135","[""Vision"", ""Robotics""], [""Vision"", ""Proprioception""]","[""Vision"", ""Robotics""]","[""Vision"", ""Proprioception""]"
"31667829","[""Clinical""], [{""text"": true}, {""image"": null}]","[""Clinical""]","[{""text"": true}, {""image"": null}]"
"31671333","[""Echocardiography""], [""2D echocardiographic images""]","[""Echocardiography""]","[""2D echocardiographic images""]"
"31675444","[""Computed Tomography (CT)"", ""Three-Dimensional""], [""Image"", ""Fluence""]","[""Computed Tomography (CT)"", ""Three-Dimensional""]","[""Image"", ""Fluence""]"
"31679176","[""RNA-seq"", "" Histology""], [""transcripts""]","[""RNA-seq"", "" Histology""]","[""transcripts""]"
"31683260","[""Computed-Tomography (CT)"", ""Images""], [""Head and Neck CT images""]","[""Computed-Tomography (CT)"", ""Images""]","[""Head and Neck CT images""]"
"31691273","[""MRI""], [""MRI""]","[""MRI""]","[""MRI""]"
"31691815",NULL,NULL,"[""Text""]"
"31694835","[""Histology"", ""Exome sequencing"", ""RNA-sequencing analysis""], [""Histology and molecularly characterized by cytology and histology, exome sequencing, and RNA-sequencing analysis""]","[""Histology"", ""Exome sequencing"", ""RNA-sequencing analysis""]","[""Histology and molecularly characterized by cytology and histology, exome sequencing, and RNA-sequencing analysis""]"
"31696396","[""Text"", ""Numerical""], [{""Tags"": [], ""Modality"": ""Text""}, {""Tags"": [], ""Modality"": ""Image""}, {""Tags"": [], ""Modality"": ""Audio""}]","[""Text"", ""Numerical""]","[{""Tags"": [], ""Modality"": ""Text""}, {""Tags"": [], ""Modality"": ""Image""}, {""Tags"": [], ""Modality"": ""Audio""}]"
"31705492","[""Questionnaires"", ""Medical records""], [""computerized techniques"", ""algorithms""]","[""Questionnaires"", ""Medical records""]","[""computerized techniques"", ""algorithms""]"
"31712272","[""Text""], [""text""]","[""Text""]","[""text""]"
"31723436","[""EDSS"", ""MSFC"", ""T2 lesion volume"", ""Brain parenchymal fraction""], [""Imaging"", ""Demographics""]","[""EDSS"", ""MSFC"", ""T2 lesion volume"", ""Brain parenchymal fraction""]","[""Imaging"", ""Demographics""]"
"31728792","[""Machine-Based""], [null, null, null, ""image"", null, ""image"", null, null, ""video"", null]","[""Machine-Based""]","[null, null, null, ""image"", null, ""image"", null, null, ""video"", null]"
"31730484","[""Narrative clinical notes"", ""Chart review""], [""natural language processing"", ""knowledge-based rules""]","[""Narrative clinical notes"", ""Chart review""]","[""natural language processing"", ""knowledge-based rules""]"
"31730620","[""mRNAseq"", ""microarrays""], [""Gene expression values (≈ words)"", ""microarrays"", ""mRNAseq modality""]","[""mRNAseq"", ""microarrays""]","[""Gene expression values (≈ words)"", ""microarrays"", ""mRNAseq modality""]"
"31731092","[""Fundus images""], [{""Text"": ""fundus images""}]","[""Fundus images""]","[{""Text"": ""fundus images""}]"
"31732979",NULL,NULL,"[""genetic markers"", ""plasma concentrations""]"
"31733815","[""electronic health record""], [{""count"": null, ""modality"": ""Text""}]","[""electronic health record""]","[{""count"": null, ""modality"": ""Text""}]"
"31736698","[""fMRI""], [{""Modality"": ""Brain imaging""}, {""Modality"": ""fMRI""}]","[""fMRI""]","[{""Modality"": ""Brain imaging""}, {""Modality"": ""fMRI""}]"
"31737980","[""T1-weighted MRI""], [""3-dimensional T1-weighted MRI""]","[""T1-weighted MRI""]","[""3-dimensional T1-weighted MRI""]"
"31746764","[""App Use"", ""Pain Statistics""], {""Text"": null, ""Audio"": null}","[""App Use"", ""Pain Statistics""]","{""Text"": null, ""Audio"": null}"
"31751328","[""Behavioral""], [""Behavioral Neuroscience""]","[""Behavioral""]","[""Behavioral Neuroscience""]"
"31752158","[""Accelerometers"", ""Gyroscopes""], [""accelerometers"", ""gyroscopes""]","[""Accelerometers"", ""Gyroscopes""]","[""accelerometers"", ""gyroscopes""]"
"31754634","[""Structural MRI"", ""FDG-PET"", ""Machine Learning""], [""structural MRI"", ""machine learning"", ""FDG-PET and multimodal imaging""]","[""Structural MRI"", ""FDG-PET"", ""Machine Learning""]","[""structural MRI"", ""machine learning"", ""FDG-PET and multimodal imaging""]"
"31755665","[""Imaging data"", ""Functional connectivity""], [{""Modality_Name"": ""MRI""}, {""Modality_Name"": ""EEG""}]","[""Imaging data"", ""Functional connectivity""]","[{""Modality_Name"": ""MRI""}, {""Modality_Name"": ""EEG""}]"
"31758044","[""EEG"", ""ERP""], [""EEG"", ""ERP""]","[""EEG"", ""ERP""]","[""EEG"", ""ERP""]"
"31760210","[""EEG""], [""EEG""]","[""EEG""]","[""EEG""]"
"31769622","[""magnetic resonance imaging""], [""Brain Volume"", ""Cortical Thickness""]","[""magnetic resonance imaging""]","[""Brain Volume"", ""Cortical Thickness""]"
"31772171","[""Cortical thickness""], [""cortical thickness data"", ""core-domain phenotypic features""]","[""Cortical thickness""]","[""cortical thickness data"", ""core-domain phenotypic features""]"
"31780395","[""CT imaging""], [""Imaging""]","[""CT imaging""]","[""Imaging""]"
"31782551","[""MRI""], [""Magnetic resonance imaging (MRI)"", ""Proton density fat fraction measurements"", ""X-nuclei applications""]","[""MRI""]","[""Magnetic resonance imaging (MRI)"", ""Proton density fat fraction measurements"", ""X-nuclei applications""]"
"31785402","[""T1-weighted"", ""T2-weighted""], [""T1-weighted"", ""T2-weighted""]","[""T1-weighted"", ""T2-weighted""]","[""T1-weighted"", ""T2-weighted""]"
"31787423","[""psychiatric diagnoses"", ""psychiatric symptoms""], {""text_data"": false, ""audio_data"": false, ""image_data"": false}","[""psychiatric diagnoses"", ""psychiatric symptoms""]","{""text_data"": false, ""audio_data"": false, ""image_data"": false}"
"31795060","[""MRI""], [""MRI"", ""Image analysis""]","[""MRI""]","[""MRI"", ""Image analysis""]"
"31795063","[""Fluorodeoxyglucose positron emission tomography""], [""MRI"", ""Positron Emission Tomography""]","[""Fluorodeoxyglucose positron emission tomography""]","[""MRI"", ""Positron Emission Tomography""]"
"31796060","[""text"", ""bibliometrics""], [""Text""]","[""text"", ""bibliometrics""]","[""Text""]"
"31797142","[""Magnetic Resonance Images""], [""MRI""]","[""Magnetic Resonance Images""]","[""MRI""]"
"31797592",NULL,"[""text""]",NULL
"31797603",NULL,NULL,NULL
"31797611","[""Genome-wide""], [""Epigenomic data"", ""Peak detection""]","[""Genome-wide""]","[""Epigenomic data"", ""Peak detection""]"
"31798403","[""EEG""], [""EEG""]","[""EEG""]","[""EEG""]"
"31800431","[""Virtual Reality""], [""Virtual reality"", ""Surgical simulation""]","[""Virtual Reality""]","[""Virtual reality"", ""Surgical simulation""]"
"31805020","[""age"", ""vital signs (heart rate, respiratory rate, and temperature) capillary refill time, altered mental state""], [""Age"", ""Respiratory rate"", ""Capillary refill time"", ""Altered mental state""]","[""age"", ""vital signs (heart rate, respiratory rate, and temperature) capillary refill time, altered mental state""]","[""Age"", ""Respiratory rate"", ""Capillary refill time"", ""Altered mental state""]"
"31812131","[""Magnetic Resonance (MR)""], [""MR images""]","[""Magnetic Resonance (MR)""]","[""MR images""]"
"31815574","[""Computed Tomography""], [""CT scans""]","[""Computed Tomography""]","[""CT scans""]"
"31816503","[""Medical Imaging""], [""image data"", ""text data""]","[""Medical Imaging""]","[""image data"", ""text data""]"
"31821482","[""Serial PT-INR values""], [""prothrombin time international normalized ratio measurements""]","[""Serial PT-INR values""]","[""prothrombin time international normalized ratio measurements""]"
"31821865","[""Magnetic resonance imaging""], [""MRI"", ""T1-weighted images""]","[""Magnetic resonance imaging""]","[""MRI"", ""T1-weighted images""]"
"31822130","[""video"", ""audio""], [""robotic pet seal"", ""video recording""]","[""video"", ""audio""]","[""robotic pet seal"", ""video recording""]"
"31832652",NULL,NULL,"[""Virtual Reality"", ""Artificial Intelligence""]"
"31835700","[""RNA-Seq""], [""gene expression"", ""mRNA""]","[""RNA-Seq""]","[""gene expression"", ""mRNA""]"
"31845024",NULL,NULL,NULL
"31847220","[""Force sensitive resistors""], [""Force Sensitive Resistors""]","[""Force sensitive resistors""]","[""Force Sensitive Resistors""]"
"31852412","[""Medical""], [""Computed Tomography""]","[""Medical""]","[""Computed Tomography""]"
"31856806","[""Text""], [""Text""]","[""Text""]","[""Text""]"
"31860899","[""Ultrasound"", ""Fluoroscopy""], [""Ultrasound""]","[""Ultrasound"", ""Fluoroscopy""]","[""Ultrasound""]"
"31863034","[""Diffusion-Weighted Magnetic Resonance Imaging (DWI)""], [""Imaging""]","[""Diffusion-Weighted Magnetic Resonance Imaging (DWI)""]","[""Imaging""]"
"31866804","[""EEG""], [""EEG""]","[""EEG""]","[""EEG""]"
"31867331",NULL,NULL,"[""Text"", ""Calcium homeostasis"", ""Mitochondrial function""]"
"31868580","[""Cardiac electrophysiology""], [""electrophysiology"", ""excitation-contraction coupling""]","[""Cardiac electrophysiology""]","[""electrophysiology"", ""excitation-contraction coupling""]"
"31871069",NULL,NULL,"[""Image data"", ""Clinical data""]"
"31872289","[], [""text""]","[]","[""text""]"
"31883208","[""Ankle proprioception""], [""torque perturbations"", ""gait speed""]","[""Ankle proprioception""]","[""torque perturbations"", ""gait speed""]"
"31884486","[""PET imaging"", ""Neuropsychological tests"", ""MRI volumetrics"", ""Cerebrospinal fluid biomarkers""], [""Imaging"", ""Biomarkers""]","[""PET imaging"", ""Neuropsychological tests"", ""MRI volumetrics"", ""Cerebrospinal fluid biomarkers""]","[""Imaging"", ""Biomarkers""]"
"31885041","[""Graph""], [""text"", ""graph""]","[""Graph""]","[""text"", ""graph""]"
"31887617","[""3D ultrasound images""], [""3D ultrasound""]","[""3D ultrasound images""]","[""3D ultrasound""]"
"31896239",NULL,NULL,NULL
"31899530",NULL,NULL,"[""Text data"", ""Image data""]"
"31900980","[""3D Kinematics""], [""three-dimensional kinematic data""]","[""3D Kinematics""]","[""three-dimensional kinematic data""]"
"31901611","[""Imaging""], [""Image""]","[""Imaging""]","[""Image""]"
"31905456","[""Imaging"", ""Large Epidemiological Data Sets""], [{""Modality"": ""Imaging analysis""}]","[""Imaging"", ""Large Epidemiological Data Sets""]","[{""Modality"": ""Imaging analysis""}]"
"31915534","[""Quantitative ultrasound"", ""Radiomic""], [""Ultrasound""]","[""Quantitative ultrasound"", ""Radiomic""]","[""Ultrasound""]"
"31918375","[""Clinical"", ""Imaging""], [""SPECT"", ""clinical""]","[""Clinical"", ""Imaging""]","[""SPECT"", ""clinical""]"
"31918991","[""Upper limb sensorimotor and cognition functions""], [""motor"", ""cognitive"", ""sensory""]","[""Upper limb sensorimotor and cognition functions""]","[""motor"", ""cognitive"", ""sensory""]"
"31927071","[""Genetic data"", ""Environmental data""], [{""Type"": ""Emotional over-eating"", ""Method"": ""Child Eating Behavior Questionnaire""}, {""Type"": ""Food Responsiveness"", ""Method"": ""Child Eating Behavior Questionnaire""}, {""Type"": ""Food Enjoyment"", ""Method"": ""Child Eating Behavior Questionnaire""}]","[""Genetic data"", ""Environmental data""]","[{""Type"": ""Emotional over-eating"", ""Method"": ""Child Eating Behavior Questionnaire""}, {""Type"": ""Food Responsiveness"", ""Method"": ""Child Eating Behavior Questionnaire""}, {""Type"": ""Food Enjoyment"", ""Method"": ""Child Eating Behavior Questionnaire""}]"
"31932608","[""ECG""], [""ECG""]","[""ECG""]","[""ECG""]"
"31937619","[""MR Imaging""], [""MRI""]","[""MR Imaging""]","[""MRI""]"
"31950862","[""NeuroTracker""], [""3D multiple object tracking""]","[""NeuroTracker""]","[""3D multiple object tracking""]"
"31952981","[""EEG""], [""EEG""]","[""EEG""]","[""EEG""]"
"31955415","[""3D LGE-MR"", ""2D""], [""MRI"", ""3D""]","[""3D LGE-MR"", ""2D""]","[""MRI"", ""3D""]"
"31961432","[""16S rRNA gene sequencing"", ""Metagenomic sequencing""], [""16S rRNA gene sequencing"", ""metagenomic sequencing""]","[""16S rRNA gene sequencing"", ""Metagenomic sequencing""]","[""16S rRNA gene sequencing"", ""metagenomic sequencing""]"
"31964625","[""Affiliation""], [{""Modality"": ""CD8[+] T cells""}, {""Modality"": ""IL22-producing CD8[+] Tc22 subset""}]","[""Affiliation""]","[{""Modality"": ""CD8[+] T cells""}, {""Modality"": ""IL22-producing CD8[+] Tc22 subset""}]"
"31967531","[""Eye gaze"", ""Auditory feedback"", ""Vibrotactile feedback""], [""Auditory"", ""Vibrotactile""]","[""Eye gaze"", ""Auditory feedback"", ""Vibrotactile feedback""]","[""Auditory"", ""Vibrotactile""]"
"31967990","[""Gene expression"", ""Drug response""], [""Gene Expression"", ""Drug Response""]","[""Gene expression"", ""Drug response""]","[""Gene Expression"", ""Drug Response""]"
"31969896",NULL,"[""Clinical measurements""]",NULL
"31971257","[""Facial skin signs"", ""Selfie pictures""], [""images"", ""lighting conditions""]","[""Facial skin signs"", ""Selfie pictures""]","[""images"", ""lighting conditions""]"
"31971940",NULL,"[""Genomic Biology""]",NULL
"31973994",NULL,NULL,"[""Survey"", ""Questionnaire""]"
"31978179","[""MRI"", ""Diffusion and Perfusion""], [""MRI"", ""Diffusion and Perfusion""]","[""MRI"", ""Diffusion and Perfusion""]","[""MRI"", ""Diffusion and Perfusion""]"
"31982495","[""thermograms""], [""thermal imaging""]","[""thermograms""]","[""thermal imaging""]"
"31989163","[""blood"", ""brain""], [""Gene Expression"", ""Neuropathology"", ""Clinical Deterioration""]","[""blood"", ""brain""]","[""Gene Expression"", ""Neuropathology"", ""Clinical Deterioration""]"
"31991302",NULL,NULL,"[""Text""]"
"31999324","[""Functional MRI"", ""Behavioral questionnaire""], [""Functional brain measurements""]","[""Functional MRI"", ""Behavioral questionnaire""]","[""Functional brain measurements""]"
"32001673",NULL,NULL,"[]"
"32003517","[""MRI"", ""Clinical""], [""MRI""]","[""MRI"", ""Clinical""]","[""MRI""]"
"32007318","[""Computed Tomography (CT) scans""], [""CT scans""]","[""Computed Tomography (CT) scans""]","[""CT scans""]"
"32007701","[""Echocardiography""], [""2D"", ""3D""]","[""Echocardiography""]","[""2D"", ""3D""]"
"32011021","[""Magnetic Resonance Angiography""], [""3D non-Cartesian image data""]","[""Magnetic Resonance Angiography""]","[""3D non-Cartesian image data""]"
"32013871","[""CT"", ""Images""], [""CT images""]","[""CT"", ""Images""]","[""CT images""]"
"32016430","[""functional magnetic resonance imaging"", ""working memory""], [""fMRI""]","[""functional magnetic resonance imaging"", ""working memory""]","[""fMRI""]"
"32021737","[""fMRI"", ""MRI""], [""Structural imaging"", ""Functional imaging""]","[""fMRI"", ""MRI""]","[""Structural imaging"", ""Functional imaging""]"
"32023504","[""CT"", ""RT""], [""clinical"", ""imaging"", ""RT""]","[""CT"", ""RT""]","[""clinical"", ""imaging"", ""RT""]"
"32024819","[""genomics""], genomics, genetics","[""genomics""]","genomics, genetics"
"32024849","[""Genomic""], [""Genomics"", ""Pathology""]","[""Genomic""]","[""Genomics"", ""Pathology""]"
"32025015",NULL,NULL,"[]"
"32026444","[""Bi-planar radiographs"", ""3D reconstruction"", ""Da Vinci views""], [""radiographs"", ""3D reconstruction""]","[""Bi-planar radiographs"", ""3D reconstruction"", ""Da Vinci views""]","[""radiographs"", ""3D reconstruction""]"
"32585698",NULL,NULL,NULL
"32039500",NULL,NULL,"[""Genomics""]"
"32039563","[""Clinical"", ""Biological""], [""clinical"", ""biological""]","[""Clinical"", ""Biological""]","[""clinical"", ""biological""]"
"32042111","[""hand motion""], [""hand motion"", ""spectrotemporal characteristics""]","[""hand motion""]","[""hand motion"", ""spectrotemporal characteristics""]"
"32045708","[""mJOA score"", ""SF-36 (MCS) and PCS""], [""machine learning"", ""logistic regression""]","[""mJOA score"", ""SF-36 (MCS) and PCS""]","[""machine learning"", ""logistic regression""]"
"32053425","[""Photographs""], [""Photographs"", ""Videos""]","[""Photographs""]","[""Photographs"", ""Videos""]"
"32054511","[""Robot""], [""Sensorimotor_control"", ""Visuospatial_skills""]","[""Robot""]","[""Sensorimotor_control"", ""Visuospatial_skills""]"
"32055239",NULL,"[]",NULL
"32056739","[""Administrative""], [""text""]","[""Administrative""]","[""text""]"
"32059918","[""Automated Breast Ultrasound""], [""Transverse"", ""Coronal""]","[""Automated Breast Ultrasound""]","[""Transverse"", ""Coronal""]"
"32071383","[""Cell line"", ""Xenograft""], [""genetic data"", ""cell line and xenograft""]","[""Cell line"", ""Xenograft""]","[""genetic data"", ""cell line and xenograft""]"
"32063026","[""CT"", ""FDG PET-CT""], [{""Modality"": ""Computed Tomography (CT)""}, {""Modality"": ""[18]F-FDG PET-CT""}]","[""CT"", ""FDG PET-CT""]","[{""Modality"": ""Computed Tomography (CT)""}, {""Modality"": ""[18]F-FDG PET-CT""}]"
"32064241","[""Sagittal"", ""Ultrasound""], [""Ultrasound images""]","[""Sagittal"", ""Ultrasound""]","[""Ultrasound images""]"
"32065732",NULL,NULL,"[""text""]"
"32068890",NULL,"[""Laryngtorhinolaryngology""]",NULL
"32069213","[""Text""], [""Text"", ""Dialogue""]","[""Text""]","[""Text"", ""Dialogue""]"
"32070812","[""Electrical"", ""Pneumatic""], [""Electrical median nerve stimulation"", ""Pneumatic stimulation""]","[""Electrical"", ""Pneumatic""]","[""Electrical median nerve stimulation"", ""Pneumatic stimulation""]"
"32071143",NULL,"[""Text""]",NULL
"32071251","[""Clinical""], [""text""]","[""Clinical""]","[""text""]"
"32071965","[""voice localizer paradigm"", ""functional magnetic resonance imaging""], [""Voice perception""]","[""voice localizer paradigm"", ""functional magnetic resonance imaging""]","[""Voice perception""]"
"32072271",NULL,"[""Functional testing""]",NULL
"32076662","[""Magnetic Resonance Imaging""], [{""modality"": ""image"", ""quantity"": 100}, {""modality"": ""video"", ""quantity"": 50}]","[""Magnetic Resonance Imaging""]","[{""modality"": ""image"", ""quantity"": 100}, {""modality"": ""video"", ""quantity"": 50}]"
"32079905","[""Chest computed tomography"", ""Dual-energy x-ray absorptiometry""], [""Chest Computed Tomography""]","[""Chest computed tomography"", ""Dual-energy x-ray absorptiometry""]","[""Chest Computed Tomography""]"
"32088358","[""symptom assessments""], []","[""symptom assessments""]","[]"
"32088562","[""Radiomics""], [""radiomics"", ""clinical outcomes""]","[""Radiomics""]","[""radiomics"", ""clinical outcomes""]"
"32106247","[""Virtual Reality"", ""Ultrasonic Aspirator"", ""Bipolar""], [""Virtual Reality"", ""Artificial Intelligence""]","[""Virtual Reality"", ""Ultrasonic Aspirator"", ""Bipolar""]","[""Virtual Reality"", ""Artificial Intelligence""]"
"32108120","[""Text""], [""Text"", ""Image""]","[""Text""]","[""Text"", ""Image""]"
"32108230","[""electrophysiological activity""], [""Electrophysiology"", ""Neuroimaging""]","[""electrophysiological activity""]","[""Electrophysiology"", ""Neuroimaging""]"
"32109360","[{""Modality"": ""DNA sequencing""}, {""Modality"": ""RNA sequencing""}], [""bacterial"", ""fungal""]","[{""Modality"": ""DNA sequencing""}, {""Modality"": ""RNA sequencing""}]","[""bacterial"", ""fungal""]"
"32110753","[""Medical""], {""variables_used"": [{""modality"": ""medical"", ""variables"": 68}, {""modality"": ""demographics"", ""variables"": null}]}","[""Medical""]","{""variables_used"": [{""modality"": ""medical"", ""variables"": 68}, {""modality"": ""demographics"", ""variables"": null}]}"
"32111185","[""Whole-exome sequencing""], [""Genomics"", ""Machine learning""]","[""Whole-exome sequencing""]","[""Genomics"", ""Machine learning""]"
"32130646","[""ECG"", ""CT""], [""ECG-gated CT volumes""]","[""ECG"", ""CT""]","[""ECG-gated CT volumes""]"
"32135531","[""Magnetic Resonance Imaging""], [{""Modality"": ""MRI""}]","[""Magnetic Resonance Imaging""]","[{""Modality"": ""MRI""}]"
"32143792",NULL,NULL,"[""text"", ""ML""]"
"32144629","[""Structured Light Scanning""], [""3D Surface Models"", ""Texture Information""]","[""Structured Light Scanning""]","[""3D Surface Models"", ""Texture Information""]"
"32152777","[""Microvascular breast reconstructions""], [""Text"", ""Classification""]","[""Microvascular breast reconstructions""]","[""Text"", ""Classification""]"
"32153047","[""DNA methylation"", ""cf-RNA expression""], [""DNA Methylation"", ""Cell-Free RNA""]","[""DNA methylation"", ""cf-RNA expression""]","[""DNA Methylation"", ""Cell-Free RNA""]"
"32157112","[""RNA-Seq""], [{""count"": 1, ""modality"": ""microRNA""}]","[""RNA-Seq""]","[{""count"": 1, ""modality"": ""microRNA""}]"
"32161279","[], [{""modality"": ""Image""}, {""modality"": ""Text""}]","[]","[{""modality"": ""Image""}, {""modality"": ""Text""}]"
"32164378","[""Apparent diffusion coefficient (ADC) imaging"", ""Computed high-b value diffusion weighted imaging (CHB-DWI)"", ""Diffusion weighted imaging (DWI)""], [""DWI"", ""CHB-DWI""]","[""Apparent diffusion coefficient (ADC) imaging"", ""Computed high-b value diffusion weighted imaging (CHB-DWI)"", ""Diffusion weighted imaging (DWI)""]","[""DWI"", ""CHB-DWI""]"
"32164523","[""Gene expression data""], [""Gene expression data""]","[""Gene expression data""]","[""Gene expression data""]"
"32165206","[""Molecular"", ""Pathologic""], [""Image"", ""Text""]","[""Molecular"", ""Pathologic""]","[""Image"", ""Text""]"
"32166265","[""Clinical""], [""Medical records"", ""Laboratory values""]","[""Clinical""]","[""Medical records"", ""Laboratory values""]"
"32166768","[""3D Transrectal Ultrasound""], [""3D transrectal ultrasound images""]","[""3D Transrectal Ultrasound""]","[""3D transrectal ultrasound images""]"
"32168124",NULL,NULL,NULL
"32174253","[""Ultrasound""], {""Image_Texture_Variables"": 31}","[""Ultrasound""]","{""Image_Texture_Variables"": 31}"
"32174330","[""Cardiac magnetic resonance imaging""], [""optical flow"", ""motion features""]","[""Cardiac magnetic resonance imaging""]","[""optical flow"", ""motion features""]"
"32178532","[""Clinical"", ""Administrative""], Clinical","[""Clinical"", ""Administrative""]","Clinical"
"32179311","[""Electrocardiography"", ""Echocardiography"", ""Magnetic resonance imaging"", ""Coronary angiography""], electrocardiography, echocardiography, magnetic resonance imaging, and coronary angiography","[""Electrocardiography"", ""Echocardiography"", ""Magnetic resonance imaging"", ""Coronary angiography""]","electrocardiography, echocardiography, magnetic resonance imaging, and coronary angiography"
"32181922","[""Ultrasound""], [""Ultrasound Imaging"", ""US videos of the UE""]","[""Ultrasound""]","[""Ultrasound Imaging"", ""US videos of the UE""]"
"32185618","[""Computed Tomography"", ""Positron Emission Tomography""], [""PET"", ""CT""]","[""Computed Tomography"", ""Positron Emission Tomography""]","[""PET"", ""CT""]"
"32185875","[""Whole slide imaging""], [""Histology"", ""Immunogenetics""]","[""Whole slide imaging""]","[""Histology"", ""Immunogenetics""]"
"32187319",NULL,NULL,"[""Text""]"
"32192211","[""Telehealth"", ""Wearable technology"", ""Robotic surgical outcomes""], [""telehealth"", ""wearable technology""]","[""Telehealth"", ""Wearable technology"", ""Robotic surgical outcomes""]","[""telehealth"", ""wearable technology""]"
"32193665","[""CT scans"", ""Histopathology""], [""Computerized Tomography""]","[""CT scans"", ""Histopathology""]","[""Computerized Tomography""]"
"32193870","[""Computed Tomography (CT)""], [""Computed Tomography""]","[""Computed Tomography (CT)""]","[""Computed Tomography""]"
"32198433","[""Clinical Variables""], [""Age at diagnosis"", ""Lymph nodes""]","[""Clinical Variables""]","[""Age at diagnosis"", ""Lymph nodes""]"
"32204950","[""Clinical""], [""detailed clinical information""]","[""Clinical""]","[""detailed clinical information""]"
"32206688","[""Medical images"", ""Planar (two-dimensional) medical images"", ""Volumetric (three-dimensional) medical images""], [""Planar (2D)"", ""Volumetric (3D)""]","[""Medical images"", ""Planar (two-dimensional) medical images"", ""Volumetric (three-dimensional) medical images""]","[""Planar (2D)"", ""Volumetric (3D)""]"
"32208981","[""Video"", ""Other""], [""Video-recordings""]","[""Video"", ""Other""]","[""Video-recordings""]"
"32211747","[""genetic"", ""contact investigation""], [""text""]","[""genetic"", ""contact investigation""]","[""text""]"
"32211946","[""Abdominal Imaging""], [""Abdominal imaging"", ""Prostate cancer""]","[""Abdominal Imaging""]","[""Abdominal imaging"", ""Prostate cancer""]"
"32217212","[""Motion"", ""Ground Reaction Force""], [{""Modality"": ""Motion""}]","[""Motion"", ""Ground Reaction Force""]","[{""Modality"": ""Motion""}]"
"32220387",NULL,NULL,NULL
"32220502","[""Functional MRI""], [""MRI""]","[""Functional MRI""]","[""MRI""]"
"32222642","[""Dose""], [""dose distributions"", ""predicted dose distributions""]","[""Dose""]","[""dose distributions"", ""predicted dose distributions""]"
"32229177","[""Physiological"", ""Movement""], [""exoskeletons or end-effector devices"", ""physiotherapy combined with body-weight support training""]","[""Physiological"", ""Movement""]","[""exoskeletons or end-effector devices"", ""physiotherapy combined with body-weight support training""]"
"32231077","[""MRI"", ""T2"", ""ADC""], [""MRI"", ""ADC map""]","[""MRI"", ""T2"", ""ADC""]","[""MRI"", ""ADC map""]"
"32232546","[""16S rRNA-based high-throughput sequencing""], [{""text"": ""Fasting insulin and glucose levels""}, {""text"": ""insulin resistance was calculated with the homeostasis model assessment of insulin resistance (HOMA-IR)""}]","[""16S rRNA-based high-throughput sequencing""]","[{""text"": ""Fasting insulin and glucose levels""}, {""text"": ""insulin resistance was calculated with the homeostasis model assessment of insulin resistance (HOMA-IR)""}]"
"32235059","[""PET"", ""FDG-PET""], [""PET""]","[""PET"", ""FDG-PET""]","[""PET""]"
"32241302",NULL,"[""Neuroimaging""]",NULL
"32246035","[""Magnetoencephalography""], [""MEG connectome profiles""]","[""Magnetoencephalography""]","[""MEG connectome profiles""]"
"32248366","[""CT""], CT","[""CT""]","CT"
"32249734","[""healthcare""], [""healthcare"", ""analytics"", ""artificial intelligence""]","[""healthcare""]","[""healthcare"", ""analytics"", ""artificial intelligence""]"
"32250302","[""Neuroimaging"", ""Clinical""], [""Image"", ""Clinical""]","[""Neuroimaging"", ""Clinical""]","[""Image"", ""Clinical""]"
"32272344","[""Cardiovascular magnetic resonance (CMR) images""], [""MRI"", ""Computer Vision""]","[""Cardiovascular magnetic resonance (CMR) images""]","[""MRI"", ""Computer Vision""]"
"32273836","[""T1"", ""T2""], [""T1-weighted"", ""T2-weighted""]","[""T1"", ""T2""]","[""T1-weighted"", ""T2-weighted""]"
"32283555",NULL,NULL,"[""ImmPort Curation Team"", ""Division for Vaccine Discovery""]"
"32284876","[""Force data""], [""vertical bed reaction forces""]","[""Force data""]","[""vertical bed reaction forces""]"
"32287265","[""mRNA"", ""microarray""], [""blood"", ""muscle""]","[""mRNA"", ""microarray""]","[""blood"", ""muscle""]"
"32300738","[""Physician visits"", ""Ambulatory care visits"", ""Inpatient hospitalizations"", ""Community pharmacy dispenses""], [""Physician visits"", ""Ambulatory care visits"", ""Inpatient hospitalizations"", ""Community pharmacy dispenses""]","[""Physician visits"", ""Ambulatory care visits"", ""Inpatient hospitalizations"", ""Community pharmacy dispenses""]","[""Physician visits"", ""Ambulatory care visits"", ""Inpatient hospitalizations"", ""Community pharmacy dispenses""]"
"32301353",NULL,"[""Unstructured qualitative data"", ""Quantitative data""]",NULL
"32303098",NULL,"[""Health data""]",NULL
"32304875","[""text""], text, structured data","[""text""]","text, structured data"
"32317241","[""prostate brachytherapy""], [""Dosimetry"", ""Treatment plan modifications""]","[""prostate brachytherapy""]","[""Dosimetry"", ""Treatment plan modifications""]"
"32318076",NULL,"[""Bioclinical data""]",NULL
"32319263","[""Raman spectroscopy""], [""Raman spectroscopy""]","[""Raman spectroscopy""]","[""Raman spectroscopy""]"
"32325033","[""Biochemistry"", ""Neurology"", ""Pharmacology and Experimental Therapeutics""], [""Biomechanical signals, Physiological signals""]","[""Biochemistry"", ""Neurology"", ""Pharmacology and Experimental Therapeutics""]","[""Biomechanical signals, Physiological signals""]"
"32326349","[""Smart homes""], [""Spatial"", ""Temporal""]","[""Smart homes""]","[""Spatial"", ""Temporal""]"
"32328674","[""Hand Radiographs""], [""X-ray""]","[""Hand Radiographs""]","[""X-ray""]"
"32328990",NULL,NULL,NULL
"32329074","[""Computed Tomography""], [""Computed Tomography""]","[""Computed Tomography""]","[""Computed Tomography""]"
"32329723",NULL,NULL,NULL
"32333121","[""brain extracts"", ""NMR"", ""DI/LC-MS/MS""], [""metabolomics"", ""NMR and DI/LC-MS/MS""]","[""brain extracts"", ""NMR"", ""DI/LC-MS/MS""]","[""metabolomics"", ""NMR and DI/LC-MS/MS""]"
"32335226","[""Local Class Imbalance"", ""Artificial Neural Networks"", ""Support Vector Machines"", ""Random Forests""], [""Image"", ""Other clinical data""]","[""Local Class Imbalance"", ""Artificial Neural Networks"", ""Support Vector Machines"", ""Random Forests""]","[""Image"", ""Other clinical data""]"
"32348182","[""FDG PET"", ""CT"", ""PET/CT""], [""PET images""]","[""FDG PET"", ""CT"", ""PET/CT""]","[""PET images""]"
"32356095","[""Ultrasound imaging"", ""RF data""], [""Ultrasound image""]","[""Ultrasound imaging"", ""RF data""]","[""Ultrasound image""]"
"32361562",NULL,NULL,"[""demographic""]"
"32365192","[""blood""], [""MicroRNA""]","[""blood""]","[""MicroRNA""]"
"32366785","[""Amyloid PET"", ""FDG PET""], [""PET""]","[""Amyloid PET"", ""FDG PET""]","[""PET""]"
"32369563","[""Tensor""], [""tensor factorization"", ""deep neural network""]","[""Tensor""]","[""tensor factorization"", ""deep neural network""]"
"32372384","[""Temporal Enhanced Ultrasound (TeUS)"", ""Apparent Diffusion Coefficient (ADC)"", ""Magnetic Resonance Imaging (MRI)""], [""MRI"", ""Ultrasound""]","[""Temporal Enhanced Ultrasound (TeUS)"", ""Apparent Diffusion Coefficient (ADC)"", ""Magnetic Resonance Imaging (MRI)""]","[""MRI"", ""Ultrasound""]"
"32379801","[""Optoelectronic system"", ""Markers""], [""marker positions on FOs surfaces""]","[""Optoelectronic system"", ""Markers""]","[""marker positions on FOs surfaces""]"
"32383971","[""Administrative health data""], []","[""Administrative health data""]","[]"
"32387817",NULL,"[]",NULL
"32388549","[""text""], [""text""]","[""text""]","[""text""]"
"32396346","[""Metaproteomic"", ""Proteomics""], [""proteomics"", ""metaproteomics""]","[""Metaproteomic"", ""Proteomics""]","[""proteomics"", ""metaproteomics""]"
"32399513","[""Digital biomarkers""], [""digital biomarkers""]","[""Digital biomarkers""]","[""digital biomarkers""]"
"32399621","[""PET/CT""], [""PET/CT""]","[""PET/CT""]","[""PET/CT""]"
"32404485","[""Coronary Angioscopy""], [""Images""]","[""Coronary Angioscopy""]","[""Images""]"
"32406850","[""Text""], [""AI"", ""Health Technology Assessment""]","[""Text""]","[""AI"", ""Health Technology Assessment""]"
"32407457","[""Gene"", ""Expression""], [""Gene expression"", ""DNA methylation"", ""Copy number alteration""]","[""Gene"", ""Expression""]","[""Gene expression"", ""DNA methylation"", ""Copy number alteration""]"
"32409507","[""Video""], [""video""]","[""Video""]","[""video""]"
"32409715","[""Medical Imaging""], [""3D inputs"", ""Multi-scale input""]","[""Medical Imaging""]","[""3D inputs"", ""Multi-scale input""]"
"32410265",NULL,"[""Administrative databases""]",NULL
"32413546","[""Computed Tomography (CT)""], [{""Dose-volume histograms (DVHs)"": true}, {""Computed tomography images"": true}]","[""Computed Tomography (CT)""]","[{""Dose-volume histograms (DVHs)"": true}, {""Computed tomography images"": true}]"
"32424317","[""structural and functional network profiling"", ""biophysical simulations""], [""structural and functional network profiling"", ""biophysical simulations""]","[""structural and functional network profiling"", ""biophysical simulations""]","[""structural and functional network profiling"", ""biophysical simulations""]"
"32426059","[""Near Infrared Spectroscopy""], [""Near infrared spectroscopy""]","[""Near Infrared Spectroscopy""]","[""Near infrared spectroscopy""]"
"32426346","[""3-dimensional (3D) trajectory data""], [""3D trajectory data""]","[""3-dimensional (3D) trajectory data""]","[""3D trajectory data""]"
"32444812",NULL,NULL,"[""Text""]"
"32433583","[""3T"", ""FLAIR""], [""Image"", ""Survey""]","[""3T"", ""FLAIR""]","[""Image"", ""Survey""]"
"32434127","[""CT"", ""angiography""], [""CT Scan"", ""MRI""]","[""CT"", ""angiography""]","[""CT Scan"", ""MRI""]"
"32437969","[""Micro-Computed Tomography""], [""Micro-computed Tomography""]","[""Micro-Computed Tomography""]","[""Micro-computed Tomography""]"
"32439869","[""Clinical notes"", ""Lab tests"", ""Billing codes""], [""text"", ""image""]","[""Clinical notes"", ""Lab tests"", ""Billing codes""]","[""text"", ""image""]"
"32440643",NULL,"[""Visual""]",NULL
"32441656","[""Infrared Video""], [""Video"", ""Body movements""]","[""Infrared Video""]","[""Video"", ""Body movements""]"
"32442307","[""Metabolomics"", ""Gene expression"", ""Copy number"", ""Mutation profiles""], [""omics"", ""pharmacological""]","[""Metabolomics"", ""Gene expression"", ""Copy number"", ""Mutation profiles""]","[""omics"", ""pharmacological""]"
"32445550","[""Epidemiological data"", ""Clinical symptoms"", ""CT nodule-based radiomic features"", ""Tumor biomarkers""], [""epidemiological data"", ""clinical symptoms"", ""tumor biomarkers"", ""CT nodule-based radiomic features""]","[""Epidemiological data"", ""Clinical symptoms"", ""CT nodule-based radiomic features"", ""Tumor biomarkers""]","[""epidemiological data"", ""clinical symptoms"", ""tumor biomarkers"", ""CT nodule-based radiomic features""]"
"32446241","[""fMRI""], [{""Details"": null, ""Modality"": ""fMRI""}, {""Details"": null, ""Modality"": ""ICNs functional connectivity""}]","[""fMRI""]","[{""Details"": null, ""Modality"": ""fMRI""}, {""Details"": null, ""Modality"": ""ICNs functional connectivity""}]"
"32449747","[""Operational Taxonomic Units""], [{""modality"": ""microbiome data""}, {""modality"": ""operational taxonomic units (OTUs)""}]","[""Operational Taxonomic Units""]","[{""modality"": ""microbiome data""}, {""modality"": ""operational taxonomic units (OTUs)""}]"
"32467650","[""France""], [""Pathology""]","[""France""]","[""Pathology""]"
"32452574","[""Functional MRI"", ""Magnetic resonance imaging"", ""White matter""], [""magnetic resonance imaging"", ""fMRI""]","[""Functional MRI"", ""Magnetic resonance imaging"", ""White matter""]","[""magnetic resonance imaging"", ""fMRI""]"
"32453488","[""Brain MRI"", ""Synthetic MRI""], [""brain MRI""]","[""Brain MRI"", ""Synthetic MRI""]","[""brain MRI""]"
"32454115","[""Magnetic resonance imaging"", ""Diffusion tensor imaging""], [""MRI""]","[""Magnetic resonance imaging"", ""Diffusion tensor imaging""]","[""MRI""]"
"32455927","[""Accelerometer"", ""Motion""], [""Accelerometer"", ""Motion data""]","[""Accelerometer"", ""Motion""]","[""Accelerometer"", ""Motion data""]"
"32462314","[""Chest X-ray scans""], [""radiographs""]","[""Chest X-ray scans""]","[""radiographs""]"
"32463180","[null], [""Text"", ""Image""]","[null]","[""Text"", ""Image""]"
"32464565","[""Computed Tomography""], [""Image""]","[""Computed Tomography""]","[""Image""]"
"32473064","[""Image""], [""Medical images"", ""Patient information""]","[""Image""]","[""Medical images"", ""Patient information""]"
"32473385","[""miRNA""], [""miRNA""]","[""miRNA""]","[""miRNA""]"
"32474393",NULL,NULL,"[""geriatric syndromes"", ""functional assessments""]"
"32475986",NULL,"[""Three-dimensional""]",NULL
"32477638",NULL,NULL,NULL
"32477683","[""Clinical"", ""Molecular""], [{""Tag"": [], ""Name"": null}, {""Tag"": [""Blood tests""], ""Name"": ""Clinical""}, {""Tag"": [], ""Name"": null}]","[""Clinical"", ""Molecular""]","[{""Tag"": [], ""Name"": null}, {""Tag"": [""Blood tests""], ""Name"": ""Clinical""}, {""Tag"": [], ""Name"": null}]"
"32493224",NULL,"[""Saliva""]",NULL
"32493228","[""text""], []","[""text""]","[]"
"32500070","[""ECG""], [""ECG"", ""electrophysiology""]","[""ECG""]","[""ECG"", ""electrophysiology""]"
"32501805",NULL,"[""SMS text messaging""]",NULL
"32508229","[""Neuromuscular Electrical Stimulation"", ""Robotic measures""], [""neuromuscular electrical stimulation"", ""robotic measures""]","[""Neuromuscular Electrical Stimulation"", ""Robotic measures""]","[""neuromuscular electrical stimulation"", ""robotic measures""]"
"32509975","[""Text""], [""Text"", ""None""]","[""Text""]","[""Text"", ""None""]"
"32515116","[""Text""], [""numerical ratings"", ""written reviews""]","[""Text""]","[""numerical ratings"", ""written reviews""]"
"32531021","[""accelerometer""], [""accelerometer""]","[""accelerometer""]","[""accelerometer""]"
"32532358","[""Force myography""], [""force myography"", ""anthropometric measures""]","[""Force myography""]","[""force myography"", ""anthropometric measures""]"
"32533137","[""Nuclear Medicine"", ""Cardiovascular""], [""ECG"", ""Imaging""]","[""Nuclear Medicine"", ""Cardiovascular""]","[""ECG"", ""Imaging""]"
"32535888","[""Laboratory data"", ""Echocardiographic assessment"", ""Electrocardiographic P-wave indices""], {""Modality"": [{""Name"": ""electrocardiographic P-wave indices""}, {""Name"": ""echocardiographic assessment""}, {""Name"": ""neutrophil-to-lymphocyte ratio (NLR)""}, {""Name"": ""prognostic nutritional index (PNI)""}]}","[""Laboratory data"", ""Echocardiographic assessment"", ""Electrocardiographic P-wave indices""]","{""Modality"": [{""Name"": ""electrocardiographic P-wave indices""}, {""Name"": ""echocardiographic assessment""}, {""Name"": ""neutrophil-to-lymphocyte ratio (NLR)""}, {""Name"": ""prognostic nutritional index (PNI)""}]}"
"32536605","[""Faecal""], {""Microbiome data"": true}","[""Faecal""]","{""Microbiome data"": true}"
"32540846",NULL,NULL,NULL
"32542034","[""Finite Element Method"", ""Electromagnetic equations""], [""Computer Tomography"", ""Microwave Ablation""]","[""Finite Element Method"", ""Electromagnetic equations""]","[""Computer Tomography"", ""Microwave Ablation""]"
"32544823",NULL,"[""Interview"", ""Movement""]",NULL
"32554169","[""CT""], [""Computed Tomography""]","[""CT""]","[""Computed Tomography""]"
"32554374","[""Text-based conversations""], Text","[""Text-based conversations""]","Text"
"32555410","[""Histopathology""], [""histologic tissue components"", ""nuclei maps"", ""lumina maps""]","[""Histopathology""]","[""histologic tissue components"", ""nuclei maps"", ""lumina maps""]"
"32558750","[""Audiometric"", ""Numerical"", ""Text""], [""Text"", ""Numerical""]","[""Audiometric"", ""Numerical"", ""Text""]","[""Text"", ""Numerical""]"
"32561782","[""MRI"", ""Serum""], {""adipokines/inflammatory factors"": null}","[""MRI"", ""Serum""]","{""adipokines/inflammatory factors"": null}"
"32563597",NULL,NULL,"[""text""]"
"32568199","[""Telepresence""], [""telepresence devices"", ""known individuals"", ""fully automated and intelligent interlocutors""]","[""Telepresence""]","[""telepresence devices"", ""known individuals"", ""fully automated and intelligent interlocutors""]"
"32568668","[""T1-precontrast"", ""Fluid Attenuated Inversion Recovery (FLAIR)"", ""T1-postcontrast""], [""T1-precontrast"", ""Fluid attenuated inversion recovery (FLAIR)"", ""T1-postcontrast""]","[""T1-precontrast"", ""Fluid Attenuated Inversion Recovery (FLAIR)"", ""T1-postcontrast""]","[""T1-precontrast"", ""Fluid attenuated inversion recovery (FLAIR)"", ""T1-postcontrast""]"
"32570691",NULL,"[""Patient Timestamp""]",NULL
"32571444",NULL,NULL,"{""image"": [""Centre for Human Brain Health, School of Psychology""], ""video"": null}"
"32571904","[""Behavioral"", ""Social"", ""Psychological""], [""Economic factors"", ""Social factors"", ""Psychological factors""]","[""Behavioral"", ""Social"", ""Psychological""]","[""Economic factors"", ""Social factors"", ""Psychological factors""]"
"32580177","[""Computed Tomography"", ""Radiographs""], [""radiographs"", ""CTs""]","[""Computed Tomography"", ""Radiographs""]","[""radiographs"", ""CTs""]"
"32580207","[""Imaging""], [""image""]","[""Imaging""]","[""image""]"
"32581221","[""Magnetic Resonance Imaging"", ""Positron Emission Tomography"", ""Computed Tomography""], [""Imaging"", ""Computed Tomography""]","[""Magnetic Resonance Imaging"", ""Positron Emission Tomography"", ""Computed Tomography""]","[""Imaging"", ""Computed Tomography""]"
"32582542","[""Serum Tumor Markers""], [{""Text"": ""Serum tumor markers"", ""Label"": """", ""NlmCategory"": """"}]","[""Serum Tumor Markers""]","[{""Text"": ""Serum tumor markers"", ""Label"": """", ""NlmCategory"": """"}]"
"32583617","[""Computed Tomography"", ""Dynamic Susceptibility Contrast Perfusion-Weighted MRI""], [""CTP"", ""PWI""]","[""Computed Tomography"", ""Dynamic Susceptibility Contrast Perfusion-Weighted MRI""]","[""CTP"", ""PWI""]"
"32591639","[""Genomics"", ""Protein-protein interaction analysis""], [""Molecular"", ""Imaging""]","[""Genomics"", ""Protein-protein interaction analysis""]","[""Molecular"", ""Imaging""]"
"32591889","[""Magnetic Resonance Imaging""], [""MRI"", ""PSA""]","[""Magnetic Resonance Imaging""]","[""MRI"", ""PSA""]"
"32592462",NULL,"[""3D genome"", ""DNA loci""]",NULL
"32594794","[""Blood Pressure""], [""Blood Pressure Readings""]","[""Blood Pressure""]","[""Blood Pressure Readings""]"
"32597194","[""RNA""], [""RNA"", ""miRNA"", ""mRNA""]","[""RNA""]","[""RNA"", ""miRNA"", ""mRNA""]"
"32599279","[""CT"", ""MRI""], [""Image""]","[""CT"", ""MRI""]","[""Image""]"
"32599552","[""Arterial Spin Labelling (ASL)"", ""Blood Oxygen Level Dependent (BOLD)""], [""Arterial Spin Labelled fMRI"", ""Blood Oxygen Level Dependent (BOLD) fMRI""]","[""Arterial Spin Labelling (ASL)"", ""Blood Oxygen Level Dependent (BOLD)""]","[""Arterial Spin Labelled fMRI"", ""Blood Oxygen Level Dependent (BOLD) fMRI""]"
"32601678","[""upper limb motor recovery""], [""Upper limb motor recovery""]","[""upper limb motor recovery""]","[""Upper limb motor recovery""]"
"32602222","[""US""], [""Image"", ""Text""]","[""US""]","[""Image"", ""Text""]"
"32604080","[""Computed Tomography (CT)""], [""CT scans""]","[""Computed Tomography (CT)""]","[""CT scans""]"
"32605433","[""Electromyography""], [""Electromyography""]","[""Electromyography""]","[""Electromyography""]"
"32610095","[""Metagenomics"", ""Metabolomics""], [""stool microbiomes"", ""serum albumin levels"", ""age""]","[""Metagenomics"", ""Metabolomics""]","[""stool microbiomes"", ""serum albumin levels"", ""age""]"
"32611681","[""RNA""], [""RNA sequencing""]","[""RNA""]","[""RNA sequencing""]"
"32614505","[""T1-weighted magnetic resonance imaging (MRI)""], [""T1-weighted MRI images""]","[""T1-weighted magnetic resonance imaging (MRI)""]","[""T1-weighted MRI images""]"
"32615979","[""Robot-based"", null], [""motor"", ""sensory"", ""cognitive""]","[""Robot-based"", null]","[""motor"", ""sensory"", ""cognitive""]"
"32616912","[""Computed Tomography""], [""Textural analyses""]","[""Computed Tomography""]","[""Textural analyses""]"
"32617525",NULL,NULL,NULL
"32622121","[""CT scans"", ""dosimetry data""], [""Imaging data (CT scans), Dosimetry data""]","[""CT scans"", ""dosimetry data""]","[""Imaging data (CT scans), Dosimetry data""]"
"32623366","[""accelerometry""], [""9-axis inertial sensor data""]","[""accelerometry""]","[""9-axis inertial sensor data""]"
"32627049","[""CT""], [""CT""]","[""CT""]","[""CT""]"
"32634140","[""Digital adherence monitoring"", ""Unmanned aerial vehicles (drones)""], [""Drones"", ""Digital Adherence Monitoring Technologies""]","[""Digital adherence monitoring"", ""Unmanned aerial vehicles (drones)""]","[""Drones"", ""Digital Adherence Monitoring Technologies""]"
"32635216","[""PET/CT""], [""PET"", ""CT""]","[""PET/CT""]","[""PET"", ""CT""]"
"32636008","[""Electromyography""], [""Muscle activity"", ""Wrist movement""]","[""Electromyography""]","[""Muscle activity"", ""Wrist movement""]"
"32636768","[""Cognitive and mood measures"", ""Neuropsychological measures""], [""Cognitive, mood, social cognition""]","[""Cognitive and mood measures"", ""Neuropsychological measures""]","[""Cognitive, mood, social cognition""]"
"32637418",NULL,NULL,NULL
"32640028",NULL,NULL,"[""Gram-negative bacteria""]"
"32641740","[""Inertial Measurement Units""], [""IMUs""]","[""Inertial Measurement Units""]","[""IMUs""]"
"32645927","[""Plasma"", ""Urine""], [""plasma"", ""urine""]","[""Plasma"", ""Urine""]","[""plasma"", ""urine""]"
"32646685","[""Ultrasound""], [""ultrasound""]","[""Ultrasound""]","[""ultrasound""]"
"32649890","[""CT scans""], [""3D_image_data"", ""Anatomical_features""]","[""CT scans""]","[""3D_image_data"", ""Anatomical_features""]"
"32650152","[""EEG""], [""Electroencephalogram""]","[""EEG""]","[""Electroencephalogram""]"
"32651401",NULL,NULL,"[""temporal data"", ""physiological signals""]"
"32655572","[""MHC-associated peptide proteomics""], [""MHC-associated peptide proteomics (MAPPs) assays""]","[""MHC-associated peptide proteomics""]","[""MHC-associated peptide proteomics (MAPPs) assays""]"
"32658741","[""Ultrasound""], [""Ultrasound""]","[""Ultrasound""]","[""Ultrasound""]"
"32662055","[""CT""], [""Dynamic CT angiography""]","[""CT""]","[""Dynamic CT angiography""]"
"32664955","[""Visual"", ""Motor""], [""Visual"", ""Haptic""]","[""Visual"", ""Motor""]","[""Visual"", ""Haptic""]"
"32670113","[""Functional MRI"", ""Structural MRI""], [""functional MRI (fMRI)""]","[""Functional MRI"", ""Structural MRI""]","[""functional MRI (fMRI)""]"
"32672513","[""Motor and sensory impairments""], [""motor"", ""sensory""]","[""Motor and sensory impairments""]","[""motor"", ""sensory""]"
"32673230","[""Text""], {""text"": null}","[""Text""]","{""text"": null}"
"32674043","[""PET""], [""PET""]","[""PET""]","[""PET""]"
"32678722","[], [""Image"", ""Text""]","[]","[""Image"", ""Text""]"
"32681101",NULL,NULL,"[""cognitive function"", ""neural organisation""]"
"32682223","[""Neural recordings"", ""Robotics""], [""Intracortical neural recordings""]","[""Neural recordings"", ""Robotics""]","[""Intracortical neural recordings""]"
"32682719",NULL,"[""Imaging"", ""Cardiology""]",NULL
"32686118","[""Imaging"", ""Pathology""], [""Image""]","[""Imaging"", ""Pathology""]","[""Image""]"
"32686236","[""selfie pictures""], [""Image"", ""Text""]","[""selfie pictures""]","[""Image"", ""Text""]"
"32686506",NULL,NULL,NULL
"32686681",NULL,NULL,"[""speech""]"
"32687564",NULL,NULL,NULL
"32688049","[""MRI""], MRI","[""MRI""]","MRI"
"32688204","[""reconstruction""], [""Image"", ""Text""]","[""reconstruction""]","[""Image"", ""Text""]"
"32696007","[""blood""], [""immunoassays"", ""machine learning""]","[""blood""]","[""immunoassays"", ""machine learning""]"
"32701148","[""Laboratory""], [""text"", ""image""]","[""Laboratory""]","[""text"", ""image""]"
"32701655","[""Diffusion tensor imaging"", ""Tractography""], [""Diffusion tensor imaging"", ""Gaussian process classification""]","[""Diffusion tensor imaging"", ""Tractography""]","[""Diffusion tensor imaging"", ""Gaussian process classification""]"
"32703973","[""Computed Tomography"", ""Positron Emission Tomography""], [""Computed Tomography"", ""Positron Emission Tomography""]","[""Computed Tomography"", ""Positron Emission Tomography""]","[""Computed Tomography"", ""Positron Emission Tomography""]"
"32704450","[], [""Text""]","[]","[""Text""]"
"32710834",NULL,NULL,"[{""ForeName"": ""Jaewoo"", ""Initials"": ""J"", ""LastName"": ""Kang""}, {""ForeName"": ""Yuanfang"", ""Initials"": ""Y"", ""LastName"": ""Guan""}]"
"32715024","[""Histopathology""], [""histological"", ""radiological""]","[""Histopathology""]","[""histological"", ""radiological""]"
"32716959","[""Ultrasound""], [""Text Data"", ""Image Data""]","[""Ultrasound""]","[""Text Data"", ""Image Data""]"
"32719123",NULL,NULL,NULL
"32719375",NULL,NULL,"[{""Department of Anesthesiology, Perioperative and Pain Medicine, Stanford University, Stanford, USA"": [""Audio"", ""Text""]}, {""Department of Pediatrics, Stanford University, Stanford, USA"": [""Video"", ""Image""]}]"
"32720232","[""None""], [""Psychiatry"", ""Medicine""]","[""None""]","[""Psychiatry"", ""Medicine""]"
"32720647","[""GPS""], [""GPS data""]","[""GPS""]","[""GPS data""]"
"32732917","[""transcriptome"", ""brain imaging""], [""Image"", ""Text""]","[""transcriptome"", ""brain imaging""]","[""Image"", ""Text""]"
"32732967","[""Questionnaire"", ""Observation Schedule""], [""social"", ""communication""]","[""Questionnaire"", ""Observation Schedule""]","[""social"", ""communication""]"
"32734760","[""Text""], [{""modality"": """"}]","[""Text""]","[{""modality"": """"}]"
"32740935","[""IMAGE""], [""Image acquisition""]","[""IMAGE""]","[""Image acquisition""]"
"32743554","[""miRNA""], [""miRNA"", ""microRNA""]","[""miRNA""]","[""miRNA"", ""microRNA""]"
"32746967","[""fMRI"", ""BOLD""], [{""Tags"": [""fMRI BOLD signal""], ""Modality"": ""fMRI""}, {""Tags"": [""Hurts exponent (H) model""], ""Modality"": ""Computational modeling""}]","[""fMRI"", ""BOLD""]","[{""Tags"": [""fMRI BOLD signal""], ""Modality"": ""fMRI""}, {""Tags"": [""Hurts exponent (H) model""], ""Modality"": ""Computational modeling""}]"
"32749585","[""MRI"", ""CT""], [""MRI"", ""CT""]","[""MRI"", ""CT""]","[""MRI"", ""CT""]"
"32750012","[""Text""], [""text""]","[""Text""]","[""text""]"
"32754898","[""Biochemical"", ""Immune""], [{""tags"": [""research articles""], ""modality_name"": ""Text data""}, {""tags"": [], ""modality_name"": ""Image data""}]","[""Biochemical"", ""Immune""]","[{""tags"": [""research articles""], ""modality_name"": ""Text data""}, {""tags"": [], ""modality_name"": ""Image data""}]"
"32758450",NULL,NULL,NULL
"34010050",NULL,NULL,"[""text"", null]"
"32758649","[""Magnetic Resonance Imaging"", ""Ultraviolet Fluorescence"", ""Ultrasonography""], [""magnetic resonance imaging"", ""ultraviolet fluorescence""]","[""Magnetic Resonance Imaging"", ""Ultraviolet Fluorescence"", ""Ultrasonography""]","[""magnetic resonance imaging"", ""ultraviolet fluorescence""]"
"32761917","[""Computed Tomography (CT)""], [""CT scans""]","[""Computed Tomography (CT)""]","[""CT scans""]"
"32767763","[""Imaging"", ""Electroencephalography"", ""Pathology"", ""Digital technologies""], [{""modality_name"": ""EEG"", ""used_in_paper"": true}, {""modality_name"": ""MRI"", ""used_in_paper"": true}]","[""Imaging"", ""Electroencephalography"", ""Pathology"", ""Digital technologies""]","[{""modality_name"": ""EEG"", ""used_in_paper"": true}, {""modality_name"": ""MRI"", ""used_in_paper"": true}]"
"32770269","[""Audio""], [""Audio""]","[""Audio""]","[""Audio""]"
"32770817","[""Age"", ""General adiposity (BMI)"", ""Visceral adiposity (Waist-to-Height Ratio, a Body Shape Index)"", ""Vital signs (systolic blood pressure, diastolic blood pressure, pulse)""], [""vital signs"", ""adiposity indexes""]","[""Age"", ""General adiposity (BMI)"", ""Visceral adiposity (Waist-to-Height Ratio, a Body Shape Index)"", ""Vital signs (systolic blood pressure, diastolic blood pressure, pulse)""]","[""vital signs"", ""adiposity indexes""]"
"32771618","[""fMRI"", ""task-activation""], [""fMRI"", ""task-activation""]","[""fMRI"", ""task-activation""]","[""fMRI"", ""task-activation""]"
"32771686","[""Electronic medical record data""], [""Medical records""]","[""Electronic medical record data""]","[""Medical records""]"
"32775335",NULL,NULL,"health care systems, cancer, antimicrobial resistance, primary care"
"32776345","[""Text""], [""Text"", ""Numeric""]","[""Text""]","[""Text"", ""Numeric""]"
"32797086","[""intraductal""], [""text""]","[""intraductal""]","[""text""]"
"32803448","[""Breathing Sounds""], [""Breathing sounds""]","[""Breathing Sounds""]","[""Breathing sounds""]"
"32809874","[""Biomarkers"", ""Inflammatory biomarkers""], [""Text""]","[""Biomarkers"", ""Inflammatory biomarkers""]","[""Text""]"
"32816765","[""MRI"", ""CT Scan""], [""image"", ""text""]","[""MRI"", ""CT Scan""]","[""image"", ""text""]"
"32818081","[""Optical Coherence Tomography Angiography"", ""Image""], [""Image"", ""Enface images""]","[""Optical Coherence Tomography Angiography"", ""Image""]","[""Image"", ""Enface images""]"
"32819467","[""ECG"", ""Clinical features""], [""ECG""]","[""ECG"", ""Clinical features""]","[""ECG""]"
"32819981","[""Text""], [""text messaging""]","[""Text""]","[""text messaging""]"
"32823970","[""2D descriptors""], [""2D descriptors""]","[""2D descriptors""]","[""2D descriptors""]"
"32826891","[null], []","[null]","[]"
"32832912","[""Routine clinical data""], [""text"", ""machine learning""]","[""Routine clinical data""]","[""text"", ""machine learning""]"
"32833747",NULL,NULL,"[]"
"32834174",NULL,NULL,"[""Text""]"
"32834831","[""Wearable sensors""], [""symptoms""]","[""Wearable sensors""]","[""symptoms""]"
"32840766","[""Blood biochemistry (CBC, LFTs, RFTs) results"", ""Clinical variables""], [""Text"", ""Table""]","[""Blood biochemistry (CBC, LFTs, RFTs) results"", ""Clinical variables""]","[""Text"", ""Table""]"
"32843633","[""Images"", ""Brain scans""], [""images"", ""text""]","[""Images"", ""Brain scans""]","[""images"", ""text""]"
"32845061","[""Biological"", ""Clinical""], [""text""]","[""Biological"", ""Clinical""]","[""text""]"
"32845249",NULL,NULL,"[""medical imaging"", ""text""]"
"32848533","[""Functional MRI""], [""fMRI""]","[""Functional MRI""]","[""fMRI""]"
"32849918","[""Imaging""], [{""type"": [""MRI""], ""features"": 135}]","[""Imaging""]","[{""type"": [""MRI""], ""features"": 135}]"
"32852320",NULL,NULL,"[""Clinical data"", ""Medical diagnosis""]"
"32853182",NULL,NULL,"[]"
"32854798",NULL,"[""Electronic Health Records"", ""Health Administrative Data""]",NULL
"32855842","[""Retinal OCT-A""], [""retinal imaging"", ""angiography""]","[""Retinal OCT-A""]","[""retinal imaging"", ""angiography""]"
"32859912","[""Whole genomes""], [""Whole genome sequencing""]","[""Whole genomes""]","[""Whole genome sequencing""]"
"32862015","[""Computed Tomography (CT)""], [""Image data"", ""Text data""]","[""Computed Tomography (CT)""]","[""Image data"", ""Text data""]"
"32864270","[""Chest X-ray images""], [""X-ray""]","[""Chest X-ray images""]","[""X-ray""]"
"32864596","[""Computed Tomography (CT)"", ""Clinical Information""], [""CT"", null]","[""Computed Tomography (CT)"", ""Clinical Information""]","[""CT"", null]"
"32880697","[""Medical Imaging""], [{""Modality"": ""Images""}, {""Modality"": ""Clinical data""}]","[""Medical Imaging""]","[{""Modality"": ""Images""}, {""Modality"": ""Clinical data""}]"
"32887670",NULL,NULL,"[]"
"32888727",NULL,NULL,"[{""Modality"": ""Force""}, {""Modality"": ""Torque""}]"
"32900610","[""Vision"", ""Gait""], [""Vision-based markerless motion capture""]","[""Vision"", ""Gait""]","[""Vision-based markerless motion capture""]"
"32903670","[""Visual"", ""Audio""], [{""Modality"": ""Spatial presence""}, {""Modality"": ""Engagement""}]","[""Visual"", ""Audio""]","[{""Modality"": ""Spatial presence""}, {""Modality"": ""Engagement""}]"
"32904064","[""Proteomics"", ""Blood sample""], [""Protein""]","[""Proteomics"", ""Blood sample""]","[""Protein""]"
"32908645",NULL,NULL,NULL
"32915810","[""Respiratory inductance plethysmography""], [""Respiratory signals""]","[""Respiratory inductance plethysmography""]","[""Respiratory signals""]"
"32919184","[""Anthropometric parameters"", ""Surgical data""], [""anthropometric parameters"", ""machine-learning models""]","[""Anthropometric parameters"", ""Surgical data""]","[""anthropometric parameters"", ""machine-learning models""]"
"32920800","[""physical"", ""motion analysis""], [""Physical"", ""Motion""]","[""physical"", ""motion analysis""]","[""Physical"", ""Motion""]"
"32927257","[""3-D""], [""Computed Tomography"", ""Magnetic Resonance Imaging""]","[""3-D""]","[""Computed Tomography"", ""Magnetic Resonance Imaging""]"
"32928593","[""Wearable sensors""], [""Walking test""]","[""Wearable sensors""]","[""Walking test""]"
"32935059","[""Electronic Medical Record (EMR)""], [""electronic medical record database"", ""Rockwood Clinical Frailty scale""]","[""Electronic Medical Record (EMR)""]","[""electronic medical record database"", ""Rockwood Clinical Frailty scale""]"
"32936770",NULL,NULL,NULL
"32938996",NULL,NULL,"[""Electromagnetic fields"", ""Glucose samples""]"
"32941770","[""MRI""], [""MR-dynamic contrast-enhanced perfusion""]","[""MRI""]","[""MR-dynamic contrast-enhanced perfusion""]"
"32943286","[""lung transplant biopsies"", ""microarrays"", ""machine learning""], [""biopsy""]","[""lung transplant biopsies"", ""microarrays"", ""machine learning""]","[""biopsy""]"
"32943654","[""CT""], [""CT""]","[""CT""]","[""CT""]"
"32945910","[""Anatomical""], [""cortical thickness""]","[""Anatomical""]","[""cortical thickness""]"
"32955669","[""PET""], [""image""]","[""PET""]","[""image""]"
"32957946",NULL,NULL,"[]"
"32958802","[""Computational"", ""Mathematical""], [""inhibitory and excitatory populations""]","[""Computational"", ""Mathematical""]","[""inhibitory and excitatory populations""]"
"32960180","[""CGM devices"", ""user input""], [""Continous glucose monitoring"", ""User interaction""]","[""CGM devices"", ""user input""]","[""Continous glucose monitoring"", ""User interaction""]"
"32962272","[""Text""], [""Text""]","[""Text""]","[""Text""]"
"32971358","[""video""], [""Video""]","[""video""]","[""Video""]"
"32972660","[""Sensors""], [{""Text"": ""sensor data, knowledge-based models and tools""}]","[""Sensors""]","[{""Text"": ""sensor data, knowledge-based models and tools""}]"
"32975523",NULL,NULL,"{""Modality"": [{""Type"": ""Health-related features""}, {""Type"": ""Mortality Prediction""}]}"
"32978299","[""DNA sequence"", ""Chromatin accessibility""], [""DNA sequence"", ""Chromatin accessibility""]","[""DNA sequence"", ""Chromatin accessibility""]","[""DNA sequence"", ""Chromatin accessibility""]"
"32982920","[""Multi-phase CT Angiography""], [""CT Angiography""]","[""Multi-phase CT Angiography""]","[""CT Angiography""]"
"32987299","[""MRI""], [""MRI"", ""T1-weighted MRI and FLAIR""]","[""MRI""]","[""MRI"", ""T1-weighted MRI and FLAIR""]"
"32991907","[""Images""], [""images""]","[""Images""]","[""images""]"
"32992069","[""speech""], [""Language"", ""Spontaneous monologues""]","[""speech""]","[""Language"", ""Spontaneous monologues""]"
"32997560","[""Computed Tomography"", ""Radiological images""], [""Computed Tomography (CT)""]","[""Computed Tomography"", ""Radiological images""]","[""Computed Tomography (CT)""]"
"33002841","[""ECG""], [""ECG""]","[""ECG""]","[""ECG""]"
"33003163","[""Histologic"", ""Endoscopic""], [""Clinical"", ""Endoscopic"", ""Radiologic"", ""Histologic""]","[""Histologic"", ""Endoscopic""]","[""Clinical"", ""Endoscopic"", ""Radiologic"", ""Histologic""]"
"33003524","[""Capillary blood glucose measurements"", ""Glucose sensor data""], [""text""]","[""Capillary blood glucose measurements"", ""Glucose sensor data""]","[""text""]"
"33005028","[""Brain imaging""], [{""images"": []}, {""text"": []}]","[""Brain imaging""]","[{""images"": []}, {""text"": []}]"
"33028696",NULL,NULL,NULL
"33032774",NULL,NULL,NULL
"33033241","[""Structural neuroimaging""], [{""count"": 2, ""modality"": ""image""}, {""count"": 3, ""modality"": ""text""}]","[""Structural neuroimaging""]","[{""count"": 2, ""modality"": ""image""}, {""count"": 3, ""modality"": ""text""}]"
"33033492","[""Gene Expression""], [""gene expression""]","[""Gene Expression""]","[""gene expression""]"
"33037266","[""Image""], [{""value"": null}]","[""Image""]","[{""value"": null}]"
"33038139","[""Clinical""], [""Image"", ""Text""]","[""Clinical""]","[""Image"", ""Text""]"
"33042905",NULL,NULL,"[""Survey"", ""Questionnaire""]"
"33044396","[""Functional brain networks""], [""MRI""]","[""Functional brain networks""]","[""MRI""]"
"33051513","[""sex"", ""age"", ""septic episode number""], [{""modality"": ""text""}]","[""sex"", ""age"", ""septic episode number""]","[{""modality"": ""text""}]"
"33066454","[""brain image""], [""Brain Images"", ""Deep Learning""]","[""brain image""]","[""Brain Images"", ""Deep Learning""]"
"33057217",NULL,NULL,"[{""value"": null}, {""value"": ""text""}, {""value"": ""image""}, {""value"": ""video""}, {""value"": null}, {""value"": ""audio""}, {""value"": null}]"
"33057876","[""fMRI""], images","[""fMRI""]","images"
"33059718",NULL,"[""RNA-Seq""]",NULL
"33064342",NULL,NULL,NULL
"33067468","[""physiological"", ""behavioral""], [""wristband"", ""biometrics-tracking garment"", ""smartphone"", ""audio-feature recorder""]","[""physiological"", ""behavioral""]","[""wristband"", ""biometrics-tracking garment"", ""smartphone"", ""audio-feature recorder""]"
"33068438","[""Sperm-specific chromatin immunoprecipitation""], [""ChIP-seq""]","[""Sperm-specific chromatin immunoprecipitation""]","[""ChIP-seq""]"
"33068873","[""Medical Imaging""], [""MRI""]","[""Medical Imaging""]","[""MRI""]"
"33070051","[""cardiac MRI""], [""MRI"", ""Image""]","[""cardiac MRI""]","[""MRI"", ""Image""]"
"33071806","[""Images""], [""Immunofluorescence (IF) images of CD8[+] T lymphocytes""]","[""Images""]","[""Immunofluorescence (IF) images of CD8[+] T lymphocytes""]"
"33074746","[""Brain fMRI images""], [""Brain fMRI images""]","[""Brain fMRI images""]","[""Brain fMRI images""]"
"33104825",NULL,"[""Surgical""]",NULL
"33075640","[""Image""], [""MRI""]","[""Image""]","[""MRI""]"
"33075658","[""PET"", ""CT""], [""PET"", ""CT""]","[""PET"", ""CT""]","[""PET"", ""CT""]"
"33082371","[""CT scans"", ""MRI""], [""CT scan images"", ""patient information""]","[""CT scans"", ""MRI""]","[""CT scan images"", ""patient information""]"
"33094925","[""Electrocardiography"", ""Echocardiography"", ""Blood inflammatory marker""], [""atrial and ventricular measurements from electrocardiography"", ""echocardiography"", ""blood inflammatory marker [neutrophil-to-lymphocyte ratio (NLR)]"", ""prognostic nutritional index (PNI)""]","[""Electrocardiography"", ""Echocardiography"", ""Blood inflammatory marker""]","[""atrial and ventricular measurements from electrocardiography"", ""echocardiography"", ""blood inflammatory marker [neutrophil-to-lymphocyte ratio (NLR)]"", ""prognostic nutritional index (PNI)""]"
"33105255","[""Hearing""], [""Audio"", ""Text""]","[""Hearing""]","[""Audio"", ""Text""]"
"33112249","[""image recognition"", ""food identification""], [""Image Recognition""]","[""image recognition"", ""food identification""]","[""Image Recognition""]"
"33113221","[""Medical""], [""None""]","[""Medical""]","[""None""]"
"33116187","[""EEG""], [""EEG"", ""Accelerometer"", ""Gyroscope""]","[""EEG""]","[""EEG"", ""Accelerometer"", ""Gyroscope""]"
"33117612","[""Fundus photography"", ""Optical coherence tomography (OCT) imaging"", ""Visual field (VF) testing""], [""Fundus photography"", ""Optical Coherence Tomography (OCT) imaging"", ""Visual field testing""]","[""Fundus photography"", ""Optical coherence tomography (OCT) imaging"", ""Visual field (VF) testing""]","[""Fundus photography"", ""Optical Coherence Tomography (OCT) imaging"", ""Visual field testing""]"
"33117714","[""Neuro-oncology"", ""Molecular"", ""Genetic"", ""Imaging""], [""molecular"", ""genetic"", ""imaging""]","[""Neuro-oncology"", ""Molecular"", ""Genetic"", ""Imaging""]","[""molecular"", ""genetic"", ""imaging""]"
"33118957","[""Virtual Reality""], [""images"", ""text_data""]","[""Virtual Reality""]","[""images"", ""text_data""]"
"33122735","[""Text""], Textual data","[""Text""]","Textual data"
"33125268","[], []","[]","[]"
"33131085","[""Native and Contrast-Enhanced T1-Mapping"", ""CINE""], [""Magnetic Resonance"", ""Computed Tomography""]","[""Native and Contrast-Enhanced T1-Mapping"", ""CINE""]","[""Magnetic Resonance"", ""Computed Tomography""]"
"33131680","[""Electrophysiology""], [""Electrophysiology"", ""Imaging""]","[""Electrophysiology""]","[""Electrophysiology"", ""Imaging""]"
"33134953","[""Metabolomics Profiling"", ""Proton nuclear magnetic resonance""], [""Blood samples""]","[""Metabolomics Profiling"", ""Proton nuclear magnetic resonance""]","[""Blood samples""]"
"33135777","[""Genomics""], [""genomics"", ""transcriptomics""]","[""Genomics""]","[""genomics"", ""transcriptomics""]"
"33137396","[""Imaging""], []","[""Imaging""]","[]"
"33142939","[""Thermal""], [""Thermal images""]","[""Thermal""]","[""Thermal images""]"
"33144873","[""Multiparametric MRI"", ""T2-weighted MR images""], [""MRI"", ""Images""]","[""Multiparametric MRI"", ""T2-weighted MR images""]","[""MRI"", ""Images""]"
"33144919","[""Ultrasound""], [""Medical Imaging""]","[""Ultrasound""]","[""Medical Imaging""]"
"33145781","[""Audio""], [""Vocal""]","[""Audio""]","[""Vocal""]"
"33149148","[""Pathology"", ""Transcriptome""], [""images"", ""text""]","[""Pathology"", ""Transcriptome""]","[""images"", ""text""]"
"33151041",NULL,"[""KB slides"", ""Flow cytometry""]",NULL
"33151087","[""CT""], [""CT""]","[""CT""]","[""CT""]"
"33154370","[""Mass Spectrometry""], [""Spectrometry""]","[""Mass Spectrometry""]","[""Spectrometry""]"
"33154417","[""Faecal VOCs""], [""chemical""]","[""Faecal VOCs""]","[""chemical""]"
"33159092","[""Functional magnetic resonance imaging""], [""fMRI""]","[""Functional magnetic resonance imaging""]","[""fMRI""]"
"33161063","[""Parent-report""], [""parent-report data""]","[""Parent-report""]","[""parent-report data""]"
"33161275","[""Acceleration and angular velocity""], [""Accelerometer and gyroscope data""]","[""Acceleration and angular velocity""]","[""Accelerometer and gyroscope data""]"
"33166800","[""Brain networks""], [{""Modality"": ""Image""}]","[""Brain networks""]","[{""Modality"": ""Image""}]"
"33177493","[""immunofluorescence-based phenotypes"", ""single-cell sequencing data""], [""microscopy"", ""sequencing""]","[""immunofluorescence-based phenotypes"", ""single-cell sequencing data""]","[""microscopy"", ""sequencing""]"
"33166947","[""Magnetoencephalography"", ""functional connectome data""], [""Alpha and high gamma bands""]","[""Magnetoencephalography"", ""functional connectome data""]","[""Alpha and high gamma bands""]"
"33167779","[""Electrocardiogram"", ""Cardiovascular""], [""electrocardiogram""]","[""Electrocardiogram"", ""Cardiovascular""]","[""electrocardiogram""]"
"33168895","[""Computed Tomography (CT)""], [""CT scans""]","[""Computed Tomography (CT)""]","[""CT scans""]"
"33168947","[""brain imaging"", ""behavioral""], [""Image""]","[""brain imaging"", ""behavioral""]","[""Image""]"
"33174832","[""Whole-genome sequencing data""], [""text"", ""phylogenetic""]","[""Whole-genome sequencing data""]","[""text"", ""phylogenetic""]"
"33174853","[""Text""], [""text""]","[""Text""]","[""text""]"
"33176582","[""Plasma""], [""Plasma""]","[""Plasma""]","[""Plasma""]"
"33177614","[""Electronic health records""], [""Clinical features"", ""Pre-existing PVR""]","[""Electronic health records""]","[""Clinical features"", ""Pre-existing PVR""]"
"33182258","[""Accelerometer"", ""Gyroscope""], [""Accelerometer"", ""Gyroscope""]","[""Accelerometer"", ""Gyroscope""]","[""Accelerometer"", ""Gyroscope""]"
"33184741","[""Carotid ultrasound imaging"", ""Coronary angiography""], [""ultrasound imaging"", ""angiography""]","[""Carotid ultrasound imaging"", ""Coronary angiography""]","[""ultrasound imaging"", ""angiography""]"
"33187484","[""Blood culture""], [""blood cultures""]","[""Blood culture""]","[""blood cultures""]"
"33190462","[""Clinical""], [""Text""]","[""Clinical""]","[""Text""]"
"33193341","[""RNA-based TaqMan qPCR assays"", ""microarray platform""], Transcriptomic data","[""RNA-based TaqMan qPCR assays"", ""microarray platform""]","Transcriptomic data"
"33194219",NULL,NULL,"[""written responses"", ""comments""]"
"33196188",NULL,"[""Structural data""]",NULL
"33199349","[""counts"", ""event rates""], [""Counts and event rates""]","[""counts"", ""event rates""]","[""Counts and event rates""]"
"33202340","[""Structural T1-weighted MRI scan""], [""MRI""]","[""Structural T1-weighted MRI scan""]","[""MRI""]"
"33205549","[""Demographic"", ""Symptomatic"", ""Clinical""], [""text""]","[""Demographic"", ""Symptomatic"", ""Clinical""]","[""text""]"
"33205591",NULL,NULL,"[{""Modality"": [""Heart Failure""]}]"
"33207017","[""RNA-seq""], [""RNA"", ""Genetics""]","[""RNA-seq""]","[""RNA"", ""Genetics""]"
"33207776","[""Questionnaires""], [""Text""]","[""Questionnaires""]","[""Text""]"
"33211237","[""Echo""], [""Echocardiogram"", ""Video""]","[""Echo""]","[""Echocardiogram"", ""Video""]"
"33216001","[""movement in the house"", ""sleep"", ""physical activity"", ""sedentary behavior""], [""Motion data"", ""Thermometer data""]","[""movement in the house"", ""sleep"", ""physical activity"", ""sedentary behavior""]","[""Motion data"", ""Thermometer data""]"
"33219845","[""Magnetic Resonance Imaging""], [""Image"", ""Signal""]","[""Magnetic Resonance Imaging""]","[""Image"", ""Signal""]"
"33224093","[""Functional MRI"", ""Positron Emission Tomography""], [""FLAIR"", ""PET""]","[""Functional MRI"", ""Positron Emission Tomography""]","[""FLAIR"", ""PET""]"
"33224912","[""Telemedicine""], [""Telemedicine"", ""Healthcare""]","[""Telemedicine""]","[""Telemedicine"", ""Healthcare""]"
"33233605","[""audio"", ""visual""], [""text"", ""audio""]","[""audio"", ""visual""]","[""text"", ""audio""]"
"33240071","[""Medical Imaging""], [""Medical Images""]","[""Medical Imaging""]","[""Medical Images""]"
"33242116","[""fMRI""], [""static"", ""dynamic""]","[""fMRI""]","[""static"", ""dynamic""]"
"33246080","[""Movement"", ""Sensor data""], [""kinematic scores"", ""upper arm kinematic scores""]","[""Movement"", ""Sensor data""]","[""kinematic scores"", ""upper arm kinematic scores""]"
"33247597","[""Magnetic resonance imaging""], [""Magnetic resonance imaging""]","[""Magnetic resonance imaging""]","[""Magnetic resonance imaging""]"
"33260101","[""SPECT images""], [""SPECT"", ""MRI""]","[""SPECT images""]","[""SPECT"", ""MRI""]"
"33260138","[""Magnetic Resonance Imaging (T2-weighted MR images)""], [""Magnetic Resonance Imaging (MRI)""]","[""Magnetic Resonance Imaging (T2-weighted MR images)""]","[""Magnetic Resonance Imaging (MRI)""]"
"33262083","[""Numerical"", ""Statistical""], []","[""Numerical"", ""Statistical""]","[]"
"33264099","[""Natural Body Motion"", ""Natural Voice""], [""Natural body motion"", ""Natural voice""]","[""Natural Body Motion"", ""Natural Voice""]","[""Natural body motion"", ""Natural voice""]"
"33276475","[""Visual""], [""Slip detection"", ""Image data""]","[""Visual""]","[""Slip detection"", ""Image data""]"
"33277724","[""Medical""], [""Text""]","[""Medical""]","[""Text""]"
"33278743",NULL,NULL,"[""Transdiagnostic digital intervention""]"
"33280248",NULL,NULL,"[""text""]"
"33280549","[""Computed Tomography""], [{""modality1"": null}, {""modality2"": null}]","[""Computed Tomography""]","[{""modality1"": null}, {""modality2"": null}]"
"33284647","[""audio"", ""step tracking""], [""Step tracking"", ""Fall detection""]","[""audio"", ""step tracking""]","[""Step tracking"", ""Fall detection""]"
"33285356","[""Intravital Video Microscopy""], [""IVM data""]","[""Intravital Video Microscopy""]","[""IVM data""]"
"33294774",NULL,NULL,"[""X-rays"", ""CT scans""]"
"33285711","[""CT scans""], [""Imaging"", ""Clinical Data""]","[""CT scans""]","[""Imaging"", ""Clinical Data""]"
"33288765","[""genomic""], [""single-sample"", ""multi-region sampling""]","[""genomic""]","[""single-sample"", ""multi-region sampling""]"
"33289519","[""mJOA score""], [""Surgical Intervention"", ""Functional Status""]","[""mJOA score""]","[""Surgical Intervention"", ""Functional Status""]"
"33289613","[""Proton MRI"", ""Helium 3 MRI""], [""Proton MRI"", ""Hyperpolarized helium 3 ([3]He) MRI""]","[""Proton MRI"", ""Helium 3 MRI""]","[""Proton MRI"", ""Hyperpolarized helium 3 ([3]He) MRI""]"
"33289695","[], {""Text"": true}","[]","{""Text"": true}"
"33293364","[""ultrasound"", ""ventilator settings"", ""blood gases""], [""Ultrasound""]","[""ultrasound"", ""ventilator settings"", ""blood gases""]","[""Ultrasound""]"
"33298128",NULL,NULL,NULL
"33304928","[""3D-MDA"", ""Cardiac magnetic resonance (CMR)""], [""Imaging Data"", ""Clinical Characteristics""]","[""3D-MDA"", ""Cardiac magnetic resonance (CMR)""]","[""Imaging Data"", ""Clinical Characteristics""]"
"33310630","[""EEG""], [""face processing"", ""temporal and spatial""]","[""EEG""]","[""face processing"", ""temporal and spatial""]"
"33314695","[""ncRNA""], [""Text"", ""Images""]","[""ncRNA""]","[""Text"", ""Images""]"
"33316095","[""Electronic medical records""], [""Electronic Medical Records""]","[""Electronic medical records""]","[""Electronic Medical Records""]"
"33317634","[""Genomic"", ""Epigenetic""], [{""value"": ""DNA methylation""}]","[""Genomic"", ""Epigenetic""]","[{""value"": ""DNA methylation""}]"
"33324443","[""RNA-Seq""], Gene expression","[""RNA-Seq""]","Gene expression"
"33381838",NULL,"[""Phylogenetically related samples""]",NULL
"33328058","[""CT scans""], [""CT scans"", ""Spirometric data""]","[""CT scans""]","[""CT scans"", ""Spirometric data""]"
"33328086","[""Chest x-ray""], [""chest x-ray""]","[""Chest x-ray""]","[""chest x-ray""]"
"33336385","[""Thermal imaging""], [""infrared thermography""]","[""Thermal imaging""]","[""infrared thermography""]"
"33338982","[""Breast Cytology""], [""Image"", ""Text""]","[""Breast Cytology""]","[""Image"", ""Text""]"
"33420533","[""Functional Magnetic Resonance Imaging (fMRI)""], [""fMRI""]","[""Functional Magnetic Resonance Imaging (fMRI)""]","[""fMRI""]"
"33350595","[""Medical records""], [""ANN""]","[""Medical records""]","[""ANN""]"
"33359305","[""Spectroscopy""], [""Spectra"", ""Images""]","[""Spectroscopy""]","[""Spectra"", ""Images""]"
"33360558","[""electroencephalography""], [""Sleep""]","[""electroencephalography""]","[""Sleep""]"
"33360844","[""Image""], [""image""]","[""Image""]","[""image""]"
"33361262","[""MRI""], [""From the Translational and Clinical Research Institute (N.S.), Faculty of Medical Sciences, and Computational Neuroscience, Neurology, and Psychiatry Lab (N.S., Y.W., N.M.d.S., P.N.T.), Interdisciplinary Computing and Complex BioSystems Group, School of Computing, Newcastle University, Newcastle Upon Tyne; NIHR University College London Hospitals Biomedical Research Centre (Y.W., A.M., A.W.M., J.d.T., S.B.V., G.P.W., J.S.D., P.N.T.), UCL Institute of Neurology, Queen Square; Centre for Medical Image Computing (S.B.V.), University College London; Epilepsy Society MRI Unit (S.B.V., G.P.W., J.S.D), Chalfont St Peter, UK; and Department of Medicine (G.P.W.,), Division of Neurology, Queen's University, Kingston, Ontario, Canada.""]","[""MRI""]","[""From the Translational and Clinical Research Institute (N.S.), Faculty of Medical Sciences, and Computational Neuroscience, Neurology, and Psychiatry Lab (N.S., Y.W., N.M.d.S., P.N.T.), Interdisciplinary Computing and Complex BioSystems Group, School of Computing, Newcastle University, Newcastle Upon Tyne; NIHR University College London Hospitals Biomedical Research Centre (Y.W., A.M., A.W.M., J.d.T., S.B.V., G.P.W., J.S.D., P.N.T.), UCL Institute of Neurology, Queen Square; Centre for Medical Image Computing (S.B.V.), University College London; Epilepsy Society MRI Unit (S.B.V., G.P.W., J.S.D), Chalfont St Peter, UK; and Department of Medicine (G.P.W.,), Division of Neurology, Queen's University, Kingston, Ontario, Canada.""]"
"33368705","[""MRI""], [""MRI"", ""Digital""]","[""MRI""]","[""MRI"", ""Digital""]"
"33370286",NULL,NULL,"[]"
"33376135",NULL,NULL,"[""Transcriptome""]"
"33387276","[""Nomogram""], [""text""]","[""Nomogram""]","[""text""]"
"33388458","[""Image""], [""Image""]","[""Image""]","[""Image""]"
"33390261","[""Numerical rating scale (NRS)"", ""Categorical data (gender, age)""], [""Numerical rating scale"", ""Perioperative i.v. dexamethasone""]","[""Numerical rating scale (NRS)"", ""Categorical data (gender, age)""]","[""Numerical rating scale"", ""Perioperative i.v. dexamethasone""]"
"33391794",NULL,NULL,"[""biomedical"", ""computational""]"
"33392578",NULL,NULL,"[""Imaging"", null]"
"33393055","[""Robot"", ""Visual""], [""kinarm robot"", ""upper limb function""]","[""Robot"", ""Visual""]","[""kinarm robot"", ""upper limb function""]"
"33394116","[""Imaging""], [""MRI""]","[""Imaging""]","[""MRI""]"
"33395976","[""Magnetoencephalography""], [""EEG""]","[""Magnetoencephalography""]","[""EEG""]"
"33395997","[""Functional connectivity"", ""Structural connectivity""], [""fMRI"", ""Structural connectivity""]","[""Functional connectivity"", ""Structural connectivity""]","[""fMRI"", ""Structural connectivity""]"
"33396526","[""Simulation"", ""Machine Learning""], [""Simulation Tool""]","[""Simulation"", ""Machine Learning""]","[""Simulation Tool""]"
"33400140","[""Robot""], [""Robot-based"", ""Traditional assessment""]","[""Robot""]","[""Robot-based"", ""Traditional assessment""]"
"33403948",NULL,NULL,"[""Speech"", ""Text""]"
"33406155","[""Clinical""], [""Medical time series records""]","[""Clinical""]","[""Medical time series records""]"
"33407254",NULL,NULL,NULL
"33407780","[""Text"", ""Image""], []","[""Text"", ""Image""]","[]"
"33408329","[""Functional MRI""], [""medical imaging"", ""neurocognitive information""]","[""Functional MRI""]","[""medical imaging"", ""neurocognitive information""]"
"33410754","[""Text""], [""Text-Based""]","[""Text""]","[""Text-Based""]"
"33418122","[""MRI""], [""MRI"", ""Artificial Brain Tumor Models""]","[""MRI""]","[""MRI"", ""Artificial Brain Tumor Models""]"
"33420416",NULL,NULL,"[{""modality"": ""Images""}, {""modality"": ""Text""}]"
"33422088","[""Text""], {""Text"": true}","[""Text""]","{""Text"": true}"
"33422894","[""Structural magnetic resonance imaging scans""], [""MRI""]","[""Structural magnetic resonance imaging scans""]","[""MRI""]"
"33423132","[""Ultrasound"", ""Grayscale""], [""Ultrasound""]","[""Ultrasound"", ""Grayscale""]","[""Ultrasound""]"
"33425953","[""CT images""], [""image""]","[""CT images""]","[""image""]"
"33429290","[""accelerometer""], [""accelerometer""]","[""accelerometer""]","[""accelerometer""]"
"33430830","[""Structural MRI""], [""Structural MRI""]","[""Structural MRI""]","[""Structural MRI""]"
"33439725","[""Clinical"", ""Pathological""], [""estrogen receptor (ER) status"", ""human epidermal growth factor-2 (HER2) status"", ""Nottingham grade""]","[""Clinical"", ""Pathological""]","[""estrogen receptor (ER) status"", ""human epidermal growth factor-2 (HER2) status"", ""Nottingham grade""]"
"33441847",NULL,NULL,"{""Text"": true, ""Audio"": false, ""Image"": false}"
"33442676",NULL,"[""Medical""]",NULL
"33445089","[""Visual processing"", ""Spatial memory"", ""Attention"", ""Executive function""], [""Cognitive"", ""Visual""]","[""Visual processing"", ""Spatial memory"", ""Attention"", ""Executive function""]","[""Cognitive"", ""Visual""]"
"33445808",NULL,NULL,"[""Motor"", ""Sensory"", ""Autonomic""]"
"33446607","[""Prospectively collected clinical data""], [""Clinical"", ""Lung function""]","[""Prospectively collected clinical data""]","[""Clinical"", ""Lung function""]"
"33446647","[""3 T imaging""], [""brain structural"", ""clinical""]","[""3 T imaging""]","[""brain structural"", ""clinical""]"
"33446815","[""structural co-variation"", ""autoencoder neural networks""], [""Structural"", ""Functional""]","[""structural co-variation"", ""autoencoder neural networks""]","[""Structural"", ""Functional""]"
"33446870","[""CT Images""], [""CT Images""]","[""CT Images""]","[""CT Images""]"
"33447694","[""Plasma NEFAs""], {""chemical composition"": null}","[""Plasma NEFAs""]","{""chemical composition"": null}"
"33450500",NULL,NULL,"[""season (or month)"", ""EDSS score""]"
"33458268","[""Computed Tomography""], [""Computed Tomography""]","[""Computed Tomography""]","[""Computed Tomography""]"
"33472890",NULL,NULL,"{""Text"": null, ""Audio"": null, ""Image"": null}"
"33478563","[""Upper Extremity""], [""Upper extremity"", ""Robotics""]","[""Upper Extremity""]","[""Upper extremity"", ""Robotics""]"
"33480187","[""Neuroimaging""], [{""Voxels in the brain."": [""MRI"", ""Imaging""]}]","[""Neuroimaging""]","[{""Voxels in the brain."": [""MRI"", ""Imaging""]}]"
"33481459","[""Chest Radiographs"", ""Computed Tomography (CT)""], [""Chest CT"", ""Chest Radiograph""]","[""Chest Radiographs"", ""Computed Tomography (CT)""]","[""Chest CT"", ""Chest Radiograph""]"
"33486639","[""Image""], [""image"", ""nuclear features""]","[""Image""]","[""image"", ""nuclear features""]"
"33500958","[""Robotics""], [""Robotics""]","[""Robotics""]","[""Robotics""]"
"33501414",NULL,"[""Biometric Data"", ""Laboratory Analysis""]",NULL
"33504243","[""Medical records""], [""blood levels""]","[""Medical records""]","[""blood levels""]"
"33504254","[""Blood glucose concentration changes""], [""text"", ""numeric""]","[""Blood glucose concentration changes""]","[""text"", ""numeric""]"
"33515058",NULL,"[""Medical""]",NULL
"33515845","[""Electrophysiological testing""], [""electrophysiological testing""]","[""Electrophysiological testing""]","[""electrophysiological testing""]"
"33529665","[""Clinical"", ""Laboratory""], [""ECG"", ""Imaging""]","[""Clinical"", ""Laboratory""]","[""ECG"", ""Imaging""]"
"33531261",NULL,NULL,NULL
"33532625","[""Proton nuclear magnetic resonance spectroscopy""], [""Urine samples""]","[""Proton nuclear magnetic resonance spectroscopy""]","[""Urine samples""]"
"33533050","[""PET"", ""4D PET""], [""Dynamic PET imaging""]","[""PET"", ""4D PET""]","[""Dynamic PET imaging""]"
"33534111","[""Histological breast cancer features""], [""histological"", ""machine learning""]","[""Histological breast cancer features""]","[""histological"", ""machine learning""]"
"33538696","[""Vital signs""], [""vital signs""]","[""Vital signs""]","[""vital signs""]"
"33539251","[""Radiological"", ""Chemical""], [""text"", ""affiliations""]","[""Radiological"", ""Chemical""]","[""text"", ""affiliations""]"
"33539714","[""Assessments"", ""Bowel movements""], [""Observations from a medical device"", ""Measurements from manual tracking""]","[""Assessments"", ""Bowel movements""]","[""Observations from a medical device"", ""Measurements from manual tracking""]"
"33549146",NULL,"[""Fecal microbiota composition""]",NULL
"33550508","[""OCT-A"", ""Imaging""], [""Image""]","[""OCT-A"", ""Imaging""]","[""Image""]"
"33553523","[""Movement patterns""], [""Image"", ""Video""]","[""Movement patterns""]","[""Image"", ""Video""]"
"33554457","[""Facial features""], [""Image""]","[""Facial features""]","[""Image""]"
"33557612","[""Magnetic Resonance Imaging""], [{""modality"": ""MRI""}]","[""Magnetic Resonance Imaging""]","[{""modality"": ""MRI""}]"
"33558044",NULL,NULL,"{""#text"": [""self-reported measures""], ""$type"": ""array""}"
"33559004","[""2D images""], [""image""]","[""2D images""]","[""image""]"
"33564942",NULL,NULL,"[""Text"", ""Image""]"
"33576323","[""Histopathology""], [""Images""]","[""Histopathology""]","[""Images""]"
"33577203","[""text""], [""text""]","[""text""]","[""text""]"
"33577219","[""Audiology""], [""Audiology-Only Predictors"", ""All Predictors""]","[""Audiology""]","[""Audiology-Only Predictors"", ""All Predictors""]"
"33579858","[""Neuroimaging""], [""FDG-PET""]","[""Neuroimaging""]","[""FDG-PET""]"
"33580109",NULL,NULL,"[""administrative data""]"
"33581336","[""Whole-exome Sequencing Data""], [""Genomics"", ""Oncology""]","[""Whole-exome Sequencing Data""]","[""Genomics"", ""Oncology""]"
"33582272","[""fMRI""], [""brain activity"", ""cognitive states""]","[""fMRI""]","[""brain activity"", ""cognitive states""]"
"33599043","[""1.5T"", ""Inversion-recovery segmented gradient-echo"", ""Balanced steady-state free-precession""], [""MRI"", ""cine sequences""]","[""1.5T"", ""Inversion-recovery segmented gradient-echo"", ""Balanced steady-state free-precession""]","[""MRI"", ""cine sequences""]"
"33601012","[""surgical data""], {""spine_surgery_cases"": true}","[""surgical data""]","{""spine_surgery_cases"": true}"
"33602921",NULL,NULL,"[]"
"33610035","[""PPG"", ""OVG""], [""PPG"", ""OVG""]","[""PPG"", ""OVG""]","[""PPG"", ""OVG""]"
"33611042","[""Fluid Dynamics"", ""Thermal Engineering"", ""Multiphase Flow""], [""Fluid Dynamics"", ""Artificial Intelligence""]","[""Fluid Dynamics"", ""Thermal Engineering"", ""Multiphase Flow""]","[""Fluid Dynamics"", ""Artificial Intelligence""]"
"33617523","[""Three-Dimensional (3D) image data""], [""image""]","[""Three-Dimensional (3D) image data""]","[""image""]"
"33622655","[""Magnetic Resonance Imaging"", ""Diffusion Tensor Imaging"", ""Functional Magnetic Resonance Imaging""], [""Imaging""]","[""Magnetic Resonance Imaging"", ""Diffusion Tensor Imaging"", ""Functional Magnetic Resonance Imaging""]","[""Imaging""]"
"33628435","[""Genomic"", ""Clinical""], [""clinical"", ""genomic""]","[""Genomic"", ""Clinical""]","[""clinical"", ""genomic""]"
"33631293","[""Linear regression"", ""Neural network models""], [""Time""]","[""Linear regression"", ""Neural network models""]","[""Time""]"
"33634751",NULL,NULL,"[{""count"": 2, ""value"": ""Image""}, {""count"": 1, ""value"": ""Text""}, {""count"": 0, ""value"": ""Audio""}, {""count"": 0, ""value"": ""Video""}]"
"33638031","[""ECG""], ECG","[""ECG""]","ECG"
"33639645","[""Height"", ""Weight"", ""Body Mass Index"", ""Age"", ""Gender"", ""Systolic blood pressure"", ""Diastolic blood pressure"", ""Mean arterial pressure"", ""Pulse pressure"", ""Pulse""], [""Physiological signals"", ""Demographics""]","[""Height"", ""Weight"", ""Body Mass Index"", ""Age"", ""Gender"", ""Systolic blood pressure"", ""Diastolic blood pressure"", ""Mean arterial pressure"", ""Pulse pressure"", ""Pulse""]","[""Physiological signals"", ""Demographics""]"
"33640674","[""Positron emission tomography"", ""Fluorodeoxyglucose""], [""fluorodeoxyglucose positron emission tomography imaging""]","[""Positron emission tomography"", ""Fluorodeoxyglucose""]","[""fluorodeoxyglucose positron emission tomography imaging""]"
"33643910","[""PSA level"", ""Gleason grade"", ""T stage""], [""PSA level"", ""Gleason grade"", ""T stage""]","[""PSA level"", ""Gleason grade"", ""T stage""]","[""PSA level"", ""Gleason grade"", ""T stage""]"
"33644412","[""Public sector health data""], [""Text"", ""Structured Data""]","[""Public sector health data""]","[""Text"", ""Structured Data""]"
"33645908","[""Blood"", ""Brain""], [""mRNA"", ""gene_expression""]","[""Blood"", ""Brain""]","[""mRNA"", ""gene_expression""]"
"33649398","[""Imaging"", ""Genomics""], [""MRI"", ""CT scan""]","[""Imaging"", ""Genomics""]","[""MRI"", ""CT scan""]"
"33650265","[""Urology"", ""Reproducive Health""], Imaging","[""Urology"", ""Reproducive Health""]","Imaging"
"33651938",NULL,"[""Mass Spectrometry Imaging""]",NULL
"33655433",NULL,NULL,NULL
"33657184","[""Clinical Notes"", ""Radiology""], [""Text"", ""Radiology""]","[""Clinical Notes"", ""Radiology""]","[""Text"", ""Radiology""]"
"33658605",NULL,NULL,"[{""modality"": ""text""}, {""modality"": ""video""}, {""modality"": ""audio""}, {""modality"": ""image""}, {""modality"": null}]"
"33672259","[""MR imaging""], [""MRI""]","[""MR imaging""]","[""MRI""]"
"33677098",NULL,"[""Text"", ""Numerical""]",NULL
"33683608",NULL,NULL,"{""text"": null, ""multimedia"": null}"
"33691201","[""Medical imaging""], [""electronic health records"", ""medical images""]","[""Medical imaging""]","[""electronic health records"", ""medical images""]"
"33692779","[""Peripheral blood cells"", ""Clinical data""], [""Gene expression"", ""Clinical data""]","[""Peripheral blood cells"", ""Clinical data""]","[""Gene expression"", ""Clinical data""]"
"33704076","[""Inertial sensor data""], [""Inertial sensor data"", ""Physiotherapy exercises""]","[""Inertial sensor data""]","[""Inertial sensor data"", ""Physiotherapy exercises""]"
"33705439","[""Self-report""], [""Subjective fear of the virus"", ""Perceived health""]","[""Self-report""]","[""Subjective fear of the virus"", ""Perceived health""]"
"33707478","[""Biomedical""], []","[""Biomedical""]","[]"
"33710292","[""Text""], [""text""]","[""Text""]","[""text""]"
"33711482","[""MRI""], [""MRI"", ""Behavioral data""]","[""MRI""]","[""MRI"", ""Behavioral data""]"
"33716814","[""Magnetic Resonance Imaging""], [""Gray matter-segmented"", ""White matter-segmented""]","[""Magnetic Resonance Imaging""]","[""Gray matter-segmented"", ""White matter-segmented""]"
"33717471","[""Magnetic resonance imaging"", ""Cine three-chamber plane""], [""Imaging""]","[""Magnetic resonance imaging"", ""Cine three-chamber plane""]","[""Imaging""]"
"33723044",NULL,NULL,"[""Text""]"
"33726819",NULL,NULL,"[""Text"", ""Image""]"
"33730576","[""Clinical"", ""Genomic""], [""images"", ""text""]","[""Clinical"", ""Genomic""]","[""images"", ""text""]"
"33731738","[""Ultrasound""], [""Ultrasound""]","[""Ultrasound""]","[""Ultrasound""]"
"33733120","[""Clinical"", ""Demographic""], [""Image"", ""Text""]","[""Clinical"", ""Demographic""]","[""Image"", ""Text""]"
"33739635","[""Computed Tomography""], [""Image""]","[""Computed Tomography""]","[""Image""]"
"33743572","[""Serum miRNA levels"", ""Urine metabolite concentrations""], [""serum microRNAs"", ""urine metabolites""]","[""Serum miRNA levels"", ""Urine metabolite concentrations""]","[""serum microRNAs"", ""urine metabolites""]"
"33747150","[""Serum levels"", ""X-rays"", ""Magnetic Resonance Imaging""], [""Adipokines"", ""Inflammatory factors""]","[""Serum levels"", ""X-rays"", ""Magnetic Resonance Imaging""]","[""Adipokines"", ""Inflammatory factors""]"
"33749148",NULL,"[""Radiographs"", ""Magnetic Resonance Imaging""]",NULL
"33750311","[""Height"", ""Weight"", ""Calculated Body Mass Index"", ""Age"", ""Race/Ethnicity"", ""Sex""], [""Height"", ""Weight"", ""Age"", ""Sex""]","[""Height"", ""Weight"", ""Calculated Body Mass Index"", ""Age"", ""Race/Ethnicity"", ""Sex""]","[""Height"", ""Weight"", ""Age"", ""Sex""]"
"33753252","[""Patch testing""], [""skin images"", ""patient information""]","[""Patch testing""]","[""skin images"", ""patient information""]"
"33753312",NULL,NULL,"[]"
"33755393","[""genomic data"", ""clinical data""], [""hematology"", ""laboratory medicine"", ""pathobiology""]","[""genomic data"", ""clinical data""]","[""hematology"", ""laboratory medicine"", ""pathobiology""]"
"33756222","[""Computed Tomography (CT)""], [""two-dimensional"", ""three-dimensional""]","[""Computed Tomography (CT)""]","[""two-dimensional"", ""three-dimensional""]"
"33760390","[""Gait data"", ""In vivo knee loads""], [""biomechanical data"", ""magnetic resonance imaging""]","[""Gait data"", ""In vivo knee loads""]","[""biomechanical data"", ""magnetic resonance imaging""]"
"33761938","[""Radiation Medicine"", ""Personal Health Information (PHI)""], [""Text"", ""Survey""]","[""Radiation Medicine"", ""Personal Health Information (PHI)""]","[""Text"", ""Survey""]"
"33762385","[""Acute Stroke"", ""Medical Imaging""], [""age"", ""gender"", ""modified Rankin Scale (mRS)"", ""National Institutes of Health Stroke Scale (NIHSS)""]","[""Acute Stroke"", ""Medical Imaging""]","[""age"", ""gender"", ""modified Rankin Scale (mRS)"", ""National Institutes of Health Stroke Scale (NIHSS)""]"
"33764818",NULL,NULL,"[""Clinical data"", ""Imaging""]"
"33766511",NULL,NULL,"[""skin images"", ""medical data""]"
"33767382",NULL,NULL,"[]"
"33767948","[""Electronic Medical Records (EMRs)""], [""Primary care providers"", ""Electronic Medical Records""]","[""Electronic Medical Records (EMRs)""]","[""Primary care providers"", ""Electronic Medical Records""]"
"33770412","[""Amylase Value in the Drain (AVD)""], [""Amplase Value in the Drain (AVD)"", ""Amylase levels""]","[""Amylase Value in the Drain (AVD)""]","[""Amplase Value in the Drain (AVD)"", ""Amylase levels""]"
"33770525","[""Neuroimaging""], [null, null, null, null, null, null, null, null, null, null, null, null]","[""Neuroimaging""]","[null, null, null, null, null, null, null, null, null, null, null, null]"
"33770561","[""MR""], [""Magnetic Resonance Imaging""]","[""MR""]","[""Magnetic Resonance Imaging""]"
"33772334","[""PET/CT""], [""images"", ""text""]","[""PET/CT""]","[""images"", ""text""]"
"33772335","[""PET""], [""PET images"", ""clinical data""]","[""PET""]","[""PET images"", ""clinical data""]"
"33777664",NULL,NULL,"[""text"", ""voice""]"
"33780034","[""Peptide plane""], [""Computer Science"", ""Biochemistry Molecular Biology""]","[""Peptide plane""]","[""Computer Science"", ""Biochemistry Molecular Biology""]"
"33780727","[""Electroencephalogram (EEG)""], [{""Type"": ""scalograms"", ""Modality"": ""EEG""}, {""Modality"": ""image-like format""}]","[""Electroencephalogram (EEG)""]","[{""Type"": ""scalograms"", ""Modality"": ""EEG""}, {""Modality"": ""image-like format""}]"
"33781576","[""MRI""], [""MRI""]","[""MRI""]","[""MRI""]"
"33785730","[""EEG""], ['EEG', 'face/non-face paradigm']","[""EEG""]","['EEG', 'face/non-face paradigm']"
"33789178","[""Ultrasound""], [""Ultrasound images""]","[""Ultrasound""]","[""Ultrasound images""]"
"33802354","[""Magnetic Resonance Imaging""], Magnetic Resonance Imaging","[""Magnetic Resonance Imaging""]","Magnetic Resonance Imaging"
"33802753","[""renal graft outcomes"", ""urine output"", ""histopathology"", ""RNAseq""], [""renal graft outcomes""]","[""renal graft outcomes"", ""urine output"", ""histopathology"", ""RNAseq""]","[""renal graft outcomes""]"
"33804307",NULL,NULL,"[""text""]"
"33804317","[""Inertial Sensors""], [""Inertial data""]","[""Inertial Sensors""]","[""Inertial data""]"
"33804986","[""ERP""], [""Faces"", ""Gaze""]","[""ERP""]","[""Faces"", ""Gaze""]"
"33806984","[""Accelerometer"", ""Gyroscope"", ""Plantar pressure""], [""accelerometer"", ""gyroscope"", ""plantar pressure""]","[""Accelerometer"", ""Gyroscope"", ""Plantar pressure""]","[""accelerometer"", ""gyroscope"", ""plantar pressure""]"
"33811557",NULL,"[""ECG"", ""Blood pressure""]",NULL
"33819278","[""T2-weighted MRI""], [""MRI""]","[""T2-weighted MRI""]","[""MRI""]"
"33820939",NULL,NULL,"[""text"", ""image""]"
"33820989","[""3D"", ""2D"", ""Image""], [""image"", ""video""]","[""3D"", ""2D"", ""Image""]","[""image"", ""video""]"
"33823116","[""Laboratory Data"", ""Clinical Data""], [""Text""]","[""Laboratory Data"", ""Clinical Data""]","[""Text""]"
"33823944",NULL,NULL,NULL
"33824310","[""brain MRI scans""], [""MRI""]","[""brain MRI scans""]","[""MRI""]"
"33824317","[], {""genomics"": true}","[]","{""genomics"": true}"
"33826233","[""Fisher's Linear Discriminant Function"", ""Linear Repeated-Measures Mixed Models"", ""Unsupervised Longitudinal Clustering Machine Learning Algorithm""], [""medical imaging"", null]","[""Fisher's Linear Discriminant Function"", ""Linear Repeated-Measures Mixed Models"", ""Unsupervised Longitudinal Clustering Machine Learning Algorithm""]","[""medical imaging"", null]"
"33828156","[""proteome""], [""text"", ""machine learning""]","[""proteome""]","[""text"", ""machine learning""]"
"33829043","[""Ultrasound""], [""Ultrasound""]","[""Ultrasound""]","[""Ultrasound""]"
"33848231",NULL,NULL,"[""classification"", ""regression""]"
"33836309","[""DXA vertebral fracture assessment images"", ""Single-energy and dual-energy images""], [""Image""]","[""DXA vertebral fracture assessment images"", ""Single-energy and dual-energy images""]","[""Image""]"
"33845445",NULL,"[""ECG"", ""Imaging""]",NULL
"33879394",NULL,NULL,"[""Text"", ""Image""]"
"33848710","[""EEG"", ""Eye images from camera""], [""Eye movement""]","[""EEG"", ""Eye images from camera""]","[""Eye movement""]"
"33849253","[""BMI"", ""HbA1C"", ""Education""], [""BMI"", ""HbA1C"", ""Education""]","[""BMI"", ""HbA1C"", ""Education""]","[""BMI"", ""HbA1C"", ""Education""]"
"33850128","[""Neuroimaging"", ""Phenotypic data""], [""Neuroimaging"", ""Transcriptomics""]","[""Neuroimaging"", ""Phenotypic data""]","[""Neuroimaging"", ""Transcriptomics""]"
"33853614","[""Robotics"", ""Virtual Reality"", ""Electrical Stimulation""], [""robotics"", ""virtual reality""]","[""Robotics"", ""Virtual Reality"", ""Electrical Stimulation""]","[""robotics"", ""virtual reality""]"
"33856350","[""Vital signs"", ""Electronic health records""], [""heart rate"", ""respiratory rate"", ""blood oxygen saturation (SpO2)"", ""age"", ""gender"", ""admission type"", ""first care unit"", ""cardiovascular disease history""]","[""Vital signs"", ""Electronic health records""]","[""heart rate"", ""respiratory rate"", ""blood oxygen saturation (SpO2)"", ""age"", ""gender"", ""admission type"", ""first care unit"", ""cardiovascular disease history""]"
"33880420","[""Next-generation sequencing (NGS)"", ""Computational predictor""], [""RNA sequencing"", ""Artificial intelligence""]","[""Next-generation sequencing (NGS)"", ""Computational predictor""]","[""RNA sequencing"", ""Artificial intelligence""]"
"33857785","[""Clinical"", ""Sociodemographic""], [""Clinical"", ""historical"", ""sociodemographic""]","[""Clinical"", ""Sociodemographic""]","[""Clinical"", ""historical"", ""sociodemographic""]"
"33858815","[""Transplant recipient data""], [{""Modality"": ""Image""}, {""Modality"": ""Text""}]","[""Transplant recipient data""]","[{""Modality"": ""Image""}, {""Modality"": ""Text""}]"
"33863713",NULL,NULL,"[""synthetic data"", ""real clinical trial data""]"
"33865966","[""Accelerometry""], [""Accelerometry""]","[""Accelerometry""]","[""Accelerometry""]"
"33870137",NULL,"[""Rodents""]",NULL
"33870190","[""motor items""], [""brain imaging""]","[""motor items""]","[""brain imaging""]"
"33879063",NULL,NULL,"[""high-content microscopy""]"
"33879214","[""ICU days"", ""Clinical data""], [""Text""]","[""ICU days"", ""Clinical data""]","[""Text""]"
"33888984",NULL,NULL,"[""Mental rotation task""]"
"33891933","[""Clinical""], [""Text""]","[""Clinical""]","[""Text""]"
"33895632",NULL,NULL,"[{""Tag"": null, ""Country"": ""Portugal""}, {""Tag"": null, ""Country"": ""United Kingdom""}, {""Tag"": null, ""Country"": ""Canada""}, {""Tag"": null, ""Country"": ""Germany""}]"
"33896953",NULL,NULL,"[{""count"": null, ""label"": ""retail pharmacies""}, {""count"": null, ""label"": ""hospital pharmacies""}]"
"33905474",NULL,NULL,"[""image"", ""text""]"
"33909990",NULL,NULL,NULL
"33912622","[""CT"", ""x-ray""], [""CT images"", ""x-ray images""]","[""CT"", ""x-ray""]","[""CT images"", ""x-ray images""]"
"33914797","[""Swept-source optical coherence tomography (OCT) imaging"", ""Triton""], [""Optical Coherence Tomography (OCT)""]","[""Swept-source optical coherence tomography (OCT) imaging"", ""Triton""]","[""Optical Coherence Tomography (OCT)""]"
"33915475","[""Video""], [""video"", ""kinematic heel-strike and toe-off events""]","[""Video""]","[""video"", ""kinematic heel-strike and toe-off events""]"
"33915960","[""T1-weighted MRI""], {""MRI"": true}","[""T1-weighted MRI""]","{""MRI"": true}"
"33923286","[""EEG""], [""EEG""]","[""EEG""]","[""EEG""]"
"33923975","[""Video"", ""Brain activity""], [""Video"", ""Image""]","[""Video"", ""Brain activity""]","[""Video"", ""Image""]"
"33927208","[""CT scan""], [""Computed Tomography (CT)""]","[""CT scan""]","[""Computed Tomography (CT)""]"
"33934542","[""Medical""], [""text"", ""image""]","[""Medical""]","[""text"", ""image""]"
"33937724",NULL,NULL,"[""Text"", ""Image""]"
"33940534","[""Computed Tomography""], [""CT images""]","[""Computed Tomography""]","[""CT images""]"
"33951562","[""Accelerometer signals""], [""Accelerometer""]","[""Accelerometer signals""]","[""Accelerometer""]"
"33953261","[""hand motion signals""], [{""hand motion signals"": true}]","[""hand motion signals""]","[{""hand motion signals"": true}]"
"33955603",NULL,NULL,"[{""Modality"": ""Images""}, {""Modality"": ""Text""}]"
"33956307","[""iKnife""], [""mass spectrometry""]","[""iKnife""]","[""mass spectrometry""]"
"33956971","[""Medication orders"", ""Pharmacological profiles""], [""Unsupervised machine learning""]","[""Medication orders"", ""Pharmacological profiles""]","[""Unsupervised machine learning""]"
"33958739","[""Fundus"", ""OCT images""], [""Images""]","[""Fundus"", ""OCT images""]","[""Images""]"
"33962603","[""Affiliation""], [{""tags"": null, ""Country"": ""Australia""}, {""tags"": null, ""Country"": ""Germany""}, {""tags"": null, ""Country"": ""India""}, {""tags"": null, ""Country"": ""Turkey""}, {""tags"": null, ""Country"": ""South Korea""}, {""tags"": null, ""Country"": ""Tunisia""}, {""tags"": null, ""Country"": ""Ecuador""}, {""tags"": null, ""Country"": ""Greece""}, {""tags"": null, ""Country"": ""Morocco""}, {""tags"": null, ""Country"": ""Thailand""}, {""tags"": null, ""Country"": ""USA""}, {""tags"": null, ""Country"": ""Austria""}, {""tags"": null, ""Country"": ""Spain""}]","[""Affiliation""]","[{""tags"": null, ""Country"": ""Australia""}, {""tags"": null, ""Country"": ""Germany""}, {""tags"": null, ""Country"": ""India""}, {""tags"": null, ""Country"": ""Turkey""}, {""tags"": null, ""Country"": ""South Korea""}, {""tags"": null, ""Country"": ""Tunisia""}, {""tags"": null, ""Country"": ""Ecuador""}, {""tags"": null, ""Country"": ""Greece""}, {""tags"": null, ""Country"": ""Morocco""}, {""tags"": null, ""Country"": ""Thailand""}, {""tags"": null, ""Country"": ""USA""}, {""tags"": null, ""Country"": ""Austria""}, {""tags"": null, ""Country"": ""Spain""}]"
"33963192",NULL,NULL,NULL
"33963834","[""Gene expression"", ""Methylation""], [""Gene expression"", ""Methylation profiles""]","[""Gene expression"", ""Methylation""]","[""Gene expression"", ""Methylation profiles""]"
"33964517","[""ECG"", ""blood tests""], {""time series"": true, ""receiver operating characteristic curve"": true}","[""ECG"", ""blood tests""]","{""time series"": true, ""receiver operating characteristic curve"": true}"
"33964887",NULL,NULL,"[""focus group""]"
"33976261","[""MRI""], [""structural and functional MRI""]","[""MRI""]","[""structural and functional MRI""]"
"33977272",NULL,"[""MRI""]",NULL
"33979407","[""EEG""], [""EEG""]","[""EEG""]","[""EEG""]"
"33980254","[""Robot"", ""MRI""], [{""Modality"": ""Sensory""}, {""Modality"": ""Motor""}]","[""Robot"", ""MRI""]","[{""Modality"": ""Sensory""}, {""Modality"": ""Motor""}]"
"33984844","[""ECG""], [""ECG""]","[""ECG""]","[""ECG""]"
"33987451","[""histology images""], [""Image""]","[""histology images""]","[""Image""]"
"33988925","[""Structural Magnetic Resonance Imaging""], [""MRI""]","[""Structural Magnetic Resonance Imaging""]","[""MRI""]"
"33989352","[""EEG""], [""EEG""]","[""EEG""]","[""EEG""]"
"33991581",NULL,NULL,"[]"
"33997620",NULL,"[""QC"", ""NY""]",NULL
"33999001","[""Text""], [{""topic"": ""oculoplastics"", ""keywords"": [""symptoms"", ""medication"", ""complications""]}]","[""Text""]","[{""topic"": ""oculoplastics"", ""keywords"": [""symptoms"", ""medication"", ""complications""]}]"
"34003504","[""Text"", ""Nil""], [{""modality"": ""text""}, {""modality"": ""none specified""}]","[""Text"", ""Nil""]","[{""modality"": ""text""}, {""modality"": ""none specified""}]"
"34004274",NULL,"[""Electronic medical record data"", ""Machine learning algorithms""]",NULL
"34006910","[""Magnetic Resonance Imaging (MRI)""], [""MRI""]","[""Magnetic Resonance Imaging (MRI)""]","[""MRI""]"
"34019229","[""Text"", ""Numerical""], {""demographics"": null}","[""Text"", ""Numerical""]","{""demographics"": null}"
"34020414","[""Clinical"", ""Demographic"", ""Expectations"", ""Cognitive Appraisal""], [""Text""]","[""Clinical"", ""Demographic"", ""Expectations"", ""Cognitive Appraisal""]","[""Text""]"
"34021186","[""electrical signals"", ""nerve action potentials""], [{""Text"": ""electrophysiological"", ""NlmCategory"": null}, {""Text"": ""sensor"", ""NlmCategory"": null}]","[""electrical signals"", ""nerve action potentials""]","[{""Text"": ""electrophysiological"", ""NlmCategory"": null}, {""Text"": ""sensor"", ""NlmCategory"": null}]"
"34023273","[""Echocardiography"", ""Computed Tomography"", ""Cardiovascular Magnetic Resonance Imaging""], [""echocardiography"", ""computed tomography (CT)"", ""cardiovascular magnetic resonance (CMR) imaging""]","[""Echocardiography"", ""Computed Tomography"", ""Cardiovascular Magnetic Resonance Imaging""]","[""echocardiography"", ""computed tomography (CT)"", ""cardiovascular magnetic resonance (CMR) imaging""]"
"34023562","[""Diffusion MRI""], [""Diffusion MRI""]","[""Diffusion MRI""]","[""Diffusion MRI""]"
"34025338","[""3T anatomical brain MRI"", ""DTI""], [""Diffusion Tensor Imaging"", ""Anatomical MRI""]","[""3T anatomical brain MRI"", ""DTI""]","[""Diffusion Tensor Imaging"", ""Anatomical MRI""]"
"34025389","[], [""motor symptoms"", ""non-motor symptoms""]","[]","[""motor symptoms"", ""non-motor symptoms""]"
"34025567","[""Imaging"", ""Clinical""], [""MRI"", ""CT scans""]","[""Imaging"", ""Clinical""]","[""MRI"", ""CT scans""]"
"34026680","[""Fetal Heart Rate"", ""Arterial Blood Pressure""], [""electrocardiogram"", ""blood pressure""]","[""Fetal Heart Rate"", ""Arterial Blood Pressure""]","[""electrocardiogram"", ""blood pressure""]"
"34027017","[""GPS""], [""GPS"", ""spatial patterns"", ""temporal patterns""]","[""GPS""]","[""GPS"", ""spatial patterns"", ""temporal patterns""]"
"34028616","[""Saliva RNA biomarkers""], [{""saliva RNA biomarkers levels"": null}, {""balance and cognitive test performance"": null}]","[""Saliva RNA biomarkers""]","[{""saliva RNA biomarkers levels"": null}, {""balance and cognitive test performance"": null}]"
"34031407","[""fMRI""], [""fMRI""]","[""fMRI""]","[""fMRI""]"
"34032798","[""fundus images""], [""Fundus images""]","[""fundus images""]","[""Fundus images""]"
"34032855",NULL,"[""administrative health data"", ""laboratory measurements"", ""drug benefits"", ""health care system interactions"", ""social determinants of health"", ""ambulatory care and hospitalization records""]",NULL
"34033588",NULL,"[""Demographic"", ""Laboratory"", ""Clinical""]",NULL
"34039572",NULL,"[""Administrative health data""]",NULL
"34042732",NULL,NULL,"[""Diabetes dataset""]"
"34048901",NULL,NULL,"[""EEG"", ""fMRI""]"
"34050220","[""Electromyography""], [""Electromyography""]","[""Electromyography""]","[""Electromyography""]"
"34050594",NULL,NULL,"[""Text""]"
"34052016","[""Skin Cancer Images""], [""skin cancer image classification""]","[""Skin Cancer Images""]","[""skin cancer image classification""]"
"34055577","[""text""], [""text""]","[""text""]","[""text""]"
"34060330","[""Genomics""], [""text""]","[""Genomics""]","[""text""]"
"34063945","[""Ultrasound"", ""Radiography""], [""3DUS"", ""radiography""]","[""Ultrasound"", ""Radiography""]","[""3DUS"", ""radiography""]"
"34066857","[""Computed Tomography""], [""Imaging""]","[""Computed Tomography""]","[""Imaging""]"
"34069566","[""Breathing sounds"", ""Anthropometric features""], [""anthropometric features"", ""breathing sounds""]","[""Breathing sounds"", ""Anthropometric features""]","[""anthropometric features"", ""breathing sounds""]"
"34072863","[""Genomic"", ""Clinical""], [""Pathology"", ""Molecular Pathology""]","[""Genomic"", ""Clinical""]","[""Pathology"", ""Molecular Pathology""]"
"34076582","[""Video"", ""Audio""], [""Video"", ""Audio""]","[""Video"", ""Audio""]","[""Video"", ""Audio""]"
"34077793",NULL,"[""pain scores"", ""numeric rating scale"", ""brief pain inventory interference items"", ""patient global impression of change""]",NULL
"34078897","[""Imaging"", null], [""Radiology"", ""Neurology""]","[""Imaging"", null]","[""Radiology"", ""Neurology""]"
"34079932","[""MRI""], [""MRI""]","[""MRI""]","[""MRI""]"
"34080185","[""PROMs"", ""Seizure data""], [{""value"": ""text""}]","[""PROMs"", ""Seizure data""]","[{""value"": ""text""}]"
"34080611","[""Structural brain measures (volume, surface area, and cortical thickness)""], [""Text""]","[""Structural brain measures (volume, surface area, and cortical thickness)""]","[""Text""]"
"34080784","[""Medical records""], [""age"", ""sex"", ""variables in the modified frailty index"", ""Deyo's Charlson co-morbidity index (≥2)"", ""neutrophil-to-lymphocyte ratio (NLR)"", ""prognostic nutritional index""]","[""Medical records""]","[""age"", ""sex"", ""variables in the modified frailty index"", ""Deyo's Charlson co-morbidity index (≥2)"", ""neutrophil-to-lymphocyte ratio (NLR)"", ""prognostic nutritional index""]"
"34080925","[""EEG""], [""EEG""]","[""EEG""]","[""EEG""]"
"34083812","[""Radiation Therapy""], [""Medical Imaging""]","[""Radiation Therapy""]","[""Medical Imaging""]"
"34087549","[""Structural Neuroimaging""], [""Imaging""]","[""Structural Neuroimaging""]","[""Imaging""]"
"34088354","[""Speech""], [""Speech""]","[""Speech""]","[""Speech""]"
"34092207","[""Head-trunk kinematics"", ""Joint moments""], [""Head movement"", ""Helmet configuration""]","[""Head-trunk kinematics"", ""Joint moments""]","[""Head movement"", ""Helmet configuration""]"
"34093387","[""Diffusion-weighted MRI"", ""Perfusion-weighted MRI""], [""MRI"", ""clinical parameters""]","[""Diffusion-weighted MRI"", ""Perfusion-weighted MRI""]","[""MRI"", ""clinical parameters""]"
"34095832","[""Magnetoencephalography""], [""EEG"", ""Magnetoencephalography""]","[""Magnetoencephalography""]","[""EEG"", ""Magnetoencephalography""]"
"34102758","[""Computed Tomography"", ""Magnetic Resonance Imaging""], [""CTA"", ""MRI""]","[""Computed Tomography"", ""Magnetic Resonance Imaging""]","[""CTA"", ""MRI""]"
"34103062","[""Imaging""], [""Image"", ""Survey""]","[""Imaging""]","[""Image"", ""Survey""]"
"34104876","[""Metabolomic markers"", ""Sex"", ""Birth weight""], [""blood_samples""]","[""Metabolomic markers"", ""Sex"", ""Birth weight""]","[""blood_samples""]"
"34104972","[""Experimental data""], [""sequence data"", ""ASO efficacy data""]","[""Experimental data""]","[""sequence data"", ""ASO efficacy data""]"
"34108858","[""EMG""], [""Myoelectric signals""]","[""EMG""]","[""Myoelectric signals""]"
"34111849","[""Electroencephalography (EEG)"", ""Upper limb MI tasks""], [""EEG""]","[""Electroencephalography (EEG)"", ""Upper limb MI tasks""]","[""EEG""]"
"34114173","[""2D image-based surrogates"", ""3D MRI"", ""4D MRI"", ""Ultrasound""], [""Image"", ""US""]","[""2D image-based surrogates"", ""3D MRI"", ""4D MRI"", ""Ultrasound""]","[""Image"", ""US""]"
"34117309","[""EEG""], [""EEG"", null]","[""EEG""]","[""EEG"", null]"
"34127064","[""GPS""], [{""Modality"": ""GPS data loggers""}, {""Modality"": ""Cerebrospinal fluid biomarkers""}]","[""GPS""]","[{""Modality"": ""GPS data loggers""}, {""Modality"": ""Cerebrospinal fluid biomarkers""}]"
"34127421",NULL,"[""Medical""]",NULL
"34131161",NULL,"[""Sociodemographic and Familial Characteristics"", ""Mental Health and Substance Use""]",NULL
"34131749","[""MRI""], [""MRI""]","[""MRI""]","[""MRI""]"
"34134988",NULL,"[""Color""]",NULL
"34140617","[""Neuroimaging""], [""neuroimaging""]","[""Neuroimaging""]","[""neuroimaging""]"
"34142418",NULL,"[""Natural-language processing""]",NULL
"34145556","[""3D rotational angiography""], [""Image"", ""Hemodynamic""]","[""3D rotational angiography""]","[""Image"", ""Hemodynamic""]"
"34146771",NULL,NULL,NULL
"34151806","[""questionnaire""], [""Neuropsychological"", ""General Health""]","[""questionnaire""]","[""Neuropsychological"", ""General Health""]"
"34153625","[""Medical images""], [""Image"", ""Text""]","[""Medical images""]","[""Image"", ""Text""]"
"34153626","[""MRI""], {""Imaging Modalities"": [""Magnetic Resonance Imaging""]}","[""MRI""]","{""Imaging Modalities"": [""Magnetic Resonance Imaging""]}"
"34154320","[""angiography"", ""pressure""], [""pressure"", ""diastolic pressure ratio""]","[""angiography"", ""pressure""]","[""pressure"", ""diastolic pressure ratio""]"
"34156354","[""CT"", ""MRI""], [""image"", ""dosage""]","[""CT"", ""MRI""]","[""image"", ""dosage""]"
"34156719","[""CT""], [""image"", ""text""]","[""CT""]","[""image"", ""text""]"
"34159195","[""Blood Biomarkers""], [""blood panel"", ""machine learning""]","[""Blood Biomarkers""]","[""blood panel"", ""machine learning""]"
"34160618",NULL,"[""Ultrasound"", ""Biopsy""]",NULL
"34169495",NULL,NULL,NULL
"34173089","[""Radiographs""], [""image"", ""text""]","[""Radiographs""]","[""image"", ""text""]"
"34174347","[""Biochemical""], [""biochemical indices""]","[""Biochemical""]","[""biochemical indices""]"
"34176681","[""Blood""], [""blood-based"", ""cfDNA sequencing""]","[""Blood""]","[""blood-based"", ""cfDNA sequencing""]"
"34179769",NULL,NULL,"text"
"34181661","[""Clinical"", ""Computer Science""], [""depression"", ""symptoms""]","[""Clinical"", ""Computer Science""]","[""depression"", ""symptoms""]"
"34183345","[null], []","[null]","[]"
"34185253","[""Magnetic Resonance Imaging""], [""MRI"", ""U-Net""]","[""Magnetic Resonance Imaging""]","[""MRI"", ""U-Net""]"
"34185798",NULL,"[""Demographic"", ""Physiologic"", ""Clinical""]",NULL
"34191801",NULL,"[""Singleton Gestation"", ""Pregnancy Data""]",NULL
"34193519",NULL,"[""text""]",NULL
"34197503","[""Magnetic Resonance Imaging"", ""Positron Emission Tomography""], [""MRI"", ""PET""]","[""Magnetic Resonance Imaging"", ""Positron Emission Tomography""]","[""MRI"", ""PET""]"
"34199735","[""MRI Scans""], [""MRI scans""]","[""MRI Scans""]","[""MRI scans""]"
"34207437","[""Symptoms""], [""Symptoms""]","[""Symptoms""]","[""Symptoms""]"
"34208179","[""Convolutional Neural Network"", ""Long-Short Term Memory""], [""Smart Medical Bed"", ""Convolutional Neural Network (CNN)""]","[""Convolutional Neural Network"", ""Long-Short Term Memory""]","[""Smart Medical Bed"", ""Convolutional Neural Network (CNN)""]"
"34209154","[""2D MRI""], [""Magnetic Resonance Imaging (MRI)""]","[""2D MRI""]","[""Magnetic Resonance Imaging (MRI)""]"
"34213529","[""Microbiome sequencing""], [""microbiome sequencing data"", ""host's environmental factors""]","[""Microbiome sequencing""]","[""microbiome sequencing data"", ""host's environmental factors""]"
"34214101","[""Invasive"", ""Non-invasive""], [""invasive"", ""non-invasive""]","[""Invasive"", ""Non-invasive""]","[""invasive"", ""non-invasive""]"
"34214980",NULL,"[null]",NULL
"34215614","[""Audio""], [""Audio""]","[""Audio""]","[""Audio""]"
"34217560","[""B-Mode Ultrasound""], [""Ultrasound images""]","[""B-Mode Ultrasound""]","[""Ultrasound images""]"
"34219860",NULL,"[""Medical Records""]",NULL
"34228341","[""Imaging"", ""Clinical""], [""myocardial perfusion imaging (MPI)"", ""angiography""]","[""Imaging"", ""Clinical""]","[""myocardial perfusion imaging (MPI)"", ""angiography""]"
"34228974",NULL,NULL,"[{""ForeName"": ""Habib"", ""LastName"": ""Jabagi"", ""Affiliation"": [""Division of Cardiac Surgery, University of Ottawa Heart Institute, Ottawa, Ontario, Canada. Electronic address: hijabagi@yahoo.com.""]}, {""ForeName"": ""Vincent"", ""LastName"": ""Chan"", ""Affiliation"": [""Division of Cardiac Surgery, University of Ottawa Heart Institute, Ottawa, Ontario, Canada.""]}, {""ForeName"": ""Marc"", ""LastName"": ""Ruel"", ""Affiliation"": [""Division of Cardiac Surgery, University of Ottawa Heart Institute, Ottawa, Ontario, Canada.""]}, {""ForeName"": ""Thierry G"", ""LastName"": ""Mesana"", ""Affiliation"": [""Division of Cardiac Surgery, University of Ottawa Heart Institute, Ottawa, Ontario, Canada.""]}, {""ForeName"": ""Munir"", ""LastName"": ""Boodhwani"", ""Affiliation"": [""Division of Cardiac Surgery, University of Ottawa Heart Institute, Ottawa, Ontario, Canada.""]}]"
"34229308","[""EEG""], [""sensorimotor rhythms (SMRs)"", ""heart rate variability""]","[""EEG""]","[""sensorimotor rhythms (SMRs)"", ""heart rate variability""]"
"34233616","[""administrative data"", ""statistical analysis""], [""Text""]","[""administrative data"", ""statistical analysis""]","[""Text""]"
"34235131","[], [""Census data"", ""Comorbidities""]","[]","[""Census data"", ""Comorbidities""]"
"34237382","[""EEG""], [""EEG""]","[""EEG""]","[""EEG""]"
"34238616","[""3-D ultrasound""], [{""Modality"": ""Ultrasound""}, {""Modality"": ""Image""}]","[""3-D ultrasound""]","[{""Modality"": ""Ultrasound""}, {""Modality"": ""Image""}]"
"34243824","[""Survey"", ""Questionnaire""], [""Survey"", ""Questionnaire""]","[""Survey"", ""Questionnaire""]","[""Survey"", ""Questionnaire""]"
"34245019","[""Text"", ""Clinical variables""], [{""Modality"": [""Text"", ""Image""]}]","[""Text"", ""Clinical variables""]","[{""Modality"": [""Text"", ""Image""]}]"
"34248903","[""Oral Swab"", ""Supragingival Plaque""], [""Oral Swab"", ""Dental Plaque""]","[""Oral Swab"", ""Supragingival Plaque""]","[""Oral Swab"", ""Dental Plaque""]"
"34250463",NULL,NULL,NULL
"34254200","[""Diffusion-Weighted MRI""], [""MRI""]","[""Diffusion-Weighted MRI""]","[""MRI""]"
"34255727","[""Mobile App"", ""Remote Assessment""], [""text""]","[""Mobile App"", ""Remote Assessment""]","[""text""]"
"34255973",NULL,NULL,"[""text"", ""image""]"
"34256707",NULL,"[""Complete Blood Count""]",NULL
"34259870",NULL,NULL,"[""Echocardiography"", ""Nuclear Medicine""]"
"34262079","[""Diffusion Tensor Imaging (DTI)""], [""Diffusion Tensor Imaging""]","[""Diffusion Tensor Imaging (DTI)""]","[""Diffusion Tensor Imaging""]"
"34262646","[""T2-weighted magnetic resonance imaging (MRI)""], [""Magnetic Resonance Imaging""]","[""T2-weighted magnetic resonance imaging (MRI)""]","[""Magnetic Resonance Imaging""]"
"34265451","[""text""], [""text""]","[""text""]","[""text""]"
"34267327","[""Clinical Data"", ""Protein Expression""], [""Text"", ""Machine Learning""]","[""Clinical Data"", ""Protein Expression""]","[""Text"", ""Machine Learning""]"
"34268522","[""blood""], [""Arterial Blood Gas (ABG) O2 Saturation"", ""C-Reactive Protein (CRP)""]","[""blood""]","[""Arterial Blood Gas (ABG) O2 Saturation"", ""C-Reactive Protein (CRP)""]"
"34274267",NULL,"[""Nuclear Medicine""]",NULL
"34275140","[""Clinical"", ""Neurophysiological"", ""Imaging""], [""text"", ""image""]","[""Clinical"", ""Neurophysiological"", ""Imaging""]","[""text"", ""image""]"
"34284765",NULL,"[""medication use"", ""diagnostic codes and procedures""]",NULL
"34285187","[null, null], [""Text"", ""Image""]","[null, null]","[""Text"", ""Image""]"
"34286831","[""Chest X-ray""], Imaging, Text","[""Chest X-ray""]","Imaging, Text"
"34289010",NULL,NULL,"[""Chromatin Loops""]"
"34290113",NULL,NULL,"[{""Name"": ""Healthcare""}]"
"34293685","[""Computed Tomography (CT) images""], [{""Modality"": ""CT images""}]","[""Computed Tomography (CT) images""]","[{""Modality"": ""CT images""}]"
"34295452",NULL,NULL,"[""Image"", ""Text""]"
"34295809","[""magnetic resonance imaging""], [""MRI"", ""radiomic features""]","[""magnetic resonance imaging""]","[""MRI"", ""radiomic features""]"
"34297511","[""3D camera"", ""Infrared imaging""], [""Infrared imaging""]","[""3D camera"", ""Infrared imaging""]","[""Infrared imaging""]"
"34297653",NULL,NULL,"[""text""]"
"34300453","[""Acceleration time series data""], [""Accelerometer""]","[""Acceleration time series data""]","[""Accelerometer""]"
"34307865","[], [{""Tag"": null, ""Country"": ""Canada""}, {""Tag"": null, ""Country"": ""Netherlands""}, {""Tag"": null, ""Country"": ""Italy""}]","[]","[{""Tag"": null, ""Country"": ""Canada""}, {""Tag"": null, ""Country"": ""Netherlands""}, {""Tag"": null, ""Country"": ""Italy""}]"
"34308560","[""Magnetic Resonance Imaging (MRI)""], [""Magnetic Resonance Imaging""]","[""Magnetic Resonance Imaging (MRI)""]","[""Magnetic Resonance Imaging""]"
"34310676","[""calcium imaging"", ""fMRI""], [""calcium imaging"", ""fMRI""]","[""calcium imaging"", ""fMRI""]","[""calcium imaging"", ""fMRI""]"
"34311121","[""TMS""], [""TMS measures""]","[""TMS""]","[""TMS measures""]"
"34312733","[""ultrasound""], [""Ultrasound"", ""Robotics""]","[""ultrasound""]","[""Ultrasound"", ""Robotics""]"
"34315030",NULL,"[""Digital patient records""]",NULL
"34322947",NULL,NULL,NULL
"34327181","[""Respiratory support"", ""Oral feeding""], [""electroencephalogram"", ""respiratory""]","[""Respiratory support"", ""Oral feeding""]","[""electroencephalogram"", ""respiratory""]"
"34327623","[""Computed Tomography (CT)""], [""Computed Tomography""]","[""Computed Tomography (CT)""]","[""Computed Tomography""]"
"34327851",NULL,"[""Microbiota composition""]",NULL
"34328443","[""Questionnaire"", ""Survey Data""], [""text""]","[""Questionnaire"", ""Survey Data""]","[""text""]"
"34328661","[""Mammograms"", ""Breast CT""], [""Mammograms""]","[""Mammograms"", ""Breast CT""]","[""Mammograms""]"
"34348214","[""Biomedical images""], [""biomedical image"", ""depthwise convolutional network""]","[""Biomedical images""]","[""biomedical image"", ""depthwise convolutional network""]"
"34337338","[""Histopathology""], [""Histopathology"", ""Machine Learning""]","[""Histopathology""]","[""Histopathology"", ""Machine Learning""]"
"34339947","[""Temporalology"", ""Genetics""], [""MRI"", ""EEG""]","[""Temporalology"", ""Genetics""]","[""MRI"", ""EEG""]"
"34342503",NULL,NULL,NULL
"34343854","[""CT""], [""CT scan""]","[""CT""]","[""CT scan""]"
"34344175",NULL,NULL,"[]"
"34344562","[""Cardiac Ultrasound"", ""Inertial Measurement Device""], [""Image"", ""Probe motion""]","[""Cardiac Ultrasound"", ""Inertial Measurement Device""]","[""Image"", ""Probe motion""]"
"34349566","[""Electronic Medical Records""], [""echocardiogram""]","[""Electronic Medical Records""]","[""echocardiogram""]"
"34352294","[""Neuroimaing""], [{""modality"": ""structural neuroimaing""}, {""modality"": ""biological""}]","[""Neuroimaing""]","[{""modality"": ""structural neuroimaing""}, {""modality"": ""biological""}]"
"34352654","[""T1-weighted MRI"", ""T2-weighted MRI""], [""MRI""]","[""T1-weighted MRI"", ""T2-weighted MRI""]","[""MRI""]"
"34352741","[""Electromyography"", ""Kinematic""], [""Electromyography"", ""Kinematic signals""]","[""Electromyography"", ""Kinematic""]","[""Electromyography"", ""Kinematic signals""]"
"34353531","[""MRI"", null], [""Cardiology""]","[""MRI"", null]","[""Cardiology""]"
"34357510","[""Pelvis Radiographs""], [""X-ray""]","[""Pelvis Radiographs""]","[""X-ray""]"
"34358231","[""Text"", ""Other""], [""Glasgow Coma Score (GCS)"", ""Pupil Reactivity""]","[""Text"", ""Other""]","[""Glasgow Coma Score (GCS)"", ""Pupil Reactivity""]"
"34359623","[""MRI"", ""CT""], [""CT"", ""MRI""]","[""MRI"", ""CT""]","[""CT"", ""MRI""]"
"34362709",NULL,NULL,"[{""Modality"": ""Imaging""}, {""Modality"": ""Radiomics""}]"
"34367729","[""RNA""], [""microbiome"", ""clinical data""]","[""RNA""]","[""microbiome"", ""clinical data""]"
"34370986","[""EBUS images""], [""Images""]","[""EBUS images""]","[""Images""]"
"34372915","[""genomics""], [""text"", ""genomic data""]","[""genomics""]","[""text"", ""genomic data""]"
"34382426","[""Visual""], [""Image""]","[""Visual""]","[""Image""]"
"34383739","[""Multi-Omics Data""], [""genomic"", ""transcriptomic"", ""proteomic""]","[""Multi-Omics Data""]","[""genomic"", ""transcriptomic"", ""proteomic""]"
"34384621","[""Single-surgeon RARP"", ""Patient-reported outcomes""], [""patient-reported outcomes""]","[""Single-surgeon RARP"", ""Patient-reported outcomes""]","[""patient-reported outcomes""]"
"34387095","[""Imaging"", ""Genomics""], [""Imaging data"", ""Genomic information""]","[""Imaging"", ""Genomics""]","[""Imaging data"", ""Genomic information""]"
"34389724","[""Genomics"", ""Population Genetics""], [""blood samples"", ""genomics""]","[""Genomics"", ""Population Genetics""]","[""blood samples"", ""genomics""]"
"34390964","[""Text""], [""Text""]","[""Text""]","[""Text""]"
"34391314","[""Pneumatic actuators""], [""Pneumatic Actuators"", ""Pressure Sensors""]","[""Pneumatic actuators""]","[""Pneumatic Actuators"", ""Pressure Sensors""]"
"34392363","[""Imaging"", ""Medical Imaging""], [""radiology""]","[""Imaging"", ""Medical Imaging""]","[""radiology""]"
"34393823","[""Electrograms""], [""Unipolar Electrograms""]","[""Electrograms""]","[""Unipolar Electrograms""]"
"34396283","[""Clinical""], [""text"", ""image""]","[""Clinical""]","[""text"", ""image""]"
"34404460","[""single-cell RNA-seq""], [{""Country"": ""Canada"", ""Affiliation"": ""Department of Pathology and Laboratory Medicine, Department of Statistics, University of British Columbia, Vancouver, BC, Canada.""}, {""Country"": ""Canada"", ""Affiliation"": ""Department of Molecular Oncology, BC Cancer, Vancouver, BC, Canada.""}, {""Country"": ""USA"", ""Affiliation"": ""Computer Science and Artificial Intelligence Laboratory, Massachusetts Institute of Technology, Cambridge, MA, USA.""}, {""Country"": ""USA"", ""Affiliation"": ""Broad Institute of MIT and Harvard, Cambridge, MA, USA.""}]","[""single-cell RNA-seq""]","[{""Country"": ""Canada"", ""Affiliation"": ""Department of Pathology and Laboratory Medicine, Department of Statistics, University of British Columbia, Vancouver, BC, Canada.""}, {""Country"": ""Canada"", ""Affiliation"": ""Department of Molecular Oncology, BC Cancer, Vancouver, BC, Canada.""}, {""Country"": ""USA"", ""Affiliation"": ""Computer Science and Artificial Intelligence Laboratory, Massachusetts Institute of Technology, Cambridge, MA, USA.""}, {""Country"": ""USA"", ""Affiliation"": ""Broad Institute of MIT and Harvard, Cambridge, MA, USA.""}]"
"34408203","[""Face""], [""fMRI"", ""Face""]","[""Face""]","[""fMRI"", ""Face""]"
"34409590","[""demographics"", ""laboratory tests""], [{""Label"": """", ""Category"": """"}]","[""demographics"", ""laboratory tests""]","[{""Label"": """", ""Category"": """"}]"
"34411121","[""Non-activity-related clinical data""], [""Actimetry measurements"", ""Patient- and physician-reported estimates""]","[""Non-activity-related clinical data""]","[""Actimetry measurements"", ""Patient- and physician-reported estimates""]"
"34413728","[""Text""], [""genetic data"", ""environmental data""]","[""Text""]","[""genetic data"", ""environmental data""]"
"34414331","[""Medical"", ""Clinical""], [""electrocardiogram"", ""vital signs""]","[""Medical"", ""Clinical""]","[""electrocardiogram"", ""vital signs""]"
"34414995","[""Functional Magnetic Resonance Imaging"", ""Neuropsychological Tests""], [""rs-fMRI"", ""neuropsychological tests""]","[""Functional Magnetic Resonance Imaging"", ""Neuropsychological Tests""]","[""rs-fMRI"", ""neuropsychological tests""]"
"34416844",NULL,"[""registry""]",NULL
"34416855","[""omics""], [""radiation therapy""]","[""omics""]","[""radiation therapy""]"
"34417899","[""Positron emission tomography"", ""Fluorodeoxyglucose""], [""FDG-PET imaging""]","[""Positron emission tomography"", ""Fluorodeoxyglucose""]","[""FDG-PET imaging""]"
"34419753",NULL,NULL,"[""Gene expression"", null]"
"34420885",NULL,"[""Clinical"", ""Biochemical""]",NULL
"34426170","[""Virtual Reality"", ""Simulated Surgical Procedure""], [""motion"", ""safety"", ""efficiency""]","[""Virtual Reality"", ""Simulated Surgical Procedure""]","[""motion"", ""safety"", ""efficiency""]"
"34454414",NULL,"[""Administrative datasets""]",NULL
"34426586","[""Arm"", ""Cognitive""], [""motor"", ""cognitive""]","[""Arm"", ""Cognitive""]","[""motor"", ""cognitive""]"
"34430044","[""Images""], [""Images""]","[""Images""]","[""Images""]"
"34432601","[""Text""], [""Text"", ""Multimedia""]","[""Text""]","[""Text"", ""Multimedia""]"
"34433834","[""Whole-Blood Transcriptomics Data""], [""Whole-Blood Transcriptomics""]","[""Whole-Blood Transcriptomics Data""]","[""Whole-Blood Transcriptomics""]"
"34441340",NULL,NULL,"{""A"": [""India""], ""M"": [""USA""], ""S"": [""USA""], ""V"": [""USA""], ""Z"": [""Hungary""], ""GD"": [""UK""], ""JS"": [""USA""], ""SK"": [""USA""]}"
"34448704",NULL,"[""Clinical""]",NULL
"34451039","[""Sensors""], [""knee adduction moment"", ""knee flexion moment""]","[""Sensors""]","[""knee adduction moment"", ""knee flexion moment""]"
"34453326","[""electroencephalography""], []","[""electroencephalography""]","[]"
"34454954","[""fMRI"", ""EEG""], [{""Modality"": ""EEG""}, {""Modality"": ""fMRI""}]","[""fMRI"", ""EEG""]","[{""Modality"": ""EEG""}, {""Modality"": ""fMRI""}]"
"34460077",NULL,"[""Self-reported cognition"", ""Cognitive test performance""]",NULL
"34460576","[""Microwave Tomography""], [""Microwave images""]","[""Microwave Tomography""]","[""Microwave images""]"
"34463636","[""Binary""], [""Infection""]","[""Binary""]","[""Infection""]"
"34463809","[""PET/CT"", ""Low-Dose CT""], [""Imaging"", ""Clinical data""]","[""PET/CT"", ""Low-Dose CT""]","[""Imaging"", ""Clinical data""]"
"34466045","[""Electromyographic activity (EMG-MMA)"", ""MJM""], [""EMG-MMA"", ""MJM""]","[""Electromyographic activity (EMG-MMA)"", ""MJM""]","[""EMG-MMA"", ""MJM""]"
"34467426","[""MRI"", ""TRUS""], [""T2-weighted (T2W) MRI"", ""Apparent diffusion coefficient (ADC)""]","[""MRI"", ""TRUS""]","[""T2-weighted (T2W) MRI"", ""Apparent diffusion coefficient (ADC)""]"
"34469211","[""Imaging"", ""Medical""], []","[""Imaging"", ""Medical""]","[]"
"34470057","[""Nil""], [""Calibration"", ""Discrimination""]","[""Nil""]","[""Calibration"", ""Discrimination""]"
"34471189","[""sagittal"", ""frontal""], [""sagittal and frontal motion planes""]","[""sagittal"", ""frontal""]","[""sagittal and frontal motion planes""]"
"34472611",NULL,NULL,"[""Alerts"", ""Code status orders""]"
"34487910","[""Web-based""], [""Video"", ""Text""]","[""Web-based""]","[""Video"", ""Text""]"
"34487983","[""Image""], [""Image"", ""Video""]","[""Image""]","[""Image"", ""Video""]"
"34489404","[""transcriptomic""], [""gene embeddings"", ""topic embeddings""]","[""transcriptomic""]","[""gene embeddings"", ""topic embeddings""]"
"34490899","[""Computed Tomography""], [{""Type"": ""Computed Tomography"", ""Modality"": ""Imaging""}]","[""Computed Tomography""]","[{""Type"": ""Computed Tomography"", ""Modality"": ""Imaging""}]"
"34490909","[""T2 Relaxation"", ""MRI""], [""Myelin Water Imaging""]","[""T2 Relaxation"", ""MRI""]","[""Myelin Water Imaging""]"
"34492100",NULL,NULL,"[""classification approaches""]"
"34496940","[""Clinical features"", ""Blood markers""], [{""Modality"": ""Clinical""}, {""Modality"": ""Blood markers""}]","[""Clinical features"", ""Blood markers""]","[{""Modality"": ""Clinical""}, {""Modality"": ""Blood markers""}]"
"34500139","[""Multi-Parametric MR Images""], [""MRI"", ""Histopathology""]","[""Multi-Parametric MR Images""]","[""MRI"", ""Histopathology""]"
"34501270","[""ICU data""], [""text"", ""ml""]","[""ICU data""]","[""text"", ""ml""]"
"34503526","[""3D phase diagrams"", ""Sobolev norm values""], [""3D phase diagrams"", ""Sobolev norm values""]","[""3D phase diagrams"", ""Sobolev norm values""]","[""3D phase diagrams"", ""Sobolev norm values""]"
"34507158","[""clinical images"", ""dermoscopic images""], [""clinical images"", ""dermoscopic images""]","[""clinical images"", ""dermoscopic images""]","[""clinical images"", ""dermoscopic images""]"
"34508027",NULL,NULL,"{""text"": null, ""image"": null, ""video"": null}"
"34508095","[""Gene expression"", ""Neuropathology""], [{""Name"": ""gene expression""}, {""Name"": ""human phenotypes""}]","[""Gene expression"", ""Neuropathology""]","[{""Name"": ""gene expression""}, {""Name"": ""human phenotypes""}]"
"34515639","[""Electronic Health Records""], [""Textual"", ""Demographic""]","[""Electronic Health Records""]","[""Textual"", ""Demographic""]"
"34515942","[""2D Video""], [""Video"", ""Motion data""]","[""2D Video""]","[""Video"", ""Motion data""]"
"34516674",NULL,NULL,"[""robot pets"", ""dementia care""]"
"34522068","[""Computed Tomography (CT) scan"", ""X-ray images""], [""Image"", ""Sensor data""]","[""Computed Tomography (CT) scan"", ""X-ray images""]","[""Image"", ""Sensor data""]"
"34525993",NULL,NULL,"[""Healthcare"", ""Artificial Intelligence""]"
"34526074","[""Video"", ""3D motion capture system""], [""Video""]","[""Video"", ""3D motion capture system""]","[""Video""]"
"34526544",NULL,NULL,"[""Administrative health data"", ""Medication history"", ""Hospital admissions data""]"
"34526639","[""Compression ultrasound"", ""Ultrasound videos""], [""ultrasound"", ""video""]","[""Compression ultrasound"", ""Ultrasound videos""]","[""ultrasound"", ""video""]"
"34526654","[""Functional Magnetic Resonance Imaging (fMRI)""], [""fMRI"", ""structural MRI""]","[""Functional Magnetic Resonance Imaging (fMRI)""]","[""fMRI"", ""structural MRI""]"
"34526699",NULL,NULL,NULL
"34528885","[""Mobile"", ""Outpatient""], [null]","[""Mobile"", ""Outpatient""]","[null]"
"34530336","[""Computed Tomography""], [""CT scans"", ""MRI scans""]","[""Computed Tomography""]","[""CT scans"", ""MRI scans""]"
"34535485",NULL,NULL,NULL
"34541337","[""Electronic medical records"", ""Medications"", ""Billing codes""], [""Electronic medical records"", ""billing codes""]","[""Electronic medical records"", ""Medications"", ""Billing codes""]","[""Electronic medical records"", ""billing codes""]"
"34543173",NULL,NULL,NULL
"34547916","[""SERS""], [{""Modality"": ""Raman spectroscopy""}]","[""SERS""]","[{""Modality"": ""Raman spectroscopy""}]"
"34551312",NULL,NULL,"[""variant sets""]"
"34555562","[""magnetic resonance imaging"", ""brain features""], {""Functional"": null, ""Structural"": true}","[""magnetic resonance imaging"", ""brain features""]","{""Functional"": null, ""Structural"": true}"
"34555777","[""Images""], [""images""]","[""Images""]","[""images""]"
"34557674","[""Voice""], [""Voice Monitoring""]","[""Voice""]","[""Voice Monitoring""]"
"34561528","[""Chest Radiographs"", ""Brain Computed Tomography (CT) Scans""], [""Image"", ""Computed Tomography (CT)""]","[""Chest Radiographs"", ""Brain Computed Tomography (CT) Scans""]","[""Image"", ""Computed Tomography (CT)""]"
"34563122",NULL,NULL,"[{""ForeName"": ""Asmita"", ""Initials"": ""A"", ""LastName"": ""Bhattarai""}, {""ForeName"": ""Gina"", ""Initials"": ""G"", ""LastName"": ""Dimitropoulos""}, {""ForeName"": ""Brian"", ""Initials"": ""B"", ""LastName"": ""Marriott""}, {""ForeName"": ""Jaime"", ""Initials"": ""J"", ""LastName"": ""Paget""}, {""ForeName"": ""Andrew G M"", ""Initials"": ""AGM"", ""LastName"": ""Bulloch""}, {""ForeName"": ""Suzanne C"", ""Initials"": ""SC"", ""LastName"": ""Tough""}, {""ForeName"": ""Scott B"", ""Initials"": ""SB"", ""LastName"": ""Patten""}]"
"34566600","[""Resting-State EEG"", ""Structural MRI""], [""Resting-state EEG"", ""Structural MRI""]","[""Resting-State EEG"", ""Structural MRI""]","[""Resting-state EEG"", ""Structural MRI""]"
"34568504","[""Knee images""], [""MRI""]","[""Knee images""]","[""MRI""]"
"34573331","[""Whole blood""], [""Genetic""]","[""Whole blood""]","[""Genetic""]"
"34579745","[""Gene expression""], [""Gene expression""]","[""Gene expression""]","[""Gene expression""]"
"34581405","[""Clinical"", ""Demographic""], [""clinical and demographic predictor variables"", ""prodromal symptom remission""]","[""Clinical"", ""Demographic""]","[""clinical and demographic predictor variables"", ""prodromal symptom remission""]"
"34582343","[""Computed Tomography (CT)""], [""Computed tomography""]","[""Computed Tomography (CT)""]","[""Computed tomography""]"
"34582617","[""Simulation""], [""artificially induced NK cells (aiNK-WT)"", ""TME simulations""]","[""Simulation""]","[""artificially induced NK cells (aiNK-WT)"", ""TME simulations""]"
"34587564","[""Computed Tomography Angiography""], [""CTA images""]","[""Computed Tomography Angiography""]","[""CTA images""]"
"34589701","[""Questionnaire"", ""Patient Level Data""], [""Text""]","[""Questionnaire"", ""Patient Level Data""]","[""Text""]"
"34596576",NULL,"[""electronic databases""]",NULL
"34598071","[""MRI""], [""MRI""]","[""MRI""]","[""MRI""]"
"34600329","[""Color"", ""Depth""], [""Color and depth video""]","[""Color"", ""Depth""]","[""Color and depth video""]"
"34600848",NULL,"[""Text"", ""Numerical""]",NULL
"34602478","[""MRI"", ""cerebrospinal fluid amyloid-β""], [""MRI"", ""cognitive test scores""]","[""MRI"", ""cerebrospinal fluid amyloid-β""]","[""MRI"", ""cognitive test scores""]"
"34606915",NULL,NULL,"[]"
"34607591","[""Symptoms""], [""text""]","[""Symptoms""]","[""text""]"
"34609322","[""Capnography""], [""capnography""]","[""Capnography""]","[""capnography""]"
"34611796","[""Biomarkers""], [""Biomarkers""]","[""Biomarkers""]","[""Biomarkers""]"
"34637473","[""Plantar pressure"", ""Lower limb acceleration""], [""Plantar pressure"", ""Lower limb acceleration""]","[""Plantar pressure"", ""Lower limb acceleration""]","[""Plantar pressure"", ""Lower limb acceleration""]"
"34616282","[""Speech"", ""Eye-Movement""], [""Language"", ""Eye movement""]","[""Speech"", ""Eye-Movement""]","[""Language"", ""Eye movement""]"
"34616322",NULL,"[""Electronic Health Records""]",NULL
"34618413","[""Image""], [""Imaging"", ""Pathology""]","[""Image""]","[""Imaging"", ""Pathology""]"
"34619571","[""Text"", ""Numerical""], [""Demographic data""]","[""Text"", ""Numerical""]","[""Demographic data""]"
"34620391","[""Echocardiographic"", ""Hemodynamic""], [""echocardiography"", ""hemodynamics""]","[""Echocardiographic"", ""Hemodynamic""]","[""echocardiography"", ""hemodynamics""]"
"34621541",NULL,NULL,"[{""modal1"": ""X-ray""}, {""modal2"": ""MRI""}]"
"34622225","[""Hematoxylin and eosin (HE)-stained tissues""], [""hematoxylin and eosin (HE)-stained tissues""]","[""Hematoxylin and eosin (HE)-stained tissues""]","[""hematoxylin and eosin (HE)-stained tissues""]"
"34623400","[""Neural activity""], [{""EEG"": true}]","[""Neural activity""]","[{""EEG"": true}]"
"34625565","[""Medical images""], [""medical images""]","[""Medical images""]","[""medical images""]"
"34633514","[""fMRI""], [""fMRI""]","[""fMRI""]","[""fMRI""]"
"34634635","[""Hematoxylin and Eosin (HE)""], [""Histopathological images"", ""Convolutional Neural Network""]","[""Hematoxylin and Eosin (HE)""]","[""Histopathological images"", ""Convolutional Neural Network""]"
"34635910",NULL,NULL,"[""Gastroenterology"", ""Surgery""]"
"34785589","[""Echocardiogram"", ""Imaging""], [""Cardiology""]","[""Echocardiogram"", ""Imaging""]","[""Cardiology""]"
"34643554","[""audiovisual"", ""robotic""], [""Audio"", ""Visual""]","[""audiovisual"", ""robotic""]","[""Audio"", ""Visual""]"
"34655865","[""fMRI""], [""Functional Magnetic Resonance Images (fMRI)""]","[""fMRI""]","[""Functional Magnetic Resonance Images (fMRI)""]"
"34656869","[""MRI""], [""MRI"", ""Cognitive Score""]","[""MRI""]","[""MRI"", ""Cognitive Score""]"
"34658816",NULL,NULL,"[""text""]"
"34665141",NULL,NULL,"[""Web-based Resources"", ""Mobile Apps"", ""Twitter Content""]"
"34665476","[""Echocardiographic""], [""Demographic and clinical parameters"", ""Medical imaging""]","[""Echocardiographic""]","[""Demographic and clinical parameters"", ""Medical imaging""]"
"34668699",NULL,"[""Structural"", ""Biophysical""]",NULL
"34672015",NULL,NULL,"[""text""]"
"34675275","[""Nil""], [""BiLSTM"", ""ML""]","[""Nil""]","[""BiLSTM"", ""ML""]"
"34678267",NULL,NULL,NULL
"34679099","[""Transcriptome""], [""mRNA sequences"", ""codon arrangement""]","[""Transcriptome""]","[""mRNA sequences"", ""codon arrangement""]"
"34680474","[""MRI"", ""Clinical Variables""], [""MRI""]","[""MRI"", ""Clinical Variables""]","[""MRI""]"
"34686327","[], [""gene_expression"", ""protein_expression""]","[]","[""gene_expression"", ""protein_expression""]"
"34686914","[""kidney function measurements"", ""vesicoureteral reflux grade"", ""renal dysplasia at presentation""], [""Urology"", ""Surgery""]","[""kidney function measurements"", ""vesicoureteral reflux grade"", ""renal dysplasia at presentation""]","[""Urology"", ""Surgery""]"
"34694564","[""MRI""], [""MRI""]","[""MRI""]","[""MRI""]"
"34705042","[""Functional magnetic resonance imaging (fMRI)""], [""Functional Magnetic Resonance Imaging""]","[""Functional magnetic resonance imaging (fMRI)""]","[""Functional Magnetic Resonance Imaging""]"
"34706413",NULL,NULL,"[""Demographic"", ""Clinical""]"
"34706445","[""Electronic medical records""], [""Text""]","[""Electronic medical records""]","[""Text""]"
"34707133","[""Magnetic Resonance Imaging""], [""brain imaging""]","[""Magnetic Resonance Imaging""]","[""brain imaging""]"
"34707419",NULL,NULL,NULL
"34710675","[""brain regions"", ""MRI""], [""brain MRI""]","[""brain regions"", ""MRI""]","[""brain MRI""]"
"34713065","[""Endometriosis Health Profile"", ""Pain Catastrophizing Scale"", ""Depression score"", ""Anxiety score"", ""Abdominal wall pain"", ""Pelvic floor tenderness""], [""text"", ""machine learning""]","[""Endometriosis Health Profile"", ""Pain Catastrophizing Scale"", ""Depression score"", ""Anxiety score"", ""Abdominal wall pain"", ""Pelvic floor tenderness""]","[""text"", ""machine learning""]"
"34713143","[""Speech"", ""Audio""], [""audio"", ""speech""]","[""Speech"", ""Audio""]","[""audio"", ""speech""]"
"34715288","[""MRI""], [""MRI""]","[""MRI""]","[""MRI""]"
"34716214",NULL,"[""electronic""]",NULL
"34716400",NULL,NULL,NULL
"34717189","[""Histopathology"", ""Whole-slide images""], [""Histology"", ""Whole-slide images""]","[""Histopathology"", ""Whole-slide images""]","[""Histology"", ""Whole-slide images""]"
"34719494","[""Magnetic Resonance Image""], [""MRI""]","[""Magnetic Resonance Image""]","[""MRI""]"
"34719765","[""Medical University"", ""Department of Psychiatry"", ""Knight Alzheimer Disease Research Center""], {""text"": false, ""image"": false, ""video"": false}","[""Medical University"", ""Department of Psychiatry"", ""Knight Alzheimer Disease Research Center""]","{""text"": false, ""image"": false, ""video"": false}"
"34726496","[""grid"", ""project""], [{""modality"": ""Text""}, {""modality"": ""Images""}]","[""grid"", ""project""]","[{""modality"": ""Text""}, {""modality"": ""Images""}]"
"34732498",NULL,"[]",NULL
"34734350","[""Vital Signs"", ""ECG Findings"", ""Blood Tests""], [""Text"", ""Image""]","[""Vital Signs"", ""ECG Findings"", ""Blood Tests""]","[""Text"", ""Image""]"
"34735529","[""Hematoxylin and eosin"", ""Feulgen-thionin staining""], [""hematoxylin eosin"", ""Feulgen-thionin staining""]","[""Hematoxylin and eosin"", ""Feulgen-thionin staining""]","[""hematoxylin eosin"", ""Feulgen-thionin staining""]"
"34736872","[""VCUG""], [""Image analysis"", ""Machine learning""]","[""VCUG""]","[""Image analysis"", ""Machine learning""]"
"34737020","[""Text"", ""Numerical""], [""Survey Data"", ""Questionnaire Data""]","[""Text"", ""Numerical""]","[""Survey Data"", ""Questionnaire Data""]"
"34737094",NULL,"[""Serum data""]",NULL
"34738844",NULL,"[""Categorical features"", ""Continuous features""]",NULL
"34740952",NULL,NULL,"[""radiology""]"
"34743445","[""Oncology""], [""Medical images"", ""Clinical data""]","[""Oncology""]","[""Medical images"", ""Clinical data""]"
"34744927","[""self-report measures""], [""text"", ""numeric""]","[""self-report measures""]","[""text"", ""numeric""]"
"34747691","[""Sleep""], [""sleep study"", ""mandibular positioner""]","[""Sleep""]","[""sleep study"", ""mandibular positioner""]"
"34758422",NULL,NULL,"[]"
"34760140","[""Vital signs""], [""Physiological Parameters""]","[""Vital signs""]","[""Physiological Parameters""]"
"34760216","[""peptides"", ""HPLC""], [""Genetic"", ""Chemical""]","[""peptides"", ""HPLC""]","[""Genetic"", ""Chemical""]"
"34761053","[""gene delivery"", ""ultrasound""], [""Brain""]","[""gene delivery"", ""ultrasound""]","[""Brain""]"
"34763798","[""Medical Images""], [""images""]","[""Medical Images""]","[""images""]"
"34766125",NULL,"[""Gene Expression""]",NULL
"34767577",NULL,"[""Clinical data""]",NULL
"34770281","[""Accelerometer"", ""Gyroscope""], [""Accelerometer"", ""Gyroscope""]","[""Accelerometer"", ""Gyroscope""]","[""Accelerometer"", ""Gyroscope""]"
"34770729","[""Inertial motion unit (IMU)-based physiological vibration acceleration""], [""Wearable inertial motion unit (IMU)-based physiological vibration acceleration sensor""]","[""Inertial motion unit (IMU)-based physiological vibration acceleration""]","[""Wearable inertial motion unit (IMU)-based physiological vibration acceleration sensor""]"
"34773476","[""Clinical"", ""Ultrasound""], [""ultrasound""]","[""Clinical"", ""Ultrasound""]","[""ultrasound""]"
"34773974",NULL,"[""Imaging"", ""Genomics""]",NULL
"34776600","[""Smartphone app use""], [""Smartphone app use"", ""Fatigue/boredom""]","[""Smartphone app use""]","[""Smartphone app use"", ""Fatigue/boredom""]"
"34777332","[""Single Cell RNA sequencing"", ""Serum antibody titers""], [{""Modality"": ""Single Cell RNA Sequencing""}]","[""Single Cell RNA sequencing"", ""Serum antibody titers""]","[{""Modality"": ""Single Cell RNA Sequencing""}]"
"34782835","[""Medical Big Data""], [""Neural Network"", ""Simulated Annealing Algorithm""]","[""Medical Big Data""]","[""Neural Network"", ""Simulated Annealing Algorithm""]"
"34786311",NULL,NULL,NULL
"34786572","[""Metabolomics""], [""NMR spectroscopy""]","[""Metabolomics""]","[""NMR spectroscopy""]"
"34788078","[""Medical""], [""text"", ""image""]","[""Medical""]","[""text"", ""image""]"
"34788342","[""Vision""], [""gait"", ""sacrum mediolateral range of motion""]","[""Vision""]","[""gait"", ""sacrum mediolateral range of motion""]"
"34791422","[""electronic monitoring"", ""electronic health records"", ""smartphones"", ""wearables""], [""Electronic Monitoring"", ""Electronic Health Records"", ""Smartphones""]","[""electronic monitoring"", ""electronic health records"", ""smartphones"", ""wearables""]","[""Electronic Monitoring"", ""Electronic Health Records"", ""Smartphones""]"
"34793435",NULL,NULL,"[""Survey"", ""Questionnaire""]"
"34797702","[""Computed Tomography""], [""CT""]","[""Computed Tomography""]","[""CT""]"
"34797972","[""Raman spectroscopy"", ""Deep learning""], [""Hyperspectral Raman images""]","[""Raman spectroscopy"", ""Deep learning""]","[""Hyperspectral Raman images""]"
"34798245","[""Accelerometry""], [""acceleration""]","[""Accelerometry""]","[""acceleration""]"
"34799114",NULL,"[""birth conditions"", ""offspring longevity""]",NULL
"34802712","[""NCCT""], [""Computed Tomography""]","[""NCCT""]","[""Computed Tomography""]"
"34810001",NULL,NULL,NULL
"34812362",NULL,NULL,"[""temperature"", ""cough rate"", ""respiratory rate"", ""blood oxygen saturation""]"
"34814029","[""Near-infrared spectroscopy"", ""Brain-computer interface""], [""Olfactory system""]","[""Near-infrared spectroscopy"", ""Brain-computer interface""]","[""Olfactory system""]"
"34818936","[""structured"", ""unstructured""], [""Structured data"", ""Unstructured text""]","[""structured"", ""unstructured""]","[""Structured data"", ""Unstructured text""]"
"34819128","[""visual field"", ""perimetry""], [""Image"", ""Perimetry""]","[""visual field"", ""perimetry""]","[""Image"", ""Perimetry""]"
"34823197",NULL,NULL,NULL
"34823246","[""Clinical""], [""Medical Images"", ""ECG""]","[""Clinical""]","[""Medical Images"", ""ECG""]"
"34829370","[""PET""], [""Positron Emission Tomography (PET) scans""]","[""PET""]","[""Positron Emission Tomography (PET) scans""]"
"34829396","[""Lung Ultrasound""], [""Ultrasound""]","[""Lung Ultrasound""]","[""Ultrasound""]"
"34829456","[""Ultrasound""], [""Ultrasound""]","[""Ultrasound""]","[""Ultrasound""]"
"34829787","[""Clinical""], [""Clinical"", ""Psychiatric""]","[""Clinical""]","[""Clinical"", ""Psychiatric""]"
"34837331","[""Raman spectroscopy""], [""Spectral bands""]","[""Raman spectroscopy""]","[""Spectral bands""]"
"34837951",NULL,NULL,"[""Classification"", ""Regression""]"
"34838066","[""Plantar pressure""], [""Plantar pressure data""]","[""Plantar pressure""]","[""Plantar pressure data""]"
"34839147","[""T1-weighted magnetic resonance images""], [""MRI"", ""T1-weighted""]","[""T1-weighted magnetic resonance images""]","[""MRI"", ""T1-weighted""]"
"34850112","[""Text"", ""Other""], text","[""Text"", ""Other""]","text"
"34850171","[""Diagnostic Imaging""], [""MRI"", ""CT""]","[""Diagnostic Imaging""]","[""MRI"", ""CT""]"
"34851292","[""Neuroscience""], {}","[""Neuroscience""]","{}"
"34854943","[""Optical Coherence Tomography"", ""Coronary Angiography""], [""optical coherence tomography (OCT)"", ""coronary angiography""]","[""Optical Coherence Tomography"", ""Coronary Angiography""]","[""optical coherence tomography (OCT)"", ""coronary angiography""]"
"34856391","[""Web""], [""text""]","[""Web""]","[""text""]"
"34858824","[""Otolaryngology-Head and Neck Surgery""], {""modality1"": null, ""modality2"": null}","[""Otolaryngology-Head and Neck Surgery""]","{""modality1"": null, ""modality2"": null}"
"34862541","[""Neuroimaging""], [""MRI"", ""CT""]","[""Neuroimaging""]","[""MRI"", ""CT""]"
"34863649","[""ECG"", ""Imaging""], [""echocardiogram"", ""ECG""]","[""ECG"", ""Imaging""]","[""echocardiogram"", ""ECG""]"
"34864143","[""Text""], [""Structured Numeric Data"", ""Categorical Data"", ""Unstructured Text Data""]","[""Text""]","[""Structured Numeric Data"", ""Categorical Data"", ""Unstructured Text Data""]"
"34864679",NULL,"[""Demographic"", ""Genetic"", ""Neuropsychiatric"", ""Neuroimaging""]",NULL
"34867950","[""SOMAscan platform""], [""Proteomics""]","[""SOMAscan platform""]","[""Proteomics""]"
"34869483","[""symptoms"", ""blood biomarkers"", ""chest CT scan""], [""symptoms and signs"", ""blood biomarkers""]","[""symptoms"", ""blood biomarkers"", ""chest CT scan""]","[""symptoms and signs"", ""blood biomarkers""]"
"34871837","[""Electrocardiogram""], [""ECG images""]","[""Electrocardiogram""]","[""ECG images""]"
"34871982","[""Radiology reports"", ""ICD-10 codes""], [""Computed Tomography (CT)"", ""Extremity compression ultrasound (US)"", ""Nuclear ventilation-perfusion (VQ) scans""]","[""Radiology reports"", ""ICD-10 codes""]","[""Computed Tomography (CT)"", ""Extremity compression ultrasound (US)"", ""Nuclear ventilation-perfusion (VQ) scans""]"
"34878526",NULL,NULL,"[""interview schedule"", ""machine learning algorithm""]"
"34880311","[""Image""], [""Image""]","[""Image""]","[""Image""]"
"34880856",NULL,NULL,"[""Biological""]"
"34887449","[""RNA""], [""retina"", ""heart""]","[""RNA""]","[""retina"", ""heart""]"
"34887739","[""EEG"", ""EMG""], [""EEG"", ""EMG""]","[""EEG"", ""EMG""]","[""EEG"", ""EMG""]"
"34889978","[""Medical""], [{""ForeName"": ""Simone"", ""Initials"": ""S"", ""LastName"": ""Furini""}]","[""Medical""]","[{""ForeName"": ""Simone"", ""Initials"": ""S"", ""LastName"": ""Furini""}]"
"34893776","[""chest radiographs""], [""chest X-ray"", ""medical imaging""]","[""chest radiographs""]","[""chest X-ray"", ""medical imaging""]"
"34898324",NULL,NULL,NULL
"34898544","[""Digital Pathology Imaging""], [""Image"", ""Text""]","[""Digital Pathology Imaging""]","[""Image"", ""Text""]"
"34899212","[""EEG""], [""EEG""]","[""EEG""]","[""EEG""]"
"34899827",NULL,"[""miRNA""]",NULL
"34909565",NULL,NULL,"[""Neuroimaging""]"
"34929344","[""Functional magnetic resonance imaging""], Imaging, machine learning","[""Functional magnetic resonance imaging""]","Imaging, machine learning"
"34916084",NULL,NULL,"[""Image"", ""Other""]"
"34917694","[""Chest Radiograph""], [""Chest radiograph""]","[""Chest Radiograph""]","[""Chest radiograph""]"
"34919072","[""Open Magnetic Resonance Images"", ""Regions of Interest (ROIs)""], [""Spinal Muscles""]","[""Open Magnetic Resonance Images"", ""Regions of Interest (ROIs)""]","[""Spinal Muscles""]"
"34920543",NULL,NULL,"[""text"", ""image""]"
"34921162","[""Electrocardiogram""], [""Maternal abdominal electrocardiograms"", ""Fetal ECG""]","[""Electrocardiogram""]","[""Maternal abdominal electrocardiograms"", ""Fetal ECG""]"
"34921746","[""Functional MRI"", ""Neurofeedback""], [""fMRI"", ""EEG""]","[""Functional MRI"", ""Neurofeedback""]","[""fMRI"", ""EEG""]"
"34923280","[""Audio""], [""audio"", ""spectrograms""]","[""Audio""]","[""audio"", ""spectrograms""]"
"34927450","[""Magnetic resonance imaging""], [""Imaging""]","[""Magnetic resonance imaging""]","[""Imaging""]"
"34930582",NULL,NULL,"[{""modality"": ""patient-data""}]"
"34936195","[""Dosimetry""], [""Dosimetry"", ""Radiation therapy""]","[""Dosimetry""]","[""Dosimetry"", ""Radiation therapy""]"
"34936894","[""Administrative data""], [""administrative""]","[""Administrative data""]","[""administrative""]"
"34936945","[""Image""], [""Image"", ""Sensor""]","[""Image""]","[""Image"", ""Sensor""]"
"34937750","[""upper limb Fugl-Meyer (FM) scores""], [""upper limb Fugl-Meyer (FM) scores""]","[""upper limb Fugl-Meyer (FM) scores""]","[""upper limb Fugl-Meyer (FM) scores""]"
"34938605","[""DNA methylation""], [""DNA methylation"", ""machine learning""]","[""DNA methylation""]","[""DNA methylation"", ""machine learning""]"
"34949699","[""CT""], [""computed tomography""]","[""CT""]","[""computed tomography""]"
"34950616",NULL,"[""NICU patient data""]",NULL
"34953074","[""HR-pQCT""], [""Computed Tomography""]","[""HR-pQCT""]","[""Computed Tomography""]"
"34953160",NULL,NULL,NULL
"34953204","[""Standardized Patients"", ""Clinical Interactions""], {""text_data"": null, ""audio_data"": null, ""image_data"": null}","[""Standardized Patients"", ""Clinical Interactions""]","{""text_data"": null, ""audio_data"": null, ""image_data"": null}"
"34954633","[""brain gene expression microarray data""], [""microarray"", ""machine learning""]","[""brain gene expression microarray data""]","[""microarray"", ""machine learning""]"
"34957914","[""Medical Imaging"", ""Clinical Outcomes""], [""Text""]","[""Medical Imaging"", ""Clinical Outcomes""]","[""Text""]"
"35101728","[""multi-modal""], [""image"", ""multi-modal""]","[""multi-modal""]","[""image"", ""multi-modal""]"
"34966902","[""EEG""], [""EEG signals""]","[""EEG""]","[""EEG signals""]"
"34967848",NULL,NULL,"[""text"", ""image""]"
"34971918",NULL,NULL,"[""Machine Learning""]"
"34972694",NULL,NULL,"[""bedside care""]"
"34974446","[""Stroke""], [""Transcranial Direct Current Stimulation"", ""Robot-assisted arm training""]","[""Stroke""]","[""Transcranial Direct Current Stimulation"", ""Robot-assisted arm training""]"
"34977072",NULL,NULL,NULL
"34978635","[""Ultrasound""], [""Ultrasound""]","[""Ultrasound""]","[""Ultrasound""]"
"34979435","[""Histopathology""], Images","[""Histopathology""]","Images"
"34983017","[""skin image""], [""images""]","[""skin image""]","[""images""]"
"35033305","[""Ultrasound""], [""Ultrasound""]","[""Ultrasound""]","[""Ultrasound""]"
"34992127","[""MRI""], [""MRI"", ""T1-weighted imaging""]","[""MRI""]","[""MRI"", ""T1-weighted imaging""]"
"34996927","[""RNA-Seq""], [""gene expression patterns""]","[""RNA-Seq""]","[""gene expression patterns""]"
"34997373","[""MRI"", ""ESR"", ""CRP""], [""MRI""]","[""MRI"", ""ESR"", ""CRP""]","[""MRI""]"
"35002915","[""Video""], [""Video"", ""Inertial measurement units""]","[""Video""]","[""Video"", ""Inertial measurement units""]"
"35006495","[""Chest radiographs""], [""chest radiographs""]","[""Chest radiographs""]","[""chest radiographs""]"
"35007286","[""English Longitudinal Study of Aging (ELSA) data""], [""health variables"", ""demographic, lifestyle, and medical background information""]","[""English Longitudinal Study of Aging (ELSA) data""]","[""health variables"", ""demographic, lifestyle, and medical background information""]"
"35007352","[""Hematoxylin and eosin""], [{""Modality"": ""Whole Slide Images (WSIs)""}, {""Modality"": ""Hematoxylin and Eosin-stained images""}]","[""Hematoxylin and eosin""]","[{""Modality"": ""Whole Slide Images (WSIs)""}, {""Modality"": ""Hematoxylin and Eosin-stained images""}]"
"35009639","[""EEG""], [{""Modality"": ""EEG"", ""Description"": ""Electroencephalography""}, {""Modality"": ""VR"", ""Description"": ""Virtual reality""}]","[""EEG""]","[{""Modality"": ""EEG"", ""Description"": ""Electroencephalography""}, {""Modality"": ""VR"", ""Description"": ""Virtual reality""}]"
"35013227","[""Proteomics""], [""Proteomics""]","[""Proteomics""]","[""Proteomics""]"
"35017538",NULL,NULL,"[{""modality1"": ""nuclear and mitochondrial somatic mutational landscape""}, {""modality2"": ""tumour-types""}]"
"35018791","[""Brain Connectivity"", ""Structural and Functional Connectomes""], [""diffusion weighted"", ""resting state functional magnetic resonance imaging""]","[""Brain Connectivity"", ""Structural and Functional Connectomes""]","[""diffusion weighted"", ""resting state functional magnetic resonance imaging""]"
"35019849","[""Text""], [{""ModalityType"": ""Text""}]","[""Text""]","[{""ModalityType"": ""Text""}]"
"35021182",NULL,"[""Text""]",NULL
"35021305","[""Clinical"", ""Hormonal"", ""Semen Analysis""], [""hormonal"", ""clinical"", ""semen analysis""]","[""Clinical"", ""Hormonal"", ""Semen Analysis""]","[""hormonal"", ""clinical"", ""semen analysis""]"
"35023995","[""Radiograph images""], [""Radiograph images""]","[""Radiograph images""]","[""Radiograph images""]"
"35025073","[""Computed Tomography""], [""Image""]","[""Computed Tomography""]","[""Image""]"
"35025756","[""Email"", ""Internet""], [""self-reported data""]","[""Email"", ""Internet""]","[""self-reported data""]"
"35026177","[""Hospital Medicine"", ""Pulmonary"", ""Critical Care""], []","[""Hospital Medicine"", ""Pulmonary"", ""Critical Care""]","[]"
"35027333","[""RNA-sequencing"", ""Proteomics""], [{""Modality"": ""Clinical Data""}]","[""RNA-sequencing"", ""Proteomics""]","[{""Modality"": ""Clinical Data""}]"
"35027755","[""Image""], [{""count"": null, ""modality"": ""image""}, {""count"": null, ""modality"": ""text""}]","[""Image""]","[{""count"": null, ""modality"": ""image""}, {""count"": null, ""modality"": ""text""}]"
"35030208","[], [""Text"", ""Questionnaire""]","[]","[""Text"", ""Questionnaire""]"
"35034778","[""Computer Science"", ""Pediatrics"", ""Pathology and Laboratory Medicine"", ""Clinical Neurological Sciences"", ""Physiology and Pharmacology""], [""text"", ""image""]","[""Computer Science"", ""Pediatrics"", ""Pathology and Laboratory Medicine"", ""Clinical Neurological Sciences"", ""Physiology and Pharmacology""]","[""text"", ""image""]"
"35039069",NULL,NULL,"[""Text"", ""Survival Data""]"
"35040794","[""Twitter"", ""Tweets""], [""Text""]","[""Twitter"", ""Tweets""]","[""Text""]"
"35045864",NULL,NULL,NULL
"35047881","[""Force""], [""Audio"", ""Sensory cues""]","[""Force""]","[""Audio"", ""Sensory cues""]"
"35048041","[""oral""], [""visual analytics"", ""clinical presentation""]","[""oral""]","[""visual analytics"", ""clinical presentation""]"
"35048111","[], [{""Tags"": [], ""Modality"": ""Healthcare""}, {""Tags"": [], ""Modality"": ""Education""}]","[]","[{""Tags"": [], ""Modality"": ""Healthcare""}, {""Tags"": [], ""Modality"": ""Education""}]"
"35048782",NULL,NULL,NULL
"35054194","[""CXR images""], [""Images""]","[""CXR images""]","[""Images""]"
"35056931","[""Computational Modeling"", ""Finite Element Method""], [""temperature-sensitive liposomes"", ""magnetic hyperthermia""]","[""Computational Modeling"", ""Finite Element Method""]","[""temperature-sensitive liposomes"", ""magnetic hyperthermia""]"
"35058354","[""genomics"", ""histology""], [""mRNA measurements""]","[""genomics"", ""histology""]","[""mRNA measurements""]"
"35058431","[""structural brain MRI findings""], [""MRI"", ""T1-weighted images""]","[""structural brain MRI findings""]","[""MRI"", ""T1-weighted images""]"
"35062167",NULL,NULL,NULL
"35063339","[""Echocardiographic"", ""Doppler velocity"", ""Age"", ""Body surface area""], [""Doppler velocity traces"", ""Regional longitudinal strain""]","[""Echocardiographic"", ""Doppler velocity"", ""Age"", ""Body surface area""]","[""Doppler velocity traces"", ""Regional longitudinal strain""]"
"35063866","[""speech""], {""speech"": true, ""eye_movement_sleep_behavior"": true}","[""speech""]","{""speech"": true, ""eye_movement_sleep_behavior"": true}"
"35066631","[""CT""], {""CT images"": true, ""Histopathology"": true}","[""CT""]","{""CT images"": true, ""Histopathology"": true}"
"35072145",NULL,NULL,"[]"
"35074702",NULL,"[""Functional MRI""]",NULL
"35099942",NULL,"[""Serum Metabolic Fingerprints""]",NULL
"35076400","[""Reddit Posts""], [""text""]","[""Reddit Posts""]","[""text""]"
"35077592","[""laboratory"", ""echocardiographic""], [{""type"": ""Physiological""}]","[""laboratory"", ""echocardiographic""]","[{""type"": ""Physiological""}]"
"35084341","[""Web""], [""text""]","[""Web""]","[""text""]"
"35085294","[""Quantitative ultrasound"", ""Elastography""], [""ultrasound"", ""elastography""]","[""Quantitative ultrasound"", ""Elastography""]","[""ultrasound"", ""elastography""]"
"35087180","[""Speech"", ""Handwriting Recognition"", ""Natural Language Processing""], [""Speech"", ""Handwriting recognition""]","[""Speech"", ""Handwriting Recognition"", ""Natural Language Processing""]","[""Speech"", ""Handwriting recognition""]"
"35091423",NULL,NULL,"[""text"", null]"
"35098027",NULL,NULL,NULL
"35099382","[""Clinicopathological""], [""SHapley Additive exPlanations"", ""Receiver-operating-characteristic curve""]","[""Clinicopathological""]","[""SHapley Additive exPlanations"", ""Receiver-operating-characteristic curve""]"
"35102489","[""Electrovestibulography (EVestG) signals""], [""EVestG signals""]","[""Electrovestibulography (EVestG) signals""]","[""EVestG signals""]"
"35102519",NULL,NULL,"[""Text""]"
"35111593","[""Imaging"", ""Dopamine transposer - single photon emission computed tomography (DAT SPECT) images""], [{""text"": ""SPECT-based radiomics features"", ""category"": ""modality""}, {""text"": ""MRI images"", ""category"": ""modality""}]","[""Imaging"", ""Dopamine transposer - single photon emission computed tomography (DAT SPECT) images""]","[{""text"": ""SPECT-based radiomics features"", ""category"": ""modality""}, {""text"": ""MRI images"", ""category"": ""modality""}]"
"35113677","[""Administrative data"", ""Dietary data""], [""Dietary data"", ""Socioeconomic, demographic, psychological, and behavioural variables""]","[""Administrative data"", ""Dietary data""]","[""Dietary data"", ""Socioeconomic, demographic, psychological, and behavioural variables""]"
"35118777",NULL,NULL,NULL
"35120173","[""Ultrasonography""], [""Ultrasonography""]","[""Ultrasonography""]","[""Ultrasonography""]"
"35121948","[""Electronic Health Records (EHRs)"", ""medical notes""], [""health data"", ""medical notes""]","[""Electronic Health Records (EHRs)"", ""medical notes""]","[""health data"", ""medical notes""]"
"35122077",NULL,NULL,"[""Image"", ""Text""]"
"35126902","[""Scalp EEG""], [""scalp EEG""]","[""Scalp EEG""]","[""scalp EEG""]"
"35127487",NULL,NULL,"[""Digital twin technology""]"
"35131588",NULL,NULL,"[""Rodent-hunting cat ownership"", ""Winter birth"", ""Residential moves in childhood"", ""Head trauma history"", ""Tobacco smoking""]"
"35135685","[""EMR""], [""Natural Language Processing"", ""Value-based care""]","[""EMR""]","[""Natural Language Processing"", ""Value-based care""]"
"35136125","[""Gas chromatography"", ""Mass spectrometry""], [""Volatile Organic Compounds (VOCs)"", ""Gas Chromatography"", ""Time-of-Flight Mass Spectrometry""]","[""Gas chromatography"", ""Mass spectrometry""]","[""Volatile Organic Compounds (VOCs)"", ""Gas Chromatography"", ""Time-of-Flight Mass Spectrometry""]"
"35137490","[""Radiographs""], Radiographs","[""Radiographs""]","Radiographs"
"35138012","[""Structural Magnetic Resonance Imaging"", ""Angiography""], [""magnetic resonance imaging"", ""angiography""]","[""Structural Magnetic Resonance Imaging"", ""Angiography""]","[""magnetic resonance imaging"", ""angiography""]"
"35141430","[""Health data"", ""Vaccine coverage""], [""Text""]","[""Health data"", ""Vaccine coverage""]","[""Text""]"
"35148170","[""Clinical"", ""Demographic""], [""breast or axilla""]","[""Clinical"", ""Demographic""]","[""breast or axilla""]"
"35150255","[""Sequence"", ""Structural""], [""sequence features"", ""structural features""]","[""Sequence"", ""Structural""]","[""sequence features"", ""structural features""]"
"35157713","[""Swept-source OCT"", ""OCT-angiography""], [""Optical Coherence Tomography"", ""Angiography""]","[""Swept-source OCT"", ""OCT-angiography""]","[""Optical Coherence Tomography"", ""Angiography""]"
"35168594","[""Text""], [""text""]","[""Text""]","[""text""]"
"35169170","[""Plethysmogram tracings (PPG)""], [""Plethysmogram tracings""]","[""Plethysmogram tracings (PPG)""]","[""Plethysmogram tracings""]"
"35171745","[""Local field potentials"", ""Single-neuron recordings""], [""LFPs"", ""spikes""]","[""Local field potentials"", ""Single-neuron recordings""]","[""LFPs"", ""spikes""]"
"35172791",NULL,"[""Healthcare Utilization""]",NULL
"35174358","[""Facial expressions""], [""facial expression""]","[""Facial expressions""]","[""facial expression""]"
"35174892","[""MR""], [""Imaging"", ""Ultrasound""]","[""MR""]","[""Imaging"", ""Ultrasound""]"
"35177653","[""Medical data""], [""electronic health records"", ""medical images""]","[""Medical data""]","[""electronic health records"", ""medical images""]"
"35177717","[""Endoscopic still images""], [""Image""]","[""Endoscopic still images""]","[""Image""]"
"35178000","[""Text"", ""Audio/Visual""], [""Text"", ""Speech""]","[""Text"", ""Audio/Visual""]","[""Text"", ""Speech""]"
"35179046",NULL,NULL,NULL
"35180634","[""Functional Connectivity"", ""Resting-State""], [""fMRI""]","[""Functional Connectivity"", ""Resting-State""]","[""fMRI""]"
"35184845","[""Image""], [""Images""]","[""Image""]","[""Images""]"
"35193167","["" facial expressions""], [""face"", ""emotion""]","["" facial expressions""]","[""face"", ""emotion""]"
"35193790","[""Audio""], [""Audio""]","[""Audio""]","[""Audio""]"
"35194075","[""CT scans""], [""CT""]","[""CT scans""]","[""CT""]"
"35200318","[""sEMG""], [""surface Electromyography (sEMG)"", ""prosthetic hand control""]","[""sEMG""]","[""surface Electromyography (sEMG)"", ""prosthetic hand control""]"
"35202044","[""T1-weighted anatomical MRI""], [""T1-weighted anatomical MRI""]","[""T1-weighted anatomical MRI""]","[""T1-weighted anatomical MRI""]"
"35207705",NULL,"[""Age"", ""Body mass index"", ""Smoking habits"", ""Systemic pathologies"", ""Diet"", ""Alcohol"", ""Educational level"", ""Hormonal status""]",NULL
"35210316",NULL,NULL,"[""Imaging"", ""Machine Learning""]"
"35210331","[""Neuroradiology"", ""Radiology"", ""Neurology"", ""Medicine""], [""Neuroradiology"", ""Radiology"", ""Neurology""]","[""Neuroradiology"", ""Radiology"", ""Neurology"", ""Medicine""]","[""Neuroradiology"", ""Radiology"", ""Neurology""]"
"35210482","[""Volumetric data"", ""Structured patient clinical data""], [""medical imaging data"", ""structured patient clinical data""]","[""Volumetric data"", ""Structured patient clinical data""]","[""medical imaging data"", ""structured patient clinical data""]"
"35214095","[""Fluid Flow"", ""Solute Transport""], [""Text"", ""Abstract""]","[""Fluid Flow"", ""Solute Transport""]","[""Text"", ""Abstract""]"
"35216753","[""Text"", ""Image""], [""Image"", ""Text""]","[""Text"", ""Image""]","[""Image"", ""Text""]"
"35216930",NULL,NULL,"[""CT""]"
"35225756",NULL,NULL,"[null, null, null, null, null, null]"
"35230690","[""Genomic""], [""genomic interactions"", ""genes"", ""proteins"", ""pathways""]","[""Genomic""]","[""genomic interactions"", ""genes"", ""proteins"", ""pathways""]"
"35231927","[""Functional MRI""], [""fMRI""]","[""Functional MRI""]","[""fMRI""]"
"35238322",NULL,NULL,NULL
"35240789","[""Cardiac MRI"", ""Other imaging factors""], [""Images""]","[""Cardiac MRI"", ""Other imaging factors""]","[""Images""]"
"35243952","[""Health insurance claims""], [""claims"", ""demographics""]","[""Health insurance claims""]","[""claims"", ""demographics""]"
"35244484","[""Functional Magnetic Resonance Imaging""], [""fMRI""]","[""Functional Magnetic Resonance Imaging""]","[""fMRI""]"
"35245898","[""Neuroimaging""], [""image"", ""network""]","[""Neuroimaging""]","[""image"", ""network""]"
"35247215","[""survey""], [""surveys"", ""inventories""]","[""survey""]","[""surveys"", ""inventories""]"
"35251123","[""Microbiome""], [""taxonomic features"", ""batch effect correction""]","[""Microbiome""]","[""taxonomic features"", ""batch effect correction""]"
"35264564",NULL,NULL,NULL
"35265932","[""Invasive angiography""], [""Invasive angiography"", ""Noninvasive diagnostic modalities""]","[""Invasive angiography""]","[""Invasive angiography"", ""Noninvasive diagnostic modalities""]"
"35266984","[""Serum samples"", ""Liquid chromatography coupled to high-resolution mass spectrometry""], [""Bioassay"", ""Liquid chromatography coupled to high-resolution mass spectrometry""]","[""Serum samples"", ""Liquid chromatography coupled to high-resolution mass spectrometry""]","[""Bioassay"", ""Liquid chromatography coupled to high-resolution mass spectrometry""]"
"35267555","[""Medical images"", ""Quantitative ultrasound""], [""Medical Imaging""]","[""Medical images"", ""Quantitative ultrasound""]","[""Medical Imaging""]"
"35269470","[""Research"", ""Medical""], [""text"", ""image""]","[""Research"", ""Medical""]","[""text"", ""image""]"
"35271077","[""Brain signal"", ""Motor cortex""], [{""Modality"": ""fNIRS""}]","[""Brain signal"", ""Motor cortex""]","[{""Modality"": ""fNIRS""}]"
"35273914",NULL,NULL,"[{""ForeName"": ""Ying"", ""Initials"": ""Y"", ""LastName"": ""He""}, {""ForeName"": ""Ting"", ""Initials"": ""T"", ""LastName"": ""Bian""}]"
"35279142",NULL,NULL,NULL
"35287090","[""T1-weighted MRI"", ""Diffusion MRI""], [""MRI"", ""Survey""]","[""T1-weighted MRI"", ""Diffusion MRI""]","[""MRI"", ""Survey""]"
"35292693","[""Immunofluorescence"", ""DAPI"", ""Na[+]K[+]ATPase""], [""nuclear"", ""membrane""]","[""Immunofluorescence"", ""DAPI"", ""Na[+]K[+]ATPase""]","[""nuclear"", ""membrane""]"
"35293872","[""TEXT""], [""text data""]","[""TEXT""]","[""text data""]"
"35294251","[""brain functional magnetic resonance imaging"", ""behavioral""], [""fMRI""]","[""brain functional magnetic resonance imaging"", ""behavioral""]","[""fMRI""]"
"35294539","[""Electronic Health Record (EHR)""], [""text"", ""image""]","[""Electronic Health Record (EHR)""]","[""text"", ""image""]"
"35296767",NULL,"[""Publicly available dataset""]",NULL
"35297114","[""7 T MRI""], [""7 T MRI"", ""MP2RAGE"", ""T2 *-weighted GRE""]","[""7 T MRI""]","[""7 T MRI"", ""MP2RAGE"", ""T2 *-weighted GRE""]"
"35301516","[""Structural magnetic resonance imaging""], [""Grey Matter Images""]","[""Structural magnetic resonance imaging""]","[""Grey Matter Images""]"
"35301676","[""Single-Lead ECG""], [""ECG""]","[""Single-Lead ECG""]","[""ECG""]"
"35305545","[""MRI""], [""Image""]","[""MRI""]","[""Image""]"
"35305867","[""Genomic""], [""Text""]","[""Genomic""]","[""Text""]"
"35306044","[""ECG"", ""EDA"", ""EGG"", ""Respiration"", ""Body temperature"", ""Skin temperature"", ""Body movements""], [""ECG"", ""EDA"", ""EGG"", ""respiration"", ""body and skin temperature"", ""body movements""]","[""ECG"", ""EDA"", ""EGG"", ""Respiration"", ""Body temperature"", ""Skin temperature"", ""Body movements""]","[""ECG"", ""EDA"", ""EGG"", ""respiration"", ""body and skin temperature"", ""body movements""]"
"35311178","[""Clinical"", ""Genomic""], [""Text""]","[""Clinical"", ""Genomic""]","[""Text""]"
"35314708",NULL,NULL,"Text"
"35317793",NULL,NULL,"[""Physician Claims"", ""Hospital Discharge""]"
"35321230","[""functional magnetic resonance imaging"", ""diffusion MRI""], [""fmri"", ""diffusion MRI""]","[""functional magnetic resonance imaging"", ""diffusion MRI""]","[""fmri"", ""diffusion MRI""]"
"35321918",NULL,NULL,"[{""Modality_used"": ""Imaging"", ""Type_of_Modalitiy"": ""CT Scan""}, {""Modality_used"": ""Physiological signals"", ""Type_of_Modalitiy"": ""ECG""}]"
"35322668","[""Text""], [{""value"": ""text""}, {""value"": ""administrative data""}]","[""Text""]","[{""value"": ""text""}, {""value"": ""administrative data""}]"
"35329938","[""fMRI""], [""Functional Connectivity""]","[""fMRI""]","[""Functional Connectivity""]"
"35334336","[""EEG""], [""EEG""]","[""EEG""]","[""EEG""]"
"35336541","[""Kinematic data""], [""Kinematic_data"", ""Motion_capture_system""]","[""Kinematic data""]","[""Kinematic_data"", ""Motion_capture_system""]"
"35341955","[""Echocardiographic"", ""Invasive""], [""echocardiography"", ""invasive pressure measurements""]","[""Echocardiographic"", ""Invasive""]","[""echocardiography"", ""invasive pressure measurements""]"
"35354470","[""Gait""], [""Gait Data""]","[""Gait""]","[""Gait Data""]"
"35359924",NULL,NULL,NULL
"35360446","[""CT images""], [""Imaging"", ""Computed Tomography""]","[""CT images""]","[""Imaging"", ""Computed Tomography""]"
"35360927",NULL,NULL,"[""text""]"
"35361575","[""MR imaging""], [""T2-weighted"", ""gadolinium-enhanced T1-weighted""]","[""MR imaging""]","[""T2-weighted"", ""gadolinium-enhanced T1-weighted""]"
"35361921","[""Whole-blood DNAm""], [""genomics"", ""epigenetics""]","[""Whole-blood DNAm""]","[""genomics"", ""epigenetics""]"
"35363276",NULL,NULL,"[""morphological, locomotor, sensory and learning phenotypes""]"
"35365510","[""Administrative health data""], [""healthcare""]","[""Administrative health data""]","[""healthcare""]"
"35366258","[""blood""], [""IgM"", ""IgA"", ""IgG""]","[""blood""]","[""IgM"", ""IgA"", ""IgG""]"
"35367562","[""CT""], [""Software-based nonrigid two- and three-dimensional aortic deformational intraoperative assessment""]","[""CT""]","[""Software-based nonrigid two- and three-dimensional aortic deformational intraoperative assessment""]"
"35369856","[""Kinematics"", ""Motion""], [""Kinematics""]","[""Kinematics"", ""Motion""]","[""Kinematics""]"
"35372193",NULL,NULL,"[""text""]"
"35372638",NULL,NULL,NULL
"35377036","[""Ultrasound""], [""Ultrasound""]","[""Ultrasound""]","[""Ultrasound""]"
"35377253","[""clinical""], [""Ontologies""]","[""clinical""]","[""Ontologies""]"
"35377806","[""single-cell RNA-sequencing""], [{""Name"": ""Cellular"", ""Description"": null}, {""Name"": ""Transcriptional"", ""Description"": null}]","[""single-cell RNA-sequencing""]","[{""Name"": ""Cellular"", ""Description"": null}, {""Name"": ""Transcriptional"", ""Description"": null}]"
"35379856","[""Chest X-rays""], [{""count"": 224316, ""modality"": ""Chest X-ray images""}]","[""Chest X-rays""]","[{""count"": 224316, ""modality"": ""Chest X-ray images""}]"
"35406569","[""FTIR"", ""XRD"", ""FESEM"", ""TEM"", ""VSM""], [""Images"", ""Chemical analysis""]","[""FTIR"", ""XRD"", ""FESEM"", ""TEM"", ""VSM""]","[""Images"", ""Chemical analysis""]"
"35381453","[""Medical imaging""], [""SPECT"", ""PET""]","[""Medical imaging""]","[""SPECT"", ""PET""]"
"35385045","[""Optical Coherence Tomography"", ""Clinical Features""], [""optical coherence tomography (OCT)"", "" clinical features""]","[""Optical Coherence Tomography"", ""Clinical Features""]","[""optical coherence tomography (OCT)"", "" clinical features""]"
"35387650",NULL,NULL,"[""Demographic"", ""Comorbidity"", ""Procedural""]"
"35388080","[""RGB images of retinal fundus"", ""Metadata""], [""RGB fundus images"", ""metadata""]","[""RGB images of retinal fundus"", ""Metadata""]","[""RGB fundus images"", ""metadata""]"
"35389187","[""Ordinal""], [""Ordinal data""]","[""Ordinal""]","[""Ordinal data""]"
"35391768","[""X-ray""], [""Image"", ""Text""]","[""X-ray""]","[""Image"", ""Text""]"
"35391789",NULL,NULL,NULL
"35394862","[""Text""], []","[""Text""]","[]"
"35396530","[""Light microscopic images"", ""Osmium tetroxide-stained rat nerves""], [""image"", ""histomorphometry""]","[""Light microscopic images"", ""Osmium tetroxide-stained rat nerves""]","[""image"", ""histomorphometry""]"
"35404833","[""Ultrasound""], [""Ultrasound""]","[""Ultrasound""]","[""Ultrasound""]"
"35405523","[""Cardiovascular signatures""], [""Affiliation""]","[""Cardiovascular signatures""]","[""Affiliation""]"
"35408081","[""Electrocardiogram""], [""ECG"", ""Spectrogram""]","[""Electrocardiogram""]","[""ECG"", ""Spectrogram""]"
"35410226","[""Cardiovascular magnetic resonance (CMR) images""], [""Imaging Data"", ""Cardiovascular Data""]","[""Cardiovascular magnetic resonance (CMR) images""]","[""Imaging Data"", ""Cardiovascular Data""]"
"35415406",NULL,NULL,"[""Machine learning"", ""Predictive systems""]"
"35415417","[""Optic Nerve Image""], [""Image"", ""Shape Information""]","[""Optic Nerve Image""]","[""Image"", ""Shape Information""]"
"35415436",NULL,NULL,"[""Blood glucose concentration"", ""Carbohydrate intake"", ""Exercise intensity""]"
"35415448","[""Radars"", ""Thermal Camera""], [""radar"", ""thermal camera"", ""motion tracking suit""]","[""Radars"", ""Thermal Camera""]","[""radar"", ""thermal camera"", ""motion tracking suit""]"
"35415612","[""Arterial blood pressure"", ""Heart rate""], [""Heart rate"", ""Arterial blood pressure""]","[""Arterial blood pressure"", ""Heart rate""]","[""Heart rate"", ""Arterial blood pressure""]"
"35418698","[""Bedside computed X-ray (CXR)""], [""image"", ""text""]","[""Bedside computed X-ray (CXR)""]","[""image"", ""text""]"
"35418839","[""Magnetic""], [""Neuromagnetic signals""]","[""Magnetic""]","[""Neuromagnetic signals""]"
"35419507","[""Motion"", ""Physiological indicators""], [""Motion"", ""Physiological""]","[""Motion"", ""Physiological indicators""]","[""Motion"", ""Physiological""]"
"35419699","[""SPECT""], [""SPECT""]","[""SPECT""]","[""SPECT""]"
"35422402","[""CT""], [""Sagittal images"", ""Axial images""]","[""CT""]","[""Sagittal images"", ""Axial images""]"
"35439663","[""Image""], [""X-rays"", ""CT-scans""]","[""Image""]","[""X-rays"", ""CT-scans""]"
"35426912","[""Electronic Health Record"", ""Brain Imaging"", ""Health Survey"", ""Intensive Care""], [""Imaging"", ""Survey""]","[""Electronic Health Record"", ""Brain Imaging"", ""Health Survey"", ""Intensive Care""]","[""Imaging"", ""Survey""]"
"35431026","[""Clinical"", ""Administrative""], [""Administrative""]","[""Clinical"", ""Administrative""]","[""Administrative""]"
"35434609",NULL,NULL,"[""Human-agent collaboration""]"
"35434676","[""Electronic health records"", ""Genomic data""], [""None""]","[""Electronic health records"", ""Genomic data""]","[""None""]"
"35442533","[""Diagnostic"", ""Anatomical"", ""Dosimetric""], [""Image""]","[""Diagnostic"", ""Anatomical"", ""Dosimetric""]","[""Image""]"
"35443626",NULL,NULL,NULL
"35443717","[""Gene expression""], [""RNA""]","[""Gene expression""]","[""RNA""]"
"35445698","[""Genomics"", ""Multi-omics""], [{""Modality"": ""multi-omics cancer data"", ""Description"": ""three types of high-dimensional omics data""}]","[""Genomics"", ""Multi-omics""]","[{""Modality"": ""multi-omics cancer data"", ""Description"": ""three types of high-dimensional omics data""}]"
"35447735","[""numerical"", ""clinical""], {""pam"": 6, ""k_prototype"": 6, ""hierarchical_clustering"": 6}","[""numerical"", ""clinical""]","{""pam"": 6, ""k_prototype"": 6, ""hierarchical_clustering"": 6}"
"35448224","[""DaTSCAN SPECT Imaging Features"", ""Clinical""], [""clinical"", ""DaTSCAN SPECT Imaging Features""]","[""DaTSCAN SPECT Imaging Features"", ""Clinical""]","[""clinical"", ""DaTSCAN SPECT Imaging Features""]"
"35449371",NULL,NULL,"[""Novel dataset"", ""Multiple disease areas""]"
"35469087",NULL,NULL,NULL
"35454066","[""Magnetic Resonance""], [""Magnetic Resonance (MR) images""]","[""Magnetic Resonance""]","[""Magnetic Resonance (MR) images""]"
"35459150","[""physiological"", ""objective""], [""heart rate variability"", ""sleep"", ""activity""]","[""physiological"", ""objective""]","[""heart rate variability"", ""sleep"", ""activity""]"
"35459793",NULL,NULL,NULL
"35462216","[""MRI""], [""MRI""]","[""MRI""]","[""MRI""]"
"35463119","[""Metabolomics""], [""Breath"", ""Plasma""]","[""Metabolomics""]","[""Breath"", ""Plasma""]"
"35466939","[""MRI"", ""Genetic Data""], [""MRI"", ""Genetic""]","[""MRI"", ""Genetic Data""]","[""MRI"", ""Genetic""]"
"35467517",NULL,"[""Text""]",NULL
"35468151","[""Proteomics"", ""Metabolomics"", ""Lipidomics"", ""RNA sequencing""], [""proteomics"", ""metabolomics"", ""lipidomics"", ""RNA sequencing""]","[""Proteomics"", ""Metabolomics"", ""Lipidomics"", ""RNA sequencing""]","[""proteomics"", ""metabolomics"", ""lipidomics"", ""RNA sequencing""]"
"35472473","[""Behavioral""], [""behavioural"", ""emotional""]","[""Behavioral""]","[""behavioural"", ""emotional""]"
"35474073","[""ECG""], [""ECG"", ""Image""]","[""ECG""]","[""ECG"", ""Image""]"
"35475554","[""Genotype-phenotype data""], [""Text""]","[""Genotype-phenotype data""]","[""Text""]"
"35477557","[""genomics""], [""gene_expression""]","[""genomics""]","[""gene_expression""]"
"35478098","[""Visual""], [{""label"": """", ""value"": """"}]","[""Visual""]","[{""label"": """", ""value"": """"}]"
"35482216","[""Image"", ""Path960"", ""BreakHis""], [""Image"", ""Color histogram"", ""Local Binary Pattern""]","[""Image"", ""Path960"", ""BreakHis""]","[""Image"", ""Color histogram"", ""Local Binary Pattern""]"
"35482653","[""Genomics""], [""Genomics"", null]","[""Genomics""]","[""Genomics"", null]"
"35483906","[""MR Imaging""], [""MR imaging""]","[""MR Imaging""]","[""MR imaging""]"
"35486643","[""Brain Imaging""], [""brain imaging""]","[""Brain Imaging""]","[""brain imaging""]"
"35489707","[""X-ray""], [""X-Ray""]","[""X-ray""]","[""X-Ray""]"
"35490557","[""Near-Infrared Spectroscopy""], [""fNIRS"", ""cognitive""]","[""Near-Infrared Spectroscopy""]","[""fNIRS"", ""cognitive""]"
"35490641","[""3D simulation"", ""Tumor growth""], [""Medical Imaging""]","[""3D simulation"", ""Tumor growth""]","[""Medical Imaging""]"
"35495111","[""Genomics"", ""Epigenetics""], [""DNA sequence variation"", ""differential methylation"", ""gene expression""]","[""Genomics"", ""Epigenetics""]","[""DNA sequence variation"", ""differential methylation"", ""gene expression""]"
"35496371","[""Motion (accelerometer)"", ""Physiological indicators (blood volume pulse, electrodermal activity, and skin temperature)""], [""accelerometer"", ""blood volume pulse"", ""electrodermal activity"", ""skin temperature""]","[""Motion (accelerometer)"", ""Physiological indicators (blood volume pulse, electrodermal activity, and skin temperature)""]","[""accelerometer"", ""blood volume pulse"", ""electrodermal activity"", ""skin temperature""]"
"35511879","[""retinal vessel analysis"", ""computed tomography angiography""], [""Image data (retinal fundus images), Clinical outcomes""]","[""retinal vessel analysis"", ""computed tomography angiography""]","[""Image data (retinal fundus images), Clinical outcomes""]"
"35500807","[""MRI""], [""MRI""]","[""MRI""]","[""MRI""]"
"35503302","[""Graphics"", ""Particles""], [""Text"", ""Image""]","[""Graphics"", ""Particles""]","[""Text"", ""Image""]"
"35503738","[""Tertiary academic hospital centers""], [{""label"": ""Modalities"", ""value"": ""surgical data""}]","[""Tertiary academic hospital centers""]","[{""label"": ""Modalities"", ""value"": ""surgical data""}]"
"35510180",NULL,NULL,"[""Text""]"
"35510848","[""Ultrasound""], [""Ultrasound""]","[""Ultrasound""]","[""Ultrasound""]"
"35512997","[""Nuclear Cardiology""], [{""value"": null}, {""value"": null}, {""value"": null}, {""value"": null}]","[""Nuclear Cardiology""]","[{""value"": null}, {""value"": null}, {""value"": null}, {""value"": null}]"
"35522554","[""Microscopy""], {""Text"": false, ""Image"": false, ""Video"": false}","[""Microscopy""]","{""Text"": false, ""Image"": false, ""Video"": false}"
"35524200","[], [""Mammography"", ""Risk prediction""]","[]","[""Mammography"", ""Risk prediction""]"
"35526426",NULL,NULL,"[""text""]"
"35529862",NULL,NULL,"[""Nasopharyngeal swab samples"", ""Serum of COVID-19 patients""]"
"35536000","[""diffusion tensor"", ""resting-state functional magnetic resonance imaging""], [""structural and functional MRI""]","[""diffusion tensor"", ""resting-state functional magnetic resonance imaging""]","[""structural and functional MRI""]"
"35538599","[""Gait""], [""Frontal and Sagittal Knee Angle"", ""Moment Waveforms""]","[""Gait""]","[""Frontal and Sagittal Knee Angle"", ""Moment Waveforms""]"
"35540307",NULL,NULL,"[""IoT"", ""vaccine""]"
"35549854","[""Operative Reports"", ""Pathology Reports""], [{""value"": ""text""}]","[""Operative Reports"", ""Pathology Reports""]","[{""value"": ""text""}]"
"35550304",NULL,NULL,NULL
"35551279","[""text""], [""text""]","[""text""]","[""text""]"
"35553346",NULL,NULL,"[""EEG""]"
"35558638","[""Audio""], [""Audio""]","[""Audio""]","[""Audio""]"
"35562203","[""Bright-field microscopy""], [""Bright-field microscopy images""]","[""Bright-field microscopy""]","[""Bright-field microscopy images""]"
"35562794",NULL,"[""Flow Cytometry""]",NULL
"35567357","[""Metabolomics""], [""Metabolomics"", ""Physiological Normalization""]","[""Metabolomics""]","[""Metabolomics"", ""Physiological Normalization""]"
"35568604",NULL,"[""Clinical""]",NULL
"35570482","[""MRI"", ""Biomarker""], [""MRI"", ""Biomarker/risk factor""]","[""MRI"", ""Biomarker""]","[""MRI"", ""Biomarker/risk factor""]"
"35572938","[""Plantar-Pressure""], [""Plantar pressure data""]","[""Plantar-Pressure""]","[""Plantar pressure data""]"
"35576434","[""Sensor"", ""Motor""], [""Robotics"", ""Visual""]","[""Sensor"", ""Motor""]","[""Robotics"", ""Visual""]"
"35578132","[""Functional connectivity""], [""resting-state functional connectivity""]","[""Functional connectivity""]","[""resting-state functional connectivity""]"
"35579325","[""Diffusion MRI"", ""Symptom measures""], [""MRI""]","[""Diffusion MRI"", ""Symptom measures""]","[""MRI""]"
"35582169","[""Light-Microscopy"", ""Image""], [""Light-Microscopy"", ""Color"", ""Morphology"", ""Microstructural Texture""]","[""Light-Microscopy"", ""Image""]","[""Light-Microscopy"", ""Color"", ""Morphology"", ""Microstructural Texture""]"
"35582390","[""Smartphone"", ""Machine Learning""], [""BLE"", ""Machine Learning Classifiers""]","[""Smartphone"", ""Machine Learning""]","[""BLE"", ""Machine Learning Classifiers""]"
"35590972","[""ECG""], [""ECG""]","[""ECG""]","[""ECG""]"
"35584008","[""Text"", ""Image""], [{""Modality"": null}, {""Modality"": null}, {""Modality"": null}, {""Modality"": null}]","[""Text"", ""Image""]","[{""Modality"": null}, {""Modality"": null}, {""Modality"": null}, {""Modality"": null}]"
"35584867",NULL,NULL,"[""Text""]"
"35585624",NULL,NULL,"[""cardiopulmonary bypass"", ""cardiac surgery""]"
"35586452","[""Acoustic""], [""Acoustic data""]","[""Acoustic""]","[""Acoustic data""]"
"35588339","[""Ultrasound""], [""Ultrasound"", ""Medical Images""]","[""Ultrasound""]","[""Ultrasound"", ""Medical Images""]"
"35594754","[""Electronic Medical Records""], [""Electronic Medical Records"", ""Claims Data""]","[""Electronic Medical Records""]","[""Electronic Medical Records"", ""Claims Data""]"
"35596758",NULL,NULL,"[""Administrative Data"", ""Survey Data"", ""Questionnaire Data""]"
"35601598","[""Magnetic Resonance Imaging"", ""Positron Emission Tomography""], [""PET"", ""MRI""]","[""Magnetic Resonance Imaging"", ""Positron Emission Tomography""]","[""PET"", ""MRI""]"
"35601842","[""SEIR model"", ""Machine learning classification model""], [{""Modality"": ""SEIR model""}, {""Modality"": ""clinical severity risk""}]","[""SEIR model"", ""Machine learning classification model""]","[{""Modality"": ""SEIR model""}, {""Modality"": ""clinical severity risk""}]"
"35603264","[""Electronic health record data""], [""uncomplicated urinary tract infections"", ""infections""]","[""Electronic health record data""]","[""uncomplicated urinary tract infections"", ""infections""]"
"35603380",NULL,NULL,"[""Viral Load"", ""Productively Infected Cells""]"
"35606655","[""CT angiography""], [""CT angiography"", ""MRI"", ""scanner""]","[""CT angiography""]","[""CT angiography"", ""MRI"", ""scanner""]"
"35607982",NULL,NULL,NULL
"35608211","[""Imaging"", ""Cardiovascular""], [""image"", ""functional""]","[""Imaging"", ""Cardiovascular""]","[""image"", ""functional""]"
"35608262",NULL,"[""TMS"", ""Electrical stimulation""]",NULL
"35612005",NULL,"[""Toenails""]",NULL
"35612024","[""Biomarkers""], [""blood sugar"", ""body mass index"", ""high-density lipoprotein levels""]","[""Biomarkers""]","[""blood sugar"", ""body mass index"", ""high-density lipoprotein levels""]"
"35614153",NULL,NULL,"[""text""]"
"35616520",NULL,NULL,"[{""modality"": ""None""}, {""modality"": ""Department of Child and Adolescent Psychiatry and Psychotherapy, University Medical Centre Göttingen, Göttingen, Germany.""}]"
"35620143",NULL,"[""Electronic Health Record"", ""Patient Monitors""]",NULL
"35624544","[""MRI""], {""Other Modalities"": [], ""Imaging Modalities"": [""MRI""]}","[""MRI""]","{""Other Modalities"": [], ""Imaging Modalities"": [""MRI""]}"
"35632058","[""sEMG""], [""Electromyography""]","[""sEMG""]","[""Electromyography""]"
"35632155","[""Upper limb exercises""], [""Anthropomorphic Exoskeleton Robot""]","[""Upper limb exercises""]","[""Anthropomorphic Exoskeleton Robot""]"
"35640774","[""EHR"", ""Insurance Claims""], [""Electronic health record""]","[""EHR"", ""Insurance Claims""]","[""Electronic health record""]"
"35641101","[""Echocardiographic""], [""Echocardiographic"", ""Clinical""]","[""Echocardiographic""]","[""Echocardiographic"", ""Clinical""]"
"35641411","[""Echocardiograms""], [""echocardiograms""]","[""Echocardiograms""]","[""echocardiograms""]"
"35645465","[""images"", ""video"", ""audio"", ""text""], [""images"", ""video"", ""audio"", ""text""]","[""images"", ""video"", ""audio"", ""text""]","[""images"", ""video"", ""audio"", ""text""]"
"35648455","[""Biomedical"", ""clinician-reported"", ""patient-reported""], [""Text"", ""Image""]","[""Biomedical"", ""clinician-reported"", ""patient-reported""]","[""Text"", ""Image""]"
"35650191","[""Calcium""], [""Calcium dynamics""]","[""Calcium""]","[""Calcium dynamics""]"
"35653898","[""Inertial measurement units (IMUs)""], [""Surface classification"", ""Gait behavior""]","[""Inertial measurement units (IMUs)""]","[""Surface classification"", ""Gait behavior""]"
"35657100","[""Videofluoroscopic"", ""Kinematic""], [""video"", ""kinematics""]","[""Videofluoroscopic"", ""Kinematic""]","[""video"", ""kinematics""]"
"35657648","[""Laboratory blood tests"", ""Vitals"", ""Age"", ""Sex"", ""Admission diagnosis""], [""text"", ""numeric data""]","[""Laboratory blood tests"", ""Vitals"", ""Age"", ""Sex"", ""Admission diagnosis""]","[""text"", ""numeric data""]"
"35658811","[""Imaging""], [""Health satisfaction"", ""Subjective social standing""]","[""Imaging""]","[""Health satisfaction"", ""Subjective social standing""]"
"35659446","[""T1 weighted MRI scans"", ""SPECT"", ""CSF""], [""Neuroimaging"", ""Biological""]","[""T1 weighted MRI scans"", ""SPECT"", ""CSF""]","[""Neuroimaging"", ""Biological""]"
"35660759",NULL,"[""continuous""]",NULL
"35661152","[""Imaging"", ""Clinical""], [""Diagnostic Imaging"", ""Neurosurgery"", ""Pediatrics""]","[""Imaging"", ""Clinical""]","[""Diagnostic Imaging"", ""Neurosurgery"", ""Pediatrics""]"
"35664103",NULL,"[""Demographic information"", ""Symptoms"", ""Co-morbidities"", ""Electronic medical records""]",NULL
"35670996","[""Neurology"", ""Radiology""], [""text""]","[""Neurology"", ""Radiology""]","[""text""]"
"35684646","[""ultrasound""], [""Audio"", ""Video""]","[""ultrasound""]","[""Audio"", ""Video""]"
"35673065",NULL,NULL,"text"
"35676445","[""Radiation Oncology"", ""Biomedical Data Science""], [""affiliation"", ""radiation oncology""]","[""Radiation Oncology"", ""Biomedical Data Science""]","[""affiliation"", ""radiation oncology""]"
"35680953","[""EEG""], [""EEG"", ""multiscale entropy""]","[""EEG""]","[""EEG"", ""multiscale entropy""]"
"35686827","[""Health-Related Artificial Intelligence"", ""Medical Devices"", ""AI""], []","[""Health-Related Artificial Intelligence"", ""Medical Devices"", ""AI""]","[]"
"35686988","[""Binary images"", ""Center of mass coordinates""], {""Types"": [""Binary images"", ""Center of mass coordinates""]}","[""Binary images"", ""Center of mass coordinates""]","{""Types"": [""Binary images"", ""Center of mass coordinates""]}"
"35688143","[""Electrocardiograms""], [""ECG"", ""Reduced-lead electrocardiograms""]","[""Electrocardiograms""]","[""ECG"", ""Reduced-lead electrocardiograms""]"
"35688888","[""ASEX""], [""health records"", ""Arizona Sexual Experiences Scale (ASEX)""]","[""ASEX""]","[""health records"", ""Arizona Sexual Experiences Scale (ASEX)""]"
"35690537","[""CT lung imaging"", ""Lung function measurements""], [""CT images"", ""lung function measurements""]","[""CT lung imaging"", ""Lung function measurements""]","[""CT images"", ""lung function measurements""]"
"35690622","[""RNA-seq""], [""Transcriptomic data""]","[""RNA-seq""]","[""Transcriptomic data""]"
"35690630","[""Digital Histopathology""], [""histology images"", ""wavelet features"", ""graph-based features""]","[""Digital Histopathology""]","[""histology images"", ""wavelet features"", ""graph-based features""]"
"35694571","[""image""], [""Image"", ""Biomedical""]","[""image""]","[""Image"", ""Biomedical""]"
"35694836","[""Imaging"", ""Clinical status""], [""Urology""]","[""Imaging"", ""Clinical status""]","[""Urology""]"
"35700006",NULL,NULL,"[{""Modality"": ""Biological""}, {""Modality"": ""Healthcare""}]"
"35701461","[""Planning-CT""], [""CT images""]","[""Planning-CT""]","[""CT images""]"
"35705626","[""nasopharyngeal metabolome""], [""Metabolome"", ""Viral load""]","[""nasopharyngeal metabolome""]","[""Metabolome"", ""Viral load""]"
"35708294","[""Blood Pressure""], [""Text""]","[""Blood Pressure""]","[""Text""]"
"35710638","[""metabolomics"", ""gas chromatography-liquid chromatography mass spectrometry""], [""Liquid chromatography"", ""Mass spectrometry""]","[""metabolomics"", ""gas chromatography-liquid chromatography mass spectrometry""]","[""Liquid chromatography"", ""Mass spectrometry""]"
"35710769","[""Audio"", ""Text""], [""Audio"", ""Text""]","[""Audio"", ""Text""]","[""Audio"", ""Text""]"
"35711337","[""FLAIR""], [""FLAIR""]","[""FLAIR""]","[""FLAIR""]"
"35712881","[""Visual""], [""Video"", ""Mirror images""]","[""Visual""]","[""Video"", ""Mirror images""]"
"35717344","[""Second-harmonic generation"", ""Polarimetric""], [""Polarimetric second-harmonic generation microscopy"", ""Texture analysis""]","[""Second-harmonic generation"", ""Polarimetric""]","[""Polarimetric second-harmonic generation microscopy"", ""Texture analysis""]"
"35719689","[""Text""], [""Text"", ""Image""]","[""Text""]","[""Text"", ""Image""]"
"35719866","[""Electronic Health Records (EHRs)""], [{""name"": ""Natural Language Processing (NLP)""}]","[""Electronic Health Records (EHRs)""]","[{""name"": ""Natural Language Processing (NLP)""}]"
"35720015","[""Clinical"", ""Pathological""], [{""pathology_data"": true}, {""radiology_data"": true}]","[""Clinical"", ""Pathological""]","[{""pathology_data"": true}, {""radiology_data"": true}]"
"35720974",NULL,"[""Sequencing""]",NULL
"35724468","[""Radiation Oncology"", ""Otorhinolaryngology - Head and Neck Surgery"", ""Medical Oncology""], []","[""Radiation Oncology"", ""Otorhinolaryngology - Head and Neck Surgery"", ""Medical Oncology""]","[]"
"35726927","[""Virtual Reality""], [""Virtual reality"", ""Surgical skills""]","[""Virtual Reality""]","[""Virtual reality"", ""Surgical skills""]"
"35726954","[""Flow cytometry""], [""Flow cytometry"", ""Radar plots"", ""Support Vector Machine (SVM)"", ""Principal Component Analysis (PCA)"", ""t-SNE"", ""UMAP""]","[""Flow cytometry""]","[""Flow cytometry"", ""Radar plots"", ""Support Vector Machine (SVM)"", ""Principal Component Analysis (PCA)"", ""t-SNE"", ""UMAP""]"
"35727568","[""MRI""], [""MRI"", ""Clinical""]","[""MRI""]","[""MRI"", ""Clinical""]"
"35727872",NULL,"[""Imaging"", ""Nuclear Medicine""]",NULL
"35731736","[""Ultrasound""], [""fetal ultrasound images""]","[""Ultrasound""]","[""fetal ultrasound images""]"
"35732856","[""Ocular Coherence Tomography (OCT) imaging"", ""multifocal Electroretinogram (mfERG)""], [""electroretinogram (mfERG)"", ""ocular coherence tomography (OCT)""]","[""Ocular Coherence Tomography (OCT) imaging"", ""multifocal Electroretinogram (mfERG)""]","[""electroretinogram (mfERG)"", ""ocular coherence tomography (OCT)""]"
"35738052","[""Functional Connectomes""], [""brain activity"", ""functional connectomes""]","[""Functional Connectomes""]","[""brain activity"", ""functional connectomes""]"
"35740270","[""Imaging""], [""MRI""]","[""Imaging""]","[""MRI""]"
"35740780","[""Movement analysis""], [""Movement"", ""Gestational age"", ""Birthweight""]","[""Movement analysis""]","[""Movement"", ""Gestational age"", ""Birthweight""]"
"35746121","[""oxygen saturation level"", ""body temperature"", ""heart rate"", ""cough sound""], [""oxygen saturation level"", ""body temperature"", ""heart rate"", ""cough sound""]","[""oxygen saturation level"", ""body temperature"", ""heart rate"", ""cough sound""]","[""oxygen saturation level"", ""body temperature"", ""heart rate"", ""cough sound""]"
"35751196",NULL,NULL,"[]"
"35753590","[""Echocardiography""], [""Echocardiographic Data""]","[""Echocardiography""]","[""Echocardiographic Data""]"
"35759039","[""Surgical Information Management Systems"", ""Hospital records""], [""surgery"", ""anesthesia""]","[""Surgical Information Management Systems"", ""Hospital records""]","[""surgery"", ""anesthesia""]"
"35759808",NULL,NULL,NULL
"35764770",NULL,NULL,"[""Text""]"
"35767811",NULL,NULL,"[""text"", ""affiliation information""]"
"35771564","[""Edmonton Symptom Assessment System (ESAS) scores""], [""ESAS scores"", ""clinical and demographic factors""]","[""Edmonton Symptom Assessment System (ESAS) scores""]","[""ESAS scores"", ""clinical and demographic factors""]"
"35774480","[""EEG""], [""EEG"", ""fMRI""]","[""EEG""]","[""EEG"", ""fMRI""]"
"35777174","[""Brain images"", ""YouTube videos"", ""Natural images""], [""images"", ""videos""]","[""Brain images"", ""YouTube videos"", ""Natural images""]","[""images"", ""videos""]"
"35778618","[""T2-weighted MRI""], [""MRI"", ""CT""]","[""T2-weighted MRI""]","[""MRI"", ""CT""]"
"35783256","[""Genomic biomarkers"", ""DNA mutation data""], [{""Modality"": ""Text""}, {""Modality"": ""Images""}]","[""Genomic biomarkers"", ""DNA mutation data""]","[{""Modality"": ""Text""}, {""Modality"": ""Images""}]"
"35783851","[""Cardiovascular magnetic resonance (CMR) imaging"", ""Electronic Health Information""], [""Imaging"", ""Physiological""]","[""Cardiovascular magnetic resonance (CMR) imaging"", ""Electronic Health Information""]","[""Imaging"", ""Physiological""]"
"35793625","[""Neurosciences""], [""Motor cortex output"", ""Inhibitory drive""]","[""Neurosciences""]","[""Motor cortex output"", ""Inhibitory drive""]"
"35794186","[""Whole-brain white matter tracts""], [""neurodevelopmental disorders"", ""attention-deficit/hyperactivity disorder (ADHD)"", ""autism spectrum disorder (ASD)""]","[""Whole-brain white matter tracts""]","[""neurodevelopmental disorders"", ""attention-deficit/hyperactivity disorder (ADHD)"", ""autism spectrum disorder (ASD)""]"
"35795874","[""2D joint trajectories"", ""3D library""], [""2D"", ""3D""]","[""2D joint trajectories"", ""3D library""]","[""2D"", ""3D""]"
"35809887","[""Magnetic Resonance Angiography"", ""MR imaging""], [""MRI""]","[""Magnetic Resonance Angiography"", ""MR imaging""]","[""MRI""]"
"35810588","[""Histopathology"", ""Imaging""], [{""Modality"": ""histopathology images""}, {""Modality"": ""functional staining""}]","[""Histopathology"", ""Imaging""]","[{""Modality"": ""histopathology images""}, {""Modality"": ""functional staining""}]"
"35814055","[""Auditory""], [""Auditory""]","[""Auditory""]","[""Auditory""]"
"35814345","[""Brain"", ""Environment""], [""Brain imaging"", ""Neuroethics""]","[""Brain"", ""Environment""]","[""Brain imaging"", ""Neuroethics""]"
"35815015","[""Structural neuroimaging data (T1-weighted)""], [""MRI""]","[""Structural neuroimaging data (T1-weighted)""]","[""MRI""]"
"35816089","[""Blood"", ""Serum""], [""blood"", ""ultrasound""]","[""Blood"", ""Serum""]","[""blood"", ""ultrasound""]"
"35817777","[""Video"", ""Motion Capture""], [""Video"", ""Motion capture""]","[""Video"", ""Motion Capture""]","[""Video"", ""Motion capture""]"
"35819161",NULL,"[""Pathology"", ""Surgery""]",NULL
"35820450","[""T2-weighted magnetic resonance imaging"", ""Diffusion tensor imaging""], [""T2-weighted MRI"", ""Diffusion MRI""]","[""T2-weighted magnetic resonance imaging"", ""Diffusion tensor imaging""]","[""T2-weighted MRI"", ""Diffusion MRI""]"
"35820713","[""Nursing staff""], [""Software"", ""Nursing Staff""]","[""Nursing staff""]","[""Software"", ""Nursing Staff""]"
"35821428","[""MRI"", ""Ultrasound""], [""MRI"", ""ultrasound""]","[""MRI"", ""Ultrasound""]","[""MRI"", ""ultrasound""]"
"35830171","[""Text"", ""Image""], [""Text"", ""Image""]","[""Text"", ""Image""]","[""Text"", ""Image""]"
"35832872","[""Intracranial EEG""], [""timeseries""]","[""Intracranial EEG""]","[""timeseries""]"
"35839639",NULL,NULL,"[""text""]"
"35840566","[""medical images"", ""computervision""], []","[""medical images"", ""computervision""]","[]"
"35841241","[""Demographics"", ""Cognitive tests"", ""Imaging"", ""APOE Genotype""], [""demographics"", ""cognitive tests"", ""APOE genotype"", ""brain imaging data""]","[""Demographics"", ""Cognitive tests"", ""Imaging"", ""APOE Genotype""]","[""demographics"", ""cognitive tests"", ""APOE genotype"", ""brain imaging data""]"
"35842343","[""Text"", ""Other""], [""Text""]","[""Text"", ""Other""]","[""Text""]"
"35846158","[""Amyloid"", ""Fluorodeoxyglucose""], [""positron emission tomography"", ""fluorodeoxyglucose""]","[""Amyloid"", ""Fluorodeoxyglucose""]","[""positron emission tomography"", ""fluorodeoxyglucose""]"
"35854145","[""Text"", ""Image"", ""Video""], [""Medical"", ""Surgical""]","[""Text"", ""Image"", ""Video""]","[""Medical"", ""Surgical""]"
"35857830","[""Microfluidic channels"", ""Ex vivo tissues"", ""In vivo porcine kidneys""], [""Microfluidic Channels"", ""Ex Vivo Tissues"", ""In Vivo Porcine Kidneys""]","[""Microfluidic channels"", ""Ex vivo tissues"", ""In vivo porcine kidneys""]","[""Microfluidic Channels"", ""Ex Vivo Tissues"", ""In Vivo Porcine Kidneys""]"
"35859243","[""Medical images""], [""Medical Images""]","[""Medical images""]","[""Medical Images""]"
"35861853","[""Accelerometer""], [""Accelerometer"", ""Clinical assessment metrics""]","[""Accelerometer""]","[""Accelerometer"", ""Clinical assessment metrics""]"
"35862772","[""Proteomics""], [""Proteins""]","[""Proteomics""]","[""Proteins""]"
"35866396","[""Ultrasound Imaging""], [""Ultrasound videos"", ""Processed images""]","[""Ultrasound Imaging""]","[""Ultrasound videos"", ""Processed images""]"
"35867160","[""Kidney ultrasounds"", ""Clinical data""], [""Ultrasound"", ""MRI""]","[""Kidney ultrasounds"", ""Clinical data""]","[""Ultrasound"", ""MRI""]"
"35868354",NULL,NULL,"[""Imaging""]"
"35869686",NULL,NULL,NULL
"35872359","[""Cardiac MRI""], [""Short-axis Cardiac MRI""]","[""Cardiac MRI""]","[""Short-axis Cardiac MRI""]"
"35875052",NULL,NULL,"[""Genomics"", ""Computational""]"
"35875930","[""Neuroimaging""], [""Structural Magnetic Resonance Imaging""]","[""Neuroimaging""]","[""Structural Magnetic Resonance Imaging""]"
"35878565","[""Nonbrain"", ""Structural MRI"", ""Functional connectivity""], [""non-brain data"", ""structural MRI"", ""functional connectivity""]","[""Nonbrain"", ""Structural MRI"", ""Functional connectivity""]","[""non-brain data"", ""structural MRI"", ""functional connectivity""]"
"35879674","[""Whole-genome De novo somatic point mutations""], [""genomic data""]","[""Whole-genome De novo somatic point mutations""]","[""genomic data""]"
"35879995","[""RNA sequencing""], [{""Modality"": ""Text""}, {""Modality"": ""Image""}]","[""RNA sequencing""]","[{""Modality"": ""Text""}, {""Modality"": ""Image""}]"
"35881210","[""Ultrasound""], [""Ultrasound""]","[""Ultrasound""]","[""Ultrasound""]"
"35927264",NULL,"[""peripheral blood""]",NULL
"35885463","[""Medical images"", ""Patient symptoms""], [""Medical Images"", ""Patient Symptoms""]","[""Medical images"", ""Patient symptoms""]","[""Medical Images"", ""Patient Symptoms""]"
"35887329","[""Proteomic Biomarkers""], [""text"", ""image""]","[""Proteomic Biomarkers""]","[""text"", ""image""]"
"35887611","[""Personal information"", ""Medical history"", ""Genetic variants""], [""text""]","[""Personal information"", ""Medical history"", ""Genetic variants""]","[""text""]"
"35891016","[""Medical Imaging""], [""Image"", ""Robotics""]","[""Medical Imaging""]","[""Image"", ""Robotics""]"
"35929952","[""Laboratory data"", ""Demographic data""], [""text"", ""machine learning""]","[""Laboratory data"", ""Demographic data""]","[""text"", ""machine learning""]"
"35891394","[""Viral load measurements"", ""Number of cases""], [""Ct"", ""Number of cases""]","[""Viral load measurements"", ""Number of cases""]","[""Ct"", ""Number of cases""]"
"35892186","[""ICD codes""], [{""Text"": true}]","[""ICD codes""]","[{""Text"": true}]"
"35892499",NULL,NULL,"[""Imaging"", null]"
"35894842",NULL,NULL,"[""ECG"", ""Imaging""]"
"35898852",NULL,NULL,"[""Mult-way Sensitivity Analysis""]"
"35904529","[""identification of adverse drug events"", ""adverse drug reactions"", ""processing safety reports"", ""extraction of drug-drug interactions"", ""identification of populations at high risk for drug toxicity or guidance for personalized care"", ""prediction of side effects"", ""simulation of clinical trials""], [""Identification of populations at high risk for drug toxicity or guidance for personalized care"", ""Prediction of side effects"", ""Simulation of clinical trials""]","[""identification of adverse drug events"", ""adverse drug reactions"", ""processing safety reports"", ""extraction of drug-drug interactions"", ""identification of populations at high risk for drug toxicity or guidance for personalized care"", ""prediction of side effects"", ""simulation of clinical trials""]","[""Identification of populations at high risk for drug toxicity or guidance for personalized care"", ""Prediction of side effects"", ""Simulation of clinical trials""]"
"35904877",NULL,NULL,"[""Text""]"
"35905414",NULL,"[""Hospitalization data""]",NULL
"35906315","[""Cardiorespiratory signals""], [""cardiorespiratory signals""]","[""Cardiorespiratory signals""]","[""cardiorespiratory signals""]"
"35908273","[""Raman spectroscopy""], [""Spectroscopy""]","[""Raman spectroscopy""]","[""Spectroscopy""]"
"35908308","[""fMRI""], [""fMRI""]","[""fMRI""]","[""fMRI""]"
"35912214","[""MRI""], [""Gadolinium-enhanced T1-weighted MRIs""]","[""MRI""]","[""Gadolinium-enhanced T1-weighted MRIs""]"
"35919375","[""in person"", ""computer vision""], [""behavioral involvement""]","[""in person"", ""computer vision""]","[""behavioral involvement""]"
"35920839","[""Continuous glucose monitoring"", ""Short-acting insulin doses"", ""Tracking long-acting insulin doses""], [""Continuous glucose monitoring"", ""Short-acting insulin doses"", ""Long-acting insulin doses""]","[""Continuous glucose monitoring"", ""Short-acting insulin doses"", ""Tracking long-acting insulin doses""]","[""Continuous glucose monitoring"", ""Short-acting insulin doses"", ""Long-acting insulin doses""]"
"35925430","[""Nociception Level Index values""], [""Nociception score"", ""Fentanyl consumption""]","[""Nociception Level Index values""]","[""Nociception score"", ""Fentanyl consumption""]"
"35931319","[""Proteomics"", ""Metabolites""], [""Protein"", ""Metabolite""]","[""Proteomics"", ""Metabolites""]","[""Protein"", ""Metabolite""]"
"35938254","[""social media conversations""], [""Text""]","[""social media conversations""]","[""Text""]"
"35941333","[""Ultrasound""], [""Ultrasound"", ""Palpation""]","[""Ultrasound""]","[""Ultrasound"", ""Palpation""]"
"35943774","[""Administrative Data""], [""Administrative Data"", ""Machine Learning""]","[""Administrative Data""]","[""Administrative Data"", ""Machine Learning""]"
"35944500",NULL,NULL,"[""Histopathology"", ""Molecular data""]"
"35945505","[""dermoscopy images""], [""image""]","[""dermoscopy images""]","[""image""]"
"35946086","[""Optical coherence tomography""], {""Images"": null, ""OCT features"": true}","[""Optical coherence tomography""]","{""Images"": null, ""OCT features"": true}"
"35950762","[""MS1""], {""Modalities List"": [{""Modality"": ""MS1"", ""Description"": null}, {""Modality"": ""MS/MS"", ""Description"": null}]}","[""MS1""]","{""Modalities List"": [{""Modality"": ""MS1"", ""Description"": null}, {""Modality"": ""MS/MS"", ""Description"": null}]}"
"35951085","[""Endorectal ultrasound""], [""endorectal ultrasound""]","[""Endorectal ultrasound""]","[""endorectal ultrasound""]"
"35951588","[""Questionnaire"", ""Physical Activity Behaviours"", ""Dietary Behaviours""], [""Survey"", ""Physical activity"", ""Diet"", ""Sleep""]","[""Questionnaire"", ""Physical Activity Behaviours"", ""Dietary Behaviours""]","[""Survey"", ""Physical activity"", ""Diet"", ""Sleep""]"
"35953082",NULL,NULL,NULL
"35956358","[""Stool DNA""], [""metagenomic"", ""clinical""]","[""Stool DNA""]","[""metagenomic"", ""clinical""]"
"35962372","[""CES-D-10""], None","[""CES-D-10""]","None"
"35963613","[""Video""], [""lumbar flexion-extension movements"", ""elbow flexion-extension movements""]","[""Video""]","[""lumbar flexion-extension movements"", ""elbow flexion-extension movements""]"
"35965158","[""Computed Tomography""], [""Texture-Based CT Lung Radiomic Features""]","[""Computed Tomography""]","[""Texture-Based CT Lung Radiomic Features""]"
"35967110","[""Laboratory features"", ""Urinalysis""], [{""Modality"": ""Laboratory data""}, {""Modality"": ""Demographics""}]","[""Laboratory features"", ""Urinalysis""]","[{""Modality"": ""Laboratory data""}, {""Modality"": ""Demographics""}]"
"35968931","[""3D sensors"", ""SERS""], [""Liquid Biopsy"", ""Nanoengineering""]","[""3D sensors"", ""SERS""]","[""Liquid Biopsy"", ""Nanoengineering""]"
"35970914","[""Facial phenotyping"", ""Medical records""], [""photos"", ""videos""]","[""Facial phenotyping"", ""Medical records""]","[""photos"", ""videos""]"
"35973231","[], [""microdroplets"", ""cross-flow tilt angles""]","[]","[""microdroplets"", ""cross-flow tilt angles""]"
"35978040","[""Optical Coherence Tomography""], [""Optical coherence tomography""]","[""Optical Coherence Tomography""]","[""Optical coherence tomography""]"
"35980437","[""intraoral periapical radiographs"", ""CBCT""], [""Image""]","[""intraoral periapical radiographs"", ""CBCT""]","[""Image""]"
"35981788","[""ECG""], [""ECG"", ""12-lead Holters""]","[""ECG""]","[""ECG"", ""12-lead Holters""]"
"35983595","[""Transcriptome""], [""transcriptome analysis"", ""machine learning""]","[""Transcriptome""]","[""transcriptome analysis"", ""machine learning""]"
"35985186","[""B-mode"", ""M-mode""], [""M-mode images"", ""B-mode videos""]","[""B-mode"", ""M-mode""]","[""M-mode images"", ""B-mode videos""]"
"35990013",NULL,NULL,"[]"
"35990802","[""text""], [""Text"", ""Text"", ""Text"", ""Text"", ""Text"", ""Text"", ""Text"", ""Text"", ""Text""]","[""text""]","[""Text"", ""Text"", ""Text"", ""Text"", ""Text"", ""Text"", ""Text"", ""Text"", ""Text""]"
"35995896","[""Magnetic Resonance Imaging (MRI)""], [""Magnetic Resonance Imaging (MRI)""]","[""Magnetic Resonance Imaging (MRI)""]","[""Magnetic Resonance Imaging (MRI)""]"
"35998014","[""Acceleration"", ""Gyroscope"", ""Magnetometer""], [""accelerometer"", ""gyroscope"", ""magnetometer""]","[""Acceleration"", ""Gyroscope"", ""Magnetometer""]","[""accelerometer"", ""gyroscope"", ""magnetometer""]"
"35999259","[""RNA expression""], [""miRNA""]","[""RNA expression""]","[""miRNA""]"
"36000351","[""Imaging""], [""Image data"", ""Radiomics features""]","[""Imaging""]","[""Image data"", ""Radiomics features""]"
"36002969","[""EEG""], [""EEG""]","[""EEG""]","[""EEG""]"
"36004538","[""Clinical"", ""Neuroimaging"", ""Molecular""], [""clinical"", ""neuroimaging"", ""molecular""]","[""Clinical"", ""Neuroimaging"", ""Molecular""]","[""clinical"", ""neuroimaging"", ""molecular""]"
"36005187","[""Radiologic"", ""Clinical"", ""Pathologic"", ""Sociodemographic""], [""Clinical"", ""Radiologic"", ""Pathologic""]","[""Radiologic"", ""Clinical"", ""Pathologic"", ""Sociodemographic""]","[""Clinical"", ""Radiologic"", ""Pathologic""]"
"36005841","[""Text""], [""Embase"", ""MEDLINE""]","[""Text""]","[""Embase"", ""MEDLINE""]"
"36007520","[""ECG"", ""Clinical data""], [""ECG""]","[""ECG"", ""Clinical data""]","[""ECG""]"
"36010953","[""Intraocular"", ""Neurosurgery""], [""Ophthalmology""]","[""Intraocular"", ""Neurosurgery""]","[""Ophthalmology""]"
"36046472","[""Structural Magnetic Resonance Imaging (MRI)""], [""MRI"", ""Magnetic Resonance Imaging""]","[""Structural Magnetic Resonance Imaging (MRI)""]","[""MRI"", ""Magnetic Resonance Imaging""]"
"36016703",NULL,"[]",NULL
"36029344","[""Computed Tomography"", ""Magnetic Resonance Imaging""], [""text""]","[""Computed Tomography"", ""Magnetic Resonance Imaging""]","[""text""]"
"36029877",NULL,NULL,NULL
"36030226","[""Phone-based"", ""Self-assessment""], [""behavioral data"", ""self-assessment""]","[""Phone-based"", ""Self-assessment""]","[""behavioral data"", ""self-assessment""]"
"36040842","[""blood"", ""tumor""], [""Blood"", ""T cells""]","[""blood"", ""tumor""]","[""Blood"", ""T cells""]"
"36041077","[""pressure"", ""temperature"", ""moisture""], {""Humidity"": true, ""Temperature"": true, ""Surface_pressure"": true}","[""pressure"", ""temperature"", ""moisture""]","{""Humidity"": true, ""Temperature"": true, ""Surface_pressure"": true}"
"36043477","[""Computed Tomography"", ""Echocardiogram""], [""CT pulmonary angiography"", ""Echocardiogram""]","[""Computed Tomography"", ""Echocardiogram""]","[""CT pulmonary angiography"", ""Echocardiogram""]"
"36045491","[""Raman spectroscopy"", ""Ultrasound""], [""Raman Spectroscopy"", null]","[""Raman spectroscopy"", ""Ultrasound""]","[""Raman Spectroscopy"", null]"
"36046104","[""Brain MRI"", ""Sex classification""], [""MRI"", ""T1-weighted""]","[""Brain MRI"", ""Sex classification""]","[""MRI"", ""T1-weighted""]"
"36050434","[""CT""], [""Computed Tomography""]","[""CT""]","[""Computed Tomography""]"
"36051317",NULL,NULL,NULL
"36052317","[""Imaging""], [""images"", ""text""]","[""Imaging""]","[""images"", ""text""]"
"36055201","[""Genomics""], [""genomics"", ""single-nucleotide variant""]","[""Genomics""]","[""genomics"", ""single-nucleotide variant""]"
"36055837","[""Milk Mid-infrared Reflectance Spectroscopy""], [""Spectroscopy""]","[""Milk Mid-infrared Reflectance Spectroscopy""]","[""Spectroscopy""]"
"36057424","[""Genomics""], [""expression"", ""methylation""]","[""Genomics""]","[""expression"", ""methylation""]"
"36057825","[""FDG-PET"", ""Metabolic brain features""], [""FDG-PET""]","[""FDG-PET"", ""Metabolic brain features""]","[""FDG-PET""]"
"36064040","[""CT"", ""Imaging""], [""Imaging""]","[""CT"", ""Imaging""]","[""Imaging""]"
"36068275","[""Raman spectroscopy"", ""Biopsy""], [""spectrum"", ""biopsy""]","[""Raman spectroscopy"", ""Biopsy""]","[""spectrum"", ""biopsy""]"
"36069963","[""Clinical"", ""Biochemical""], [""Medical Records"", ""Electronic Medical Records""]","[""Clinical"", ""Biochemical""]","[""Medical Records"", ""Electronic Medical Records""]"
"36071172",NULL,NULL,"[""image"", ""text""]"
"36072822","[""Laboratory results"", ""Demographics"", ""Clinical characteristics""], [""Electronic health records"", ""Laboratory results""]","[""Laboratory results"", ""Demographics"", ""Clinical characteristics""]","[""Electronic health records"", ""Laboratory results""]"
"36075963",NULL,NULL,"[""mouse"", ""human""]"
"36081373",NULL,NULL,NULL
"36083416","[""Visual""], [""Visual Object Recognition""]","[""Visual""]","[""Visual Object Recognition""]"
"36085203",NULL,"[""Text""]",NULL
"36085571","[""Raman Spectroscopy"", ""Multiparametric Magnetic Resonance Images""], [""Raman spectroscopy"", ""Multiparametric magnetic resonance images""]","[""Raman Spectroscopy"", ""Multiparametric Magnetic Resonance Images""]","[""Raman spectroscopy"", ""Multiparametric magnetic resonance images""]"
"36089183","[""Neuroimaging""], [""Multimodal imaging data""]","[""Neuroimaging""]","[""Multimodal imaging data""]"
"36089590","[""Genetic data""], [""Genomic data"", ""Mitochondrial DNA haplogroups""]","[""Genetic data""]","[""Genomic data"", ""Mitochondrial DNA haplogroups""]"
"36093771","[""Lumbosacral joint efforts"", ""gait""], [""gait disorder""]","[""Lumbosacral joint efforts"", ""gait""]","[""gait disorder""]"
"36093921",NULL,NULL,"[""Image"", ""Text""]"
"36095953","[""mp-MRI"", ""Histology""], [""mp-MRI""]","[""mp-MRI"", ""Histology""]","[""mp-MRI""]"
"36103642","[""Computed Tomography""], [""CT scans""]","[""Computed Tomography""]","[""CT scans""]"
"36103772","[""4D CT perfusion imaging"", ""Perfusion parameter maps""], [""4D CT perfusion imaging""]","[""4D CT perfusion imaging"", ""Perfusion parameter maps""]","[""4D CT perfusion imaging""]"
"36104292",NULL,NULL,"[""text"", ""image""]"
"36104471","[""Physiology"", ""Neurology"", ""Neuroscience""], [{""Modality"": ""Physiology""}, {""Modality"": ""Neurology""}]","[""Physiology"", ""Neurology"", ""Neuroscience""]","[{""Modality"": ""Physiology""}, {""Modality"": ""Neurology""}]"
"36104854","[""gray matter volumes"", ""resting-state functional connectivity""], [""Brain_Structure_Function_Relationship"", ""Resting-State_Functional_Connectivity""]","[""gray matter volumes"", ""resting-state functional connectivity""]","[""Brain_Structure_Function_Relationship"", ""Resting-State_Functional_Connectivity""]"
"36109720","[""Functional Magnetic Resonance Imaging (fMRI)"", ""Diffusion Tensor Imaging (DTI)""], [""Imaging"", ""Functional magnetic resonance imaging (fMRI)""]","[""Functional Magnetic Resonance Imaging (fMRI)"", ""Diffusion Tensor Imaging (DTI)""]","[""Imaging"", ""Functional magnetic resonance imaging (fMRI)""]"
"36119746","[""Voltage gradient"", ""Photoplethysmographic""], [""Signal"", ""Image""]","[""Voltage gradient"", ""Photoplethysmographic""]","[""Signal"", ""Image""]"
"36122214",NULL,NULL,"[""Visual classification task""]"
"36126124","[""Imaging""], []","[""Imaging""]","[]"
"36143197",NULL,NULL,"[""text"", ""affiliation""]"
"36129754","[""Speech""], [""Speech"", ""Text""]","[""Speech""]","[""Speech"", ""Text""]"
"36133802",NULL,NULL,"[""Images"", ""Text""]"
"36134028","[""Transcriptome""], Transcriptome modifications, p53 transcriptional signature","[""Transcriptome""]","Transcriptome modifications, p53 transcriptional signature"
"36135395","[""blood components""], [""Vital blood components""]","[""blood components""]","[""Vital blood components""]"
"36137759","[""SPECT"", ""CT""], [""SPECT"", ""CT""]","[""SPECT"", ""CT""]","[""SPECT"", ""CT""]"
"36141080","[""Acoustic""], [""Acoustic"", ""Spectral""]","[""Acoustic""]","[""Acoustic"", ""Spectral""]"
"36141457","[""Chest X-rays""], [""CXR Images""]","[""Chest X-rays""]","[""CXR Images""]"
"36146361","[""Load cell data""], [""Inexpensive load cells"", ""Bed""]","[""Load cell data""]","[""Inexpensive load cells"", ""Bed""]"
"36146592",NULL,NULL,"[""Text""]"
"36154454",NULL,"[""Surgical video""]",NULL
"36155266","[""Magnetic resonance imaging"", ""Resting-state""], [""Magnetic Resonance Imaging"", ""Functional Homogeneity""]","[""Magnetic resonance imaging"", ""Resting-state""]","[""Magnetic Resonance Imaging"", ""Functional Homogeneity""]"
"36157589","[""blood counts""], [""Hematology"", ""Medical Oncology""]","[""blood counts""]","[""Hematology"", ""Medical Oncology""]"
"36159862","[""Serum""], [""Serum proteome"", ""Autoantibody data""]","[""Serum""]","[""Serum proteome"", ""Autoantibody data""]"
"36159919","[""Survey""], [{""Modality"": ""Survey data""}, {""Modality"": ""Questionnaire data""}]","[""Survey""]","[{""Modality"": ""Survey data""}, {""Modality"": ""Questionnaire data""}]"
"36163349","[""Imaging features"", ""Clinical features""], [""Relapsing-Remitting MS patients"", ""Primary Progressive MS patients""]","[""Imaging features"", ""Clinical features""]","[""Relapsing-Remitting MS patients"", ""Primary Progressive MS patients""]"
"36164267","[""Stool""], [""Stool samples"", ""Faecal samples""]","[""Stool""]","[""Stool samples"", ""Faecal samples""]"
"36166205","[""Biomarkers""], [""Exposure"", ""Intelligence Quotient""]","[""Biomarkers""]","[""Exposure"", ""Intelligence Quotient""]"
"36167836",NULL,"[""RNA""]",NULL
"36168038","[""Lateral Cephalometric Radiographs""], [""Image""]","[""Lateral Cephalometric Radiographs""]","[""Image""]"
"36171426","[""RNA"", ""Translation""], [""EEG"", ""fMRI""]","[""RNA"", ""Translation""]","[""EEG"", ""fMRI""]"
"36171558",NULL,"[""Administrative Claims Data""]",NULL
"36171645","[""DNA methylation""], Imaging, genomics","[""DNA methylation""]","Imaging, genomics"
"36179862","[""verbal""], [""verbal memory""]","[""verbal""]","[""verbal memory""]"
"36181463",NULL,NULL,NULL
"36183620","[""X-rays""], [""radiographs""]","[""X-rays""]","[""radiographs""]"
"36183654","[""Serum samples"", ""Latent class models""], [{""Modality"": ""Blood samples""}]","[""Serum samples"", ""Latent class models""]","[{""Modality"": ""Blood samples""}]"
"36189442",NULL,NULL,"[""text""]"
"36193910","[""Self-report"", ""Mini-International Neuropsychiatric Interview""], [""self-report"", ""interviews""]","[""Self-report"", ""Mini-International Neuropsychiatric Interview""]","[""self-report"", ""interviews""]"
"36197944","[""Text""], [{""Modality"": ""text""}, {""Modality"": null}]","[""Text""]","[{""Modality"": ""text""}, {""Modality"": null}]"
"36206696",NULL,NULL,"[""Image"", ""Text""]"
"36207536","[""biomedical data"", ""multi-modal""], multi-modal","[""biomedical data"", ""multi-modal""]","multi-modal"
"36208225",NULL,"[]",NULL
"36208571","[""MRI"", ""CT""], [""MRI"", ""CT""]","[""MRI"", ""CT""]","[""MRI"", ""CT""]"
"36211581","[""Electromechanical""], [""electrical"", ""mechanical""]","[""Electromechanical""]","[""electrical"", ""mechanical""]"
"36212148","[""Genomic""], [""image"", ""genomic""]","[""Genomic""]","[""image"", ""genomic""]"
"36217108","[""Blood biomarkers""], [""blood biomarkers""]","[""Blood biomarkers""]","[""blood biomarkers""]"
"36217534","[""CT Scan"", ""X-ray""], [""Image""]","[""CT Scan"", ""X-ray""]","[""Image""]"
"36217547","[""Transcriptomics"", ""Glycomic""], [""Transcriptomes"", ""Cell surface glycans""]","[""Transcriptomics"", ""Glycomic""]","[""Transcriptomes"", ""Cell surface glycans""]"
"36217911","[""Spectroscopy""], [""Spectroscopy"", ""Optical technique""]","[""Spectroscopy""]","[""Spectroscopy"", ""Optical technique""]"
"36217916","[""Electrophysiological Signals""], [""Electrophysiological signals""]","[""Electrophysiological Signals""]","[""Electrophysiological signals""]"
"36219586",NULL,NULL,"[""X-ray images"", ""CT scans""]"
"36228649","[""Endoscopy""], [""Video"", ""Image""]","[""Endoscopy""]","[""Video"", ""Image""]"
"36229614",NULL,"[""Biological and Environmental Engineering"", ""Surgery"", ""Polymer Science and Engineering""]",NULL
"36233593","[""Text"", ""Nil""], []","[""Text"", ""Nil""]","[]"
"36236373","[""NIRS"", ""Respiratory""], [""Near-Infrared Spectroscopy""]","[""NIRS"", ""Respiratory""]","[""Near-Infrared Spectroscopy""]"
"36236422","[""Electromyography""], [""electromyography""]","[""Electromyography""]","[""electromyography""]"
"36236424","[""Video"", ""Kinematic"", ""Image""], [""Image"", ""Time-series kinematic data""]","[""Video"", ""Kinematic"", ""Image""]","[""Image"", ""Time-series kinematic data""]"
"36236752","[""Biometric"", ""Physical Layer""], [""Biometric""]","[""Biometric"", ""Physical Layer""]","[""Biometric""]"
"36238349","[""EEG""], [""electroencephalography (EEG)"", ""cold thermal pain""]","[""EEG""]","[""electroencephalography (EEG)"", ""cold thermal pain""]"
"36243959",NULL,NULL,"[""text"", ""image""]"
"36245949",NULL,NULL,"[""viral RNA kinetics""]"
"36247426",NULL,"[""Imaging""]",NULL
"36248019","[""CT scans""], [""CT""]","[""CT scans""]","[""CT""]"
"36248625","[""Sensor Data""], [""Sensor data"", ""Self-reported symptoms""]","[""Sensor Data""]","[""Sensor data"", ""Self-reported symptoms""]"
"36248961","[""text"", ""network""], {""Text"": [""GO and KEGG"", ""Mutated genes"", ""Protein-protein interaction network""], ""Image"": null, ""Signal"": null}","[""text"", ""network""]","{""Text"": [""GO and KEGG"", ""Mutated genes"", ""Protein-protein interaction network""], ""Image"": null, ""Signal"": null}"
"36253624",NULL,"[""Medical procedures""]",NULL
"36254822","[""Endoscopic"", ""Frames""], [""endoscopic recordings""]","[""Endoscopic"", ""Frames""]","[""endoscopic recordings""]"
"36258306","[""Clinical""], [""text"", ""numeric""]","[""Clinical""]","[""text"", ""numeric""]"
"36264067","[], [""Age"", ""Sex"", ""Surgical resection status"", ""Tumor histology and tumor site""]","[]","[""Age"", ""Sex"", ""Surgical resection status"", ""Tumor histology and tumor site""]"
"36266993","[""Computer Vision"", ""Tabular""], [""Tabular"", ""Computer Vision""]","[""Computer Vision"", ""Tabular""]","[""Tabular"", ""Computer Vision""]"
"36274041",NULL,"[""Cardiology"", ""Imaging"", ""Radiology""]",NULL
"36280197",NULL,NULL,"[""sleep, mental health""]"
"36284402","[""Coronary Calcium Scores""], [""Image""]","[""Coronary Calcium Scores""]","[""Image""]"
"36287916","[""T1-weighted magnetic resonance imaging""], [""T1-weighted magnetic resonance imaging"", null]","[""T1-weighted magnetic resonance imaging""]","[""T1-weighted magnetic resonance imaging"", null]"
"36290397","[""RNA Sequencing""], [""Single-Cell RNA Sequencing Data""]","[""RNA Sequencing""]","[""Single-Cell RNA Sequencing Data""]"
"36290520","[""3D kinematics"", ""Foot angles""], [""kinematics""]","[""3D kinematics"", ""Foot angles""]","[""kinematics""]"
"36291564","[""Gait analysis"", ""Sensory assays""], [""Gait"", ""Sensory""]","[""Gait analysis"", ""Sensory assays""]","[""Gait"", ""Sensory""]"
"36291917","[""MRI""], [""MRI""]","[""MRI""]","[""MRI""]"
"36292227","[""physiological data""], [""Physiological data""]","[""physiological data""]","[""Physiological data""]"
"36299540",NULL,NULL,"[""Virtual Reality"", ""In Vivo Exposure""]"
"36301485","[""Electronic Health Records""], {""text"": true, ""image"": null}","[""Electronic Health Records""]","{""text"": true, ""image"": null}"
"36304318","[""Methylation"", ""Histone"", ""Human genome"", ""RNA sequences""], [""Methylation"", ""Histone"", ""Human genome"", ""RNA sequences""]","[""Methylation"", ""Histone"", ""Human genome"", ""RNA sequences""]","[""Methylation"", ""Histone"", ""Human genome"", ""RNA sequences""]"
"36306056","[""ultrasound""], [""ultrasound"", ""natural images""]","[""ultrasound""]","[""ultrasound"", ""natural images""]"
"36307551","[""MRI""], [""MRI""]","[""MRI""]","[""MRI""]"
"36319708","[""Blood serum""], [""NlmCategory"", ""blood serum""]","[""Blood serum""]","[""NlmCategory"", ""blood serum""]"
"36320964","[""Sociodemographic profile"", ""biological, developmental, and environmental risk factors""], [""speech and language delay""]","[""Sociodemographic profile"", ""biological, developmental, and environmental risk factors""]","[""speech and language delay""]"
"36322739","[""Image"", ""Object recognition""], [""image""]","[""Image"", ""Object recognition""]","[""image""]"
"36324086","[""Clinical"", ""Registry""], [""Cox regression"", ""Random survival forests"", ""Extreme gradient boosting""]","[""Clinical"", ""Registry""]","[""Cox regression"", ""Random survival forests"", ""Extreme gradient boosting""]"
"36326618","[""T2-w"", ""T2-FLAIR"", ""T1-w"", ""T1-Gd""], [""T2-w"", ""T2-FLAIR"", ""T1-w"", ""T1-Gd""]","[""T2-w"", ""T2-FLAIR"", ""T1-w"", ""T1-Gd""]","[""T2-w"", ""T2-FLAIR"", ""T1-w"", ""T1-Gd""]"
"36327383","[""Text""], [""Text""]","[""Text""]","[""Text""]"
"36329531","[""microarray gene expression""], [{""Format"": ""microarray"", ""Modality"": ""gene expression""}]","[""microarray gene expression""]","[{""Format"": ""microarray"", ""Modality"": ""gene expression""}]"
"36332954",NULL,"[""Self-report questionnaires"", ""Semi-structured qualitative interviews""]",NULL
"36336953","[], [""Text data"", ""Image data""]","[]","[""Text data"", ""Image data""]"
"36339062","[""Cardiac CT""], {""countries"": true, ""affiliations"": true}","[""Cardiac CT""]","{""countries"": true, ""affiliations"": true}"
"36344655","[""grey and white matter structure""], [""grey and white matter structure""]","[""grey and white matter structure""]","[""grey and white matter structure""]"
"36347838","[""Single-nucleotide polymorphisms"", ""Text analysis"", ""Psychometric scales"", ""Hospital records"", ""Resting-state regional cerebral blood flow""], [{""Modality"": ""Psychometric scales""}, {""Modality"": ""Hospital records""}]","[""Single-nucleotide polymorphisms"", ""Text analysis"", ""Psychometric scales"", ""Hospital records"", ""Resting-state regional cerebral blood flow""]","[{""Modality"": ""Psychometric scales""}, {""Modality"": ""Hospital records""}]"
"36350138","[""Radiologic""], [""Radiologic criteria"", ""Patient factors""]","[""Radiologic""]","[""Radiologic criteria"", ""Patient factors""]"
"36351912","[""Echocardiogram""], [""Echocardiogram""]","[""Echocardiogram""]","[""Echocardiogram""]"
"36355196","[""CT scans""], [""Computed Tomography (CT) scans""]","[""CT scans""]","[""Computed Tomography (CT) scans""]"
"36357948","[""Text""], [""International Classification of Diseases"", ""Canadian Classification of Health Intervention""]","[""Text""]","[""International Classification of Diseases"", ""Canadian Classification of Health Intervention""]"
"36363901","[""ECG"", ""Breathing"", ""Motion signals""], [""ECG"", ""breathing"", ""motion signals""]","[""ECG"", ""Breathing"", ""Motion signals""]","[""ECG"", ""breathing"", ""motion signals""]"
"36366153","[""Electromyography""], [""Electromyography""]","[""Electromyography""]","[""Electromyography""]"
"36367134","[""Assessment""], [""EarlyDetect assessment""]","[""Assessment""]","[""EarlyDetect assessment""]"
"36367438","[""Physical activity"", ""Sedentary time""], [""activity"", ""sedentary time""]","[""Physical activity"", ""Sedentary time""]","[""activity"", ""sedentary time""]"
"36367528","[""Video"", ""Facial movement""], [""Video"", ""Audio""]","[""Video"", ""Facial movement""]","[""Video"", ""Audio""]"
"36368120",NULL,NULL,"[""MRI"", ""2D slices"", ""3D volume""]"
"36368560","[""MRI""], [""MRI images""]","[""MRI""]","[""MRI images""]"
"36368616","[""Imaging""], [""Plasma proteins"", ""Clinical factors""]","[""Imaging""]","[""Plasma proteins"", ""Clinical factors""]"
"36371527","[""Microscopy"", ""Immunohistochemistry"", ""Anatomy"", ""Etiologies"", ""Imaging""], [""Microscopy"", ""Immunohistochemistry"", ""Anatomy""]","[""Microscopy"", ""Immunohistochemistry"", ""Anatomy"", ""Etiologies"", ""Imaging""]","[""Microscopy"", ""Immunohistochemistry"", ""Anatomy""]"
"36372249","[""Laboratory tests"", ""Cardiac stress test""], [""Demographics"", ""Comorbidities"", ""Laboratory tests"", ""Cardiac stress test data""]","[""Laboratory tests"", ""Cardiac stress test""]","[""Demographics"", ""Comorbidities"", ""Laboratory tests"", ""Cardiac stress test data""]"
"36372292","[""Electronic Medical Record""], [{""Type"": null, ""Modality"": ""Electronic medical records""}]","[""Electronic Medical Record""]","[{""Type"": null, ""Modality"": ""Electronic medical records""}]"
"36373660",NULL,NULL,"[""text"", ""image""]"
"36375417","[""Magnetic Resonance Enterography (MRE)"", ""Biochemical biomarkers"", ""Ileocolonoscopy""], [""Magnetic Resonance Enterography (MRE), biochemical biomarkers""]","[""Magnetic Resonance Enterography (MRE)"", ""Biochemical biomarkers"", ""Ileocolonoscopy""]","[""Magnetic Resonance Enterography (MRE), biochemical biomarkers""]"
"36375561","[""MRI""], [""MRI""]","[""MRI""]","[""MRI""]"
"36375781","[""Electronic address"", ""Hospital name"", ""Department""], [""Arterial lactate value"", ""Intraoperative vasoactive inotropic score""]","[""Electronic address"", ""Hospital name"", ""Department""]","[""Arterial lactate value"", ""Intraoperative vasoactive inotropic score""]"
"36378672",NULL,NULL,"[{""Tag"": ""USA"", ""Country"": ""United States of America""}, {""Tag"": ""CA"", ""Country"": ""Canada""}]"
"36382003",NULL,"[""N/A""]",NULL
"36388142","[""Computed Tomography (CT)"", ""Fluorodeoxyglucose Positron Emission Tomography-Computed Tomography (FDG PET-CT)""], [""CT"", ""FDG PET-CT""]","[""Computed Tomography (CT)"", ""Fluorodeoxyglucose Positron Emission Tomography-Computed Tomography (FDG PET-CT)""]","[""CT"", ""FDG PET-CT""]"
"36394258","[""medical""], [""Text"", ""Image""]","[""medical""]","[""Text"", ""Image""]"
"36394938",NULL,NULL,"[""text""]"
"36395096",NULL,"[""Biomarkers"", ""Electronically collected data""]",NULL
"36395604","[""Medical Images""], [""Images""]","[""Medical Images""]","[""Images""]"
"36408897",NULL,"[""Machine learning""]",NULL
"36396455",NULL,"[""Montreal Neurological Institute"", ""McGill University Research Center for Studies in Aging"", ""University of Gothenburg"", ""Departments of Psychiatry and Neurology, University of Pittsburgh School of Medicine""]",NULL
"36396865","[""Magnetic resonance imaging (MRI)""], [""MRI""]","[""Magnetic resonance imaging (MRI)""]","[""MRI""]"
"36399579","[""epigenomic"", ""transcriptomic"", ""proteomic"", ""metabolomic""], [""Epigenomic"", ""Transcriptomic"", ""Proteomic"", ""Metabolomic""]","[""epigenomic"", ""transcriptomic"", ""proteomic"", ""metabolomic""]","[""Epigenomic"", ""Transcriptomic"", ""Proteomic"", ""Metabolomic""]"
"36400939","[""Images""], [""knee osteoarthritis"", ""cervical cancer screening""]","[""Images""]","[""knee osteoarthritis"", ""cervical cancer screening""]"
"36402366","[""μCT""], {""Computed Tomography (CT)"": null}","[""μCT""]","{""Computed Tomography (CT)"": null}"
"36413056",NULL,NULL,"[""Clinical notes""]"
"36413905","[""Medical Image"", ""Semantic Segmentation""], [""image"", ""pixel-wise annotations""]","[""Medical Image"", ""Semantic Segmentation""]","[""image"", ""pixel-wise annotations""]"
"36414774",NULL,NULL,"[""text"", ""flags""]"
"36415053","[""kinematic""], [""Kinematic"", ""Time-series""]","[""kinematic""]","[""Kinematic"", ""Time-series""]"
"36418604","[""Electrocardiogram""], [""Electrocardiogram telemetry""]","[""Electrocardiogram""]","[""Electrocardiogram telemetry""]"
"36421112","[""ECG"", ""RSP""], [""ECG"", ""RSP""]","[""ECG"", ""RSP""]","[""ECG"", ""RSP""]"
"36426508","[""text""], text","[""text""]","text"
"36426575","[""Biofluid markers""], [""biofluid markers"", ""metabolomic or proteomic profiles""]","[""Biofluid markers""]","[""biofluid markers"", ""metabolomic or proteomic profiles""]"
"36426683",NULL,NULL,NULL
"36434628",NULL,"[""hospital readmission prediction""]",NULL
"36438173",NULL,"[""Clinical""]",NULL
"36440975",NULL,"[""DNA methylation"", ""Epigenetic""]",NULL
"36442460","[""Imaging"", ""Clinical""], Clinical variables, imaging features","[""Imaging"", ""Clinical""]","Clinical variables, imaging features"
"36444329","[""Echocardiography"", ""Biomarkers""], [""echocardiography"", ""biomarkers""]","[""Echocardiography"", ""Biomarkers""]","[""echocardiography"", ""biomarkers""]"
"36450807","[""Electromyogram"", ""Hand gesture recognition""], [""electromyogram""]","[""Electromyogram"", ""Hand gesture recognition""]","[""electromyogram""]"
"36451356",NULL,NULL,"[""Imaging"", ""Electrophysiology""]"
"36460275","[""3D"", ""2D""], {""Image classification"": true}","[""3D"", ""2D""]","{""Image classification"": true}"
"36462908","[""Radiological""], [""Radiology"", ""Medical imaging""]","[""Radiological""]","[""Radiology"", ""Medical imaging""]"
"36463545","[""X-ray""], {""X-ray_images"": true}","[""X-ray""]","{""X-ray_images"": true}"
"36465088","[""Audio""], [""audio features""]","[""Audio""]","[""audio features""]"
"36465898","[""PET""], [""Image""]","[""PET""]","[""Image""]"
"36469776",NULL,NULL,NULL
"36470898",NULL,NULL,"[{""modality"": ""image""}, {""modality"": ""text""}]"
"36471160","[""T1w-CE MRI""], [""MRI""]","[""T1w-CE MRI""]","[""MRI""]"
"36472344","[""Whole blood""], [""gene expression""]","[""Whole blood""]","[""gene expression""]"
"36473647","[""MRI"", ""T1-weighted MRI"", ""T2-weighted MRI""], [""Image"", ""Text""]","[""MRI"", ""T1-weighted MRI"", ""T2-weighted MRI""]","[""Image"", ""Text""]"
"36476715","[""Ultrasound"", ""Image""], [""Ultrasound""]","[""Ultrasound"", ""Image""]","[""Ultrasound""]"
"36476947",NULL,NULL,"[""video"", ""text""]"
"36481929",NULL,NULL,NULL
"36484420",NULL,NULL,"[]"
"36484722","[""Physical"", ""Balance""], []","[""Physical"", ""Balance""]","[]"
"36494770",NULL,NULL,"[{""Modality"": ""mobility measures""}, {""Modality"": ""ICF ontology""}]"
"36496303",NULL,NULL,"[""text"", ""image""]"
"36497479","[""Affymetrix gene expression"", ""FDG-PET signals""], [""gene expression"", ""FDG-PET signals""]","[""Affymetrix gene expression"", ""FDG-PET signals""]","[""gene expression"", ""FDG-PET signals""]"
"36499143","[""Optic nerve""], [""Immunostaining"", ""Deep Learning""]","[""Optic nerve""]","[""Immunostaining"", ""Deep Learning""]"
"36502696","[""Electroencephalography""], [""EEG""]","[""Electroencephalography""]","[""EEG""]"
"36508026","[""PET""], [""PET imaging"", ""Computational model""]","[""PET""]","[""PET imaging"", ""Computational model""]"
"36508223","[], [""Orthopedic Surgery"", ""Hand, Upper Limb, Peripheral Nerve, Brachial Plexus and Microsurgery Unit""]","[]","[""Orthopedic Surgery"", ""Hand, Upper Limb, Peripheral Nerve, Brachial Plexus and Microsurgery Unit""]"
"36508692",NULL,NULL,"[""Department of Radiology and Nuclear Medicine, Oslo University Hospital""]"
"36509776","[""RNA-Seq""], [""RNA-Sequence""]","[""RNA-Seq""]","[""RNA-Sequence""]"
"36512526","[""Brain Imaging""], [""Imaging"", ""Genetic data""]","[""Brain Imaging""]","[""Imaging"", ""Genetic data""]"
"36516913","[""Functional Near-Infrared Spectroscopy""], [""neuroanatomical areas""]","[""Functional Near-Infrared Spectroscopy""]","[""neuroanatomical areas""]"
"36517749","[""Coherent Anti-Stokes Raman Scattering (CARS) microscopy"", ""Non-linear Optical Imaging Modality (NLOM)""], [""CARS microscopy"", ""Coherent anti-stokes Raman scattering""]","[""Coherent Anti-Stokes Raman Scattering (CARS) microscopy"", ""Non-linear Optical Imaging Modality (NLOM)""]","[""CARS microscopy"", ""Coherent anti-stokes Raman scattering""]"
"36520580",NULL,NULL,"[""Extracellular vesicles"", ""Biomarkers""]"
"36520785",NULL,"[""Computed Tomography (CT)""]",NULL
"36523641","[""Medical Imaging"", ""Radiology""], []","[""Medical Imaging"", ""Radiology""]","[]"
"36524810","[""Verbal""], [""Language use"", ""Pain relief""]","[""Verbal""]","[""Language use"", ""Pain relief""]"
"36525893","[""EEG""], [""EEG""]","[""EEG""]","[""EEG""]"
"36526308","[""Video""], [""videos"", ""human pose-estimation libraries""]","[""Video""]","[""videos"", ""human pose-estimation libraries""]"
"36528631",NULL,"[""Administrative data""]",NULL
"36530359",NULL,NULL,NULL
"36530391","[""Immune biomarkers""], [""blood biomarkers""]","[""Immune biomarkers""]","[""blood biomarkers""]"
"36530667","[""Text""], [""Text""]","[""Text""]","[""Text""]"
"36537516","[], [""Text""]","[]","[""Text""]"
"36537541",NULL,"[]",NULL
"36538363","[""Natural Language Processing""], [""Medical Image Description Text Mining""]","[""Natural Language Processing""]","[""Medical Image Description Text Mining""]"
"36540986",NULL,NULL,"[]"
"36542249","[""Medical records""], [""text""]","[""Medical records""]","[""text""]"
"36544398","[""Singleton pregnancies"", ""Cervical status"", ""Body Mass Index"", ""Maternal age"", ""Comorbidities""], [""Text""]","[""Singleton pregnancies"", ""Cervical status"", ""Body Mass Index"", ""Maternal age"", ""Comorbidities""]","[""Text""]"
"36545250","[""Electronic Health Record""], [""Electronic Health Records""]","[""Electronic Health Record""]","[""Electronic Health Records""]"
"36551273",NULL,NULL,"[""text""]"
"36553079","[""DECT""], [""DECT"", ""Images""]","[""DECT""]","[""DECT"", ""Images""]"
"36561835","[""EEG""], [""EEG"", ""images""]","[""EEG""]","[""EEG"", ""images""]"
"36568544","[""Age"", ""Sex"", ""Diseases developed during 9 years""], [""Age"", ""Sex"", ""Diseases""]","[""Age"", ""Sex"", ""Diseases developed during 9 years""]","[""Age"", ""Sex"", ""Diseases""]"
"36569558",NULL,"[""Health""]",NULL
"36569803","[""ECG""], [""ECG"", ""stress questionnaire data""]","[""ECG""]","[""ECG"", ""stress questionnaire data""]"
"36572484",NULL,NULL,"[""Spirometry"", ""Plethysmography""]"
"36574245",NULL,"[""Administrative health data""]",NULL
"36575159","[""MRI""], [""MRI""]","[""MRI""]","[""MRI""]"
"36575304","[""neuroimaging""], [""Functional MRI"", ""Structural MRI""]","[""neuroimaging""]","[""Functional MRI"", ""Structural MRI""]"
"36576153","[""Text""], [""Text""]","[""Text""]","[""Text""]"
"36580997","[""Clinical"", ""Demographic""], [""Villalta scale""]","[""Clinical"", ""Demographic""]","[""Villalta scale""]"
"36581457",NULL,NULL,"[""Text""]"
"36584158","[""Raman spectroscopy""], [""spectroscopy""]","[""Raman spectroscopy""]","[""spectroscopy""]"
"36585083","[""Thermography""], [""Thermal Images""]","[""Thermography""]","[""Thermal Images""]"
"36588667","[""chest X-ray images""], [""Images""]","[""chest X-ray images""]","[""Images""]"
"36612994",NULL,NULL,NULL
"36588902","[""Brain MRI"", ""Magnetic Resonance Angiography""], [{""Label"": ""Multimodal"", ""Modality"": [""MRI"", ""MRA""]}]","[""Brain MRI"", ""Magnetic Resonance Angiography""]","[{""Label"": ""Multimodal"", ""Modality"": [""MRI"", ""MRA""]}]"
"36590098","[""MRI""], [""MRI""]","[""MRI""]","[""MRI""]"
"36591527","[""Image""], [""multimodal""]","[""Image""]","[""multimodal""]"
"36593280",NULL,NULL,"[""Machine learning""]"
"36595257","[""Medical imaging""], [""Radiomics"", ""Clinical""]","[""Medical imaging""]","[""Radiomics"", ""Clinical""]"
"36595510","[""Vestibular""], [""vestibular"", ""sensor data""]","[""Vestibular""]","[""vestibular"", ""sensor data""]"
"36597110",NULL,"[""mobilization""]",NULL
"36597699",NULL,NULL,"[""survival analysis""]"
"36598686","[""Cine cardiac magnetic resonance imaging""], [""Magnetic Resonance Imaging""]","[""Cine cardiac magnetic resonance imaging""]","[""Magnetic Resonance Imaging""]"
"36599223","[""Finite Element Methods"", ""Physics-Guided Loss Function""], [""Image"", ""Simulation Data""]","[""Finite Element Methods"", ""Physics-Guided Loss Function""]","[""Image"", ""Simulation Data""]"
"36603288","[""Pathology""], [""Pathology"", ""Imaging""]","[""Pathology""]","[""Pathology"", ""Imaging""]"
"36603372","[""Image""], [""Image"", ""Segmentation""]","[""Image""]","[""Image"", ""Segmentation""]"
"36604821","[""Motor Imagery"", ""Brain-Computer Interface""], [""Electroencephalography""]","[""Motor Imagery"", ""Brain-Computer Interface""]","[""Electroencephalography""]"
"36605114","[""image""], [""image""]","[""image""]","[""image""]"
"36607506","[""MRI"", ""CT""], [""NCCT"", ""FLAIR MRI""]","[""MRI"", ""CT""]","[""NCCT"", ""FLAIR MRI""]"
"36624107","[""Imaging"", ""Text""], [""Functional""]","[""Imaging"", ""Text""]","[""Functional""]"
"36627280",NULL,NULL,NULL
"36628172","[""Signal on graph""], [""graph signals""]","[""Signal on graph""]","[""graph signals""]"
"36629921",NULL,"[""Text""]",NULL
"36630722","[""CT"", ""PET/CT""], [""PET/CT"", ""Ultrasound-guided needle biopsy""]","[""CT"", ""PET/CT""]","[""PET/CT"", ""Ultrasound-guided needle biopsy""]"
"36631694",NULL,NULL,"[""Medical test"", ""Model prediction mechanism""]"
"36632188","[""Anatomical features"", ""Histological and molecular features""], [""histopathologic"", ""molecular""]","[""Anatomical features"", ""Histological and molecular features""]","[""histopathologic"", ""molecular""]"
"36632859","[""Audio""], [""audio""]","[""Audio""]","[""audio""]"
"36635575","[""Metabolomics"", ""Microbiome""], [""Metabolomics"", ""Microbiome sequencing""]","[""Metabolomics"", ""Microbiome""]","[""Metabolomics"", ""Microbiome sequencing""]"
"36635594","[""Computed Tomography Angiography (CTA)""], [""CTA"", ""MIPs""]","[""Computed Tomography Angiography (CTA)""]","[""CTA"", ""MIPs""]"
"36641503",NULL,NULL,NULL
"36641812","[""Nailfold video capillaroscopy""], [""Images""]","[""Nailfold video capillaroscopy""]","[""Images""]"
"36645143","[""image""], [""Image"", ""Fractal dimension""]","[""image""]","[""Image"", ""Fractal dimension""]"
"36649068",NULL,NULL,"{""Text"": [""Department of Psychology, University of Toronto"", ""Centre for Addiction and Mental Health""], ""Audio"": [""Department of Psychology, University of Toronto"", ""Centre for Addiction and Mental Health""], ""Image"": null}"
"36649481",NULL,"[""Clinical Notes"", ""Diagnosis Codes"", ""Procedure Codes"", ""Chart Events""]",NULL
"36652661","[""Computed Tomography"", ""Stereotactic Body Radiotherapy""], [""CT Imaging""]","[""Computed Tomography"", ""Stereotactic Body Radiotherapy""]","[""CT Imaging""]"
"36661231","[""verbal memory""], [""Verbal memory functions"", ""Lesion location""]","[""verbal memory""]","[""Verbal memory functions"", ""Lesion location""]"
"36697450","[""X-rays"", ""Visual annotation""], [""X-ray images"", ""text (AI advice)""]","[""X-rays"", ""Visual annotation""]","[""X-ray images"", ""text (AI advice)""]"
"36661454","[""Lung Ultrasound""], {""Ultrasound"": ""Lung"", ""Deep Learning Model"": ""Classification""}","[""Lung Ultrasound""]","{""Ultrasound"": ""Lung"", ""Deep Learning Model"": ""Classification""}"
"36662732",NULL,NULL,"[""Image"", ""Text""]"
"36669727","[""Qualitative"", ""Quantitative""], [""Gait training"", ""Functional clinical therapy""]","[""Qualitative"", ""Quantitative""]","[""Gait training"", ""Functional clinical therapy""]"
"36679747","[""Inertial Sensors""], [""Wrist posture"", ""Flexion/extension"", ""Radial/ulnar deviation""]","[""Inertial Sensors""]","[""Wrist posture"", ""Flexion/extension"", ""Radial/ulnar deviation""]"
"36681776","[""Colonoscopy images""], [""Image""]","[""Colonoscopy images""]","[""Image""]"
"36681813","[""Flow cytometry""], [{""text"": null}]","[""Flow cytometry""]","[{""text"": null}]"
"36688707",NULL,NULL,"[""text""]"
"36691875","[""Fluoroscopy""], [""Fluoroscopy""]","[""Fluoroscopy""]","[""Fluoroscopy""]"
"36695623","[""Harmonized"", ""Individual""], [""Machine learning"", ""Statistics""]","[""Harmonized"", ""Individual""]","[""Machine learning"", ""Statistics""]"
"36697455",NULL,NULL,"[""Time-varying covariates"", ""Machine learning""]"
"36700900","[""Medical""], [""physiological measurements""]","[""Medical""]","[""physiological measurements""]"
"36703133","[""location specific virus dynamics""], [""Text"", ""Mathematics""]","[""location specific virus dynamics""]","[""Text"", ""Mathematics""]"
"36711754",NULL,NULL,"[""Images"", ""Text""]"
"36706617","[""Computer Vision"", ""Timeseries""], [""video"", ""timeseries""]","[""Computer Vision"", ""Timeseries""]","[""video"", ""timeseries""]"
"36707080","[], [{""Modality"": ""Medical Imaging""}, {""Modality"": ""Physiological Signals""}]","[]","[{""Modality"": ""Medical Imaging""}, {""Modality"": ""Physiological Signals""}]"
"36707535","[""Raman spectroscopy""], [""Raman spectra""]","[""Raman spectroscopy""]","[""Raman spectra""]"
"36707846","[""Kinematic""], [""Kinematic parameters""]","[""Kinematic""]","[""Kinematic parameters""]"
"36709079","[""Genotype"", ""Phenotype""], [""Text""]","[""Genotype"", ""Phenotype""]","[""Text""]"
"36709519","[""Computed Tomography (CT)""], [""Images"", ""Text""]","[""Computed Tomography (CT)""]","[""Images"", ""Text""]"
"36709788","[""Blood oxygen level-dependent (BOLD) signal"", ""Respiratory measurements""], [""BOLD signal time series""]","[""Blood oxygen level-dependent (BOLD) signal"", ""Respiratory measurements""]","[""BOLD signal time series""]"
"36711055","[""wearable wireless sensor"", ""Internet of Things"", ""big data""], [""Health management""]","[""wearable wireless sensor"", ""Internet of Things"", ""big data""]","[""Health management""]"
"36711952",NULL,NULL,"[""genetic"", ""protein""]"
"36712317","[""Natural Language""], {""text"": true}","[""Natural Language""]","{""text"": true}"
"36712571","[""Radiology""], [""Imaging"", ""Genomics""]","[""Radiology""]","[""Imaging"", ""Genomics""]"
"36714544","[""Survey"", ""Questionnaire""], [""self-reported"", ""mental health""]","[""Survey"", ""Questionnaire""]","[""self-reported"", ""mental health""]"
"36716998",NULL,"[""Text""]",NULL
"36720585","[""Retinal Fundus Photographs"", ""Image""], [""Images""]","[""Retinal Fundus Photographs"", ""Image""]","[""Images""]"
"36720962","[""X-ray computed tomography""], X-rays","[""X-ray computed tomography""]","X-rays"
"36721408","[""CT"", ""MRI""], [""Imaging"", ""Pathology""]","[""CT"", ""MRI""]","[""Imaging"", ""Pathology""]"
"36724157",NULL,NULL,"[""Subjective and objective social deprivation""]"
"36724551","[""MRI"", ""Clinical dose distributions""], [""3D dose distributions""]","[""MRI"", ""Clinical dose distributions""]","[""3D dose distributions""]"
"36725934","[""Spatial""], [""Medical"", ""Health""]","[""Spatial""]","[""Medical"", ""Health""]"
"36729231","[""Endoscopic Video"", ""Kinematic Data""], [""Video"", ""Audio""]","[""Endoscopic Video"", ""Kinematic Data""]","[""Video"", ""Audio""]"
"36732110","[""audio""], [""audio"", ""text""]","[""audio""]","[""audio"", ""text""]"
"36733294","[""Visual""], [""Visual"", ""Conscious pathway""]","[""Visual""]","[""Visual"", ""Conscious pathway""]"
"36735333",NULL,NULL,"[""ECG"", ""Imaging""]"
"36737625","[], [""Sociodemographic characteristics"", ""Healthcare service use"", ""Chronic diseases""]","[]","[""Sociodemographic characteristics"", ""Healthcare service use"", ""Chronic diseases""]"
"36737711","[""heart rate"", ""systolic blood pressure"", ""coronary computed tomography angiography""], [""heart rate"", ""systolic blood pressure""]","[""heart rate"", ""systolic blood pressure"", ""coronary computed tomography angiography""]","[""heart rate"", ""systolic blood pressure""]"
"36738990","[""PET""], [""PET"", ""MRI""]","[""PET""]","[""PET"", ""MRI""]"
"36740609","[""MRI""], [""MRI reports""]","[""MRI""]","[""MRI reports""]"
"36744277","[""Music""], [""Music-based digital therapeutic""]","[""Music""]","[""Music-based digital therapeutic""]"
"36747065","[""ECG""], [""ECG""]","[""ECG""]","[""ECG""]"
"36749957","[""3-dimensional Cartesian coordinates"", ""Internal coordinates""], [""Internal Coordinates"", ""Cartesian Coordinates""]","[""3-dimensional Cartesian coordinates"", ""Internal coordinates""]","[""Internal Coordinates"", ""Cartesian Coordinates""]"
"36750489","[""MRI"", ""CT""], [""MRI"", ""CT images""]","[""MRI"", ""CT""]","[""MRI"", ""CT images""]"
"36756643",NULL,NULL,"[""Digital""]"
"36758326","[""Histopathological"", ""Cytological""], [""histopathological images"", ""cytological biopsy specimens""]","[""Histopathological"", ""Cytological""]","[""histopathological images"", ""cytological biopsy specimens""]"
"36759533",NULL,NULL,"[""Medical Imaging""]"
"36764023","[""T1-weighted MRI"", ""Pulse Amplitude Tonometry""], [""MRI"", ""Tonometry""]","[""T1-weighted MRI"", ""Pulse Amplitude Tonometry""]","[""MRI"", ""Tonometry""]"
"36764677","[""Structural MRI"", ""Functional MRI""], [""Functional""]","[""Structural MRI"", ""Functional MRI""]","[""Functional""]"
"36765644","[""Peptide-signatures""], [""Mass spectrometry imaging""]","[""Peptide-signatures""]","[""Mass spectrometry imaging""]"
"36765908","[""MRI"", ""MR""], [{""Modality"": ""MRI""}, {""Modality"": ""T1-weighted and T2-FLAIR images""}]","[""MRI"", ""MR""]","[{""Modality"": ""MRI""}, {""Modality"": ""T1-weighted and T2-FLAIR images""}]"
"36768092","[""Electronic Health Records"", ""Social Determinants of Health""], []","[""Electronic Health Records"", ""Social Determinants of Health""]","[]"
"36794205",NULL,NULL,"[""Text""]"
"36772246","[""Videos""], [""vision"", ""video""]","[""Videos""]","[""vision"", ""video""]"
"36772451","[""Gyroscope"", ""Wearable sensors""], [""Gyroscope data""]","[""Gyroscope"", ""Wearable sensors""]","[""Gyroscope data""]"
"36772710","[""Brightness mode (B-mode) ultrasound""], [""ultrasound""]","[""Brightness mode (B-mode) ultrasound""]","[""ultrasound""]"
"36775056","[""Cell Lines""], [""Text"", ""Gene Expression""]","[""Cell Lines""]","[""Text"", ""Gene Expression""]"
"36775719","[""Medical Images"", ""Time Series Data""], [{""type"": ""machine learning"", ""modal"": ""renal scans""}]","[""Medical Images"", ""Time Series Data""]","[{""type"": ""machine learning"", ""modal"": ""renal scans""}]"
"36777157","[""Self-reported"", ""Substance use indicators""], [""text""]","[""Self-reported"", ""Substance use indicators""]","[""text""]"
"36824286","[""RNA-seq""], [""RNA-seq data""]","[""RNA-seq""]","[""RNA-seq data""]"
"36786111","[""Positron Emission Tomography"", ""Diffusional kurtosis imaging"", ""neurite orientation dispersion and density imaging""], [""neuroimaging"", ""PET""]","[""Positron Emission Tomography"", ""Diffusional kurtosis imaging"", ""neurite orientation dispersion and density imaging""]","[""neuroimaging"", ""PET""]"
"36787672",NULL,"[""Self-reported symptom change""]",NULL
"36788215","[""Metagenomic sequencing""], [""metagenomics""]","[""Metagenomic sequencing""]","[""metagenomics""]"
"36788319","[""ECG"", ""Pulse Oximeter"", ""Arterial Waveforms""], [""ECG"", ""Pulse oximeter""]","[""ECG"", ""Pulse Oximeter"", ""Arterial Waveforms""]","[""ECG"", ""Pulse oximeter""]"
"36793418","[""Wearable sensor devices"", ""Internet of Medical Things""], [""wearable sensor devices"", ""Internet of Medical Things (IoMT)""]","[""Wearable sensor devices"", ""Internet of Medical Things""]","[""wearable sensor devices"", ""Internet of Medical Things (IoMT)""]"
"36802687","[""Smartphones""], [""Mobile application"", ""Artificial intelligence""]","[""Smartphones""]","[""Mobile application"", ""Artificial intelligence""]"
"36808151","[""Imaging data""], [""Electronic laboratory and clinical data""]","[""Imaging data""]","[""Electronic laboratory and clinical data""]"
"36809921","[""Proteomic"", ""Natural Language Processing""], [""Blood proteins"", ""Proteomics""]","[""Proteomic"", ""Natural Language Processing""]","[""Blood proteins"", ""Proteomics""]"
"36809996","[""EEG"", ""Multi-channel EEG""], [""EEG"", ""iEEG""]","[""EEG"", ""Multi-channel EEG""]","[""EEG"", ""iEEG""]"
"36810139","[""Blastocyst images"", ""Patient couple's clinical features""], [""Images"", ""Clinical features""]","[""Blastocyst images"", ""Patient couple's clinical features""]","[""Images"", ""Clinical features""]"
"36812626","[""Cardiovascular Magnetic Resonance"", ""Late Gadolinium Enhancement""], [""MRI images""]","[""Cardiovascular Magnetic Resonance"", ""Late Gadolinium Enhancement""]","[""MRI images""]"
"36812632",NULL,"[""Electronic Health Records""]",NULL
"36812648","[""Physiological"", ""Activity""], [""Wristband""]","[""Physiological"", ""Activity""]","[""Wristband""]"
"36812932",NULL,"[""Clinical""]",NULL
"36813095","[""Diagnostic images""], [""Image analysis"", ""Biomarker discovery""]","[""Diagnostic images""]","[""Image analysis"", ""Biomarker discovery""]"
"36817429","[""Genomic"", ""Quantitative""], [""genomics""]","[""Genomic"", ""Quantitative""]","[""genomics""]"
"36818579","[""EEG""], [""visual inspection of power modulation spectrograms"", ""power modulation spectrogram inputs""]","[""EEG""]","[""visual inspection of power modulation spectrograms"", ""power modulation spectrogram inputs""]"
"36819295",NULL,NULL,NULL
"36819938","[""EEG""], [""EEG""]","[""EEG""]","[""EEG""]"
"36821110",NULL,"[""X-ray"", ""MRI"", ""CT Scan""]",NULL
"36822878","[""Eye Tracking""], [""Eye-tracking data"", ""Machine Learning""]","[""Eye Tracking""]","[""Eye-tracking data"", ""Machine Learning""]"
"36826129",NULL,NULL,"[""Text"", ""Values-Based Guide""]"
"36831393","[""Mass spectrometry""], [""mass spectrometry"", ""machine learning""]","[""Mass spectrometry""]","[""mass spectrometry"", ""machine learning""]"
"36831803","[""Resting-state functional MRI"", ""Structural magnetic resonance imaging""], [""MRI"", ""fMRI""]","[""Resting-state functional MRI"", ""Structural magnetic resonance imaging""]","[""MRI"", ""fMRI""]"
"36836230","[""CGM data points""], [""Blood Glucose Risk Score Formula"", ""Root Mean Squared Error (RMSE)""]","[""CGM data points""]","[""Blood Glucose Risk Score Formula"", ""Root Mean Squared Error (RMSE)""]"
"36848339",NULL,"[""Longitudinal Data""]",NULL
"36849211",NULL,"[""Health administrative data"", ""Community-level social deprivation and marginalisation""]",NULL
"36849828","[""Transcriptomes""], [""pre-infusion transcriptomes""]","[""Transcriptomes""]","[""pre-infusion transcriptomes""]"
"36850407","[""Physiological Signals""], [""physiological signals""]","[""Physiological Signals""]","[""physiological signals""]"
"36857033","[""Text""], [""Text""]","[""Text""]","[""Text""]"
"36857952","[""Magnetic Resonance Imaging""], [""Image"", ""k-space""]","[""Magnetic Resonance Imaging""]","[""Image"", ""k-space""]"
"36857967","[""Echocardiography""], [""Image"", ""Text""]","[""Echocardiography""]","[""Image"", ""Text""]"
"36861368","[""Magnetic Resonance Imaging"", ""Electroencephalography""], [""image"", ""signal""]","[""Magnetic Resonance Imaging"", ""Electroencephalography""]","[""image"", ""signal""]"
"36864136",NULL,NULL,"[""image"", ""genomics""]"
"36864252",NULL,NULL,NULL
"36867224",NULL,NULL,NULL
"36867596","[""Cognitive Tests""], [""sociodemographic"", ""social engagement"", ""health"", ""physical functioning"", ""psychological"", ""health-related behaviors"", ""baseline cognitive tests""]","[""Cognitive Tests""]","[""sociodemographic"", ""social engagement"", ""health"", ""physical functioning"", ""psychological"", ""health-related behaviors"", ""baseline cognitive tests""]"
"36869377","[""Audio""], [{""Modality"": ""Acoustic Features""}, {""Modality"": ""Linguistic Features""}]","[""Audio""]","[{""Modality"": ""Acoustic Features""}, {""Modality"": ""Linguistic Features""}]"
"36871598","[""Histological""], [""Pathology"", ""Gastroenterology""]","[""Histological""]","[""Pathology"", ""Gastroenterology""]"
"36872936",NULL,"[""Specific cannabinoid recommendations"", ""Diagnosis information""]",NULL
"36873304","[""Neck-Attached Sensors"", ""Machine Learning""], [""Audio""]","[""Neck-Attached Sensors"", ""Machine Learning""]","[""Audio""]"
"36877086","[""Sequencing""], [{""ModalityName"": ""16S rRNA data""}, {""ModalityName"": ""Human stool samples""}]","[""Sequencing""]","[{""ModalityName"": ""16S rRNA data""}, {""ModalityName"": ""Human stool samples""}]"
"36877673","[""Clinical"", ""Metabolomic""], [""Clinical"", ""Metabolomic""]","[""Clinical"", ""Metabolomic""]","[""Clinical"", ""Metabolomic""]"
"36880253","[""Transaction data"", ""Betting behaviour"", ""Demographics"", ""Responsible gambling tools""], [""text""]","[""Transaction data"", ""Betting behaviour"", ""Demographics"", ""Responsible gambling tools""]","[""text""]"
"36889611","[], []","[]","[]"
"36893934","[""medical""], [""text"", ""numeric""]","[""medical""]","[""text"", ""numeric""]"
"36894697","[""Magnetic Resonance Imaging (MRI)"", ""Computed Tomography (CT)""], [""MRI"", ""CT""]","[""Magnetic Resonance Imaging (MRI)"", ""Computed Tomography (CT)""]","[""MRI"", ""CT""]"
"36898486","[""X-Ray""], [""Image""]","[""X-Ray""]","[""Image""]"
"36899501","[""Ultrasound""], [""Ultrasound""]","[""Ultrasound""]","[""Ultrasound""]"
"36900023","[""Audio""], [""Audio""]","[""Audio""]","[""Audio""]"
"36900077","[""CXR Images"", ""Lung Fields""], [""Image"", ""Text""]","[""CXR Images"", ""Lung Fields""]","[""Image"", ""Text""]"
"36904634","[""images"", ""videos""], [""Image"", ""Video""]","[""images"", ""videos""]","[""Image"", ""Video""]"
"36908403","[""Magnetic Resonance Imaging"", ""Ultrasound""], [""magnetic resonance imaging"", ""ultrasound""]","[""Magnetic Resonance Imaging"", ""Ultrasound""]","[""magnetic resonance imaging"", ""ultrasound""]"
"36909463","[""Digital Images""], [""images""]","[""Digital Images""]","[""images""]"
"36910911","[""free-text progress and consult notes""], [""text""]","[""free-text progress and consult notes""]","[""text""]"
"36910915","[""Images""], [""Images"", ""Skin lesion taxonomy""]","[""Images""]","[""Images"", ""Skin lesion taxonomy""]"
"36912861","["" null""], [""text"", ""numeric""]","["" null""]","[""text"", ""numeric""]"
"36913619","[""Cadaveric""], [""Cadaveric Study""]","[""Cadaveric""]","[""Cadaveric Study""]"
"36917868","[""Text"", ""Electronic address""], []","[""Text"", ""Electronic address""]","[]"
"36920391","[""Text""], [{""modality"": ""text""}]","[""Text""]","[{""modality"": ""text""}]"
"36921072","[""Health"", ""Employment"", ""Social assistance"", ""Police contacts""], [""Text (Abstract)"", ""Text (Affiliations)""]","[""Health"", ""Employment"", ""Social assistance"", ""Police contacts""]","[""Text (Abstract)"", ""Text (Affiliations)""]"
"36921404","[""functional magnetic resonance imaging"", ""cognitive assessment battery""], [""image"", ""text""]","[""functional magnetic resonance imaging"", ""cognitive assessment battery""]","[""image"", ""text""]"
"36921979",NULL,"[""medical""]",NULL
"36929810","[""MRI""], [""Multimodal"", ""Physiological""]","[""MRI""]","[""Multimodal"", ""Physiological""]"
"36932241","[""medical"", ""genetic""], [""text"", ""image""]","[""medical"", ""genetic""]","[""text"", ""image""]"
"36935753","[""PPG"", ""BP""], Photoplethysmography (PPG)","[""PPG"", ""BP""]","Photoplethysmography (PPG)"
"36935854","[""Image guidance""], [""Imaging biomarkers"", ""Clinical data""]","[""Image guidance""]","[""Imaging biomarkers"", ""Clinical data""]"
"36935935",NULL,NULL,"[""Text"", ""Numbers""]"
"36938350",NULL,NULL,"[""linear"", ""logistic"", ""neural networks""]"
"36938737","[""Plasma biomarkers"", ""Driving behavior""], [""Driving"", ""Blood""]","[""Plasma biomarkers"", ""Driving behavior""]","[""Driving"", ""Blood""]"
"36939638","[""Imaging""], [""Imaging""]","[""Imaging""]","[""Imaging""]"
"36944631","[""Magnetic resonance imaging""], [""Cardiovascular""]","[""Magnetic resonance imaging""]","[""Cardiovascular""]"
"36946533","[""Language""], [""Speech""]","[""Language""]","[""Speech""]"
"36948210","[""Nanomolar""], [{""tag"": ""Ontario Institute for Cancer Research"", ""country"": ""Canada""}, {""tag"": ""Structural Genomics Consortium, University of Toronto"", ""country"": ""Canada""}]","[""Nanomolar""]","[{""tag"": ""Ontario Institute for Cancer Research"", ""country"": ""Canada""}, {""tag"": ""Structural Genomics Consortium, University of Toronto"", ""country"": ""Canada""}]"
"36948537",NULL,NULL,"[""Image"", ""Audio""]"
"36949169","[""Whole slide images"", ""RNA-seq""], [{""Type"": ""Glass slide image"", ""Modality"": ""Whole slide image""}, {""Type"": ""Molecular features"", ""Modality"": ""RNA-seq data""}]","[""Whole slide images"", ""RNA-seq""]","[{""Type"": ""Glass slide image"", ""Modality"": ""Whole slide image""}, {""Type"": ""Molecular features"", ""Modality"": ""RNA-seq data""}]"
"36950264","[""Clinical variables""], [""Clinical variables""]","[""Clinical variables""]","[""Clinical variables""]"
"36958708","[""Echocardiography""], [""Echocardiography""]","[""Echocardiography""]","[""Echocardiography""]"
"36959273","[""Robotic manipulandum"", ""Kinesthetic""], [""Sensorimotor control"", ""Upper-limb movements""]","[""Robotic manipulandum"", ""Kinesthetic""]","[""Sensorimotor control"", ""Upper-limb movements""]"
"36959630",NULL,NULL,"[""text""]"
"36962677","[""hospital beds"", ""ventilators""], [""Text""]","[""hospital beds"", ""ventilators""]","[""Text""]"
"36962760","[""Metabolites"", ""Ultrasound""], [""Metabolite data"", ""Ultrasound images""]","[""Metabolites"", ""Ultrasound""]","[""Metabolite data"", ""Ultrasound images""]"
"36969221","[""Biomarkers""], [""Biomarkers""]","[""Biomarkers""]","[""Biomarkers""]"
"36970046","[""MRI""], null","[""MRI""]","null"
"36970634",NULL,NULL,"[""Weighted Sparse Decision Trees""]"
"36973382","[""Body composition analyzer InBody 270"", ""Fibroscan""], [""text"", ""image""]","[""Body composition analyzer InBody 270"", ""Fibroscan""]","[""text"", ""image""]"
"36975097","[""Omicron BA.4/5 spike protein""], [""text""]","[""Omicron BA.4/5 spike protein""]","[""text""]"
"36980531","[""Biopsy"", ""Surgical Sample""], [""Text""]","[""Biopsy"", ""Surgical Sample""]","[""Text""]"
"36980637","[""Positron emission tomography"", ""Ultrafast Doppler"", ""Computed Tomography""], [""positron emission tomography"", ""ultrafast Doppler"", ""computed tomography""]","[""Positron emission tomography"", ""Ultrafast Doppler"", ""Computed Tomography""]","[""positron emission tomography"", ""ultrafast Doppler"", ""computed tomography""]"
"36993597","[""Functional MRI"", ""Diffusion tractography"", ""Cortical morphometry"", ""Positron emission tomography""], [""fMRI"", ""diffusion tractography"", ""cortical morphometry"", ""PET""]","[""Functional MRI"", ""Diffusion tractography"", ""Cortical morphometry"", ""Positron emission tomography""]","[""fMRI"", ""diffusion tractography"", ""cortical morphometry"", ""PET""]"
"36995714","[""Wearable device""], [""wearable device"", ""participant retention""]","[""Wearable device""]","[""wearable device"", ""participant retention""]"
"36998022","[""Pressure"", ""Flow""], [""pressure and flow waveforms""]","[""Pressure"", ""Flow""]","[""pressure and flow waveforms""]"
"36998700","[""MRI"", ""CT""], [""MR images"", ""Tissue labels""]","[""MRI"", ""CT""]","[""MR images"", ""Tissue labels""]"
"37001040","[""Natural Language Processing""], [""Natural Language Processing""]","[""Natural Language Processing""]","[""Natural Language Processing""]"
"37002267","[""anatomical lesion patterns"", ""language performance""], [""Anatomical lesion patterns""]","[""anatomical lesion patterns"", ""language performance""]","[""Anatomical lesion patterns""]"
"37004526","[""Flow Cytometry"", ""Angiography""], [""Serum concentration"", ""Inflammatory cytokines""]","[""Flow Cytometry"", ""Angiography""]","[""Serum concentration"", ""Inflammatory cytokines""]"
"37012019",NULL,"[""electronic records"", ""blood pressure"", ""heart rate"", ""medical history""]",NULL
"37013671","[""Video""], [{""Visual"": true}]","[""Video""]","[{""Visual"": true}]"
"37014363","[""Multiple""], [""Medical""]","[""Multiple""]","[""Medical""]"
"37019866","[""fecal"", ""whole gut transit time""], [""Probiotic intake"", ""Whole gut transit time""]","[""fecal"", ""whole gut transit time""]","[""Probiotic intake"", ""Whole gut transit time""]"
"37021166","[""Neurological""], [""Imaging data""]","[""Neurological""]","[""Imaging data""]"
"37021933","[""Gene expression profile"", ""Differential expression signature""], [""Gene Expression Profile"", ""Differential Expression Signature""]","[""Gene expression profile"", ""Differential expression signature""]","[""Gene Expression Profile"", ""Differential Expression Signature""]"
"37031755","[""Neuroimaging""], [""Brain images"", ""Demographic data""]","[""Neuroimaging""]","[""Brain images"", ""Demographic data""]"
"37032376","[""Optical coherence tomography (OCT)""], [""Imaging""]","[""Optical coherence tomography (OCT)""]","[""Imaging""]"
"37037147","[""PET/CT""], [""PET/CT""]","[""PET/CT""]","[""PET/CT""]"
"37037153","[""Porcine knee specimens""], [{""modality"": ""Cartilage properties""}, {""modality"": ""Indentation-relaxation maps""}]","[""Porcine knee specimens""]","[{""modality"": ""Cartilage properties""}, {""modality"": ""Indentation-relaxation maps""}]"
"37045997",NULL,NULL,"[""Radiology and Nuclear Medicine"", ""Department of Radiation Oncology""]"
"37046533","[""Biomedical"", ""Radiology"", ""Mathematics""], [""Biomedical imaging"", ""Machine learning""]","[""Biomedical"", ""Radiology"", ""Mathematics""]","[""Biomedical imaging"", ""Machine learning""]"
"37059110","[""Computed Tomography""], [""CT"", ""MC""]","[""Computed Tomography""]","[""CT"", ""MC""]"
"37059267","[""Image""], [""Images""]","[""Image""]","[""Images""]"
"37051059",NULL,NULL,"{""type"": ""string"", ""label"": null, ""value"": [null]}"
"37051835","[""Inertial""], [""inertial data""]","[""Inertial""]","[""inertial data""]"
"37051847","[""patient and injury characteristics""], [""text"", ""statistics""]","[""patient and injury characteristics""]","[""text"", ""statistics""]"
"37052589","[""Sequencing"", ""Microbiome""], [""Microbiome diversity data"", ""SNVs""]","[""Sequencing"", ""Microbiome""]","[""Microbiome diversity data"", ""SNVs""]"
"37063449","[""Plasma metabolomics""], [""amino acids""]","[""Plasma metabolomics""]","[""amino acids""]"
"37063642","[""online"", ""help-seeking""], [""Text""]","[""online"", ""help-seeking""]","[""Text""]"
"37064531","[""dMRI"", ""iEEG""], [""functional iEEG"", ""structural connectivity abnormalities""]","[""dMRI"", ""iEEG""]","[""functional iEEG"", ""structural connectivity abnormalities""]"
"37068084","[""MRI"", ""CT"", ""PET""], [""2D"", ""3D""]","[""MRI"", ""CT"", ""PET""]","[""2D"", ""3D""]"
"37070145","[""Clinical""], [""text"", ""numeric data""]","[""Clinical""]","[""text"", ""numeric data""]"
"37070854","[""Computed Tomography"", ""Non-Contrast Computed Tomography""], [""radiomics""]","[""Computed Tomography"", ""Non-Contrast Computed Tomography""]","[""radiomics""]"
"37070957","[""Medical Imaging""], [""text"", ""numeric""]","[""Medical Imaging""]","[""text"", ""numeric""]"
"37076338",NULL,NULL,"[""text"", ""image""]"
"37076833","[""variables""], {""audio_data"": false, ""image_data"": false}","[""variables""]","{""audio_data"": false, ""image_data"": false}"
"37078508","[""Speech""], [""Audio""]","[""Speech""]","[""Audio""]"
"37079936","[""T1-weighted magnetic resonance imaging""], [""MRI""]","[""T1-weighted magnetic resonance imaging""]","[""MRI""]"
"37084275","[""Gene expression"", ""miRNA expression""], {""gene expression data"": true}","[""Gene expression"", ""miRNA expression""]","{""gene expression data"": true}"
"37084389","[{""Modality"": ""Genomic""}], [""Genomic"", ""Clinical""]","[{""Modality"": ""Genomic""}]","[""Genomic"", ""Clinical""]"
"37093561","[""SERS"", ""T cells""], [""SERS data"", ""Cocultured T cells""]","[""SERS"", ""T cells""]","[""SERS data"", ""Cocultured T cells""]"
"37084548","[""Foot progression angle""], [""inertial sensing""]","[""Foot progression angle""]","[""inertial sensing""]"
"37085289","[""Longitudinal University""], [""electronic""]","[""Longitudinal University""]","[""electronic""]"
"37087135","[""Medical Imaging""], [""Imaging""]","[""Medical Imaging""]","[""Imaging""]"
"37090433","[""Tryptic peptides""], [""Spatial Features"", ""Real-World Physicochemical Properties""]","[""Tryptic peptides""]","[""Spatial Features"", ""Real-World Physicochemical Properties""]"
"37178071","[""Echocardi""], [""cardiology"", ""France""]","[""Echocardi""]","[""cardiology"", ""France""]"
"37095223","[""Tumor histology"", ""Clinicopathologic factors""], [""histology"", ""images""]","[""Tumor histology"", ""Clinicopathologic factors""]","[""histology"", ""images""]"
"37095759","[""chest X-ray""], [""X-ray""]","[""chest X-ray""]","[""X-ray""]"
"37098650","[""Magnetic resonance enterography (MRE)"", ""T1-weighted""], [""Magnetic Resonance Enterography"", ""Computed Tomography""]","[""Magnetic resonance enterography (MRE)"", ""T1-weighted""]","[""Magnetic Resonance Enterography"", ""Computed Tomography""]"
"37101866","[""Text""], [""Text""]","[""Text""]","[""Text""]"
"37103727","[""MR""], [""MR"", ""MRI"", ""T1-weighted images"", ""Contrast-enhanced images""]","[""MR""]","[""MR"", ""MRI"", ""T1-weighted images"", ""Contrast-enhanced images""]"
"37114183","[""clinical"", ""imaging""], [""clinical"", ""imaging""]","[""clinical"", ""imaging""]","[""clinical"", ""imaging""]"
"37125033",NULL,NULL,"[""Plasma metabolite levels"", ""Immune-metabolic clinical parameters""]"
"37126349","[""Nil""], [""Health data"", ""Clinical AI trials""]","[""Nil""]","[""Health data"", ""Clinical AI trials""]"
"37128461","[""Laboratory tests""], [{""Modality"": ""Image""}, {""Modality"": ""Text""}]","[""Laboratory tests""]","[{""Modality"": ""Image""}, {""Modality"": ""Text""}]"
"37129936",NULL,NULL,"[""Text""]"
"37130342","[""Clinical""], [""Text"", ""Structured medical data""]","[""Clinical""]","[""Text"", ""Structured medical data""]"
"37131691","[""Digital Pathology"", ""Clinical""], [""Image"", ""Clinical""]","[""Digital Pathology"", ""Clinical""]","[""Image"", ""Clinical""]"
"37132542","[""Computed Tomography""], [{""Type"": ""Affiliations""}]","[""Computed Tomography""]","[{""Type"": ""Affiliations""}]"
"37134017","[""Raman spectroscopy"", ""Machine learning""], [""DNA methylation"", ""machine learning""]","[""Raman spectroscopy"", ""Machine learning""]","[""DNA methylation"", ""machine learning""]"
"37147083","[""Wearable vital signs sensors""], [""physiological"", ""immunological""]","[""Wearable vital signs sensors""]","[""physiological"", ""immunological""]"
"37147305","[""RNA sequencing""], [""RNA"", ""Imaging""]","[""RNA sequencing""]","[""RNA"", ""Imaging""]"
"37148227","[""Structural MRI"", ""Voxel-based morphometry""], [""MRI"", ""cognitive assessment""]","[""Structural MRI"", ""Voxel-based morphometry""]","[""MRI"", ""cognitive assessment""]"
"37148709","[""fMRI""], [""fMRI"", ""self-report measures""]","[""fMRI""]","[""fMRI"", ""self-report measures""]"
"37150505",NULL,NULL,"[""Electronic address""]"
"37158213","[""MRI""], [{""modality"": ""MRI""}]","[""MRI""]","[{""modality"": ""MRI""}]"
"37158607","[""time series data""], [{""category"": ""text"", ""subcategory"": null}, {""category"": ""bacterial_abundance_data"", ""subcategory"": null}]","[""time series data""]","[{""category"": ""text"", ""subcategory"": null}, {""category"": ""bacterial_abundance_data"", ""subcategory"": null}]"
"37207565","[""audible serious illness communication"", ""virtual reality"", ""augmented reality""], [""audible"", ""virtual- and augmented reality"", ""videoconferences""]","[""audible serious illness communication"", ""virtual reality"", ""augmented reality""]","[""audible"", ""virtual- and augmented reality"", ""videoconferences""]"
"37158946","[""Salivary flow rates"", ""Dose-volume histograms""], [""Head and neck cancer""]","[""Salivary flow rates"", ""Dose-volume histograms""]","[""Head and neck cancer""]"
"37161168",NULL,NULL,"[""text""]"
"37162823","[""Structural MRI"", ""Diffusion tensor imaging"", ""Task and rest functional MRI""], [""structural MRI"", ""diffusion tensor imaging"", ""task and rest functional MRI""]","[""Structural MRI"", ""Diffusion tensor imaging"", ""Task and rest functional MRI""]","[""structural MRI"", ""diffusion tensor imaging"", ""task and rest functional MRI""]"
"37163297","[""Video"", ""Echocardiogram""], [""Video"", ""Images""]","[""Video"", ""Echocardiogram""]","[""Video"", ""Images""]"
"37164024","[""CT""], [""CT""]","[""CT""]","[""CT""]"
"37164489",NULL,NULL,"[""text""]"
"37166304",NULL,"[""smartphone app"", ""questionnaires""]",NULL
"37167750","[""B-mode ultrasound"", ""contrast-enhanced ultrasound""], [""B-mode ultrasound"", ""Contrast-enhanced ultrasound""]","[""B-mode ultrasound"", ""contrast-enhanced ultrasound""]","[""B-mode ultrasound"", ""Contrast-enhanced ultrasound""]"
"37169366","[""PET""], [""positron emission tomography""]","[""PET""]","[""positron emission tomography""]"
"37170067","[""Breath"", ""Visual stimuli""], [""Neuroimaging""]","[""Breath"", ""Visual stimuli""]","[""Neuroimaging""]"
"37173594",NULL,"[""Surgical""]",NULL
"37177432","[""Body mass index"", ""Diastolic and systolic blood pressure"", ""Fasting glucose"", ""Glycated hemoglobin"", ""Low-density lipoproteins"", ""High-density lipoproteins"", ""Total cholesterol"", ""Triglycerides""], [""Blood biomarkers"", ""ECG""]","[""Body mass index"", ""Diastolic and systolic blood pressure"", ""Fasting glucose"", ""Glycated hemoglobin"", ""Low-density lipoproteins"", ""High-density lipoproteins"", ""Total cholesterol"", ""Triglycerides""]","[""Blood biomarkers"", ""ECG""]"
"37178234","[""Capnography""], [""capnography""]","[""Capnography""]","[""capnography""]"
"37185650","[""Electronic Health Records (EHRs)""], [""Text""]","[""Electronic Health Records (EHRs)""]","[""Text""]"
"37186582","[""Gene expression"", ""DNA methylation"", ""Genotyping""], [""Gene expression"", ""DNA methylation"", ""Genotyping""]","[""Gene expression"", ""DNA methylation"", ""Genotyping""]","[""Gene expression"", ""DNA methylation"", ""Genotyping""]"
"37187130","[""Wearable sensor""], [""Sensor data"", ""Gait surface classification""]","[""Wearable sensor""]","[""Sensor data"", ""Gait surface classification""]"
"37189726","[""FDG-PET"", ""Machine Learning""], [""FDG-PET""]","[""FDG-PET"", ""Machine Learning""]","[""FDG-PET""]"
"37192289",NULL,"[""registry""]",NULL
"37192786","[""three-dimensional rotational angiography""], [""angiography"", ""three-dimensional rotational angiography""]","[""three-dimensional rotational angiography""]","[""angiography"", ""three-dimensional rotational angiography""]"
"37193803","[""Photoacoustic spectroscopy""], [""Mid-infrared spectroscopy""]","[""Photoacoustic spectroscopy""]","[""Mid-infrared spectroscopy""]"
"37197011","[""Smartphone"", ""Artificial Intelligence""], [""Smartphone-based""]","[""Smartphone"", ""Artificial Intelligence""]","[""Smartphone-based""]"
"37198203","[""Visual"", ""Neural""], [""visual"", ""calcium imaging""]","[""Visual"", ""Neural""]","[""visual"", ""calcium imaging""]"
"37199779","[""Heart rate"", ""Percent heart rate reserve"", ""Estimated minute ventilation"", ""Breathing frequency"", ""Work rate""], [""Heart Rate"", ""Respiratory Rate""]","[""Heart rate"", ""Percent heart rate reserve"", ""Estimated minute ventilation"", ""Breathing frequency"", ""Work rate""]","[""Heart Rate"", ""Respiratory Rate""]"
"37199873","["" Hospital Resources""], [""Ward-level forecasting""]","["" Hospital Resources""]","[""Ward-level forecasting""]"
"37202037","[""Dietary intake"", ""Anthropometric measurements""], [""Food Frequency Questionnaire"", null]","[""Dietary intake"", ""Anthropometric measurements""]","[""Food Frequency Questionnaire"", null]"
"37202113","[""Intracranial""], [""Computed Tomography""]","[""Intracranial""]","[""Computed Tomography""]"
"37203546","[""standardised psychometric measures""], [""Digital cognitive behavioural therapy intervention""]","[""standardised psychometric measures""]","[""Digital cognitive behavioural therapy intervention""]"
"37205528","[""saliva"", ""blood""], [""saliva"", ""serum cytokines""]","[""saliva"", ""blood""]","[""saliva"", ""serum cytokines""]"
"37207379","[""Chest X-rays""], [""X-ray images""]","[""Chest X-rays""]","[""X-ray images""]"
"37209758","[""EEG""], [""EEG"", ""anesthesia""]","[""EEG""]","[""EEG"", ""anesthesia""]"
"37210150","[""Electronic health records"", ""Vital measurements""], [""EHR"", ""MIMIC-III dataset""]","[""Electronic health records"", ""Vital measurements""]","[""EHR"", ""MIMIC-III dataset""]"
"37210229",NULL,"[""Text"", ""Image""]",NULL
"37211142","[""Text"", ""Image""], [""image"", ""text""]","[""Text"", ""Image""]","[""image"", ""text""]"
"37211455","[""Text"", ""Image""], [""text""]","[""Text"", ""Image""]","[""text""]"
"37217768","[""Ultrasound""], [""Micro-ultrasound""]","[""Ultrasound""]","[""Micro-ultrasound""]"
"37218376",NULL,NULL,"[""image"", ""text""]"
"37219403","[""Arm"", ""Hand""], [""arm"", ""hand""]","[""Arm"", ""Hand""]","[""arm"", ""hand""]"
"37219619","[""MRI""], [""radiology"", ""rheumatology""]","[""MRI""]","[""radiology"", ""rheumatology""]"
"37222660","[""Proteomics""], [""proteomics"", ""computational biology""]","[""Proteomics""]","[""proteomics"", ""computational biology""]"
"37224994","[""Voice""], [""Voice"", ""Text""]","[""Voice""]","[""Voice"", ""Text""]"
"37226006","[""SPECT""], [""Planar Visual Grade"", ""Heart-to-Contralateral Ratio"", ""Quantitative Analysis of SPECT Imaging""]","[""SPECT""]","[""Planar Visual Grade"", ""Heart-to-Contralateral Ratio"", ""Quantitative Analysis of SPECT Imaging""]"
"37228387","[""Microbiome profiles""], [""Microbiome"", ""Time series""]","[""Microbiome profiles""]","[""Microbiome"", ""Time series""]"
"37231069","[""MRI""], [""MRI""]","[""MRI""]","[""MRI""]"
"37231073","[""Laboratory results"", ""Clinical data""], [""Time-series"", ""Multimodal""]","[""Laboratory results"", ""Clinical data""]","[""Time-series"", ""Multimodal""]"
"37231096","[""genetics"", ""single-cell""], [""Text"", ""Image""]","[""genetics"", ""single-cell""]","[""Text"", ""Image""]"
"37233646","[""H NMR spectroscopy"", ""Clinical measures""], [""blood""]","[""H NMR spectroscopy"", ""Clinical measures""]","[""blood""]"
"37234042","[""Structured data"", ""Clinical and geographical data sets""], [""Clinical data"", ""Geographical data""]","[""Structured data"", ""Clinical and geographical data sets""]","[""Clinical data"", ""Geographical data""]"
"37237101","[""Free text""], [""Text""]","[""Free text""]","[""Text""]"
"37238175","[""Single-photon emission computed tomography (DAT-SPECT)"", ""Clinical features""], [""Single-photon emission computed tomography (DAT-SPECT) images"", ""Clinical features""]","[""Single-photon emission computed tomography (DAT-SPECT)"", ""Clinical features""]","[""Single-photon emission computed tomography (DAT-SPECT) images"", ""Clinical features""]"
"37238180","[""PET"", ""CT""], [""Computed Tomography (CT)"", ""Positron Emission Tomography (PET)""]","[""PET"", ""CT""]","[""Computed Tomography (CT)"", ""Positron Emission Tomography (PET)""]"
"37239203","[""EEG""], [""High-density electroencephalography (EEG)"", ""Visuospatial performance""]","[""EEG""]","[""High-density electroencephalography (EEG)"", ""Visuospatial performance""]"
"37240971","[""Verbal""], [""text""]","[""Verbal""]","[""text""]"
"37243350","[""Radiologic"", ""Clinical""], [""radiologic"", ""clinical""]","[""Radiologic"", ""Clinical""]","[""radiologic"", ""clinical""]"
"37246053","[""Chest Computed Tomography""], [""CT scans""]","[""Chest Computed Tomography""]","[""CT scans""]"
"37247186","[""DNA Methylation""], DNA methylation data","[""DNA Methylation""]","DNA methylation data"
"37252342","[""RNA sequencing""], [""RNA""]","[""RNA sequencing""]","[""RNA""]"
"37257456","[""MR""], [""MRI"", ""MR Contrast""]","[""MR""]","[""MRI"", ""MR Contrast""]"
"37257824","[""Histopathology""], [""Histopathology"", ""Whole slide images""]","[""Histopathology""]","[""Histopathology"", ""Whole slide images""]"
"37257844","[""gait"", ""posture"", ""speech""], [""speech"", ""gait"", ""posture""]","[""gait"", ""posture"", ""speech""]","[""speech"", ""gait"", ""posture""]"
"37263307",NULL,NULL,"[]"
"37264564","[""Computed Tomography""], [""CT"", ""MRI""]","[""Computed Tomography""]","[""CT"", ""MRI""]"
"37264917","[""Computed Tomography"", ""Magnetic Resonance Imaging""], [""Computed Tomography"", ""Magnetic Resonance Imaging""]","[""Computed Tomography"", ""Magnetic Resonance Imaging""]","[""Computed Tomography"", ""Magnetic Resonance Imaging""]"
"37268414","[""Pulmonary emphysema""], [""Imaging""]","[""Pulmonary emphysema""]","[""Imaging""]"
"37271958",NULL,"[""Health Care Data""]",NULL
"37273970",NULL,NULL,"[""Text"", ""Number""]"
"37277740","[""smartphone app""], [""Text""]","[""smartphone app""]","[""Text""]"
"37286559","[""Ultrasound""], [""ultrasound""]","[""Ultrasound""]","[""ultrasound""]"
"37287484","[""Healthcare""], [""Clinical data"", ""Medical imaging""]","[""Healthcare""]","[""Clinical data"", ""Medical imaging""]"
"37287542","[""CT""], [""Computed Tomography""]","[""CT""]","[""Computed Tomography""]"
"37291713","[""unsupervised machine learning clustering algorithm""], [""donor characteristics""]","[""unsupervised machine learning clustering algorithm""]","[""donor characteristics""]"
"37292380","[""Demographic"", ""Medical history"", ""Adverse exposures""], []","[""Demographic"", ""Medical history"", ""Adverse exposures""]","[]"
"37292770","[""image"", ""quantitative""], [""Medical Images"", ""Medical Text Reports""]","[""image"", ""quantitative""]","[""Medical Images"", ""Medical Text Reports""]"
"37294539","[""Exercise"", ""Glucose""], [""exercise""]","[""Exercise"", ""Glucose""]","[""exercise""]"
"37294610","[""Text""], [{""Type"": ""online support groups"", ""Modality"": ""text""}]","[""Text""]","[{""Type"": ""online support groups"", ""Modality"": ""text""}]"
"37296806","[""Radiology"", ""Cardiology"", ""Surgery"", ""Physiology"", ""Biomedical Engineering""], [{""ForeName"": ""Jasjit S"", ""Initials"": ""JS"", ""LastName"": ""Suri""}, {""ForeName"": ""Inder M"", ""Initials"": ""IM"", ""LastName"": ""Singh""}]","[""Radiology"", ""Cardiology"", ""Surgery"", ""Physiology"", ""Biomedical Engineering""]","[{""ForeName"": ""Jasjit S"", ""Initials"": ""JS"", ""LastName"": ""Suri""}, {""ForeName"": ""Inder M"", ""Initials"": ""IM"", ""LastName"": ""Singh""}]"
"37304014","[""Structural magnetic resonance imaging""], [""structural magnetic resonance imaging""]","[""Structural magnetic resonance imaging""]","[""structural magnetic resonance imaging""]"
"37305516","[""Brain Signals"", ""Rabi Antenna""], [""human brain behavior and activity""]","[""Brain Signals"", ""Rabi Antenna""]","[""human brain behavior and activity""]"
"37308534","[""Proteomic""], [""Text""]","[""Proteomic""]","[""Text""]"
"37313631",NULL,"[""TEXT""]",NULL
"37329212","[""microflow"", ""clinical""], [""Blood""]","[""microflow"", ""clinical""]","[""Blood""]"
"37314985","[""Fluorescence quenching""], [""immunoglobulin antibodies"", ""virus nucleocapsid protein""]","[""Fluorescence quenching""]","[""immunoglobulin antibodies"", ""virus nucleocapsid protein""]"
"37315499","[""Musculoskeletal pain"", ""Cold-pressure test""], [""Pressure pain thresholds"", ""Cold water test""]","[""Musculoskeletal pain"", ""Cold-pressure test""]","[""Pressure pain thresholds"", ""Cold water test""]"
"37322132","[""Biomedical"", ""Health""], [""cancer image platform linked to biological and health data""]","[""Biomedical"", ""Health""]","[""cancer image platform linked to biological and health data""]"
"37322550",NULL,"[""Cognitive assessment""]",NULL
"37323123","[""Functional Magnetic Resonance Imaging""], [""fMRI images""]","[""Functional Magnetic Resonance Imaging""]","[""fMRI images""]"
"37323348","[""Text""], [""Text""]","[""Text""]","[""Text""]"
"37326960",NULL,NULL,"[""Multilayer Perceptron"", ""Random Forest""]"
"37330052",NULL,NULL,"[{""Tags"": [""Department of Urologic Sciences, Vancouver Prostate Centre, University of British Columbia, Vancouver, Canada""], ""Modality"": ""Text""}, {""Tags"": [""Michael Smith Genome Sciences Centre, BC Cancer, Vancouver, Canada""], ""Modality"": ""Image""}]"
"37332645","[""Imaging"", ""Biospecimen"", ""Clinical""], [{""modalities"": [""clinical"", ""imaging"", ""biospecimen""]}, {""modalities"": [""text""]}]","[""Imaging"", ""Biospecimen"", ""Clinical""]","[{""modalities"": [""clinical"", ""imaging"", ""biospecimen""]}, {""modalities"": [""text""]}]"
"37334615","[""verbatim responses""], [{""name"": ""Verbatim responses""}]","[""verbatim responses""]","[{""name"": ""Verbatim responses""}]"
"37339175","[""Clinical"", ""Cardiovascular magnetic resonance imaging""], [""Cardiovascular Magnetic Resonance Imaging"", ""Electronic Health Record""]","[""Clinical"", ""Cardiovascular magnetic resonance imaging""]","[""Cardiovascular Magnetic Resonance Imaging"", ""Electronic Health Record""]"
"37339200","[""EEG"", ""Polysomnography""], [""polysomnography"", ""stereoelectroencephalography""]","[""EEG"", ""Polysomnography""]","[""polysomnography"", ""stereoelectroencephalography""]"
"37343696",NULL,"[""Proteomic Dynamics""]",NULL
"37352806","[""Electrocardiogram"", ""Respiration"", ""Photoplethysmography"", ""Galvanic Skin Response""], [""electrocardiogram"", ""respiration"", ""photoplethysmography"", ""galvanic skin response""]","[""Electrocardiogram"", ""Respiration"", ""Photoplethysmography"", ""Galvanic Skin Response""]","[""electrocardiogram"", ""respiration"", ""photoplethysmography"", ""galvanic skin response""]"
"37344804",NULL,NULL,"[""Endotoxin levels"", ""Clinical outcomes""]"
"37345819",NULL,NULL,"[""Blood Urea Nitrogen"", ""Oxygen Saturation"", ""Systolic Blood Pressure""]"
"37346816","[""Photoplethysmography""], [""photoplethysmography (PPG)""]","[""Photoplethysmography""]","[""photoplethysmography (PPG)""]"
"37350279","[""Image""], [""image""]","[""Image""]","[""image""]"
"37355674","[""Protein-protein interaction""], [""Transcriptomes"", ""Proteomes""]","[""Protein-protein interaction""]","[""Transcriptomes"", ""Proteomes""]"
"37357974","[""Imaging""], [""Hippocampal volume"", ""SNIPE grading""]","[""Imaging""]","[""Hippocampal volume"", ""SNIPE grading""]"
"37358938","[""T1w contrast-enhanced MRI""], [""MRI"", ""follow-up MRI""]","[""T1w contrast-enhanced MRI""]","[""MRI"", ""follow-up MRI""]"
"37365266","[""US"", ""CEUS""], [""US"", ""CEUS""]","[""US"", ""CEUS""]","[""US"", ""CEUS""]"
"37365652",NULL,NULL,NULL
"37371150","[""rcSO2"", ""SpO2""], [""Cerebral NIRS signal"", ""SpO2""]","[""rcSO2"", ""SpO2""]","[""Cerebral NIRS signal"", ""SpO2""]"
"37377405","[""PET""], [""Weather"", ""Image""]","[""PET""]","[""Weather"", ""Image""]"
"37377859","[""NCCT"", ""DWI"", ""FLAIR""], [""NCCT"", ""DWI"", ""FLAIR""]","[""NCCT"", ""DWI"", ""FLAIR""]","[""NCCT"", ""DWI"", ""FLAIR""]"
"37377903",NULL,NULL,"[""Image"", ""Text""]"
"37380110","[""psychological"", ""non-psychological""], [""psychological scales"", ""socioeconomic"", ""environmental"", ""health"", ""lifestyle"", ""cognitive function"", ""personality""]","[""psychological"", ""non-psychological""]","[""psychological scales"", ""socioeconomic"", ""environmental"", ""health"", ""lifestyle"", ""cognitive function"", ""personality""]"
"37384382","[""Text"", ""API""], [""text"", ""image""]","[""Text"", ""API""]","[""text"", ""image""]"
"37385392",NULL,"[null, null]",NULL
"37386246","[""ECG""], [""ECG""]","[""ECG""]","[""ECG""]"
"37386964","[], [""self-rated health""]","[]","[""self-rated health""]"
"37389890",NULL,"[""Medical"", ""Surgical""]",NULL
"37391321","[""computed tomography""], [""Computed tomography"", ""Digital reconstruction""]","[""computed tomography""]","[""Computed tomography"", ""Digital reconstruction""]"
"37391692","[""Neuroimaging"", ""Genetic""], [""Imaging"", ""Genetic""]","[""Neuroimaging"", ""Genetic""]","[""Imaging"", ""Genetic""]"
"37396030",NULL,NULL,NULL
"37396600","[""MRI"", ""CT Scan""], [""Images"", ""Videos""]","[""MRI"", ""CT Scan""]","[""Images"", ""Videos""]"
"37397861","[""Medical""], [""Images"", ""Clinical Data""]","[""Medical""]","[""Images"", ""Clinical Data""]"
"37400574","[""Diffusion Tensor Imaging"", ""T1-Weighted Imaging""], [""diffusion tensor imaging"", ""T1-weighted imaging""]","[""Diffusion Tensor Imaging"", ""T1-Weighted Imaging""]","[""diffusion tensor imaging"", ""T1-weighted imaging""]"
"37400746","[""Inertial Measurement Unit (IMU)"", ""Optoelectronic system""], [""Inertial Measurement Unit (IMU)"", ""Optoelectronic System""]","[""Inertial Measurement Unit (IMU)"", ""Optoelectronic system""]","[""Inertial Measurement Unit (IMU)"", ""Optoelectronic System""]"
"37403567","[""Digital pathology images""], [""image"", ""text""]","[""Digital pathology images""]","[""image"", ""text""]"
"37410009","[""computed tomographic angiography""], [""CT""]","[""computed tomographic angiography""]","[""CT""]"
"37414359","[""text""], [""text""]","[""text""]","[""text""]"
"37414927","[""fMRI""], [""fMRI"", ""EEG""]","[""fMRI""]","[""fMRI"", ""EEG""]"
"37418109","[""Chest CT scans""], [""CT scans"", ""Image-based""]","[""Chest CT scans""]","[""CT scans"", ""Image-based""]"
"37419881","[""Neural"", ""Surface EMG""], [""EMG"", ""vision""]","[""Neural"", ""Surface EMG""]","[""EMG"", ""vision""]"
"37420758","[""One-dimensional (1D) Convolutional Neural Network (CNN) classification models"", ""Tissue hemodynamic responses""], [""Breathing Patterns"", ""Tissue Hemodynamic Responses""]","[""One-dimensional (1D) Convolutional Neural Network (CNN) classification models"", ""Tissue hemodynamic responses""]","[""Breathing Patterns"", ""Tissue Hemodynamic Responses""]"
"37420778","[""Physiological"", ""Visual""], [""Electrodermal Activity"", ""Electrocardiogram""]","[""Physiological"", ""Visual""]","[""Electrodermal Activity"", ""Electrocardiogram""]"
"37420927","[""Optical"", ""Imaging""], [""optical"", ""breast imaging""]","[""Optical"", ""Imaging""]","[""optical"", ""breast imaging""]"
"37421974","[""CT Imaging""], [""CT imaging"", ""spirometry""]","[""CT Imaging""]","[""CT imaging"", ""spirometry""]"
"37422576","[""CT scans""], [""CT scans""]","[""CT scans""]","[""CT scans""]"
"37428478",NULL,"[""General Internal Medicine"", ""Li Ka Shing Knowledge Institute"", ""St Michael's Hospital"", ""Unity Health Toronto""]",NULL
"37428780","[""pet demographic"", ""clinical data""], [""Ordinal Logistic Regression"", ""Mixed Logistic Regression"", ""Lasso Logistic Regression""]","[""pet demographic"", ""clinical data""]","[""Ordinal Logistic Regression"", ""Mixed Logistic Regression"", ""Lasso Logistic Regression""]"
"37430838","[""Sensor Data""], [""Wearable Sensor""]","[""Sensor Data""]","[""Wearable Sensor""]"
"37431995","[""Sequences"", ""Text""], [""Peptides"", ""Escherichia coli""]","[""Sequences"", ""Text""]","[""Peptides"", ""Escherichia coli""]"
"37432728",NULL,NULL,"[]"
"37433439","[""Medical Imaging"", ""EHR""], [""Text"", ""Electronic Medical Records""]","[""Medical Imaging"", ""EHR""]","[""Text"", ""Electronic Medical Records""]"
"37434131",NULL,NULL,"[""Genomic"", ""Microbial""]"
"37440630","[""Computer vision"", ""Medical image analysis"", ""Haptics"", ""Navigation"", ""Precise manipulation""], [""Medical Image Analysis"", ""Machine Learning (ML)"", ""Computer Vision""]","[""Computer vision"", ""Medical image analysis"", ""Haptics"", ""Navigation"", ""Precise manipulation""]","[""Medical Image Analysis"", ""Machine Learning (ML)"", ""Computer Vision""]"
"37441799","[""Virtual Reality""], [""text"", ""3D data""]","[""Virtual Reality""]","[""text"", ""3D data""]"
"37442671","[""Lateral spine images""], [""Imaging""]","[""Lateral spine images""]","[""Imaging""]"
"37454499","[""Demographic"", ""Clinical""], [""age"", ""sex"", ""reason for performing test"", ""medications"", ""blood pressure"", ""heart rate"", ""resting electrocardiogram""]","[""Demographic"", ""Clinical""]","[""age"", ""sex"", ""reason for performing test"", ""medications"", ""blood pressure"", ""heart rate"", ""resting electrocardiogram""]"
"37454952","[""Medical""], [""Image"", ""Text""]","[""Medical""]","[""Image"", ""Text""]"
"37455354","[""EEG"", ""MRI""], [""EEG"", ""MRI""]","[""EEG"", ""MRI""]","[""EEG"", ""MRI""]"
"37459715","[""Magnetic Resonance Imaging""], [""MRI""]","[""Magnetic Resonance Imaging""]","[""MRI""]"
"37463063","[""gene expression""], [""gene expression""]","[""gene expression""]","[""gene expression""]"
"37463773",NULL,NULL,"[""diabetic retinopathy"", ""ophthalmologic education"", ""fungal keratitis detection"", ""paediatric cataract diagnosis""]"
"37465748","[""Medical imaging"", ""ECGs"", ""Diagnostic imaging"", ""Dermatologic findings""], [""ECGs"", ""Diagnostic imaging"", ""Dermatologic findings""]","[""Medical imaging"", ""ECGs"", ""Diagnostic imaging"", ""Dermatologic findings""]","[""ECGs"", ""Diagnostic imaging"", ""Dermatologic findings""]"
"37468182","[""RNA Sequences""], [""Website""]","[""RNA Sequences""]","[""Website""]"
"37473589","[""Positron Emission Tomography (PET)"", ""Computed Tomography (CT)""], [""PET"", ""CT""]","[""Positron Emission Tomography (PET)"", ""Computed Tomography (CT)""]","[""PET"", ""CT""]"
"37473656","[""growth measures""], [""Growth trajectories""]","[""growth measures""]","[""Growth trajectories""]"
"37476415","[""Microarray""], [""Gene Expression Omnibus (GEO)""]","[""Microarray""]","[""Gene Expression Omnibus (GEO)""]"
"37488168",NULL,NULL,"[""Immunoglobulin genes""]"
"37491804",NULL,"[""Text""]",NULL
"37492678","[""Chest radiographs""], [""radiographs"", ""numerical information""]","[""Chest radiographs""]","[""radiographs"", ""numerical information""]"
"37804954",NULL,NULL,"[]"
"37494602","[""Genetic"", ""Expression""], [{""count"": 1, ""modality"": ""text""}, {""count"": null, ""modality"": ""image""}]","[""Genetic"", ""Expression""]","[{""count"": 1, ""modality"": ""text""}, {""count"": null, ""modality"": ""image""}]"
"37501197","[""Computed Tomography""], [""medical imaging""]","[""Computed Tomography""]","[""medical imaging""]"
"37503015","[""Neural population recordings""], [""monkey"", ""mouse"", ""human motor cortex"", ""mouse striatum""]","[""Neural population recordings""]","[""monkey"", ""mouse"", ""human motor cortex"", ""mouse striatum""]"
"37507558","[""Administrative data"", ""ICD10 codes""], [""Text""]","[""Administrative data"", ""ICD10 codes""]","[""Text""]"
"37507581","[""MRI"", ""Quantum""], [{""Modality Name"": ""CE-T1"", ""Modality Type"": ""MRI""}]","[""MRI"", ""Quantum""]","[{""Modality Name"": ""CE-T1"", ""Modality Type"": ""MRI""}]"
"37509214","[""SPECT/CT""], [""SPECT/CT""]","[""SPECT/CT""]","[""SPECT/CT""]"
"37510865",NULL,NULL,"[{""Modality"": null}, {""Modality"": null}, {""Modality"": null}, {""Modality"": null}, {""Modality"": null}]"
"37514736","[""Sensor""], [""Sensory data""]","[""Sensor""]","[""Sensory data""]"
"37516693","[""video""], [{""count"": null, ""modality"": ""image""}, {""count"": null, ""modality"": ""text""}]","[""video""]","[{""count"": null, ""modality"": ""image""}, {""count"": null, ""modality"": ""text""}]"
"37516990","[""Speech""], [""Speech""]","[""Speech""]","[""Speech""]"
"37517600","[""Magnetic Resonance Imaging"", ""Radiation Therapy""], [""magnetic resonance imaging"", ""radiation oncology""]","[""Magnetic Resonance Imaging"", ""Radiation Therapy""]","[""magnetic resonance imaging"", ""radiation oncology""]"
"37522430","[], [""Time-varying variables""]","[]","[""Time-varying variables""]"
"37523890","[""subjective"", ""objective"", ""clinical""], [""subjective mood state/anhedonia"", ""neurovegetative symptoms""]","[""subjective"", ""objective"", ""clinical""]","[""subjective mood state/anhedonia"", ""neurovegetative symptoms""]"
"37532986",NULL,"[]",NULL
"37535591","[""Fundus images""], [""Images""]","[""Fundus images""]","[""Images""]"
"37536152","[""electronic health records"", ""vital statistics data""], [""Electronic health records""]","[""electronic health records"", ""vital statistics data""]","[""Electronic health records""]"
"37537362","[""CT scans"", ""Mass spectrometry imaging""], [""Imaging"", ""Mass Spectrometry""]","[""CT scans"", ""Mass spectrometry imaging""]","[""Imaging"", ""Mass Spectrometry""]"
"37542101","[""EEG""], [""EEG""]","[""EEG""]","[""EEG""]"
"37543994",NULL,"[""Medical""]",NULL
"37544502","[""CT"", ""MRI"", ""Histopathology""], [""Pathology Informatics"", ""Surgical Oncology""]","[""CT"", ""MRI"", ""Histopathology""]","[""Pathology Informatics"", ""Surgical Oncology""]"
"37544983","[""Mammographic""], []","[""Mammographic""]","[]"
"37545768",NULL,"[]",NULL
"37546315","[""Wearable sensor-enabled 6-min walk test (6MWT)"", ""Comprehensive geriatric assessment (CGA)""], [""gait"", ""cognitive""]","[""Wearable sensor-enabled 6-min walk test (6MWT)"", ""Comprehensive geriatric assessment (CGA)""]","[""gait"", ""cognitive""]"
"37550531",NULL,NULL,NULL
"37555143","[""Diffusion MRI""], [""DWI"", ""T1-weighted""]","[""Diffusion MRI""]","[""DWI"", ""T1-weighted""]"
"37555156","[""T1-weighted"", ""T2-weighted fluid-attenuated inversion recovery""], [""MRI""]","[""T1-weighted"", ""T2-weighted fluid-attenuated inversion recovery""]","[""MRI""]"
"37555513","[""Electronic Medical Record Data""], [""electronic medical record"", ""COPD""]","[""Electronic Medical Record Data""]","[""electronic medical record"", ""COPD""]"
"37556769","[""chemical structures (fingerprints)"", ""hepatotoxicity information""], [""chemical structures"", ""fingerprints""]","[""chemical structures (fingerprints)"", ""hepatotoxicity information""]","[""chemical structures"", ""fingerprints""]"
"37558674",NULL,NULL,NULL
"37559105",NULL,NULL,NULL
"37564037","[""Clinical"", ""Demographic"", ""Genetic""], []","[""Clinical"", ""Demographic"", ""Genetic""]","[]"
"37568646","[""CT scans""], [""CT scans"", ""Clinical variables""]","[""CT scans""]","[""CT scans"", ""Clinical variables""]"
"37572657",NULL,NULL,"[""Medical"", ""Oncology""]"
"37573418","[""nervous system"", ""lumbar spinal tissue"", ""psychosocial factors""], [""nervous system"", ""lumbar spinal tissue"", ""psychosocial factors""]","[""nervous system"", ""lumbar spinal tissue"", ""psychosocial factors""]","[""nervous system"", ""lumbar spinal tissue"", ""psychosocial factors""]"
"37573646","[""T1-weighted"", ""R2*"", ""FLAIR""], [""T1-weighted"", ""R2*"", ""FLAIR""]","[""T1-weighted"", ""R2*"", ""FLAIR""]","[""T1-weighted"", ""R2*"", ""FLAIR""]"
"37574164",NULL,NULL,NULL
"37574600","[""intrasnal""], [""Text"", ""Image""]","[""intrasnal""]","[""Text"", ""Image""]"
"37579523","[""SPECT images"", ""DAT-SPECT images""], [""SPECT images""]","[""SPECT images"", ""DAT-SPECT images""]","[""SPECT images""]"
"37580407","[""clinical test scores"", ""cerebrospinal fluid biomarkers"", ""brain volumes"", ""genetic variants""], [""Clinical test scores"", ""Cerebrospinal fluid biomarkers"", ""Brain volumes"", ""Genetic variants""]","[""clinical test scores"", ""cerebrospinal fluid biomarkers"", ""brain volumes"", ""genetic variants""]","[""Clinical test scores"", ""Cerebrospinal fluid biomarkers"", ""Brain volumes"", ""Genetic variants""]"
"37580751","[""arm motor function""], [""Visual data""]","[""arm motor function""]","[""Visual data""]"
"37582371","[""Histopathology""], [""image"", ""text""]","[""Histopathology""]","[""image"", ""text""]"
"37582731","[""Histologic"", ""Imaging""], [""Hematoxylin and eosin (HE)-stained normal breast biopsy specimens""]","[""Histologic"", ""Imaging""]","[""Hematoxylin and eosin (HE)-stained normal breast biopsy specimens""]"
"37582862","[""MRIs""], [""T2-weighted images"", ""Segmented MRIs""]","[""MRIs""]","[""T2-weighted images"", ""Segmented MRIs""]"
"37582966","[""low-frequency electromagnetic fields"", ""metasurface"", ""X-ray mammography""], [""Electromagnetic fields"", ""Metasurface""]","[""low-frequency electromagnetic fields"", ""metasurface"", ""X-ray mammography""]","[""Electromagnetic fields"", ""Metasurface""]"
"37584559","[""Text""], [""text""]","[""Text""]","[""text""]"
"37589944","[""text""], [""text""]","[""text""]","[""text""]"
"37591010",NULL,"[""Administrative health data""]",NULL
"37594523","[""MRI"", ""CT""], [""MRI""]","[""MRI"", ""CT""]","[""MRI""]"
"37594786","[""Ultrasonography"", ""Diuretic renogram""], [""Ultrasonography"", ""Diuretic renogram""]","[""Ultrasonography"", ""Diuretic renogram""]","[""Ultrasonography"", ""Diuretic renogram""]"
"37595684","[""Imaging""], {""0"": null, ""1"": null}","[""Imaging""]","{""0"": null, ""1"": null}"
"37598472","[""3D shape interpolation"", ""CFD simulation""], [""3D shape interpolation"", ""CFD simulation""]","[""3D shape interpolation"", ""CFD simulation""]","[""3D shape interpolation"", ""CFD simulation""]"
"37607340","[""Plasma""], [""microRNA""]","[""Plasma""]","[""microRNA""]"
"37607796",NULL,"[""Administrative health data""]",NULL
"37608251","[""Neuroimaging""], [""neuroimaging""]","[""Neuroimaging""]","[""neuroimaging""]"
"37608469",NULL,NULL,"[""Serum Metabolites""]"
"37612309","[""Image"", ""Photograph""], [""Image""]","[""Image"", ""Photograph""]","[""Image""]"
"37612646",NULL,NULL,"[""Vital signs, physical examination""]"
"37614303","[""blood mononuclear cell"", ""RNA-Seq""], [""text""]","[""blood mononuclear cell"", ""RNA-Seq""]","[""text""]"
"37615058","[""video""], [""Video"", ""Motion Tracking""]","[""video""]","[""Video"", ""Motion Tracking""]"
"37616228",NULL,NULL,"[""Text"", ""NlmCategory""]"
"37616243","[""Magnetic Resonance Imaging""], [""FLAIR-weighted"", ""3D FLAIR-weighted""]","[""Magnetic Resonance Imaging""]","[""FLAIR-weighted"", ""3D FLAIR-weighted""]"
"37620051","[""Medical Imaging"", ""Nuclear Medicine""], [""Medical Imaging"", ""Nuclear Medicine""]","[""Medical Imaging"", ""Nuclear Medicine""]","[""Medical Imaging"", ""Nuclear Medicine""]"
"37624384","[""MR"", ""PET"", ""Nuclear Medicine"", ""Radiology""], [{""Modality"": ""PET"", ""Description"": null}, {""Modality"": ""Nuclear Medicine"", ""Description"": null}]","[""MR"", ""PET"", ""Nuclear Medicine"", ""Radiology""]","[{""Modality"": ""PET"", ""Description"": null}, {""Modality"": ""Nuclear Medicine"", ""Description"": null}]"
"37625418","[""Magnetic Resonance Imaging (MRI)"", ""Positron Emission Tomography (PET)""], [""Magnetic Resonance Imaging (MRI)"", ""Positron Emission Tomography (PET)""]","[""Magnetic Resonance Imaging (MRI)"", ""Positron Emission Tomography (PET)""]","[""Magnetic Resonance Imaging (MRI)"", ""Positron Emission Tomography (PET)""]"
"37629214",NULL,NULL,"[""text""]"
"37634621","[""Text"", ""Multimodal""], []","[""Text"", ""Multimodal""]","[]"
"37634658","[""Gait"", ""Motor tasks""], [""Motor"", ""Cognitive""]","[""Gait"", ""Motor tasks""]","[""Motor"", ""Cognitive""]"
"37635181","[""NIRS"", ""ICP""], [""intracranial pressure"", ""rSO2-based""]","[""NIRS"", ""ICP""]","[""intracranial pressure"", ""rSO2-based""]"
"37639620","[""Electronic Health Records (EHR)""], [""Text"", ""Numeric""]","[""Electronic Health Records (EHR)""]","[""Text"", ""Numeric""]"
"37639641","[""computed tomography imaging""], [""Image"", ""Geometry""]","[""computed tomography imaging""]","[""Image"", ""Geometry""]"
"37641619","[""Registry Data"", ""Machine Learning Methods""], [""annualized relapse rates"", ""time to first relapse""]","[""Registry Data"", ""Machine Learning Methods""]","[""annualized relapse rates"", ""time to first relapse""]"
"37644372","[""Vaginal""], [""qPCR assay"", ""Microbiological Data""]","[""Vaginal""]","[""qPCR assay"", ""Microbiological Data""]"
"37645200","[""Medical"", ""Cardiovascular""], [""data sharing platforms""]","[""Medical"", ""Cardiovascular""]","[""data sharing platforms""]"
"37651262",NULL,"[""Intensive Care Unit""]",NULL
"37654790",NULL,"[""transcriptome""]",NULL
"37655432","[""Histology""], [""Histology Images""]","[""Histology""]","[""Histology Images""]"
"37658409",NULL,"[""Administrative data"", ""Electronic medical records (EMR) free text data""]",NULL
"37658890","[""MRI"", ""Ultrasound""], [""MRI"", ""Ultrasound""]","[""MRI"", ""Ultrasound""]","[""MRI"", ""Ultrasound""]"
"37658963","[""Clinical Notes""], [""Text""]","[""Clinical Notes""]","[""Text""]"
"37659911","[""Raw dataset""], [""feed intake"", ""growth"", ""environmental impact""]","[""Raw dataset""]","[""feed intake"", ""growth"", ""environmental impact""]"
"37659991",NULL,NULL,"[""Bayesian regression modeling"", ""Accelerated failure time modeling""]"
"37661875","[""Image"", ""Audio""], [""Image"", ""Audio""]","[""Image"", ""Audio""]","[""Image"", ""Audio""]"
"37662586","[""Computed Tomography"", ""Electrocardiogram""], [""electrocardiogram-gated multiphase computed tomography"", ""intra-luminal thrombus thickness""]","[""Computed Tomography"", ""Electrocardiogram""]","[""electrocardiogram-gated multiphase computed tomography"", ""intra-luminal thrombus thickness""]"
"37665382","[""Functional magnetic resonance imaging""], [""fMRI data""]","[""Functional magnetic resonance imaging""]","[""fMRI data""]"
"37665551","[""ECG""], [""Electrocardiogram""]","[""ECG""]","[""Electrocardiogram""]"
"37666072","[""MRI""], [""MRI""]","[""MRI""]","[""MRI""]"
"37666535",NULL,NULL,NULL
"37669321","[""Genomics"", ""Transcriptomics"", ""Methylomics""], [""genomics"", ""transcriptomics"", ""methylomics""]","[""Genomics"", ""Transcriptomics"", ""Methylomics""]","[""genomics"", ""transcriptomics"", ""methylomics""]"
"37670733",NULL,"[""Healthcare records"", ""Unsupervised learning""]",NULL
"37671028","[""scRNA"", ""scATAC"", ""CITE-seq""], [""scRNA"", ""scATAC"", ""CITE-seq""]","[""scRNA"", ""scATAC"", ""CITE-seq""]","[""scRNA"", ""scATAC"", ""CITE-seq""]"
"37672526",NULL,"[""Pathogen genomic data""]",NULL
"37673932",NULL,NULL,"[""unknown"", ""unknown"", ""EEG, EMG, ECoG"", ""EEG, EMG, ECoG"", ""unknown"", ""unknown"", ""unknown"", ""unknown""]"
"37675000","[""digital pathology images""], [""Image"", ""Pathology""]","[""digital pathology images""]","[""Image"", ""Pathology""]"
"37680625","[""blood""], [""RNA-seq""]","[""blood""]","[""RNA-seq""]"
"37681970","[""Sensor Data""], [{""modality"": ""driving difficulty""}, {""modality"": ""collision avoidance""}]","[""Sensor Data""]","[{""modality"": ""driving difficulty""}, {""modality"": ""collision avoidance""}]"
"37693419",NULL,NULL,"[]"
"37695706",NULL,NULL,NULL
"37695797","[""Microscopy""], [""Image""]","[""Microscopy""]","[""Image""]"
"37706067","[""Raman Spectra""], [""Raman spectroscopy""]","[""Raman Spectra""]","[""Raman spectroscopy""]"
"37710397",NULL,NULL,"[""Surgical"", ""Vascular""]"
"37711756","[""Speech""], [""speech""]","[""Speech""]","[""speech""]"
"37717070","[""blood samples""], [""RNA expression data""]","[""blood samples""]","[""RNA expression data""]"
"37718151","[""Radiation Therapy""], [{""data_type"": ""time"", ""modality_name"": ""radiation therapy""}]","[""Radiation Therapy""]","[{""data_type"": ""time"", ""modality_name"": ""radiation therapy""}]"
"37720416","[""Computed Tomography (CT) scans""], [""Computed Tomography (CT) scans""]","[""Computed Tomography (CT) scans""]","[""Computed Tomography (CT) scans""]"
"37725432","[""Text""], [""text"", ""image""]","[""Text""]","[""text"", ""image""]"
"37725932","[""Blood test data""], [""easily accessible blood test data""]","[""Blood test data""]","[""easily accessible blood test data""]"
"37729423","[""Endoscopic""], [""Robotics"", ""Neurosurgery""]","[""Endoscopic""]","[""Robotics"", ""Neurosurgery""]"
"37730717","[""Thermal images""], [""Image"", ""Thermal""]","[""Thermal images""]","[""Image"", ""Thermal""]"
"37730990",NULL,NULL,NULL
"37732325",NULL,NULL,"[""Text""]"
"37737132","[""Magnetic Resonance Imaging (MRI)"", ""Computed Tomography (CT) Scan""], [{""modality"": ""CT""}, {""modality"": ""MRI""}]","[""Magnetic Resonance Imaging (MRI)"", ""Computed Tomography (CT) Scan""]","[{""modality"": ""CT""}, {""modality"": ""MRI""}]"
"37737222","[""Cardiac"", ""Respiratory""], [""heart rate variability"", ""respiration rate variability""]","[""Cardiac"", ""Respiratory""]","[""heart rate variability"", ""respiration rate variability""]"
"37741065","[""Intracranial recordings""], [""EEG"", ""MRI""]","[""Intracranial recordings""]","[""EEG"", ""MRI""]"
"37745329","[""MRI"", ""iUS"", ""iMRI""], [""MRI"", ""iUS"", ""iMRI""]","[""MRI"", ""iUS"", ""iMRI""]","[""MRI"", ""iUS"", ""iMRI""]"
"37745558","[""Face""], [""radiology"", ""oncology""]","[""Face""]","[""radiology"", ""oncology""]"
"37745656","[""Eye movement""], [""Eye movement"", ""Clinical outcome measures""]","[""Eye movement""]","[""Eye movement"", ""Clinical outcome measures""]"
"37745926","[""Semi-structured individual interviews"", ""Focus groups""], [""Robot technology"", ""Photographing/videotaping""]","[""Semi-structured individual interviews"", ""Focus groups""]","[""Robot technology"", ""Photographing/videotaping""]"
"37746328","[""Imaging"", ""Visual""], {""Image"": true}","[""Imaging"", ""Visual""]","{""Image"": true}"
"37746786","[""Radiographs""], [""X-ray""]","[""Radiographs""]","[""X-ray""]"
"37748776","[""Ultrasound""], [""Ultrasound imaging"", ""B-mode ultrasound imaging""]","[""Ultrasound""]","[""Ultrasound imaging"", ""B-mode ultrasound imaging""]"
"37749202",NULL,"[""Surgical outcomes data"", null]",NULL
"37749258",NULL,NULL,"[{""Count"": 2, ""Value"": ""Imaging""}, {""Count"": 0, ""Value"": ""Surveys""}, {""Count"": 1, ""Value"": ""Questionnaires""}, {""Count"": 5, ""Value"": null}]"
"37750465","[""Histopathological image""], [""Histopathology Images""]","[""Histopathological image""]","[""Histopathology Images""]"
"37751102","[""MRI""], [""Magnetic Resonance Imaging (MRI)""]","[""MRI""]","[""Magnetic Resonance Imaging (MRI)""]"
"37761350","[""Invasive mechanical ventilation""], [""Mechanical Invasive Ventilation""]","[""Invasive mechanical ventilation""]","[""Mechanical Invasive Ventilation""]"
"37761472","[""Text"", ""Video""], [{""modality"": ""Social Robot""}]","[""Text"", ""Video""]","[{""modality"": ""Social Robot""}]"
"37761908","[""Text"", ""Clinical data""], [""text"", ""no multimodal""]","[""Text"", ""Clinical data""]","[""text"", ""no multimodal""]"
"37768107","[""bioimaging""], [{""ForeName"": ""Foram"", ""Initials"": ""F"", ""LastName"": ""Vyas""}, {""ForeName"": ""Niklas"", ""Initials"": ""N"", ""LastName"": ""Krebs""}]","[""bioimaging""]","[{""ForeName"": ""Foram"", ""Initials"": ""F"", ""LastName"": ""Vyas""}, {""ForeName"": ""Niklas"", ""Initials"": ""N"", ""LastName"": ""Krebs""}]"
"37769627","[""Physiological""], [""physiologically relevant stimuli""]","[""Physiological""]","[""physiologically relevant stimuli""]"
"37769635",NULL,NULL,"[""Machine Learning"", ""Algorithms""]"
"37770008",NULL,"[""Text""]",NULL
"37772080","[""Genomic""], [{""count"": 1, ""modalities"": [""genomic"", ""clinical""]}]","[""Genomic""]","[{""count"": 1, ""modalities"": [""genomic"", ""clinical""]}]"
"37774465",NULL,"[""Microwave planar sensing platform""]",NULL
"37774678",NULL,NULL,"[""transcriptomics"", ""epigenomics""]"
"37774680","[""ATAC-QTL"", ""peak-to-gene links""], [""Epigenomic profiles"", ""Transcriptional regulators"", ""Co-accessibility modules""]","[""ATAC-QTL"", ""peak-to-gene links""]","[""Epigenomic profiles"", ""Transcriptional regulators"", ""Co-accessibility modules""]"
"37774704",NULL,NULL,"[]"
"37776331","[""Computed Tomography (CT)"", ""Image""], [""kidney stone"", ""uric acid stones""]","[""Computed Tomography (CT)"", ""Image""]","[""kidney stone"", ""uric acid stones""]"
"37778213","[""Medical Images""], [""Image"", ""Latent space""]","[""Medical Images""]","[""Image"", ""Latent space""]"
"37778424","[""Optical"", ""Infrared""], [""Optical"", ""Infrared""]","[""Optical"", ""Infrared""]","[""Optical"", ""Infrared""]"
"37778881","[""Text""], [""Occupational Science and Occupational Therapy"", ""Plastic and Reconstructive Surgery""]","[""Text""]","[""Occupational Science and Occupational Therapy"", ""Plastic and Reconstructive Surgery""]"
"37780837","[""Electrical Impedance""], [""Electrical Impedance""]","[""Electrical Impedance""]","[""Electrical Impedance""]"
"37782668","[""gene expression""], [""gene expression""]","[""gene expression""]","[""gene expression""]"
"37783548","[""Location Data""], [""walking path images""]","[""Location Data""]","[""walking path images""]"
"37787286","[""Auditory Brain Stem Responses"", ""Computed Tomography""], [{""Modality"": ""Computed Tomography""}]","[""Auditory Brain Stem Responses"", ""Computed Tomography""]","[{""Modality"": ""Computed Tomography""}]"
"37787678","[""Radiology"", ""Pathology""], [""text"", ""image""]","[""Radiology"", ""Pathology""]","[""text"", ""image""]"
"37789055","[""Oropharyngeal samples"", ""spirometry""], [""Oropharyngeal microbiome""]","[""Oropharyngeal samples"", ""spirometry""]","[""Oropharyngeal microbiome""]"
"37789357",NULL,"[]",NULL
"37792435",NULL,"[""Text""]",NULL
"37798157","[""Imaging"", ""Pathology""], [{""Modality"": ""MRI""}, {""Modality"": ""CT Scan""}]","[""Imaging"", ""Pathology""]","[{""Modality"": ""MRI""}, {""Modality"": ""CT Scan""}]"
"37798700","[""Electronic medical records""], [""Text"", ""Code""]","[""Electronic medical records""]","[""Text"", ""Code""]"
"37803212","[""Imaging""], [{""Text"": null, ""Label"": null, ""NlmCategory"": null}, {""Text"": null, ""Label"": null, ""NlmCategory"": null}]","[""Imaging""]","[{""Text"": null, ""Label"": null, ""NlmCategory"": null}, {""Text"": null, ""Label"": null, ""NlmCategory"": null}]"
"37804197","[""Preoperative demographic/clinical variables""], [""Text""]","[""Preoperative demographic/clinical variables""]","[""Text""]"
"37804585","[""Medical Images"", ""Labels""], [""Medical Image Synthesis"", ""Generative Adversarial Network""]","[""Medical Images"", ""Labels""]","[""Medical Image Synthesis"", ""Generative Adversarial Network""]"
"37805012","[""X-ray"", ""DXA""], [""x-ray""]","[""X-ray"", ""DXA""]","[""x-ray""]"
"37806020","[""Medical"", ""Computer""], [""Images"", ""Text""]","[""Medical"", ""Computer""]","[""Images"", ""Text""]"
"37807084","[""MRI""], [{""Modality"": ""Imaging""}, {""Modality"": ""Questionnaires""}]","[""MRI""]","[{""Modality"": ""Imaging""}, {""Modality"": ""Questionnaires""}]"
"37809738","[""CT angiography""], [""CT angiography""]","[""CT angiography""]","[""CT angiography""]"
"37873443","[""Structural Biology""], []","[""Structural Biology""]","[]"
"37812784","[""Continuous glucose monitoring"", ""Physical activity data""], [""Continuous glucose monitoring"", ""Physical activity data""]","[""Continuous glucose monitoring"", ""Physical activity data""]","[""Continuous glucose monitoring"", ""Physical activity data""]"
"37813086","[""Imaging""], Imaging","[""Imaging""]","Imaging"
"37813920","[""Clinical"", ""Biochemical""], [""Clinical data"", ""Biochemical data""]","[""Clinical"", ""Biochemical""]","[""Clinical data"", ""Biochemical data""]"
"37814311","[""sCr"", ""serum creatinine""], [""Serum creatinine (sCr)""]","[""sCr"", ""serum creatinine""]","[""Serum creatinine (sCr)""]"
"37816141","[""Genomic""], [""genomic""]","[""Genomic""]","[""genomic""]"
"37817816",NULL,NULL,"[""Questionnaires"", ""Surveys""]"
"37817825","[""Clinical Notes""], [""text""]","[""Clinical Notes""]","[""text""]"
"37819748","[""Facial""], Facial metrics","[""Facial""]","Facial metrics"
"37819878","[""Video""], [""video""]","[""Video""]","[""video""]"
"37819932","[""EMG"", ""EEG""], [""EMG"", ""EEG""]","[""EMG"", ""EEG""]","[""EMG"", ""EEG""]"
"37820417","[""MR images""], [""images""]","[""MR images""]","[""images""]"
"37821970","[""Proprioceptive"", ""Visual feedback""], [{""Type"": ""Proprioceptive Feedback"", ""Visual Feedback"": null}, {""Type"": ""Rapid Feedback Processing"", ""Related to Stroke"": null}]","[""Proprioceptive"", ""Visual feedback""]","[{""Type"": ""Proprioceptive Feedback"", ""Visual Feedback"": null}, {""Type"": ""Rapid Feedback Processing"", ""Related to Stroke"": null}]"
"37823574","[""Salivary"", ""Blood""], [""blood"", ""saliva""]","[""Salivary"", ""Blood""]","[""blood"", ""saliva""]"
"37823606","[""DXA""], [""Image"", ""Text""]","[""DXA""]","[""Image"", ""Text""]"
"37828064","[""Neuroimaging""], [""fMRI""]","[""Neuroimaging""]","[""fMRI""]"
"37832707","[""Functional magnetic resonance imaging (fMRI)""], [""fMRI""]","[""Functional magnetic resonance imaging (fMRI)""]","[""fMRI""]"
"37835496","[""Gene expression levels""], [""gene expression levels""]","[""Gene expression levels""]","[""gene expression levels""]"
"37837726","[""Whole Slide Images""], [""Image"", ""Cell features""]","[""Whole Slide Images""]","[""Image"", ""Cell features""]"
"37839909",NULL,NULL,"[""Text"", ""Multimedia""]"
"37840934","[""Computed Tomography""], [""Computed Tomography"", ""Magnetic Resonance Imaging""]","[""Computed Tomography""]","[""Computed Tomography"", ""Magnetic Resonance Imaging""]"
"37841702","[""IoT sensor data"", ""Medical staff reports""], [""video"", ""audio""]","[""IoT sensor data"", ""Medical staff reports""]","[""video"", ""audio""]"
"37843893","[""Text""], [""text""]","[""Text""]","[""text""]"
"37847539","[""text""], [""Text""]","[""text""]","[""Text""]"
"37847731","[""video"", ""face""], [""Video"", ""Image""]","[""video"", ""face""]","[""Video"", ""Image""]"
"37848633","[""miRNA"", ""clinical parameters""], [""miRNA"", ""clinical features""]","[""miRNA"", ""clinical parameters""]","[""miRNA"", ""clinical features""]"
"37849805","[""Ultrasound""], [""Ultrasound""]","[""Ultrasound""]","[""Ultrasound""]"
"37853045","[""Administrative""], [""text""]","[""Administrative""]","[""text""]"
"37854097","[""Chest X-rays""], [""Image"", ""Segmentation""]","[""Chest X-rays""]","[""Image"", ""Segmentation""]"
"37855075","[""Functional Magnetic Resonance Imaging""], [""functional magnetic resonance imaging""]","[""Functional Magnetic Resonance Imaging""]","[""functional magnetic resonance imaging""]"
"37856226","[""intravenous systemic therapy"", ""laboratory tests""], [""Patient-Reported Symptoms"", ""Laboratory Values""]","[""intravenous systemic therapy"", ""laboratory tests""]","[""Patient-Reported Symptoms"", ""Laboratory Values""]"
"37856414",NULL,NULL,"[""Text"", ""Image""]"
"37858907","[""MRI"", ""EEG"", ""Behavioral""], [""Questionnaire"", ""Survey Data""]","[""MRI"", ""EEG"", ""Behavioral""]","[""Questionnaire"", ""Survey Data""]"
"37859278","[""Computed Tomography (CT)"", ""Three-Dimensional CAD""], [""3D model"", ""Finite element analysis""]","[""Computed Tomography (CT)"", ""Three-Dimensional CAD""]","[""3D model"", ""Finite element analysis""]"
"37861272",NULL,"[""Blood inventory"", ""recipient demographics"", ""laboratory test results""]",NULL
"37864248","[""Medical""], [""prescriptions"", ""diabetes drugs""]","[""Medical""]","[""prescriptions"", ""diabetes drugs""]"
"37872467","[""Echocardiographic""], [""echocardiography""]","[""Echocardiographic""]","[""echocardiography""]"
"37872563",NULL,NULL,"[""None""]"
"37872889","[""Headache"", ""Medical Imaging""], [null, null, null, null, null, null, null, ""Medical Imaging"", ""Medical Imaging"", null]","[""Headache"", ""Medical Imaging""]","[null, null, null, null, null, null, null, ""Medical Imaging"", ""Medical Imaging"", null]"
"37873296","[""Neurostructural""], [""Imaging"", ""Neuroimaging""]","[""Neurostructural""]","[""Imaging"", ""Neuroimaging""]"
"37876820",NULL,"[]",NULL
"37877849","[""Hospital Records"", ""Outpatient Records""], [{""Modality"": ""Text""}]","[""Hospital Records"", ""Outpatient Records""]","[{""Modality"": ""Text""}]"
"37880365",NULL,NULL,NULL
"37882681","[""Video""], [""Video"", ""Audio""]","[""Video""]","[""Video"", ""Audio""]"
"37884442","[""Electronic health records""], [""Minimally Invasive Approach"", ""Open Approach""]","[""Electronic health records""]","[""Minimally Invasive Approach"", ""Open Approach""]"
"37884627",NULL,"[""Health""]",NULL
"37884940",NULL,NULL,"[{""Type"": ""Interviews"", ""Modality"": ""Surveys""}, {""Type"": ""Social media-based"", ""Modality"": ""In-person""}]"
"37888789","[""Ultrasound""], [""Medical Imaging"", ""Oncology""]","[""Ultrasound""]","[""Medical Imaging"", ""Oncology""]"
"37889210",NULL,NULL,NULL
"37889992","[""myocardial perfusion"", ""coronary calcium""], [{""Modality"": ""Imaging""}]","[""myocardial perfusion"", ""coronary calcium""]","[{""Modality"": ""Imaging""}]"
"37890388",NULL,"[""Blood""]",NULL
"37890487","[""proteome"", ""metabolome"", ""cytokines""], [""Cytokines"", ""Proteome"", ""Metabolome""]","[""proteome"", ""metabolome"", ""cytokines""]","[""Cytokines"", ""Proteome"", ""Metabolome""]"
"37890570","[""Electronic medical records""], [""text""]","[""Electronic medical records""]","[""text""]"
"37891565",NULL,NULL,"[""HbA1c"", ""Cardiovascular Outcomes""]"
"37894979","[""Liquid chromatography-mass spectrometry""], [""serum metabolites""]","[""Liquid chromatography-mass spectrometry""]","[""serum metabolites""]"
"37896809",NULL,NULL,NULL
"37897548","[""Clinical"", ""Imaging"", ""Neuropathology""], [""Imaging"", ""Neuropathology""]","[""Clinical"", ""Imaging"", ""Neuropathology""]","[""Imaging"", ""Neuropathology""]"
"37898711","[""Ultrasound""], [""ultrasound"", ""echocardiogram""]","[""Ultrasound""]","[""ultrasound"", ""echocardiogram""]"
"37900603","[""Demographics"", ""Injury characteristics"", ""Functional Independence Measure (FIM) motor score""], [""demographic data (age, and body mass index)"", ""location of the injury"", ""severity of the injury"", ""Functional Independence Measure (FIM) motor""]","[""Demographics"", ""Injury characteristics"", ""Functional Independence Measure (FIM) motor score""]","[""demographic data (age, and body mass index)"", ""location of the injury"", ""severity of the injury"", ""Functional Independence Measure (FIM) motor""]"
"37903504","[""Pathologic Response Assessment""], [""text"", ""image""]","[""Pathologic Response Assessment""]","[""text"", ""image""]"
"37905407","[""Imaging""], [""MRI"", ""ECG""]","[""Imaging""]","[""MRI"", ""ECG""]"
"37914210","[""medical""], [""ultrasound""]","[""medical""]","[""ultrasound""]"
"37918343","[""Ultrasound""], [""Ultrasound images"", ""Video""]","[""Ultrasound""]","[""Ultrasound images"", ""Video""]"
"37927443","[""Digital learning health system""], [""Clinical"", ""Research""]","[""Digital learning health system""]","[""Clinical"", ""Research""]"
"37930726","[""Structural MRI"", ""Functional MRI""], [""MRI"", ""fALFFs""]","[""Structural MRI"", ""Functional MRI""]","[""MRI"", ""fALFFs""]"
"37931751","[""Histopathologic"", ""Serologic"", ""Molecular"", ""Quantitative image analysis of chest computerized tomography""], [""chest computerized tomography""]","[""Histopathologic"", ""Serologic"", ""Molecular"", ""Quantitative image analysis of chest computerized tomography""]","[""chest computerized tomography""]"
"37934767","[""Medical""], [""Text""]","[""Medical""]","[""Text""]"
"37937365","[], [""Interval Censored Data""]","[]","[""Interval Censored Data""]"
"37940854","[""Video""], [""video""]","[""Video""]","[""video""]"
"37951822","[""ECG""], [""ECG""]","[""ECG""]","[""ECG""]"
"37952175","[""Metabolite concentrations""], [""Metabolite concentrations""]","[""Metabolite concentrations""]","[""Metabolite concentrations""]"
"37952286","[""Fluid-attenuated inversion recovery (FLAIR) MRI""], [""MRI""]","[""Fluid-attenuated inversion recovery (FLAIR) MRI""]","[""MRI""]"
"37953279",NULL,NULL,"[{""Modality"": ""Text""}, {""Modality"": ""Image""}]"
"37953324",NULL,NULL,"[null, null, null, null, null, null, null]"
"37956346","[""Image"", ""Measurement""], [""image"", ""text""]","[""Image"", ""Measurement""]","[""image"", ""text""]"
"37957596","[""Clinical""], [""Text""]","[""Clinical""]","[""Text""]"
"37960359","[""Motion Capture"", ""Kinematics""], [""Biomechanical model"", ""Fuzzy logic""]","[""Motion Capture"", ""Kinematics""]","[""Biomechanical model"", ""Fuzzy logic""]"
"37963517","[""EEG""], [""EEG""]","[""EEG""]","[""EEG""]"
"37964440",NULL,"[""medical claims"", ""PAP usage data""]",NULL
"37970100","[""Echocardiograms""], [""EchoNet-Dynamic""]","[""Echocardiograms""]","[""EchoNet-Dynamic""]"
"37972608","[""Medical records"", ""Surveys""], {""modality1"": ""text data"", ""modality2"": ""image data""}","[""Medical records"", ""Surveys""]","{""modality1"": ""text data"", ""modality2"": ""image data""}"
"37975292","[""Clinical Data"", ""Urinary Stone Composition""], []","[""Clinical Data"", ""Urinary Stone Composition""]","[]"
"37975666",NULL,NULL,"[""Text""]"
"37979921","[""Imaging mass cytometry""], [""histopathology"", ""immunofluorescence""]","[""Imaging mass cytometry""]","[""histopathology"", ""immunofluorescence""]"
"37980216","[""stool sample""], [""blood"", ""gut bacteria""]","[""stool sample""]","[""blood"", ""gut bacteria""]"
"37996509","[""Mouse data"", ""Synthetically-generated tumours""], [""Imaging""]","[""Mouse data"", ""Synthetically-generated tumours""]","[""Imaging""]"
"37999128",NULL,"[""Photon Absorption Remote Sensing"", ""Histologic Assessment""]",NULL
"37999728","[""CT""], [""MRI"", ""CT scans""]","[""CT""]","[""MRI"", ""CT scans""]"
"38001260","[""Clinical"", ""MR images""], [""MRI"", ""Clinical""]","[""Clinical"", ""MR images""]","[""MRI"", ""Clinical""]"
"38004422","[""Retinal"", ""Brain""], [""Text"", ""Multimedia""]","[""Retinal"", ""Brain""]","[""Text"", ""Multimedia""]"
"38005535","[""RGB""], [""RGB"", ""Video""]","[""RGB""]","[""RGB"", ""Video""]"
"38006509","[""PET""], [""PET""]","[""PET""]","[""PET""]"
"38009418","[""Magnetic Resonance Imaging"", ""Computed Tomography""], []","[""Magnetic Resonance Imaging"", ""Computed Tomography""]","[]"
"38011214",NULL,NULL,"{""ethics, theory and application"": null, ""communication for clinical decision-making"": null}"
"38011843","[""Adaptive Optics"", ""Intravenous Fluorescein Angiography""], [{""Type"": ""Medical images""}, {""Type"": ""Artificial intelligence""}]","[""Adaptive Optics"", ""Intravenous Fluorescein Angiography""]","[{""Type"": ""Medical images""}, {""Type"": ""Artificial intelligence""}]"
"38014004","[""MRI""], [""T1-weighted MRI""]","[""MRI""]","[""T1-weighted MRI""]"
"38014199","[""Functional MRI""], [""fMRI""]","[""Functional MRI""]","[""fMRI""]"
"38014537",NULL,NULL,"[{""ECG"": true}, {""Echo"": true}]"
"38016372","[""Text""], [""Text""]","[""Text""]","[""Text""]"
"38016622",NULL,"[""patient characteristics"", ""intraoperative decisions""]",NULL
"38017055","[""Magnetic Resonance Imaging""], [""magnetic resonance imaging (MRI), radiomics""]","[""Magnetic Resonance Imaging""]","[""magnetic resonance imaging (MRI), radiomics""]"
"38019168","[""Demographic"", ""Clinical""], [{""Modality"": ""demographics""}, {""Modality"": ""clinical indicators""}]","[""Demographic"", ""Clinical""]","[{""Modality"": ""demographics""}, {""Modality"": ""clinical indicators""}]"
"38021248",NULL,NULL,"[""Video teletherapy"", ""Digital messaging""]"
"38027579","[""EHR"", ""Medical""], [""Text"", ""Structured data""]","[""EHR"", ""Medical""]","[""Text"", ""Structured data""]"
"38028629","[""RNASeq""], [""RNASeq"", ""Single cell data""]","[""RNASeq""]","[""RNASeq"", ""Single cell data""]"
"38029530","[""Genomics"", ""Gene expression"", ""Single-cell RNA-sequencing""], [""Genomics"", ""Gene expression data""]","[""Genomics"", ""Gene expression"", ""Single-cell RNA-sequencing""]","[""Genomics"", ""Gene expression data""]"
"38030046","[""Serum"", ""Liquid Chromatography Mass Spectrometry""], [""serum"", ""plasma""]","[""Serum"", ""Liquid Chromatography Mass Spectrometry""]","[""serum"", ""plasma""]"
"38030063","[""Nasal epithelial cells"", ""Whole-transcriptome sequencing""], genomic and clinical","[""Nasal epithelial cells"", ""Whole-transcriptome sequencing""]","genomic and clinical"
"38033002","[""Principal Component Analysis"", ""UMAP"", ""t-SNE"", ""heatmaps"", ""boxplots""], [{""Count"": 1, ""Modality"": ""Visual interaction tool""}, {""Count"": 1, ""Modality"": ""Principal Component Analysis (PCA)""}, {""Count"": 1, ""Modality"": ""UMAP""}, {""Count"": 1, ""Modality"": ""t-SNE""}, {""Count"": 1, ""Modality"": ""heatmaps""}, {""Count"": 1, ""Modality"": ""boxplots""}]","[""Principal Component Analysis"", ""UMAP"", ""t-SNE"", ""heatmaps"", ""boxplots""]","[{""Count"": 1, ""Modality"": ""Visual interaction tool""}, {""Count"": 1, ""Modality"": ""Principal Component Analysis (PCA)""}, {""Count"": 1, ""Modality"": ""UMAP""}, {""Count"": 1, ""Modality"": ""t-SNE""}, {""Count"": 1, ""Modality"": ""heatmaps""}, {""Count"": 1, ""Modality"": ""boxplots""}]"
"38035372","[""X-ray""], [""Radiation therapy"", ""Medical Imaging""]","[""X-ray""]","[""Radiation therapy"", ""Medical Imaging""]"
"38036778","[""DNA sequence"", ""Gene expression""], [""DNA sequence"", ""gene expression""]","[""DNA sequence"", ""Gene expression""]","[""DNA sequence"", ""gene expression""]"
"38040450","[""Text"", ""Image""], Cardiology","[""Text"", ""Image""]","Cardiology"
"38040769","[""task"", ""resting-state""], [""neural signatures"", ""cognition"", ""depression""]","[""task"", ""resting-state""]","[""neural signatures"", ""cognition"", ""depression""]"
"38041522","[""Pathology""], [""text"", ""UNASSIGNED""]","[""Pathology""]","[""text"", ""UNASSIGNED""]"
"38050002","[""MRI""], [{""value"": ""2D MR imaging""}, {""value"": ""3D reconstructed MR imaging""}]","[""MRI""]","[{""value"": ""2D MR imaging""}, {""value"": ""3D reconstructed MR imaging""}]"
"38050032","[""MRI""], [""MRI""]","[""MRI""]","[""MRI""]"
"38051671","[""Electronic Health Record"", ""Clinical Data""], [""Text"", ""Image""]","[""Electronic Health Record"", ""Clinical Data""]","[""Text"", ""Image""]"
"38059716","[], [""Medical Imaging"", ""Electronic Health Records""]","[]","[""Medical Imaging"", ""Electronic Health Records""]"
"38062194","[""Face images""], [""Image"", ""Geometric descriptors""]","[""Face images""]","[""Image"", ""Geometric descriptors""]"
"38062509","[""Electrophysiology""], [""Electrophysiology""]","[""Electrophysiology""]","[""Electrophysiology""]"
"38064562","[""Mouse models""], [""text""]","[""Mouse models""]","[""text""]"
"38066031","[""Clinical"", ""Multimodal""], [""Image"", ""Text""]","[""Clinical"", ""Multimodal""]","[""Image"", ""Text""]"
"38066735","[""Metabolomics""], [""Metabolites""]","[""Metabolomics""]","[""Metabolites""]"
"38075554","[""Electronic Health Records""], [""Electronic Health Records""]","[""Electronic Health Records""]","[""Electronic Health Records""]"
"38077502","[""Polarized light imaging"", ""Collagenous stroma""], [""Imaging"", ""Light microscopy""]","[""Polarized light imaging"", ""Collagenous stroma""]","[""Imaging"", ""Light microscopy""]"
"38079600","[""Visual""], [""Vision""]","[""Visual""]","[""Vision""]"
"38081777","[""Imaging"", ""Endoscopy""], [{""Text"": ""Inflammatory bowel diseases (IBD) are immune-mediated conditions that are increasing in incidence and prevalence worldwide."", ""Label"": ""INTRODUCTION""}, {""Text"": ""We will search electronic databases, including Medline, Embase, Cochrane CENTRAL, CINAHL Complete, Web of Science and IEEE Xplore."", ""Label"": ""METHODS AND ANALYSIS""}, {""Text"": ""Considering the nature of the project, ethical review by an institutional review board is not required."", ""Label"": ""ETHICS AND DISSEMINATION""}]","[""Imaging"", ""Endoscopy""]","[{""Text"": ""Inflammatory bowel diseases (IBD) are immune-mediated conditions that are increasing in incidence and prevalence worldwide."", ""Label"": ""INTRODUCTION""}, {""Text"": ""We will search electronic databases, including Medline, Embase, Cochrane CENTRAL, CINAHL Complete, Web of Science and IEEE Xplore."", ""Label"": ""METHODS AND ANALYSIS""}, {""Text"": ""Considering the nature of the project, ethical review by an institutional review board is not required."", ""Label"": ""ETHICS AND DISSEMINATION""}]"
"38082277","[""Vision""], [""video""]","[""Vision""]","[""video""]"
"38082372","[""Multi-modal frailty indicators"", ""Memory"", ""Leisure"", ""Lymphocyte count"", ""Neutrophil count"", ""Quality of life"", ""Olfaction"", ""Sex"", ""Dependence in activities of daily living"", ""Visual contrast""], [""Cognitive Characteristics"", ""Biomarkers"", ""Clinical Symptoms""]","[""Multi-modal frailty indicators"", ""Memory"", ""Leisure"", ""Lymphocyte count"", ""Neutrophil count"", ""Quality of life"", ""Olfaction"", ""Sex"", ""Dependence in activities of daily living"", ""Visual contrast""]","[""Cognitive Characteristics"", ""Biomarkers"", ""Clinical Symptoms""]"
"38087983","[""voice""], {""Text"": null, ""Audio"": null, ""Other"": null, ""Video"": null}","[""voice""]","{""Text"": null, ""Audio"": null, ""Other"": null, ""Video"": null}"
"38088993","[""Lung Ultrasound""], [""Ultrasound""]","[""Lung Ultrasound""]","[""Ultrasound""]"
"38089001","[""Radiographs""], [""radiograph""]","[""Radiographs""]","[""radiograph""]"
"38092777","[""Transcriptomic"", ""Proteomic"", ""DNA Methylation"", ""Calcium Reuptake""], [""transcriptomic"", ""proteomic"", ""DNA methylation""]","[""Transcriptomic"", ""Proteomic"", ""DNA Methylation"", ""Calcium Reuptake""]","[""transcriptomic"", ""proteomic"", ""DNA methylation""]"
"38100260","[""CT"", ""MRI""], [""Image"", ""Clinical""]","[""CT"", ""MRI""]","[""Image"", ""Clinical""]"
"38103765","[""ECG"", ""Medical imaging""], [""Medical Imaging"", ""Clinical Data""]","[""ECG"", ""Medical imaging""]","[""Medical Imaging"", ""Clinical Data""]"
"38106259","[""Computed Tomography"", ""Positron Emission Tomography-Computed Tomography"", ""Magnetic Resonance Imaging""], [{""text"": ""Computed Tomography (CT)""}, {""text"": ""Positron Emission Tomography-Computed Tomography (PET-CT)""}, {""text"": ""Magnetic Resonance Imaging (MRI)""}]","[""Computed Tomography"", ""Positron Emission Tomography-Computed Tomography"", ""Magnetic Resonance Imaging""]","[{""text"": ""Computed Tomography (CT)""}, {""text"": ""Positron Emission Tomography-Computed Tomography (PET-CT)""}, {""text"": ""Magnetic Resonance Imaging (MRI)""}]"
"38106308","[""Diffusion Weighted Imaging"", ""Contrast Enhanced-T1"", ""Apparent Diffusion Coefficient""], [""Diffusion weighted imaging (DWI), Radiomics""]","[""Diffusion Weighted Imaging"", ""Contrast Enhanced-T1"", ""Apparent Diffusion Coefficient""]","[""Diffusion weighted imaging (DWI), Radiomics""]"
"38108259","[""Computed Tomography Angiography"", ""Nuclear Medicine""], [""Image"", ""Text""]","[""Computed Tomography Angiography"", ""Nuclear Medicine""]","[""Image"", ""Text""]"
"38110045","[""MRI""], [{""Modality"": ""MRI""}]","[""MRI""]","[{""Modality"": ""MRI""}]"
"38112748","[""in vivo calcium imaging""], [{""Count"": 1, ""Modality"": ""calcium imaging""}]","[""in vivo calcium imaging""]","[{""Count"": 1, ""Modality"": ""calcium imaging""}]"
"38114526","[""Imaging"", ""Pathology""], [""Ultrasound"", ""Texture analysis""]","[""Imaging"", ""Pathology""]","[""Ultrasound"", ""Texture analysis""]"
"38116648",NULL,NULL,"[""electronic_health_records"", ""clinical_data""]"
"38123557","[""Mass Spectrometry""], {""Modality1"": 0.7, ""Modality2"": 0.3}","[""Mass Spectrometry""]","{""Modality1"": 0.7, ""Modality2"": 0.3}"
"38124790","[""Computed Tomography scans"", ""Clinical variables""], [""computed tomography scans""]","[""Computed Tomography scans"", ""Clinical variables""]","[""computed tomography scans""]"
"38126807","[""Images""], [""2D color images""]","[""Images""]","[""2D color images""]"
"38128123","[""Medical Imaging"", ""Clinical Data""], [{""version"": null, ""modality"": ""text""}, {""version"": null, ""modality"": ""image""}]","[""Medical Imaging"", ""Clinical Data""]","[{""version"": null, ""modality"": ""text""}, {""version"": null, ""modality"": ""image""}]"
"38129433",NULL,NULL,NULL
"38130696","[""Voice""], [""speech"", ""Mel-spectrogram""]","[""Voice""]","[""speech"", ""Mel-spectrogram""]"
"38131193","[""Neurostimulation"", ""Physiological responses""], [""Physiological responses"", ""Neural responses""]","[""Neurostimulation"", ""Physiological responses""]","[""Physiological responses"", ""Neural responses""]"
"38132077","[""Virtual encounters""], [""Hybrid teleneurology"", ""Artificial intelligence (AI)-assisted teleneurology""]","[""Virtual encounters""]","[""Hybrid teleneurology"", ""Artificial intelligence (AI)-assisted teleneurology""]"
"38133915",NULL,NULL,"[""Image""]"
"38134011",NULL,NULL,"[""Genetic data"", ""Biomarkers""]"
"38136606",NULL,NULL,"[""Human Therapeutics""]"
"38138887","[""Verbatims""], [""verbatims"", ""immersive sessions""]","[""Verbatims""]","[""verbatims"", ""immersive sessions""]"
"38139721","[""US""], [""B-mode Ultrasound""]","[""US""]","[""B-mode Ultrasound""]"
"38149177","[""Sleep-EVAL system""], Sleep and medical data","[""Sleep-EVAL system""]","Sleep and medical data"
"38153706","[""audio"", ""text""], []","[""audio"", ""text""]","[]"
"38155015","[""Cone beam computed tomography (CBCT)""], [""CT"", ""CBCT""]","[""Cone beam computed tomography (CBCT)""]","[""CT"", ""CBCT""]"
"38156628","[""Images"", ""Dermoscopic Images""], [""Macroscopic images"", ""Dermoscopic images""]","[""Images"", ""Dermoscopic Images""]","[""Macroscopic images"", ""Dermoscopic images""]"
"38156913","[""N/A""], [""Text""]","[""N/A""]","[""Text""]"
"38159275","[""brain imaging""], [""Functional magnetic resonance imaging"", ""Structural magnetic resonance imaging""]","[""brain imaging""]","[""Functional magnetic resonance imaging"", ""Structural magnetic resonance imaging""]"
"38161089","[""CT"", ""MRI""], [""CT"", ""MRI""]","[""CT"", ""MRI""]","[""CT"", ""MRI""]"
"38219499","[""White matter""], [""MRI""]","[""White matter""]","[""MRI""]"
"38161988","[""Electronic Medical Records""], [""text"", ""numeric""]","[""Electronic Medical Records""]","[""text"", ""numeric""]"
"38166332",NULL,"[""Cardiology"", ""Pediatrics"", ""Radiology""]",NULL
"38168587","[""Nuclear Cardiology""], []","[""Nuclear Cardiology""]","[]"
"38170208",NULL,NULL,"[""images"", ""text""]"
"38172326",NULL,NULL,NULL
"38174138","[""Text""], []","[""Text""]","[]"
"38177502","[""RNA""], [""transcriptome"", ""expression""]","[""RNA""]","[""transcriptome"", ""expression""]"
"38180398","[""ED visit date and time"", ""patient age"", ""sex"", ""reason for visit"", ""presenting complaint"", ""patient-reported pain score""], [{""sex"": true, ""pain_score"": true, ""patient_age"": true, ""reason_for_visit"": true, ""presenting_complaint"": true, ""ED_visit_date_and_time"": true}]","[""ED visit date and time"", ""patient age"", ""sex"", ""reason for visit"", ""presenting complaint"", ""patient-reported pain score""]","[{""sex"": true, ""pain_score"": true, ""patient_age"": true, ""reason_for_visit"": true, ""presenting_complaint"": true, ""ED_visit_date_and_time"": true}]"
"38181606","[""sMRI""], [""anatomical features"", ""deep convolutional features""]","[""sMRI""]","[""anatomical features"", ""deep convolutional features""]"
"38183029",NULL,NULL,"[""No-shows to medical appointments""]"
"38183082","[""Genomic"", ""Electronic health records""], [""Genomic data"", ""Electronic health records""]","[""Genomic"", ""Electronic health records""]","[""Genomic data"", ""Electronic health records""]"
"38185409","[""Positron Emission Tomography (PET)"", ""Rubidium-82""], [""Myocardial Blood Flow (MBF)"", ""Rubidium-82 PET""]","[""Positron Emission Tomography (PET)"", ""Rubidium-82""]","[""Myocardial Blood Flow (MBF)"", ""Rubidium-82 PET""]"
"38185882","[""PET"", ""MRI"", ""ASL""], [""PET"", ""MRI""]","[""PET"", ""MRI"", ""ASL""]","[""PET"", ""MRI""]"
"38186562","[""healthcare data""], [""Electronic health records"", ""Administrative data""]","[""healthcare data""]","[""Electronic health records"", ""Administrative data""]"
"38186943","[""Wearable sensor""], [{""Modality"": ""multimodal"", ""Data_Source"": ""wearable sensor data""}]","[""Wearable sensor""]","[{""Modality"": ""multimodal"", ""Data_Source"": ""wearable sensor data""}]"
"38187647","[""Biological"", ""Genetic""], [{""Modality"": ""Gene expression""}, {""Modality"": ""Genetic mapping""}]","[""Biological"", ""Genetic""]","[{""Modality"": ""Gene expression""}, {""Modality"": ""Genetic mapping""}]"
"38188047",NULL,"[""Online""]",NULL
"38189265","[""Chest Radiograph""], [""Chest radiograph (CXR)""]","[""Chest Radiograph""]","[""Chest radiograph (CXR)""]"
"38193866","[""Pathology data""], [""histological tumour type"", ""lymphovascular invasion"", ""tumour grade""]","[""Pathology data""]","[""histological tumour type"", ""lymphovascular invasion"", ""tumour grade""]"
"38195418","[""Magnetic Resonance Imaging""], [""MRI""]","[""Magnetic Resonance Imaging""]","[""MRI""]"
"38195644","[""CT""], [""CT""]","[""CT""]","[""CT""]"
"38197796","[], [{""Name"": ""Image"", ""Value"": [""Computed Tomography""]}, {""Name"": ""Text"", ""Value"": [""Surveys""]}]","[]","[{""Name"": ""Image"", ""Value"": [""Computed Tomography""]}, {""Name"": ""Text"", ""Value"": [""Surveys""]}]"
"38199138","[""accelerometry""], [""Acceleration"", ""Gait speed""]","[""accelerometry""]","[""Acceleration"", ""Gait speed""]"
"38199790","[""Voice""], [""Voice-based""]","[""Voice""]","[""Voice-based""]"
"38200511","[""Imaging""], [{""Name"": ""images""}]","[""Imaging""]","[{""Name"": ""images""}]"
"38202942","[""EEG"", ""EOG""], [""Electroencephalography"", ""Electrooculography""]","[""EEG"", ""EOG""]","[""Electroencephalography"", ""Electrooculography""]"
"38206515","[""text""], [""Text""]","[""text""]","[""Text""]"
"38212349",NULL,NULL,"[""Text"", ""Image""]"
"38212387","[""Non-biological and non-genetic information""], [""non-genetic"", ""non-biological""]","[""Non-biological and non-genetic information""]","[""non-genetic"", ""non-biological""]"
"38214624","[""fMRI""], [""fMRI""]","[""fMRI""]","[""fMRI""]"
"38215455","[""text""], [""Text""]","[""text""]","[""Text""]"
"38215710","[""Ventilation""], [""Mechanical Ventilation"", ""Anesthesia""]","[""Ventilation""]","[""Mechanical Ventilation"", ""Anesthesia""]"
"38222038","[""Diagnostic codes"", ""Socio-demographic factors""], [""diagnostic codes"", ""socio-demographic factors""]","[""Diagnostic codes"", ""Socio-demographic factors""]","[""diagnostic codes"", ""socio-demographic factors""]"
"38226736","[""Clinical""], [""Text""]","[""Clinical""]","[""Text""]"
"38228634",NULL,NULL,"[null, null, null, null, null, null]"
"38228640","[""kinematic"", ""kinetic""], [""Kinematic"", ""Kinetic""]","[""kinematic"", ""kinetic""]","[""Kinematic"", ""Kinetic""]"
"38228979",NULL,NULL,"{""Multimodal"": 2, ""Single Modality"": 8}"
"38229001","[""Cardiovascular Magnetic Resonance""], [""cardiovascular magnetic resonance images""]","[""Cardiovascular Magnetic Resonance""]","[""cardiovascular magnetic resonance images""]"
"38234469","[""EEG"", ""EOG"", ""ECG"", ""Head movement data""], [""EEG"", ""EOG"", ""ECG"", ""head movement""]","[""EEG"", ""EOG"", ""ECG"", ""Head movement data""]","[""EEG"", ""EOG"", ""ECG"", ""head movement""]"
"38234807",NULL,"[""Whole-Genome Sequencing""]",NULL
"38234857",NULL,NULL,"[""Image"", ""Text""]"
"38236221","[""Multimodal""], Multimodal","[""Multimodal""]","Multimodal"
"38241250",NULL,"[""Text"", ""Spatial""]",NULL
"38243313","[""RNA""], [""Graph convolution network""]","[""RNA""]","[""Graph convolution network""]"
"38245498","[""Eye Movement""], [""Eye Movement""]","[""Eye Movement""]","[""Eye Movement""]"
"38246898","[""CT"", ""MRI"", ""X-ray"", ""US""], [""Radiology""]","[""CT"", ""MRI"", ""X-ray"", ""US""]","[""Radiology""]"
"38249735",NULL,"[""Text"", ""Questionnaire""]",NULL
"38253577","[""brain networks""], [""connectome"", ""artificial neural networks""]","[""brain networks""]","[""connectome"", ""artificial neural networks""]"
"38259140","[""Radiology""], [""Radiology""]","[""Radiology""]","[""Radiology""]"
"38260512","[""Brain signals"", ""Stimulus""], [""single-neuron activity"", ""stimulus-driven activity"", ""local signals""]","[""Brain signals"", ""Stimulus""]","[""single-neuron activity"", ""stimulus-driven activity"", ""local signals""]"
"38260634","[""Cardiac CT"", ""MRI""], [""CT"", ""MRI""]","[""Cardiac CT"", ""MRI""]","[""CT"", ""MRI""]"
"38260713",NULL,NULL,"[""Graph theory"", ""Systems biology""]"
"38263439","[""Immunofluorescence microscopy""], [""Immunofluorescence microscopy"", ""Pixel-based thresholding methods""]","[""Immunofluorescence microscopy""]","[""Immunofluorescence microscopy"", ""Pixel-based thresholding methods""]"
"38265444","[""Pre-hospital"", ""Emergency department""], [""Pre-hospital data"", ""Emergency department data""]","[""Pre-hospital"", ""Emergency department""]","[""Pre-hospital data"", ""Emergency department data""]"
"38266105","[""Medical""], []","[""Medical""]","[]"
"38266466","[""MR scans""], [""Magnetic Resonance Imaging (MRI)""]","[""MR scans""]","[""Magnetic Resonance Imaging (MRI)""]"
"38267475","[""text""], [""Text""]","[""text""]","[""Text""]"
"38267481",NULL,NULL,"[""Neural activity"", ""Causal contribution""]"
"38267619","[""Lipid analysis"", ""Serum samples""], [""lipid analysis""]","[""Lipid analysis"", ""Serum samples""]","[""lipid analysis""]"
"38267686","[""SPECT"", ""CT""], [""SPECT"", ""CT""]","[""SPECT"", ""CT""]","[""SPECT"", ""CT""]"
"38268052","[""self-reported symptoms and contributing factors""], [""text"", ""network""]","[""self-reported symptoms and contributing factors""]","[""text"", ""network""]"
"38269937",NULL,NULL,"[""Multiple machine learning methods""]"
"38269938",NULL,"[""Multicenter"", ""Prospective""]",NULL
"38273986",NULL,"[""Central Nervous System"", ""Electronic Health Records""]",NULL
"38274429","[""Biological"", ""Psychological"", ""Sociological""], [""Biological"", ""Psychological"", ""Social""]","[""Biological"", ""Psychological"", ""Sociological""]","[""Biological"", ""Psychological"", ""Social""]"
"38279813","[""Computed Tomography"", ""Clinical Data""], [""Computed Tomography scans""]","[""Computed Tomography"", ""Clinical Data""]","[""Computed Tomography scans""]"
"38282158","[""Ultrasound""], [""Ultrasound""]","[""Ultrasound""]","[""Ultrasound""]"
"38282906","[""Images"", ""Text""], [""Images"", ""Text Data""]","[""Images"", ""Text""]","[""Images"", ""Text Data""]"
"38285722","[], [""neural networks"", ""non-linear sparse neural networks""]","[]","[""neural networks"", ""non-linear sparse neural networks""]"
"38287324","[""RGB"", ""Thermal"", ""Depth""], [""RGB"", ""Thermal"", ""Depth""]","[""RGB"", ""Thermal"", ""Depth""]","[""RGB"", ""Thermal"", ""Depth""]"
"38289643","[""electronic medical records"", ""administrative data""], [""Notes""]","[""electronic medical records"", ""administrative data""]","[""Notes""]"
"38291362","[""Structural""], [""Structural information""]","[""Structural""]","[""Structural information""]"
"38292239","[""RNA expression array""], [""genomics"", ""machine learning""]","[""RNA expression array""]","[""genomics"", ""machine learning""]"
"38300671",NULL,NULL,"[{""value"": ""Virtual Reality""}]"
"38302323","[""Digital Path""], [{""Modality"": ""Audio""}, {""Modality"": ""Video""}]","[""Digital Path""]","[{""Modality"": ""Audio""}, {""Modality"": ""Video""}]"
"38303097",NULL,"[""Imaging"", ""Other""]",NULL
"38304411","[""Medical Imaging"", ""Clinical Data""], [{""Modality Type"": ""None""}]","[""Medical Imaging"", ""Clinical Data""]","[{""Modality Type"": ""None""}]"
"38306213","[""Fecal microbial composition"", ""Gene expression profiles""], [""Jejunum intestinal barrier""]","[""Fecal microbial composition"", ""Gene expression profiles""]","[""Jejunum intestinal barrier""]"
"38308231","[""Electronic Health Data"", ""Administrative Databases""], [""diagnosis codes"", ""prescription medication codes""]","[""Electronic Health Data"", ""Administrative Databases""]","[""diagnosis codes"", ""prescription medication codes""]"
"38310657","[""Medical Imaging"", ""Lab Tests"", ""Patient Reports""], []","[""Medical Imaging"", ""Lab Tests"", ""Patient Reports""]","[]"
"38314558","[""Intravascular Ultrasound""], [""intravascular ultrasound""]","[""Intravascular Ultrasound""]","[""intravascular ultrasound""]"
"38316811","[""Pre-operative demographic/clinical variables""], [""demographic/clinical variables""]","[""Pre-operative demographic/clinical variables""]","[""demographic/clinical variables""]"
"38316895","[""HM"", ""head circumference"", ""demographic, health, dietary and home environment data""], [""human milk (HM) data"", ""maternal and infant demographic, health, dietary and home environment data""]","[""HM"", ""head circumference"", ""demographic, health, dietary and home environment data""]","[""human milk (HM) data"", ""maternal and infant demographic, health, dietary and home environment data""]"
"38320143","[""Medical Imaging"", ""Genomics""], [{""Tags"": [""Computed Tomography""], ""Modality"": ""Images""}, {""Tags"": [], ""Modality"": ""Audio""}, {""Tags"": [], ""Modality"": ""Text""}]","[""Medical Imaging"", ""Genomics""]","[{""Tags"": [""Computed Tomography""], ""Modality"": ""Images""}, {""Tags"": [], ""Modality"": ""Audio""}, {""Tags"": [], ""Modality"": ""Text""}]"
"38321027","[""CT""], [""CT scan"", ""segmentations""]","[""CT""]","[""CT scan"", ""segmentations""]"
"38322813",NULL,NULL,"[""Text""]"
"38324597",NULL,NULL,"[[""X-Ray""], [""MRI"", ""CT Scan""], null, [""X-Ray"", ""MRI""], [""ECG"", ""EEG""], [""Speech"", ""Text""], [""Video"", ""Audio""], null, null, null, null, null]"
"38325929","[""MRI""], [""image"", ""text""]","[""MRI""]","[""image"", ""text""]"
"38326559",NULL,NULL,"[""Imaging"", ""Psychiatry""]"
"38330168","[""PSG"", ""PG"", ""MJM-based technology""], [""PSG/PG""]","[""PSG"", ""PG"", ""MJM-based technology""]","[""PSG/PG""]"
"38331204","[""Endoscopy"", ""Optical Diagnosis""], None","[""Endoscopy"", ""Optical Diagnosis""]","None"
"38331816","[""Electronic Health Record""], [""Text"", ""Graph""]","[""Electronic Health Record""]","[""Text"", ""Graph""]"
"38332374",NULL,"[""brain structural neuroimaging""]",NULL
"38332528",NULL,"[]",NULL
"38341999",NULL,"[""Clinical""]",NULL
"38340117","[""PPG""], [""photoplethysmography"", ""electrocardiography""]","[""PPG""]","[""photoplethysmography"", ""electrocardiography""]"
"38340881","[""diffusion magnetic resonance imaging""], [""Diffusion MRI""]","[""diffusion magnetic resonance imaging""]","[""Diffusion MRI""]"
"38342041","[""biopsy"", ""histology"", ""serum CA-125""], [""image data""]","[""biopsy"", ""histology"", ""serum CA-125""]","[""image data""]"
"38343230","[""CT Imaging"", ""Pathology-Supported Diagnostic Labels""], [""Imaging"", ""Pathology""]","[""CT Imaging"", ""Pathology-Supported Diagnostic Labels""]","[""Imaging"", ""Pathology""]"
"38349734","[""Affiliation""], [{""modality"": ""text""}, {""modality"": ""image""}, {""modality"": ""audio""}]","[""Affiliation""]","[{""modality"": ""text""}, {""modality"": ""image""}, {""modality"": ""audio""}]"
"38351686","[""Python's Scikit-Learn Library""], [""Text"", ""Python""]","[""Python's Scikit-Learn Library""]","[""Text"", ""Python""]"
"38352035","[], [""text"", ""image""]","[]","[""text"", ""image""]"
"38353022","[""Metagenomics"", ""Metabolomics""], [""Clinical"", ""Metabolomics""]","[""Metagenomics"", ""Metabolomics""]","[""Clinical"", ""Metabolomics""]"
"38355486","[""Medical Codes""], [""Text"", null]","[""Medical Codes""]","[""Text"", null]"
"38356654","[""health"", ""education"", ""social wellbeing"", ""empowerment"", ""livelihood""], [""audio"", ""video""]","[""health"", ""education"", ""social wellbeing"", ""empowerment"", ""livelihood""]","[""audio"", ""video""]"
"38361633","[""plasma""], [""Protein panel""]","[""plasma""]","[""Protein panel""]"
"38362943","[""computed tomography (CT)""], [""Computed Tomography (CT)""]","[""computed tomography (CT)""]","[""Computed Tomography (CT)""]"
"38364600","[""Computed Tomography""], [""non-contrast computed tomography""]","[""Computed Tomography""]","[""non-contrast computed tomography""]"
"38370787","[""Electronic Health Records"", ""Medical Claims Data""], [{""Modality"": [""Electronic Health Records""]}, {""Modality"": [""Medical Images""]}, null]","[""Electronic Health Records"", ""Medical Claims Data""]","[{""Modality"": [""Electronic Health Records""]}, {""Modality"": [""Medical Images""]}, null]"
"38370846",NULL,"[""Structural brain""]",NULL
"38371495","[""EEG""], [""EEG"", ""Multiple-subject modeling""]","[""EEG""]","[""EEG"", ""Multiple-subject modeling""]"
"38372303","[""Digital health tools"", ""Artificial intelligence""], [""digital health tools""]","[""Digital health tools"", ""Artificial intelligence""]","[""digital health tools""]"
"38372309",NULL,NULL,"[{""text"": ""The Centre for Addiction and Mental Health has implemented mechanisms to standardize routine data collection with the vision of a Learning Health System.""}, {""text"": ""To improve clinical decision-making and patient outcomes, a clinical dashboard was implemented to provide a real-time visualization of data from patient self-assessments and other physical and mental health indicators.""}]"
"38372317","[""Healthcare""], [""Text""]","[""Healthcare""]","[""Text""]"
"38373289","[""Computed Tomography (CT)""], [""CT"", ""MRI""]","[""Computed Tomography (CT)""]","[""CT"", ""MRI""]"
"38374450","[""omics""], [""Physiological Signals""]","[""omics""]","[""Physiological Signals""]"
"38374829",NULL,NULL,NULL
"38377795","[""Electronic health records"", ""Single-cell human genomes"", ""Chest radiology images""], [""Images"", ""Genomics""]","[""Electronic health records"", ""Single-cell human genomes"", ""Chest radiology images""]","[""Images"", ""Genomics""]"
"38388500",NULL,"[""Nil""]",NULL
"38382095","[""Breath samples""], [""volatile organic compounds"", ""LAS-spectra""]","[""Breath samples""]","[""volatile organic compounds"", ""LAS-spectra""]"
"38382816",NULL,NULL,"[]"
"38383177","[""Ultrasound"", ""Operative""], [""Text"", ""Ultrasound reports""]","[""Ultrasound"", ""Operative""]","[""Text"", ""Ultrasound reports""]"
"38384277","[""3D medical images""], [""Medical Images""]","[""3D medical images""]","[""Medical Images""]"
"38384497",NULL,NULL,NULL
"38387384","[""Respiratory Sounds""], [""audio""]","[""Respiratory Sounds""]","[""audio""]"
"38387816","[""Vascular Quality Initiative database""], [{""type"": null}, {""type"": ""text""}]","[""Vascular Quality Initiative database""]","[{""type"": null}, {""type"": ""text""}]"
"38388497",NULL,NULL,"[""Text"", ""Image""]"
"38390855",NULL,NULL,"[""Heart rate"", ""Glucose levels""]"
"38390963","[""RNA-seq""], [""gene_expression""]","[""RNA-seq""]","[""gene_expression""]"
"38391311","[""Radiation""], [""Imaging Data""]","[""Radiation""]","[""Imaging Data""]"
"38395016","[""Medical events"", ""Past medical events""], [""administrative data"", ""healthcare""]","[""Medical events"", ""Past medical events""]","[""administrative data"", ""healthcare""]"
"38397935","[""Stool Proteome""], [""Proteome profiles"", ""machine learning""]","[""Stool Proteome""]","[""Proteome profiles"", ""machine learning""]"
"38400281","[""accelerometer""], [""Accelerometer"", null]","[""accelerometer""]","[""Accelerometer"", null]"
"38402362","[""EHR"", ""Lab data""], [""text"", ""image""]","[""EHR"", ""Lab data""]","[""text"", ""image""]"
"38404286","[""Metabolites""], [""Metabolites""]","[""Metabolites""]","[""Metabolites""]"
"38405815","[""MRI""], [""MRI"", ""CT""]","[""MRI""]","[""MRI"", ""CT""]"
"38407537","[""Flow cytometry"", ""Digital data""], [""Digital data"", ""Hematologic malignancies""]","[""Flow cytometry"", ""Digital data""]","[""Digital data"", ""Hematologic malignancies""]"
"38412888","[""text""], [""Text""]","[""text""]","[""Text""]"
"38417411","[""hematological indicators"", ""intestinal flora abundance""], [""blood indicators"", ""intestinal flora""]","[""hematological indicators"", ""intestinal flora abundance""]","[""blood indicators"", ""intestinal flora""]"
"38417587","[""Text"", ""Image""], [{""Modality"": ""Images""}, {""Modality"": ""Audio""}]","[""Text"", ""Image""]","[{""Modality"": ""Images""}, {""Modality"": ""Audio""}]"
"38418018","[""Imaging"", ""Surgical""], [""Acetabular cup"", ""Femoral head"", ""Femoral stem""]","[""Imaging"", ""Surgical""]","[""Acetabular cup"", ""Femoral head"", ""Femoral stem""]"
"38418276",NULL,NULL,"[""text""]"
"38418825",NULL,NULL,NULL
"38418987","[""X-ray"", ""Computed Tomography (CT) scan""], [""X-ray and CT scan images""]","[""X-ray"", ""Computed Tomography (CT) scan""]","[""X-ray and CT scan images""]"
"38421670","[""OCTCases"", ""Multimodal imaging""], [""image"", ""text""]","[""OCTCases"", ""Multimodal imaging""]","[""image"", ""text""]"
"38421684","[""Text"", ""Image""], {""Text Data"": [""Aiforia Inc., Cambridge, Massachusetts.""], ""Image Data"": null}","[""Text"", ""Image""]","{""Text Data"": [""Aiforia Inc., Cambridge, Massachusetts.""], ""Image Data"": null}"
"38422727","[""Magnetic Resonance Imaging""], [""MRI""]","[""Magnetic Resonance Imaging""]","[""MRI""]"
"38423450","[""Clinical""], [""Text""]","[""Clinical""]","[""Text""]"
"38424096","[""X-rays"", ""Medical Imaging""], [""X-rays""]","[""X-rays"", ""Medical Imaging""]","[""X-rays""]"
"38428251","[""Medical Imaging""], {""3D aortic model"": true, ""2D eccentric stenosis model"": true, ""1D advection-diffusion problem"": true}","[""Medical Imaging""]","{""3D aortic model"": true, ""2D eccentric stenosis model"": true, ""1D advection-diffusion problem"": true}"
"38429418","[""Text""], []","[""Text""]","[]"
"38429796","[""Magnetic resonance imaging"", ""Multi-omic""], [""MRI"", ""multi-omic data""]","[""Magnetic resonance imaging"", ""Multi-omic""]","[""MRI"", ""multi-omic data""]"
"38430856","[""EEG""], [""EEG""]","[""EEG""]","[""EEG""]"
"38431422","[""Motion""], [""handwritten numeral recognition"", ""motion monitoring""]","[""Motion""]","[""handwritten numeral recognition"", ""motion monitoring""]"
"38432285","[""Radiation therapy"", ""Brain""], [""Radiation Medicine""]","[""Radiation therapy"", ""Brain""]","[""Radiation Medicine""]"
"38435711","[""MRI"", ""T2-weighted MRI"", ""Diffusion Weighted Imaging (DWI)"", ""Apparent Diffusion Coefficient (ADC)""], [""MRI"", ""localizer images""]","[""MRI"", ""T2-weighted MRI"", ""Diffusion Weighted Imaging (DWI)"", ""Apparent Diffusion Coefficient (ADC)""]","[""MRI"", ""localizer images""]"
"38436242","[], [""genomic""]","[]","[""genomic""]"
"38438281",NULL,NULL,"[""Text""]"
"38441539","[""Multimodal""], [{""Modality"": ""Cognitive phenotypes""}, {""Modality"": ""Familial and neighborhood socioeconomic status (SES)""}, {""Modality"": ""Supportive environment""}]","[""Multimodal""]","[{""Modality"": ""Cognitive phenotypes""}, {""Modality"": ""Familial and neighborhood socioeconomic status (SES)""}, {""Modality"": ""Supportive environment""}]"
"38442128","[""Auditory""], [""auditory"", ""visuo-spatial""]","[""Auditory""]","[""auditory"", ""visuo-spatial""]"
"38443276","[""RGB-D camera"", ""Optical Motion Capture""], [""RGB"", ""Depth""]","[""RGB-D camera"", ""Optical Motion Capture""]","[""RGB"", ""Depth""]"
"38444851","[""Immunology""], [""text"", ""image""]","[""Immunology""]","[""text"", ""image""]"
"38446445","[""ECG""], [""ECG"", ""Text""]","[""ECG""]","[""ECG"", ""Text""]"
"38446766",NULL,NULL,NULL
"38469689",NULL,NULL,"[""Medical Images"", ""Clinical Data""]"
"38450221","[""Physiology"", ""Neurology"", ""Radiology""], []","[""Physiology"", ""Neurology"", ""Radiology""]","[]"
"38453413","[""Radiology"", ""Electrical Engineering""], {""John Conklin"": [""Department of Radiology"", ""Harvard Medical School"", ""Massachusetts General Hospital""], ""Berkin Bilgic"": [""Harvard-MIT Health Sciences and Technology"", ""Massachusetts Institute of Technology""], ""Michael H Lev"": [""Department of Radiology"", ""Harvard Medical School"", ""Massachusetts General Hospital""], ""Otto Rapalino"": [""Department of Radiology"", ""Harvard Medical School"", ""Massachusetts General Hospital""], ""Susie Y Huang"": [""Department of Radiology"", ""Harvard Medical School"", ""Massachusetts General Hospital"", ""Harvard-MIT Health Sciences and Technology"", ""Massachusetts Institute of Technology""], ""Kawin Setsompop"": [""Departments of Radiology and Electrical Engineering""], ""Pamela W Schaefer"": [""Department of Radiology"", ""Harvard Medical School"", ""Massachusetts General Hospital""], ""Thorsten Feiweier"": [""Siemens Healthcare GmbH""]}","[""Radiology"", ""Electrical Engineering""]","{""John Conklin"": [""Department of Radiology"", ""Harvard Medical School"", ""Massachusetts General Hospital""], ""Berkin Bilgic"": [""Harvard-MIT Health Sciences and Technology"", ""Massachusetts Institute of Technology""], ""Michael H Lev"": [""Department of Radiology"", ""Harvard Medical School"", ""Massachusetts General Hospital""], ""Otto Rapalino"": [""Department of Radiology"", ""Harvard Medical School"", ""Massachusetts General Hospital""], ""Susie Y Huang"": [""Department of Radiology"", ""Harvard Medical School"", ""Massachusetts General Hospital"", ""Harvard-MIT Health Sciences and Technology"", ""Massachusetts Institute of Technology""], ""Kawin Setsompop"": [""Departments of Radiology and Electrical Engineering""], ""Pamela W Schaefer"": [""Department of Radiology"", ""Harvard Medical School"", ""Massachusetts General Hospital""], ""Thorsten Feiweier"": [""Siemens Healthcare GmbH""]}"
"38454423","[""Biomarkers"", ""Clinical Data""], [""blood biomarkers"", ""plasma biomarker concentrations""]","[""Biomarkers"", ""Clinical Data""]","[""blood biomarkers"", ""plasma biomarker concentrations""]"
"38456877","[""Computed Tomography"", ""Single-photon emission computed tomography""], {""text"": [""survey""], ""image"": [""CT scan""]}","[""Computed Tomography"", ""Single-photon emission computed tomography""]","{""text"": [""survey""], ""image"": [""CT scan""]}"
"38468224","[""Rich Text Format text"", ""plain text format""], [""Rich Text Format text conversion"", ""Syntax and Lexical analyses""]","[""Rich Text Format text"", ""plain text format""]","[""Rich Text Format text conversion"", ""Syntax and Lexical analyses""]"
"38459106","[""3D vector mapping""], [""3D vector mapping"", ""Shape analysis""]","[""3D vector mapping""]","[""3D vector mapping"", ""Shape analysis""]"
"38459338",NULL,NULL,NULL
"38467853","[""MRI"", ""Clinical""], [""MRI"", ""clinical data""]","[""MRI"", ""Clinical""]","[""MRI"", ""clinical data""]"
"38470880","[""Time series""], [""multi-channel nerve cuff recordings"", ""time series classification""]","[""Time series""]","[""multi-channel nerve cuff recordings"", ""time series classification""]"
"38479730",NULL,NULL,NULL
"38480766","[""Ultrasonography"", ""Vowel articulation""], [""Ultrasound"", ""Audio""]","[""Ultrasonography"", ""Vowel articulation""]","[""Ultrasound"", ""Audio""]"
"38483388",NULL,"[""Medical Imaging""]",NULL
"38484398","[""3D dose volumes"", ""Prostate anatomy""], [""medical images"", ""patient geometry""]","[""3D dose volumes"", ""Prostate anatomy""]","[""medical images"", ""patient geometry""]"
"38486013","[""Electroencephalography""], [""iEEG""]","[""Electroencephalography""]","[""iEEG""]"
"38486268",NULL,NULL,"text"
"38487766","[""Surface Electromyography (sEMG)""], [""surface electromyography""]","[""Surface Electromyography (sEMG)""]","[""surface electromyography""]"
"38531844","[""Imaging"", ""Genomics""], []","[""Imaging"", ""Genomics""]","[]"
"38492206","[""Pharmacokinetic profiles""], [""Pharmacokinetic Parameters"", ""World Health Organization (WHO) Growth Curve""]","[""Pharmacokinetic profiles""]","[""Pharmacokinetic Parameters"", ""World Health Organization (WHO) Growth Curve""]"
"38493562","[""Acoustic""], [""Mechanical properties of ear tissues""]","[""Acoustic""]","[""Mechanical properties of ear tissues""]"
"38494468","[""Medical Records"", ""Clinical""], [{""Modality"": ""text""}, {""Modality"": ""image""}, {""Modality"": ""speech""}]","[""Medical Records"", ""Clinical""]","[{""Modality"": ""text""}, {""Modality"": ""image""}, {""Modality"": ""speech""}]"
"38497716","[""MALDI-TOF""], [""Text"", ""Image""]","[""MALDI-TOF""]","[""Text"", ""Image""]"
"38502860","[""proteomics"", ""metabolomics""], [""Proteomics"", ""Metabolomics""]","[""proteomics"", ""metabolomics""]","[""Proteomics"", ""Metabolomics""]"
"38505008","[""CT scans""], [""CT scans""]","[""CT scans""]","[""CT scans""]"
"38505491",NULL,NULL,NULL
"38509230",NULL,"[""Sensorimotor"", ""Cognitive"", ""Global Functioning""]",NULL
"38510201","[""Electrical Engineering and Computer Science"", ""Computer Science"", ""Cardiovascular Medicine"", ""Molecular Medicine"", ""Surgical Oncology"", ""Medicine"", ""Epidemiology and Public Health""], [""Medical""]","[""Electrical Engineering and Computer Science"", ""Computer Science"", ""Cardiovascular Medicine"", ""Molecular Medicine"", ""Surgical Oncology"", ""Medicine"", ""Epidemiology and Public Health""]","[""Medical""]"
"38510280",NULL,NULL,"[""Mild Cognitive Impairment"", ""digital biomarkers""]"
"38511261","[""Three-dimensional kinematics"", ""Gas exchange""], [""three-dimensional kinematics""]","[""Three-dimensional kinematics"", ""Gas exchange""]","[""three-dimensional kinematics""]"
"38512423",NULL,NULL,"[""questionnaire""]"
"38519152",NULL,"[""health system"", ""demographic"", ""clinical""]",NULL
"38520921","[""RNA-sequencing""], [""Transcriptomics""]","[""RNA-sequencing""]","[""Transcriptomics""]"
"38532015","[""Cell""], [""Image"", ""Text""]","[""Cell""]","[""Image"", ""Text""]"
"38532639","[""Audio""], [""text""]","[""Audio""]","[""text""]"
"38534937","[""Text""], [""text""]","[""Text""]","[""text""]"
"38537130","[""single-cell immune repertoire sequencing"", ""mass cytometry"", ""multiplex immunofluorescence""], [""Single-cell data"", ""Mass cytometry"", ""Multiplex immunofluorescence""]","[""single-cell immune repertoire sequencing"", ""mass cytometry"", ""multiplex immunofluorescence""]","[""Single-cell data"", ""Mass cytometry"", ""Multiplex immunofluorescence""]"
"38537536","[""CT""], [""CT perfusion imaging"", ""MRI"", ""Ultrasound""]","[""CT""]","[""CT perfusion imaging"", ""MRI"", ""Ultrasound""]"
"38538415","[""MRI""], [{""Modality"": ""MRI""}, {""Modality"": ""Dosimetry Data""}]","[""MRI""]","[{""Modality"": ""MRI""}, {""Modality"": ""Dosimetry Data""}]"
"38538559",NULL,"[""Biopsy"", ""Plasma""]",NULL
"38538619","[""Radiographs""], [""Radiograph"", ""Manual measurement""]","[""Radiographs""]","[""Radiograph"", ""Manual measurement""]"
"38539074",NULL,NULL,"[""Age"", ""Health Instability"", ""Functional and Cognitive Status""]"
"38539236","[""Video""], [""Ultrasound"", ""ECG""]","[""Video""]","[""Ultrasound"", ""ECG""]"
"38539425","[""Imaging""], [{""Name"": ""Image""}, {""Name"": ""Text""}, {""Name"": ""Video""}]","[""Imaging""]","[{""Name"": ""Image""}, {""Name"": ""Text""}, {""Name"": ""Video""}]"
"38544181","[""Video"", ""Audio""], [""video"", ""audio"", ""physiological data""]","[""Video"", ""Audio""]","[""video"", ""audio"", ""physiological data""]"
"38547927","[""Endoscopy videos""], [""Video"", ""Text""]","[""Endoscopy videos""]","[""Video"", ""Text""]"
"38549046",NULL,NULL,"[""microarray"", ""RNAseq""]"
"38549146","[""DNA methylation""], [""Methylation""]","[""DNA methylation""]","[""Methylation""]"
"38552452","[""Chest X-Ray images""], [""X-Ray""]","[""Chest X-Ray images""]","[""X-Ray""]"
"38552566","[""Static oocyte images""], [""Image""]","[""Static oocyte images""]","[""Image""]"
"38557148","[""Colorimetric information"", ""Imaging""], [""Imaging application"", ""Colorimetric information""]","[""Colorimetric information"", ""Imaging""]","[""Imaging application"", ""Colorimetric information""]"
"38563386","[""Cardiology""], [""Cardiology"", ""Surgery""]","[""Cardiology""]","[""Cardiology"", ""Surgery""]"
"38563856","[""Intracranial metastases""], [{""modality"": ""image""}, {""modality"": ""text""}]","[""Intracranial metastases""]","[{""modality"": ""image""}, {""modality"": ""text""}]"
"38564199","[""Virtual Reality""], [""Virtual Reality"", ""Simulation""]","[""Virtual Reality""]","[""Virtual Reality"", ""Simulation""]"
"38564508","[""Video""], {""sagittal_plane_gait_patterns"": null}","[""Video""]","{""sagittal_plane_gait_patterns"": null}"
"38564847","[""MRI""], [""CST hyperintensity"", ""Grey matter degeneration""]","[""MRI""]","[""CST hyperintensity"", ""Grey matter degeneration""]"
"38567100","[""Histopathology""], [""High-Resolution Histopathological Images""]","[""Histopathology""]","[""High-Resolution Histopathological Images""]"
"38568987","[""administrative data""], [""health administrative data""]","[""administrative data""]","[""health administrative data""]"
"38569898","[""Microbiome""], [""microbiome data""]","[""Microbiome""]","[""microbiome data""]"
"38573752","[""text""], [""text""]","[""text""]","[""text""]"
"38574545","[""Medical Image""], [""Image""]","[""Medical Image""]","[""Image""]"
"38574756",NULL,NULL,NULL
"38575814","[""PET""], [""PET imaging""]","[""PET""]","[""PET imaging""]"
"38578872","[""web-based"", ""video""], [""Text""]","[""web-based"", ""video""]","[""Text""]"
"38582538","[""Neuropsychological assessments"", ""structural and functional MRI"", ""electroencephalography""], [{""Category"": ""Multimodal""}]","[""Neuropsychological assessments"", ""structural and functional MRI"", ""electroencephalography""]","[{""Category"": ""Multimodal""}]"
"38582770","[""Electrochemical"", ""Urine""], [""urine samples""]","[""Electrochemical"", ""Urine""]","[""urine samples""]"
"38585855","[""Audio""], [""sound""]","[""Audio""]","[""sound""]"
"38588794","[""Electrocardiogram""], [""ECGs""]","[""Electrocardiogram""]","[""ECGs""]"
"38589545","[""text""], [""Text""]","[""text""]","[""Text""]"
"38589775",NULL,NULL,"[{""Name"": ""Department of Mathematics and Statistics"", ""Location"": ""University of Victoria, Victoria, BC, Canada""}, {""Name"": ""Department of Mathematics and Statistics"", ""Location"": ""University of Saskatchewan, Saskatoon, SK, Canada""}]"
"38589815","[""EEG"", ""Auditory""], [""EEG"", ""vocal and musical""]","[""EEG"", ""Auditory""]","[""EEG"", ""vocal and musical""]"
"38591838",NULL,NULL,"{""Text"": true, ""Audio"": false, ""Image"": false}"
"38592752","[""Text""], [{""name"": ""Text""}, {""name"": ""Image""}]","[""Text""]","[{""name"": ""Text""}, {""name"": ""Image""}]"
"38598077",NULL,NULL,NULL
"38598191","[""CT scans"", ""Electronic Health Records""], [""Multislice abdominal CT scans""]","[""CT scans"", ""Electronic Health Records""]","[""Multislice abdominal CT scans""]"
"38599293",NULL,"[""Plasma concentrations of three biomarkers (N-terminal pro-B-type natriuretic peptide [NT-proBNP], fatty acid binding protein 3 [FABP3], and FABP4)""]",NULL
"38600209","[""Medication dosage"", ""Unified Parkinson's Disease Rating Scale"", ""Activities of Daily Living"", ""Hoehn and Yahr scale""], [""Text""]","[""Medication dosage"", ""Unified Parkinson's Disease Rating Scale"", ""Activities of Daily Living"", ""Hoehn and Yahr scale""]","[""Text""]"
"38604185","[""Computed tomography"", ""Monte Carlo simulations""], [""CT scans""]","[""Computed tomography"", ""Monte Carlo simulations""]","[""CT scans""]"
"38604227","[""Text"", ""Medical""], [""text"", ""image""]","[""Text"", ""Medical""]","[""text"", ""image""]"
"38604736","[""MR""], {""size"": {""count"": 1}, ""type"": {""count"": null}}","[""MR""]","{""size"": {""count"": 1}, ""type"": {""count"": null}}"
"38605059",NULL,NULL,"[""X-ray""]"
"38605172","[""neuroimaging"", ""behavioral data""], [""hippocampal-cortical connectivity"", ""episodic memory"", ""social cognition""]","[""neuroimaging"", ""behavioral data""]","[""hippocampal-cortical connectivity"", ""episodic memory"", ""social cognition""]"
"38605799","[""CT-scan""], [""CT scan""]","[""CT-scan""]","[""CT scan""]"
"38607662",NULL,NULL,"[""text""]"
"38607809",NULL,NULL,"[]"
"38610443",NULL,"[""Upper limb rehabilitation"", ""Human-robot interface"", ""Kinematic models""]",NULL
"38611631","[""Photoplethysmogram"", ""Voltage Gradient Signals""], [""photoplethysmogram"", ""orthogonal voltage gradient signals""]","[""Photoplethysmogram"", ""Voltage Gradient Signals""]","[""photoplethysmogram"", ""orthogonal voltage gradient signals""]"
"38615432","[""Image"", ""3D""], [""skin"", ""image""]","[""Image"", ""3D""]","[""skin"", ""image""]"
"38617584","[""Saliva"", ""Blood""], [""microbiome, salivary cytokines, systemic cytokines""]","[""Saliva"", ""Blood""]","[""microbiome, salivary cytokines, systemic cytokines""]"
"38618957",NULL,NULL,NULL
"38619825","[""Raman Spectroscopy""], [""Spectroscopic data""]","[""Raman Spectroscopy""]","[""Spectroscopic data""]"
"38620047",NULL,NULL,NULL
"38621801","[""Electronic medical records"", ""Albuminuria""], [""Electronic medical records""]","[""Electronic medical records"", ""Albuminuria""]","[""Electronic medical records""]"
"38622115",NULL,NULL,"[""Medical""]"
"38625728","[""Medical Images""], [""Image""]","[""Medical Images""]","[""Image""]"
"38626440","[""Demographic data"", ""Clinical data""], [""Text""]","[""Demographic data"", ""Clinical data""]","[""Text""]"
"38630042",NULL,NULL,NULL
"38630178","[""Text""], [""text""]","[""Text""]","[""text""]"
"38630732",NULL,NULL,"[""muscle mass measurement""]"
"38631818","[""Electronic medical charts""], [""Electronic Medical Records""]","[""Electronic medical charts""]","[""Electronic Medical Records""]"
"38632526","[""Proteomics""], [""Proteinomics data""]","[""Proteomics""]","[""Proteinomics data""]"
"38636329",NULL,NULL,NULL
"38637239","[""MRI""], [""MRI""]","[""MRI""]","[""MRI""]"
"38637627","[""brain morphology"", ""behavioral""], [{""modality"": ""MRI""}]","[""brain morphology"", ""behavioral""]","[{""modality"": ""MRI""}]"
"38720073",NULL,NULL,NULL
"38638495","[""2D-3D"", ""Video""], [""2D-3D Convolutional Neural Networks"", ""Videos""]","[""2D-3D"", ""Video""]","[""2D-3D Convolutional Neural Networks"", ""Videos""]"
"38638805","[""EEG""], [""EEG""]","[""EEG""]","[""EEG""]"
"38639373",NULL,"[""Clinical Data"", ""Imaging Data""]",NULL
"38642296","[""Ultrasound""], Ultrasound images","[""Ultrasound""]","Ultrasound images"
"38642704",NULL,NULL,"[{""Type"": ""Machine Learning"", ""Model"": ""Feedforward and Recurrent Neural Networks""}]"
"38643691","[""brain magnetic resonance imaging""], [""MRI""]","[""brain magnetic resonance imaging""]","[""MRI""]"
"38647339","[""serum concentrations of 9 biomarkers""], [""Blood-based biomarkers""]","[""serum concentrations of 9 biomarkers""]","[""Blood-based biomarkers""]"
"38650940","[""Cytokine"", ""Health""], [{""Modality"": ""cytokine profiling""}, {""Modality"": ""multimodal health data""}]","[""Cytokine"", ""Health""]","[{""Modality"": ""cytokine profiling""}, {""Modality"": ""multimodal health data""}]"
"38651539","[""Oral""], [""Text""]","[""Oral""]","[""Text""]"
"38652720","[""Time series"", ""Clinical data""], [{""modality"": ""Text""}, {""modality"": ""Image""}]","[""Time series"", ""Clinical data""]","[{""modality"": ""Text""}, {""modality"": ""Image""}]"
"38654924",NULL,NULL,"[]"
"38657971",NULL,NULL,"[""Mathematics"", ""Physics""]"
"38662370","[""Text""], [""symptoms"", ""sleep difficulties"", ""cognitive difficulties"", ""disabling fatigue""]","[""Text""]","[""symptoms"", ""sleep difficulties"", ""cognitive difficulties"", ""disabling fatigue""]"
"38664377","[""Structural MRI"", ""Clinical"", ""Sociodemographic"", ""Genetic""], [""MRI"", ""clinical data""]","[""Structural MRI"", ""Clinical"", ""Sociodemographic"", ""Genetic""]","[""MRI"", ""clinical data""]"
"38668049","[""Text""], [""Text""]","[""Text""]","[""Text""]"
"38668064","[""Electronic Health Records""], [""text""]","[""Electronic Health Records""]","[""text""]"
"38669487","[""Medical Records"", ""Medical Imaging""], [""musculoskeletal""]","[""Medical Records"", ""Medical Imaging""]","[""musculoskeletal""]"
"38671083",NULL,NULL,NULL
"38671486","[""optical coherence tomography (OCT) videos and fovea-centered images""], [""videos"", ""images""]","[""optical coherence tomography (OCT) videos and fovea-centered images""]","[""videos"", ""images""]"
"38672211",NULL,NULL,"[""miRNA sequencing""]"
"38674204","[""Hemodynamic traces"", ""Arterial pressure""], [""Arterial Pressure Wave""]","[""Hemodynamic traces"", ""Arterial pressure""]","[""Arterial Pressure Wave""]"
"38678058","[""EEG""], [""EEG"", ""motor task""]","[""EEG""]","[""EEG"", ""motor task""]"
"38678144","[""Ultrasound"", ""Angiography""], [{""name"": ""MR""}, {""name"": ""CT""}]","[""Ultrasound"", ""Angiography""]","[{""name"": ""MR""}, {""name"": ""CT""}]"
"38678567","[""plasma"", ""omics""], [""multi-omics""]","[""plasma"", ""omics""]","[""multi-omics""]"
"38679324","[""brain imaging""], [""Text"", ""Image""]","[""brain imaging""]","[""Text"", ""Image""]"
"38722452",NULL,NULL,"[]"
"38688297","[""Accelerometer""], [""accelerometer""]","[""Accelerometer""]","[""accelerometer""]"
"38692744",NULL,NULL,NULL
"38693326","[""Anthropometric measurements""], [""image"", ""tissue mass""]","[""Anthropometric measurements""]","[""image"", ""tissue mass""]"
"38693328","[""Mammography"", ""Ultrasound""], [""mammography (DM)"", ""ultrasound (US)""]","[""Mammography"", ""Ultrasound""]","[""mammography (DM)"", ""ultrasound (US)""]"
"38696609","[""MRI""], [""image""]","[""MRI""]","[""image""]"
"38697028","[""Planning CT"", ""Last synthetic CT""], [""radiomic"", ""dosiomic""]","[""Planning CT"", ""Last synthetic CT""]","[""radiomic"", ""dosiomic""]"
"38699676","[""Structural T1-weighted magnetic resonance imaging""], [""MRI"", ""Cognitive assessments""]","[""Structural T1-weighted magnetic resonance imaging""]","[""MRI"", ""Cognitive assessments""]"
"38699950","[""Medical images""], [""Images""]","[""Medical images""]","[""Images""]"
"38701342","[""electrophysiology"", ""imaging""], [""MRI"", ""EEG""]","[""electrophysiology"", ""imaging""]","[""MRI"", ""EEG""]"
"38704793","[""Micro-ultrasound""], [""micro-ultrasound"", ""convolutional neural network models""]","[""Micro-ultrasound""]","[""micro-ultrasound"", ""convolutional neural network models""]"
"38705190",NULL,NULL,NULL
"38706611","[""Ultrasound""], [""ultrasound""]","[""Ultrasound""]","[""ultrasound""]"
"38706783","[""Clinical""], [""unsupervised dimensionality reduction and clustering"", ""supervised analysis""]","[""Clinical""]","[""unsupervised dimensionality reduction and clustering"", ""supervised analysis""]"
"38707712","[""Visual"", ""Auditory"", ""Cognitive""], [""Language"", ""Executive control""]","[""Visual"", ""Auditory"", ""Cognitive""]","[""Language"", ""Executive control""]"
"38709069",NULL,NULL,NULL
"38709554",NULL,NULL,"[]"
"38710744","[""THz image""], [""THz imaging"", ""Wearable devices""]","[""THz image""]","[""THz imaging"", ""Wearable devices""]"
"38712184","[""Sequence""], [""Proportionalized Split Amino Acid Composition"", ""Conventional sequence-based features""]","[""Sequence""]","[""Proportionalized Split Amino Acid Composition"", ""Conventional sequence-based features""]"
"38714895","[""neural networks"", ""fully-connected feedforward""], [{""Label"": ""Biomedical"", ""Affiliation"": [""Department of Biomedical Engineering, Schulich School of Engineering, University of Calgary, Calgary, Alberta, Canada.""]}, {""Label"": ""Healthcare"", ""Affiliation"": [""Data Intelligence for Health Lab, Cumming School of Medicine, University of Calgary, Alberta, Canada.""]}]","[""neural networks"", ""fully-connected feedforward""]","[{""Label"": ""Biomedical"", ""Affiliation"": [""Department of Biomedical Engineering, Schulich School of Engineering, University of Calgary, Calgary, Alberta, Canada.""]}, {""Label"": ""Healthcare"", ""Affiliation"": [""Data Intelligence for Health Lab, Cumming School of Medicine, University of Calgary, Alberta, Canada.""]}]"
"38715445",NULL,NULL,"[""Text""]"
"38717399",NULL,NULL,"[""Neuronal activity"", ""Behavioral dynamics""]"
"38718518",NULL,NULL,NULL
"38723886","[""Echocardiography"", ""Single-photon emission computed tomography (SPECT)""], [""SPECT"", ""Echocardiography""]","[""Echocardiography"", ""Single-photon emission computed tomography (SPECT)""]","[""SPECT"", ""Echocardiography""]"
"38724761","[""Tree-based"", ""Clinical""], [""XgBoost""]","[""Tree-based"", ""Clinical""]","[""XgBoost""]"
"38727827","[""Survey"", ""Electronic Health Records""], []","[""Survey"", ""Electronic Health Records""]","[]"
"38734697","[""Ultrasound""], [""Ultrasound""]","[""Ultrasound""]","[""Ultrasound""]"
"38739557","[""Electromyography""], [""Myoelectric Prosthesis Control"", ""User Experience""]","[""Electromyography""]","[""Myoelectric Prosthesis Control"", ""User Experience""]"
"38746371","[""MRI"", ""Other""], [""MRI"", ""CT""]","[""MRI"", ""Other""]","[""MRI"", ""CT""]"
"38747464","[""Imaging"", ""Fluorescence""], [{""name"": ""Medical Images""}, {""name"": ""Medical Signals""}]","[""Imaging"", ""Fluorescence""]","[{""name"": ""Medical Images""}, {""name"": ""Medical Signals""}]"
"38747976",NULL,NULL,NULL
"38748882","[""single-cell"", ""multi-omics""], [""single-cell multi-omics data""]","[""single-cell"", ""multi-omics""]","[""single-cell multi-omics data""]"
"38751214",NULL,"[""Cortical""]",NULL
"38753317","[""text""], [""text""]","[""text""]","[""text""]"
"38753973","[""medical""], [""Text"", ""Image""]","[""medical""]","[""Text"", ""Image""]"
"38754135","[""Medical Records""], [""Text""]","[""Medical Records""]","[""Text""]"
"38755563","[""chest X-ray images""], [""X-ray""]","[""chest X-ray images""]","[""X-ray""]"
"38756834",NULL,NULL,"[""Health Services Research""]"
"38760690","[""Proteomic""], [""Proteomics""]","[""Proteomic""]","[""Proteomics""]"
"38762552","[""Robot"", ""Clinical""], [""Proprioception"", ""Visuomotor adaptation""]","[""Robot"", ""Clinical""]","[""Proprioception"", ""Visuomotor adaptation""]"
"38763356","[""MR""], [""MRI""]","[""MR""]","[""MRI""]"
"38763972","[""Hot Flush Rating Scale""], [""Hot Flush Rating Scale (HFRS)""]","[""Hot Flush Rating Scale""]","[""Hot Flush Rating Scale (HFRS)""]"
"38765850","[""Text""], [""Transcranial Direct Current Stimulation""]","[""Text""]","[""Transcranial Direct Current Stimulation""]"
"38765887","[""EEG""], [""Ear-EEG"", ""Scalp EEG""]","[""EEG""]","[""Ear-EEG"", ""Scalp EEG""]"
"38767799",NULL,NULL,"[""physicochemical properties"", ""drug encapsulation efficiency""]"
"38769334",NULL,"[""Medical"", ""Pharmacology""]",NULL
"38772191","[""CT""], [""image"", ""text""]","[""CT""]","[""image"", ""text""]"
"38774366","[""breath-by-breath""], [""breath-by-breath data""]","[""breath-by-breath""]","[""breath-by-breath data""]"
"38774435",NULL,NULL,"[""text"", ""dialogue""]"
"38774466","[""Radiology"", ""Urology""], []","[""Radiology"", ""Urology""]","[]"
"38774832","[""digital biomarkers"", ""environmental biomarkers""], [""text"", ""multimedia""]","[""digital biomarkers"", ""environmental biomarkers""]","[""text"", ""multimedia""]"
"38790952","[""Metabolic"", ""Transcriptomic""], [""None of the above""]","[""Metabolic"", ""Transcriptomic""]","[""None of the above""]"
"38777894","[], [""Surgical Data""]","[]","[""Surgical Data""]"
"38779704",NULL,NULL,"[""text""]"
"38780375","[""ECG"", ""ACC""], [""ECG"", ""accelerometric""]","[""ECG"", ""ACC""]","[""ECG"", ""accelerometric""]"
"38781279",NULL,NULL,NULL
"38784249","[""Laboratory Tests"", ""Age"", ""ICU Admission""], [""Hematological"", ""Clinical chemistry""]","[""Laboratory Tests"", ""Age"", ""ICU Admission""]","[""Hematological"", ""Clinical chemistry""]"
"38784688","[""MRI"", ""Clinical""], [""MRI"", ""clinical_features""]","[""MRI"", ""Clinical""]","[""MRI"", ""clinical_features""]"
"38786284","[""Photoplethysmographic"", ""Orthogonal voltage gradient""], [""Photoplethysmographic"", ""Orthogonal Voltage Gradient""]","[""Photoplethysmographic"", ""Orthogonal voltage gradient""]","[""Photoplethysmographic"", ""Orthogonal Voltage Gradient""]"
"38786731","[""Serum metabolites""], [""Serum"", ""Clinical variables""]","[""Serum metabolites""]","[""Serum"", ""Clinical variables""]"
"38787428","[""Imaging""], [""Imaging"", ""Urology""]","[""Imaging""]","[""Imaging"", ""Urology""]"
"38788286",NULL,NULL,"[{""value"": ""text""}, {""value"": ""image""}]"
"38794775","[""Metabolomics""], [""metabolites""]","[""Metabolomics""]","[""metabolites""]"
"38795358","[""electrophysiological"", ""high-density""], [""High-density electrophysiological recordings"", ""Deep neural networks""]","[""electrophysiological"", ""high-density""]","[""High-density electrophysiological recordings"", ""Deep neural networks""]"
"38800454","[""Brain activity"", ""Behavioral data""], [""Brain activity data"", ""Behavioral data""]","[""Brain activity"", ""Behavioral data""]","[""Brain activity data"", ""Behavioral data""]"
"38807510","[""Laboratory data""], [""Laboratory data"", ""Electronic medical records""]","[""Laboratory data""]","[""Laboratory data"", ""Electronic medical records""]"
"38807993","[""Text""], [""text""]","[""Text""]","[""text""]"
"38809561",NULL,NULL,"[""Text"", ""Numbers""]"
"38820562","[""Visual""], [""Visual Stimuli"", ""Spatial Frequency""]","[""Visual""]","[""Visual Stimuli"", ""Spatial Frequency""]"
"38827949",NULL,NULL,"[""Scopus"", ""PubMed"", ""Wiley"", ""Google Scholar""]"
"38831298",NULL,NULL,NULL
"38831517","[""Text""], [""image"", ""clinical""]","[""Text""]","[""image"", ""clinical""]"
"38834975",NULL,NULL,NULL
"38836600",NULL,NULL,"[{""name"": ""text""}, {""name"": ""image""}]"
"38838843","[""Text""], []","[""Text""]","[]"
"38838989","[""radiation therapy"", ""image analysis"", ""volume segmentation"", ""treatment planning""], [""image analysis"", ""volume segmentation"", ""treatment planning""]","[""radiation therapy"", ""image analysis"", ""volume segmentation"", ""treatment planning""]","[""image analysis"", ""volume segmentation"", ""treatment planning""]"
"38839785","[""Sequence"", ""Composition""], [""Text""]","[""Sequence"", ""Composition""]","[""Text""]"
"38839884",NULL,"[""medical""]",NULL
"38840185","[""Gene expression"", ""Protein-protein interactions""], [""gene expression"", ""immunohistochemistry""]","[""Gene expression"", ""Protein-protein interactions""]","[""gene expression"", ""immunohistochemistry""]"
"38842257","[""Serum metabolites"", ""Magnetic resonance enterography"", ""Ileocolonoscopy""], [""Serum metabolites""]","[""Serum metabolites"", ""Magnetic resonance enterography"", ""Ileocolonoscopy""]","[""Serum metabolites""]"
"38842593","[""Metabolomics""], [""Metabolomic"", ""Xenobiotic""]","[""Metabolomics""]","[""Metabolomic"", ""Xenobiotic""]"
"38846536","[""EEG"", ""Near-infrared spectroscopy"", ""Visual""], [""visual"", ""auditory""]","[""EEG"", ""Near-infrared spectroscopy"", ""Visual""]","[""visual"", ""auditory""]"
"38848770","[""Computed Tomography""], [""Image data""]","[""Computed Tomography""]","[""Image data""]"
"38850215","[""MRI""], [""Structural connectivity data""]","[""MRI""]","[""Structural connectivity data""]"
"38852813","[""Image""], [""immunostaining""]","[""Image""]","[""immunostaining""]"
"38854972","[""Text""], [""happiness"", ""depressive symptoms""]","[""Text""]","[""happiness"", ""depressive symptoms""]"
"38855036","[""MRI""], [""MRI""]","[""MRI""]","[""MRI""]"
"38857186","[""Proteomics""], [""Ontology"", ""Text""]","[""Proteomics""]","[""Ontology"", ""Text""]"
"38857990",NULL,NULL,"[""text""]"
"38858500","[""B-mode US images""], [""B-mode US images""]","[""B-mode US images""]","[""B-mode US images""]"
"38861067","[""CT""], [""CT"", ""high-frequency kernel""]","[""CT""]","[""CT"", ""high-frequency kernel""]"
"38862487","[""single-cell""], [{""value"": [""Text"", ""Image""]}, {""value"": [""Audio"", ""Video""]}]","[""single-cell""]","[{""value"": [""Text"", ""Image""]}, {""value"": [""Audio"", ""Video""]}]"
"38862516","[""Single-cell multi-ome""], [""Medical Imaging"", ""Physiological Signals""]","[""Single-cell multi-ome""]","[""Medical Imaging"", ""Physiological Signals""]"
"38866253","[""symptoms""], [""symptoms"", ""ratings""]","[""symptoms""]","[""symptoms"", ""ratings""]"
"38866367","[""Fundus images""], [""Fundus images""]","[""Fundus images""]","[""Fundus images""]"
"38872030","[""Phenotypes""], [""Genome-wide association studies""]","[""Phenotypes""]","[""Genome-wide association studies""]"
"38872128",NULL,NULL,"[""Audio"", ""Text""]"
"38875068","[""Electromyography"", ""Heart rate monitors"", ""Cameras"", ""Motion detectors"", ""Software""], [""electromyography"", ""heart rate monitors"", ""cameras"", ""motion detectors""]","[""Electromyography"", ""Heart rate monitors"", ""Cameras"", ""Motion detectors"", ""Software""]","[""electromyography"", ""heart rate monitors"", ""cameras"", ""motion detectors""]"
"38875552",NULL,NULL,"[""Text""]"
"38875561",NULL,"[""Text""]",NULL
"38875572","[""Computed Tomography""], [{""modality1"": ""Computed Tomography (CT) Images"", ""modality2"": ""Radiation Oncology Consultation Notes""}]","[""Computed Tomography""]","[{""modality1"": ""Computed Tomography (CT) Images"", ""modality2"": ""Radiation Oncology Consultation Notes""}]"
"38875685","[""Audio"", ""Text""], [""Audio""]","[""Audio"", ""Text""]","[""Audio""]"
"38875686","[""Interviews""], [""Audio"", ""Video""]","[""Interviews""]","[""Audio"", ""Video""]"
"38881482",NULL,NULL,"[""Healthcare""]"
"38886757","[""single-cell RNA-seq""], [""single-cell RNA-sequencing""]","[""single-cell RNA-seq""]","[""single-cell RNA-sequencing""]"
"38888478",NULL,"[""medical imaging"", ""radiology""]",NULL
"38892107","[""Single-cell RNA sequencing""], [""single-cell transcriptomics"", ""machine learning""]","[""Single-cell RNA sequencing""]","[""single-cell transcriptomics"", ""machine learning""]"
"38893608","[""Lung ultrasound (LUS)""], [""ultrasound""]","[""Lung ultrasound (LUS)""]","[""ultrasound""]"
"38894557","[""Cancer""], [""Survival outcomes"", ""Covariates""]","[""Cancer""]","[""Survival outcomes"", ""Covariates""]"
"38897481",NULL,"[null]",NULL
"38900978","[""Hematoxylin and eosin- stained histopathology images"", ""Ki-67-stained histopathology images""], [""Images"", ""Ki-67-stained histopathology images""]","[""Hematoxylin and eosin- stained histopathology images"", ""Ki-67-stained histopathology images""]","[""Images"", ""Ki-67-stained histopathology images""]"
"38902526","[""Blood-based biomarkers"", ""Clinical Biomarker Data""], [""blood test"", ""clinical data""]","[""Blood-based biomarkers"", ""Clinical Biomarker Data""]","[""blood test"", ""clinical data""]"
"38906883","[""Clinical""], [""21 clinical and sociodemographic features""]","[""Clinical""]","[""21 clinical and sociodemographic features""]"
"38914299","[""Text""], [""Text""]","[""Text""]","[""Text""]"
"38918900","[""Images""], [""Image"", ""Clinical assessment""]","[""Images""]","[""Image"", ""Clinical assessment""]"
"38921945","[""functional Magnetic Resonance Imaging""], [""Functional Magnetic Resonance Imaging"", ""Logistic Regression""]","[""functional Magnetic Resonance Imaging""]","[""Functional Magnetic Resonance Imaging"", ""Logistic Regression""]"
"38924670","[], [""Text""]","[]","[""Text""]"
"38926172","[""radiographs""], [""X-ray"", ""biplanar radiograph""]","[""radiographs""]","[""X-ray"", ""biplanar radiograph""]"
"38926357","[""Histopathology images"", ""Whole genome sequencing""], [""Histopathology images""]","[""Histopathology images"", ""Whole genome sequencing""]","[""Histopathology images""]"
"38928241","[""Molecular Dynamics Simulations"", ""Binding Free Energy Calculation""], [""Spike Protein"", ""Human ACE2""]","[""Molecular Dynamics Simulations"", ""Binding Free Energy Calculation""]","[""Spike Protein"", ""Human ACE2""]"
"38929614","[""Blood samples""], {""blood plasma concentrations"": true}","[""Blood samples""]","{""blood plasma concentrations"": true}"
"38929789","[""Text""], [""Image"", ""Text""]","[""Text""]","[""Image"", ""Text""]"
"38930089",NULL,NULL,"[""text""]"
"38930112","[""Plasma IL-7 levels""], [""Clinical Features"", ""Plasma IL-7 levels""]","[""Plasma IL-7 levels""]","[""Clinical Features"", ""Plasma IL-7 levels""]"
"38937550","[""Electronic Health Records (EHR)""], [""structured EHR data""]","[""Electronic Health Records (EHR)""]","[""structured EHR data""]"
"38938360","[""Tissue"", ""Scans""], [""echocardiogram""]","[""Tissue"", ""Scans""]","[""echocardiogram""]"
"38939385","[""Claims data"", ""Hospitalization data""], [""Claims data""]","[""Claims data"", ""Hospitalization data""]","[""Claims data""]"
"38939983",NULL,"[""Cardiovascular""]",NULL
"38944904","[""Virtual Reality"", ""Augmented Reality""], [""Virtual Reality"", ""Augmented Reality""]","[""Virtual Reality"", ""Augmented Reality""]","[""Virtual Reality"", ""Augmented Reality""]"
"38945043","[""Computed Tomography""], [""CT scan""]","[""Computed Tomography""]","[""CT scan""]"
"38946948","[""RNA""], {""text"": null, ""image"": null}","[""RNA""]","{""text"": null, ""image"": null}"
"38951965","[""Medical""], [""Image"", ""Text""]","[""Medical""]","[""Image"", ""Text""]"
"38960508","[""Cardiovascular""], [""text""]","[""Cardiovascular""]","[""text""]"
"38960798",NULL,"[""University Health Network"", ""Princess Margaret Cancer Centre"", ""Ontario Institute for Cancer Research""]",NULL
"38962264","[""Spectroscopy""], [""Raman spectra""]","[""Spectroscopy""]","[""Raman spectra""]"
"38962394","[""Neurology"", ""Parkinson's Disease""], [{""Modality_Name"": ""Speech""}, {""Modality_Name"": ""Text""}]","[""Neurology"", ""Parkinson's Disease""]","[{""Modality_Name"": ""Speech""}, {""Modality_Name"": ""Text""}]"
"38966539",NULL,NULL,"[""Tree-based models"", ""Non-tree-based models""]"
"38968776","[""Clinical"", ""Neurological""], [""Nurick score"", ""NDI (neck disability index)"", ""neck pain""]","[""Clinical"", ""Neurological""]","[""Nurick score"", ""NDI (neck disability index)"", ""neck pain""]"
"38970585",NULL,"[""Cardiology""]",NULL
"38971530","[""Text""], [""Nutrigenomics"", ""Microbiome analysis""]","[""Text""]","[""Nutrigenomics"", ""Microbiome analysis""]"
"38973606","[""Histopathology"", ""Radiomics""], [""histopathology"", ""radiomics""]","[""Histopathology"", ""Radiomics""]","[""histopathology"", ""radiomics""]"
"38977181","[""Sociodemographic"", ""Medical""], [""Text""]","[""Sociodemographic"", ""Medical""]","[""Text""]"
"38980209","[""electron microscopy""], [""Images""]","[""electron microscopy""]","[""Images""]"
"38980984","[""Electrocardiography"", ""Respiratory"", ""Accelerometry""], [""electrocardiography"", ""respiratory"", ""accelerometry""]","[""Electrocardiography"", ""Respiratory"", ""Accelerometry""]","[""electrocardiography"", ""respiratory"", ""accelerometry""]"
"38981282","[""X-Ray"", ""MRI"", ""CT Scan""], []","[""X-Ray"", ""MRI"", ""CT Scan""]","[]"
"38981435","[""Magnetic Resonance Imaging""], [""magnetic resonance imaging""]","[""Magnetic Resonance Imaging""]","[""magnetic resonance imaging""]"
"38981579",NULL,NULL,"[""Journal"", ""Medical""]"
"38986153","[""Text""], [""text""]","[""Text""]","[""text""]"
"38986613","[""single-cell RNA sequencing""], [""scRNA-seq""]","[""single-cell RNA sequencing""]","[""scRNA-seq""]"
"38987512","[""3D spinal ultrasonographs""], [""Ultrasonography""]","[""3D spinal ultrasonographs""]","[""Ultrasonography""]"
"38987588",NULL,NULL,"[""Pathology"", ""Imaging""]"
"38987940","[""Speech""], [""text""]","[""Speech""]","[""text""]"
"38988787","[""OCT"", ""OCT angiography""], [""Autofluorescence Imaging"", ""Angiography""]","[""OCT"", ""OCT angiography""]","[""Autofluorescence Imaging"", ""Angiography""]"
"39001096","[""Heart Rate Variability""], [""RR interval (RRI)""]","[""Heart Rate Variability""]","[""RR interval (RRI)""]"
"39001410","[""T2-weighted"", ""diffusion-weighted imaging/apparent diffusion coefficient"", ""T1-weighted contrast-enhanced""], [""multi-parametric MRI""]","[""T2-weighted"", ""diffusion-weighted imaging/apparent diffusion coefficient"", ""T1-weighted contrast-enhanced""]","[""multi-parametric MRI""]"
"39002043","[""Text""], [""Electronic Health Records""]","[""Text""]","[""Electronic Health Records""]"
"39012781","[{""text"": true}, {""environmental"": true}], [""Text"", ""Image""]","[{""text"": true}, {""environmental"": true}]","[""Text"", ""Image""]"
"39013639","[""phone-based technologies"", ""digital pillboxes"", ""ingestible sensors"", ""artificial intelligence-based video-observed therapy"", ""multifunctional mobile applications""], [""Audio"", ""Text"", ""Video""]","[""phone-based technologies"", ""digital pillboxes"", ""ingestible sensors"", ""artificial intelligence-based video-observed therapy"", ""multifunctional mobile applications""]","[""Audio"", ""Text"", ""Video""]"
"39013848",NULL,"[""Magnetic Resonance"", ""Brain Imaging""]",NULL
"39013867","[""Single-cell sequencing"", ""Bulk sequencing""], [""single-cell sequencing"", ""bulk sequencing data""]","[""Single-cell sequencing"", ""Bulk sequencing""]","[""single-cell sequencing"", ""bulk sequencing data""]"
"39015268",NULL,NULL,NULL
"38877116",NULL,"[""Plasma-based"", ""Medical Oncology""]",NULL
"34493871",NULL,NULL,NULL
"37975229",NULL,NULL,NULL
"33169409",NULL,NULL,NULL
"37203150",NULL,"[""Clinical data"", ""Machine learning""]",NULL
"31981624",NULL,NULL,NULL
"38035457",NULL,"[""MRI"", null]",NULL
"35173041",NULL,"[""Histopathologic""]",NULL
"34861493",NULL,NULL,NULL
"38542033",NULL,"[""medical""]",NULL
"35568690",NULL,"[""Computer Science""]",NULL
"36693044",NULL,"[""Text"", ""Image""]",NULL
"34743558",NULL,"[""retina""]",NULL
"38783119",NULL,NULL,NULL
"34694234",NULL,"[""Clinical""]",NULL
"37332567",NULL,NULL,NULL
"36472248",NULL,"[""MRI""]",NULL
"31926806",NULL,"[null, null, null, null, null]",NULL
"38783089",NULL,"[""cervical extension traction (CET)""]",NULL
"38783054",NULL,NULL,NULL
"37829182",NULL,"[""Medical Imaging"", ""Electronic Health Records""]",NULL
"36280681",NULL,"[""Ultrasound"", ""Clinical""]",NULL
"36415883",NULL,NULL,NULL
"31919503",NULL,NULL,NULL
"34095712",NULL,"[""Genomics""]",NULL
"38290583",NULL,NULL,NULL
"37795140",NULL,NULL,NULL
"37546399",NULL,NULL,NULL
