pid,x,modalities,modalities2,unique_names
28350526,,,,[]
28601499,"[""fMRI""], [""fMRI""]","[""fMRI""]","[""fMRI""]",['fmri']
28651909,"[""Computerized Cambridge Neurocognitive Test Automated Battery"", ""Short version of the Wechsler Adult Intelligence Scale-Revised in China"", ""Immediate and delayed logical memory of the Wechsler Memory Scale-Revised in China""], [""cognitive tests""]","[""Computerized Cambridge Neurocognitive Test Automated Battery"", ""Short version of the Wechsler Adult Intelligence Scale-Revised in China"", ""Immediate and delayed logical memory of the Wechsler Memory Scale-Revised in China""]","[""cognitive tests""]","['cognit test', 'immedi and delay logic memori of the wechsler memori scalerevis in china', 'short version of the wechsler adult intellig scalerevis in china', 'computer cambridg neurocognit test autom batteri']"
28673115,,"[""Nil""]",,[]
28696831,"[""Haptics"", ""Robot""], [""touch sensations""]","[""Haptics"", ""Robot""]","[""touch sensations""]","['haptic', 'robot', 'touch sensat']"
28756487,"[""anatomical"", ""functional""], [""voice-sensitive cortex"", ""functional voice activity""]","[""anatomical"", ""functional""]","[""voice-sensitive cortex"", ""functional voice activity""]","['voicesensit cortex', 'function voic activ', 'anatom', 'function']"
28771699,"[""Checkerboard DNA-DNA hybridisation""], [""DNA-DNA hybridisation""]","[""Checkerboard DNA-DNA hybridisation""]","[""DNA-DNA hybridisation""]","['dnadna hybridis', 'checkerboard dnadna hybridis']"
28853237,"[""Optical Coherence Tomography""], [""optical coherence tomography""]","[""Optical Coherence Tomography""]","[""optical coherence tomography""]",['optic coher tomographi']
28869436,"[""Lower Limbs Rehabilitation Robot""], [""Robot"", ""Device""]","[""Lower Limbs Rehabilitation Robot""]","[""Robot"", ""Device""]","['robot', 'lower limb rehabilit robot', 'devic']"
28952798,"[""Medical""], [""Blood Pressure"", ""Systolic BP"", ""Diastolic BP""]","[""Medical""]","[""Blood Pressure"", ""Systolic BP"", ""Diastolic BP""]","['medic', 'diastol bp', 'systol bp', 'blood pressur']"
28968847,"[""MRI""], [""MRI""]","[""MRI""]","[""MRI""]",['mri']
28981875,"[""Nil""], [""Text"", ""Audio""]","[""Nil""]","[""Text"", ""Audio""]","['text', 'audio', 'nil']"
28987903,"[""MR""], [""Cardiac Images (MR sequences)""]","[""MR""]","[""Cardiac Images (MR sequences)""]","['cardiac imag mr sequenc', 'mr']"
29043544,"[""Transcranial Doppler (TCD)"", ""Intracranial pressure (ICP)"", ""Cortical laser Doppler flowmetry (LDF)""], [""Transcranial Doppler"", ""Intracranial pressure"", ""Cortical laser Doppler flowmetry""]","[""Transcranial Doppler (TCD)"", ""Intracranial pressure (ICP)"", ""Cortical laser Doppler flowmetry (LDF)""]","[""Transcranial Doppler"", ""Intracranial pressure"", ""Cortical laser Doppler flowmetry""]","['transcrani doppler', 'intracrani pressur icp', 'cortic laser doppler flowmetri', 'intracrani pressur', 'cortic laser doppler flowmetri ldf', 'transcrani doppler tcd']"
29065782,"[""Clinical""], [""Surgery"", ""Medicine""]","[""Clinical""]","[""Surgery"", ""Medicine""]","['clinic', 'surgeri', 'medicin']"
29071211,"[""Myelin"", ""T1-weighted MRI""], [""Myelin Maps"", ""T1-weighted MRI""]","[""Myelin"", ""T1-weighted MRI""]","[""Myelin Maps"", ""T1-weighted MRI""]","['myelin', 'myelin map', 't1weight mri']"
29084099,"[""Sensorimotor"", ""Visuospatial attention"", ""Working Memory"", ""Executive Function""], [""Robotics"", ""Sensorimotor""]","[""Sensorimotor"", ""Visuospatial attention"", ""Working Memory"", ""Executive Function""]","[""Robotics"", ""Sensorimotor""]","['sensorimotor', 'work memori', 'visuospati attent', 'robot', 'execut function']"
29094375,"[""Electronic medical data""], [""Sparse indicator covariates""]","[""Electronic medical data""]","[""Sparse indicator covariates""]","['spars indic covari', 'electron medic data']"
29098645,"[""Cognitive features""], [""Cognitive features""]","[""Cognitive features""]","[""Cognitive features""]",['cognit featur']
29128490,"[""EEG""], [""EEG""]","[""EEG""]","[""EEG""]",['eeg']
29145629,,,"[""text"", ""image""]",[]
29169029,"[""Electron Microscopy"", ""CT"", ""MRI""], [""Electron Microscopy"", ""CT images"", ""MRI""]","[""Electron Microscopy"", ""CT"", ""MRI""]","[""Electron Microscopy"", ""CT images"", ""MRI""]","['electron microscopi', 'mri', 'ct', 'ct imag']"
29193460,"[""Imaging"", ""Robotics""], [""diffusion_tensor_imaging"", ""robotic""]","[""Imaging"", ""Robotics""]","[""diffusion_tensor_imaging"", ""robotic""]","['diffusion_tensor_imag', 'robot', 'imag']"
29194610,"[""dental-related claims""], [""topical fluoride"", ""dental sealants""]","[""dental-related claims""]","[""topical fluoride"", ""dental sealants""]","['topic fluorid', 'dental sealant', 'dentalrel claim']"
29237237,,,,[]
29244902,"[""Electronic portal imaging device (EPID)"", ""Tumor position""], [""Electronic Portal Imaging Device""]","[""Electronic portal imaging device (EPID)"", ""Tumor position""]","[""Electronic Portal Imaging Device""]","['electron portal imag devic epid', 'electron portal imag devic', 'tumor posit']"
29251172,"[""Gene expression profile""], [""gene expression""]","[""Gene expression profile""]","[""gene expression""]","['gene express', 'gene express profil']"
29254878,"[""Self-report"", ""Likert scale""], [""self-report""]","[""Self-report"", ""Likert scale""]","[""self-report""]","['selfreport', 'likert scale']"
29268169,"[""MICCAI""], [""X-ray"", ""Computed Tomography""]","[""MICCAI""]","[""X-ray"", ""Computed Tomography""]","['xray', 'miccai', 'comput tomographi']"
29272464,"[""Structural magnetic resonance imaging scans (MRI)""], [""MRI scans""]","[""Structural magnetic resonance imaging scans (MRI)""]","[""MRI scans""]","['structur magnet reson imag scan mri', 'mri scan']"
29274736,"[""Tissue Density Estimates"", ""Cortical Thickness""], [""magnetic resonance images""]","[""Tissue Density Estimates"", ""Cortical Thickness""]","[""magnetic resonance images""]","['tissu densiti estim', 'cortic thick', 'magnet reson imag']"
29288983,"[""T2-weighted"", ""T1-weighted"", ""T2* weighted"", ""Diffusion-weighted""], [""MRI""]","[""T2-weighted"", ""T1-weighted"", ""T2* weighted"", ""Diffusion-weighted""]","[""MRI""]","['t2weight', 'mri', 't2 weight', 'diffusionweight', 't1weight']"
29294157,"[""Computed Tomography""], [""CT scans""]","[""Computed Tomography""]","[""CT scans""]","['comput tomographi', 'ct scan']"
29300432,,"[""Bedside clinical assessment""]",,[]
29304138,"[""Histopathological images"", ""Ki67 scores""], [""image"", ""pathology""]","[""Histopathological images"", ""Ki67 scores""]","[""image"", ""pathology""]","['patholog', 'ki67 score', 'histopatholog imag', 'imag']"
29306928,,"[""Genetic data""]",,[]
29321174,,,"[""text""]",[]
29321970,"[""EEG"", ""fMRI""], [""EEG"", ""fMRI""]","[""EEG"", ""fMRI""]","[""EEG"", ""fMRI""]","['fmri', 'eeg']"
29334038,"[""MRI""], [""MRI"", ""Neuronavigation""]","[""MRI""]","[""MRI"", ""Neuronavigation""]","['mri', 'neuronavig']"
29334467,,"[""Robotics"", ""Upper Extremity""]",,[]
29335008,"[""16S"", ""Shotgun metagenomics""], [""16S rRNA gene"", ""shotgun metagenomics""]","[""16S"", ""Shotgun metagenomics""]","[""16S rRNA gene"", ""shotgun metagenomics""]","['16', 'shotgun metagenom', '16 rrna gene']"
29336922,"[""PET""], [""Images""]","[""PET""]","[""Images""]","['imag', 'pet']"
29340580,"[""Blood Samples""], [""Hematological""]","[""Blood Samples""]","[""Hematological""]","['hematolog', 'blood sampl']"
29344313,"[""Genomic Data""], [""DNA methylation""]","[""Genomic Data""]","[""DNA methylation""]","['dna methyl', 'genom data']"
29346286,,,[],[]
29354080,"[""Audio"", ""Physiological""], [""audio"", ""physiological""]","[""Audio"", ""Physiological""]","[""audio"", ""physiological""]","['physiolog', 'audio']"
29355792,"[""Biomechanical"", ""Robotic""], [""force"", ""movement""]","[""Biomechanical"", ""Robotic""]","[""force"", ""movement""]","['biomechan', 'forc', 'robot', 'movement']"
29356281,"[""Physiological""], [""Energy"", ""Mood""]","[""Physiological""]","[""Energy"", ""Mood""]","['physiolog', 'energi', 'mood']"
29356346,"[""Audiogram"", ""Initial Hearing Level"", ""Time Elapse between Symptom Onset and Study Entry""], [""Audiogram"", ""Hearing level""]","[""Audiogram"", ""Initial Hearing Level"", ""Time Elapse between Symptom Onset and Study Entry""]","[""Audiogram"", ""Hearing level""]","['time elaps between symptom onset and studi entri', 'initi hear level', 'hear level', 'audiogram']"
29377156,"[""prostate cancer treatment"", ""radiation therapy""], [""radiation therapy"", ""computed tomography""]","[""prostate cancer treatment"", ""radiation therapy""]","[""radiation therapy"", ""computed tomography""]","['radiat therapi', 'comput tomographi', 'prostat cancer treatment']"
29378522,"[""EEG""], [""Electroencephalography""]","[""EEG""]","[""Electroencephalography""]","['electroencephalographi', 'eeg']"
29380275,"[""Psychiatric""], [""Text""]","[""Psychiatric""]","[""Text""]","['text', 'psychiatr']"
29391513,,"[""Medical Records""]",,[]
29398207,"[""Functional magnetic resonance imaging""], [""functional MRI""]","[""Functional magnetic resonance imaging""]","[""functional MRI""]","['function magnet reson imag', 'function mri']"
29407288,,,"[""Genome-wide data"", ""Self-reporting""]",[]
29450848,"[""MRI""], [""T1/T2-weighted MRI scans""]","[""MRI""]","[""T1/T2-weighted MRI scans""]","['t1t2weight mri scan', 'mri']"
29454222,"[""Magnetic Resonance Imaging"", ""Lipids and body mass index""], [""structural MRI"", ""fasting lipids"", ""body mass index""]","[""Magnetic Resonance Imaging"", ""Lipids and body mass index""]","[""structural MRI"", ""fasting lipids"", ""body mass index""]","['structur mri', 'fast lipid', 'lipid and bodi mass index', 'magnet reson imag', 'bodi mass index']"
29502031,"[""FDG-PET""], [""FDG-PET metabolism imaging""]","[""FDG-PET""]","[""FDG-PET metabolism imaging""]","['fdgpet metabol imag', 'fdgpet']"
29539639,"[""DNA methylation""], [""text"", ""image"", ""audio""]","[""DNA methylation""]","[""text"", ""image"", ""audio""]","['text', 'audio', 'dna methyl', 'imag']"
29540617,,,"[{""Modality"": ""Kinesthetic feedback""}, {""Modality"": ""Vision""}, {""Modality"": ""Intent""}]",[]
29543895,"[""Registry data""], [""software tool"", ""model""]","[""Registry data""]","[""software tool"", ""model""]","['model', 'registri data', 'softwar tool']"
29546805,"[""Image""], [""image""]","[""Image""]","[""image""]",['imag']
29548746,"[""Gene expression""], [""gene expression"", ""brain transcriptional profile""]","[""Gene expression""]","[""gene expression"", ""brain transcriptional profile""]","['brain transcript profil', 'gene express']"
29550305,"[""Medical Imaging""], [""image"", ""text""]","[""Medical Imaging""]","[""image"", ""text""]","['text', 'medic imag', 'imag']"
29558208,"[""knee kinematics"", ""tibial internal rotation""], [""robotic testing system"", ""6 degrees of freedom""]","[""knee kinematics"", ""tibial internal rotation""]","[""robotic testing system"", ""6 degrees of freedom""]","['6 degre of freedom', 'robot test system', 'knee kinemat', 'tibial intern rotat']"
29571749,"[""Actigraphy""], [""actigraphy""]","[""Actigraphy""]","[""actigraphy""]",['actigraphi']
29581092,"[""Typing""], [""typing""]","[""Typing""]","[""typing""]",['type']
29603092,"[""CSF"", ""miRNA""], [""MicroRNA expression levels"", ""Cerebrospinal fluid""]","[""CSF"", ""miRNA""]","[""MicroRNA expression levels"", ""Cerebrospinal fluid""]","['csf', 'cerebrospin fluid', 'mirna', 'microrna express level']"
29606521,,,,[]
29609039,"[""MRI""], [""Brain MRI Images""]","[""MRI""]","[""Brain MRI Images""]","['brain mri imag', 'mri']"
29616521,"[""Near-infrared spectrometer""], [""Cerebral oxygenation"", ""Neurological function""]","[""Near-infrared spectrometer""]","[""Cerebral oxygenation"", ""Neurological function""]","['cerebr oxygen', 'nearinfrar spectromet', 'neurolog function']"
29632364,"[""MR"", ""PET""], [""structural MR"", ""FDG-PET images""]","[""MR"", ""PET""]","[""structural MR"", ""FDG-PET images""]","['structur mr', 'fdgpet imag', 'mr', 'pet']"
29636016,"[""Diffusion Tensor Imaging""], [""MRI""]","[""Diffusion Tensor Imaging""]","[""MRI""]","['mri', 'diffus tensor imag']"
29642656,,,,[]
29662628,"[""gene expression""], [""gene expression""]","[""gene expression""]","[""gene expression""]",['gene express']
29664902,"[""Structural"", ""Functional""], [""Structural MRI"", ""Functional MRI""]","[""Structural"", ""Functional""]","[""Structural MRI"", ""Functional MRI""]","['structur mri', 'structur', 'function mri', 'function']"
29665537,"[""Digital Breast Tomosynthesis""], [""2D Slices""]","[""Digital Breast Tomosynthesis""]","[""2D Slices""]","['2d slice', 'digit breast tomosynthesi']"
29673341,"[""Pelvic acceleration""], [""pelvic acceleration"", ""kinematic data""]","[""Pelvic acceleration""]","[""pelvic acceleration"", ""kinematic data""]","['pelvic acceler', 'kinemat data']"
29674371,"[""NCCT""], [""CT""]","[""NCCT""]","[""CT""]","['ct', 'ncct']"
29678095,"[""Artificial Intelligence"", ""Data Visualization"", ""Mobile Health Technologies""], [""mobile health technologies"", ""data visualization""]","[""Artificial Intelligence"", ""Data Visualization"", ""Mobile Health Technologies""]","[""mobile health technologies"", ""data visualization""]","['mobil health technolog', 'artifici intellig', 'data visual']"
29679492,"[""DVHs"", ""organ-at-risk""], [""DVHs"", ""Clinical plans""]","[""DVHs"", ""organ-at-risk""]","[""DVHs"", ""Clinical plans""]","['clinic plan', 'dvh', 'organatrisk']"
29688388,"[""MRI"", ""Functional connectivity""], [""Grey Matter Volume"", ""Whole-Brain Resting State Functional Connectivity""]","[""MRI"", ""Functional connectivity""]","[""Grey Matter Volume"", ""Whole-Brain Resting State Functional Connectivity""]","['mri', 'grey matter volum', 'function connect', 'wholebrain rest state function connect']"
29689632,"[""Ultrasound""], [""Ultrasound""]","[""Ultrasound""]","[""Ultrasound""]",['ultrasound']
29693792,"[""Proteomics""], [{""Description"": ""text data""}, {""Description"": ""image data""}, {""Description"": ""audio data""}]","[""Proteomics""]","[{""Description"": ""text data""}, {""Description"": ""image data""}, {""Description"": ""audio data""}]","['descript imag data', 'descript text data', 'proteom', 'descript audio data']"
29699511,"[""Nil""], [{""type"": ""omics"", ""modality"": ""gene expression""}, {""type"": ""outcome"", ""modality"": ""clinical outcome""}]","[""Nil""]","[{""type"": ""omics"", ""modality"": ""gene expression""}, {""type"": ""outcome"", ""modality"": ""clinical outcome""}]","['modal clinic outcom', 'type omic', 'nil', 'type outcom', 'modal gene express']"
29704323,"[""Genomics"", ""Exomes""], [""Genomics"", ""Exomics""]","[""Genomics"", ""Exomes""]","[""Genomics"", ""Exomics""]","['exom', 'genom']"
29708944,"[""Functional Connectivity""], [""brain imaging""]","[""Functional Connectivity""]","[""brain imaging""]","['function connect', 'brain imag']"
29717941,,,"[""Text""]",[]
29747532,"[""EEG""], [""EEG""]","[""EEG""]","[""EEG""]",['eeg']
29748112,"[""Video""], [""Video""]","[""Video""]","[""Video""]",['video']
29753765,"[""Imaging"", ""Cardiology""], [""CT"", ""MRI""]","[""Imaging"", ""Cardiology""]","[""CT"", ""MRI""]","['mri', 'ct', 'cardiolog', 'imag']"
29762023,"[""Text""], [""SMILES string representation of molecules""]","[""Text""]","[""SMILES string representation of molecules""]","['text', 'smile string represent of molecul']"
29766373,"[""MRI""], [""MRI""]","[""MRI""]","[""MRI""]",['mri']
29766490,,,,[]
29766558,"[""Text"", ""Numerical""], [""Text""]","[""Text"", ""Numerical""]","[""Text""]","['text', 'numer']"
29775951,"[""Retinal Blood Vessel""], [""Image""]","[""Retinal Blood Vessel""]","[""Image""]","['retin blood vessel', 'imag']"
30123143,"[null, ""Local field potentials (LFPs)""], [""EEG"", ""Brain Stim""]","[null, ""Local field potentials (LFPs)""]","[""EEG"", ""Brain Stim""]","['local field potenti lfp', 'eeg', 'null', 'brain stim']"
29779671,"[""Functional magnetic resonance imaging (fMRI)""], [""Psychological Data""]","[""Functional magnetic resonance imaging (fMRI)""]","[""Psychological Data""]","['function magnet reson imag fmri', 'psycholog data']"
29780871,"[""Audio"", ""Text""], [""Audio"", ""Text""]","[""Audio"", ""Text""]","[""Audio"", ""Text""]","['text', 'audio']"
29801696,"[""Plain Text"", ""Structured Database""], [""Text"", ""Structured dataset""]","[""Plain Text"", ""Structured Database""]","[""Text"", ""Structured dataset""]","['structur dataset', 'text', 'structur databas', 'plain text']"
29803920,"[""Anterior-posterior (AP)"", ""Lateral (LAT)""], [""Anterior-posterior (AP)"", ""Lateral (LAT)""]","[""Anterior-posterior (AP)"", ""Lateral (LAT)""]","[""Anterior-posterior (AP)"", ""Lateral (LAT)""]","['anteriorposterior ap', 'later lat']"
29806042,"[""QSAR"", ""molecular modeling""], [""Text""]","[""QSAR"", ""molecular modeling""]","[""Text""]","['molecular model', 'qsar', 'text']"
29844507,"[""Macrostructural MRI"", ""Microstructural diffusion tensor imaging (DTI)""], [{""Modality"": ""Brain MRI""}, {""Modality"": ""Diffusion tensor imaging (DTI)""}]","[""Macrostructural MRI"", ""Microstructural diffusion tensor imaging (DTI)""]","[{""Modality"": ""Brain MRI""}, {""Modality"": ""Diffusion tensor imaging (DTI)""}]","['macrostructur mri', 'modal diffus tensor imag dti', 'modal brain mri', 'microstructur diffus tensor imag dti']"
29844511,,,,[]
29847723,"[""Electronic energies""], [""Electronic Energies""]","[""Electronic energies""]","[""Electronic Energies""]",['electron energi']
29854259,,,,[]
29860189,"[""Nasal airflow""], [""Nasal airflow""]","[""Nasal airflow""]","[""Nasal airflow""]",['nasal airflow']
29886760,"[""Medical""], None","[""Medical""]",,"['medic', 'none']"
29869321,"[""3D ultrasound""], [""3D ultrasound"", ""image""]","[""3D ultrasound""]","[""3D ultrasound"", ""image""]","['3d ultrasound', 'imag']"
29879201,"[""nursing notes""], [""Text""]","[""nursing notes""]","[""Text""]","['text', 'nurs note']"
29886268,"[""Ultrasound""], [""Ultrasound Images"", ""MRI Data"", ""Temporal Information""]","[""Ultrasound""]","[""Ultrasound Images"", ""MRI Data"", ""Temporal Information""]","['tempor inform', 'ultrasound', 'mri data', 'ultrasound imag']"
29889330,,,"[""fMRI"", ""EEG""]",[]
29890954,"[""MRSA Colonization"", ""Electronic Records""], [""Text""]","[""MRSA Colonization"", ""Electronic Records""]","[""Text""]","['electron record', 'text', 'mrsa colon']"
29893482,,,"[""robot"", ""needle insertion""]",[]
29902277,"[""Tactile""], [""tactile"", ""neural network""]","[""Tactile""]","[""tactile"", ""neural network""]","['tactil', 'neural network']"
29905649,"[""Functional MRI""], [""MRI""]","[""Functional MRI""]","[""MRI""]","['mri', 'function mri']"
29905656,"[""Functional magnetic resonance imaging""], [""Blood oxygenation-level-dependent (BOLD) signal"", ""Pain ratings"", ""Stimulus temperatures""]","[""Functional magnetic resonance imaging""]","[""Blood oxygenation-level-dependent (BOLD) signal"", ""Pain ratings"", ""Stimulus temperatures""]","['blood oxygenationleveldepend bold signal', 'function magnet reson imag', 'pain rate', 'stimulu temperatur']"
29921920,"[""Functional connectivity data""], [""Blood-Oxygen-Level Dependent Signals""]","[""Functional connectivity data""]","[""Blood-Oxygen-Level Dependent Signals""]","['bloodoxygenlevel depend signal', 'function connect data']"
29923104,"[""SPECT"", ""CT"", ""MRI""], [""Imaging""]","[""SPECT"", ""CT"", ""MRI""]","[""Imaging""]","['spect', 'mri', 'ct', 'imag']"
29949021,"[""2D"", ""3D""], [""2D and 3D images"", ""stereoradiographic 3D reconstruction""]","[""2D"", ""3D""]","[""2D and 3D images"", ""stereoradiographic 3D reconstruction""]","['2d', '2d and 3d imag', 'stereoradiograph 3d reconstruct', '3d']"
29964127,"[""Microsoft Azure Machine Learning Studio""], [""Text""]","[""Microsoft Azure Machine Learning Studio""]","[""Text""]","['text', 'microsoft azur machin learn studio']"
29969172,"[""Imaging""], [""Demographic"", ""Clinical"", ""Imaging and Operative Data""]","[""Imaging""]","[""Demographic"", ""Clinical"", ""Imaging and Operative Data""]","['imag and oper data', 'demograph', 'clinic', 'imag']"
29971330,"[""Neuroanatomical Maturity""], {""T1-weighted_magnetic_resonance_images"": true}","[""Neuroanatomical Maturity""]","{""T1-weighted_magnetic_resonance_images"": true}","['t1weighted_magnetic_resonance_imag true', 'neuroanatom matur']"
29973250,,,"[""robotic therapy"", ""error-augmentation paradigm""]",[]
29980214,"[""Medical imaging"", ""Radiation therapy""], [""2D Dose Map"", ""3D Dose Data""]","[""Medical imaging"", ""Radiation therapy""]","[""2D Dose Map"", ""3D Dose Data""]","['radiat therapi', '2d dose map', '3d dose data', 'medic imag']"
30005591,"[""Gene Expression Omnibus""], [""genes"", ""proteins""]","[""Gene Expression Omnibus""]","[""genes"", ""proteins""]","['gene express omnibu', 'protein', 'gene']"
30010088,"[""Electrocardiogram""], [""ECG""]","[""Electrocardiogram""]","[""ECG""]","['ecg', 'electrocardiogram']"
30012102,"[""MRI"", ""Cerebrospinal fluid samples""], [""MRI"", ""CT scan""]","[""MRI"", ""Cerebrospinal fluid samples""]","[""MRI"", ""CT scan""]","['mri', 'ct scan', 'cerebrospin fluid sampl']"
30012686,"[""Functional magnetic resonance imaging (fMRI)""], [""Brain Imaging""]","[""Functional magnetic resonance imaging (fMRI)""]","[""Brain Imaging""]","['function magnet reson imag fmri', 'brain imag']"
30015242,,,"[""Human"", ""Machine""]",[]
30018571,"[""Text"", ""Not specified""], [""Text""]","[""Text"", ""Not specified""]","[""Text""]","['text', 'not specifi']"
30020426,"[""Plasma antibody responses"", ""Immunoglobulin A responses""], [""plasma antibody responses""]","[""Plasma antibody responses"", ""Immunoglobulin A responses""]","[""plasma antibody responses""]","['immunoglobulin a respons', 'plasma antibodi respons']"
30025851,,"[""Neuroscience""]",,[]
30032700,"[""motor"", ""sensory"", ""cognitive""], [""Motor"", ""Sensory"", ""Cognitive""]","[""motor"", ""sensory"", ""cognitive""]","[""Motor"", ""Sensory"", ""Cognitive""]","['cognit', 'motor', 'sensori']"
30046955,"[""3D ultrasound"", ""intensity""], [""Ultrasound""]","[""3D ultrasound"", ""intensity""]","[""Ultrasound""]","['3d ultrasound', 'ultrasound', 'intens']"
30060575,"[""MRI""], [""MRI"", ""Apparent Diffusion Coefficient""]","[""MRI""]","[""MRI"", ""Apparent Diffusion Coefficient""]","['mri', 'appar diffus coeffici']"
30064263,"[""dermoscopy"", ""hypodermoscopy""], [""Dermoscopy"", ""Hypodermoscopy""]","[""dermoscopy"", ""hypodermoscopy""]","[""Dermoscopy"", ""Hypodermoscopy""]","['dermoscopi', 'hypodermoscopi']"
30064477,"[""Audio"", ""Myoelectric""], [""Audio"", ""Robotics""]","[""Audio"", ""Myoelectric""]","[""Audio"", ""Robotics""]","['myoelectr', 'audio', 'robot']"
30065177,"[""Respiratory Signals""], [""Respiratory signals"", ""Machine learning""]","[""Respiratory Signals""]","[""Respiratory signals"", ""Machine learning""]","['respiratori signal', 'machin learn']"
30084192,"[""fMRI""], {""Department of Medical Biophysics, University of Western Ontario, London, ON, Canada."": null, ""Lawson Health Research Institute, London Health Sciences Centre, London, ON, Canada."": null, ""Department of Psychiatry, University of Western Ontario Schulich School of Medicine and Dentistry, London, ON, Canada."": null}","[""fMRI""]","{""Department of Medical Biophysics, University of Western Ontario, London, ON, Canada."": null, ""Lawson Health Research Institute, London Health Sciences Centre, London, ON, Canada."": null, ""Department of Psychiatry, University of Western Ontario Schulich School of Medicine and Dentistry, London, ON, Canada."": null}","['depart of medic biophys', 'univers of western ontario', 'on', 'depart of psychiatri', 'london health scienc centr', 'lawson health research institut', 'canada null', 'fmri', 'univers of western ontario schulich school of medicin and dentistri', 'london']"
30084388,,,"[""ground reaction forces"", ""angular velocity""]",[]
30089110,"[""thoracic phase signals""], [""electrophysiology""]","[""thoracic phase signals""]","[""electrophysiology""]","['thorac phase signal', 'electrophysiolog']"
30089915,"[""Genomics""], [""Genomics""]","[""Genomics""]","[""Genomics""]",['genom']
30091677,"[""ICP"", ""TCD""], [""transcranial Doppler"", ""intracranial pressure""]","[""ICP"", ""TCD""]","[""transcranial Doppler"", ""intracranial pressure""]","['icp', 'transcrani doppler', 'intracrani pressur', 'tcd']"
30098706,"[""Echocardiography""], echocardiography","[""Echocardiography""]",echocardiography,['echocardiographi']
30099076,"[""Computerized tomography"", ""Magnetic resonance imaging""], [""Image"", ""Text"", ""Audio""]","[""Computerized tomography"", ""Magnetic resonance imaging""]","[""Image"", ""Text"", ""Audio""]","['magnet reson imag', 'audio', 'text', 'computer tomographi', 'imag']"
30104567,,,"[""text"", ""image""]",[]
30111303,,,"[""Maternal characteristics"", ""Gestational weight gain""]",[]
30114914,"[""Chemical features""], [""Chemical features"", ""Continuous molecular descriptors""]","[""Chemical features""]","[""Chemical features"", ""Continuous molecular descriptors""]","['continu molecular descriptor', 'chemic featur']"
30121208,"[""magnetic resonance imaging"", ""transcranial magnetic stimulation""], [""TMS"", ""MRI""]","[""magnetic resonance imaging"", ""transcranial magnetic stimulation""]","[""TMS"", ""MRI""]","['mri', 'transcrani magnet stimul', 'tm', 'magnet reson imag']"
30132040,"[""Functional magnetic resonance imaging (fMRI)""], [""Functional MRI""]","[""Functional magnetic resonance imaging (fMRI)""]","[""Functional MRI""]","['function magnet reson imag fmri', 'function mri']"
30132089,"[""Multiphase CT""], [""X-Ray"", ""CT Scan""]","[""Multiphase CT""]","[""X-Ray"", ""CT Scan""]","['multiphas ct', 'xray', 'ct scan']"
30135484,"[""Microwave sensing""], [""microwave sensing""]","[""Microwave sensing""]","[""microwave sensing""]",['microwav sens']
30150560,"[""3-dimensional (3D) linear accelerations""], [""linear accelerations"", ""3D""]","[""3-dimensional (3D) linear accelerations""]","[""linear accelerations"", ""3D""]","['3dimension 3d linear acceler', '3d', 'linear acceler']"
30153635,,"[""Neuroimaging"", ""Peripheral gene expression""]",,[]
30154742,"[""Text"", ""Network""], [""text"", ""social media""]","[""Text"", ""Network""]","[""text"", ""social media""]","['text', 'network', 'social media']"
30155514,"[""Cognitive"", ""Motor""], [{""Modality"": ""Cognitive"", ""Variables"": [""executive"", ""attentional"", ""visuoperceptive""]}, {""Modality"": ""Motor"", ""Variables"": null}]","[""Cognitive"", ""Motor""]","[{""Modality"": ""Cognitive"", ""Variables"": [""executive"", ""attentional"", ""visuoperceptive""]}, {""Modality"": ""Motor"", ""Variables"": null}]","['cognit', 'attent', 'modal cognit', 'motor', 'modal motor', 'visuopercept', 'variabl null', 'variabl execut']"
30155789,"[""Imaging""], [""Imaging""]","[""Imaging""]","[""Imaging""]",['imag']
30170769,"[""EEG"", ""EOG""], [""EEG"", ""EOG""]","[""EEG"", ""EOG""]","[""EEG"", ""EOG""]","['eog', 'eeg']"
30171211,,"[""structural MRI""]",,[]
30172227,"[""EEG""], [""EEG""]","[""EEG""]","[""EEG""]",['eeg']
30185806,"[""Fluorodeoxyglucose (FDG)"", ""Single photon emission computed tomography""], [""PET"", ""FDG""]","[""Fluorodeoxyglucose (FDG)"", ""Single photon emission computed tomography""]","[""PET"", ""FDG""]","['fluorodeoxyglucos fdg', 'singl photon emiss comput tomographi', 'fdg', 'pet']"
30186761,"[""Fluorodeoxyglucose positron emission tomography (FDG-PET)"", ""Imaging""], [""Fluorodeoxyglucose positron emission tomography (FDG-PET)"", ""Glucose metabolism""]","[""Fluorodeoxyglucose positron emission tomography (FDG-PET)"", ""Imaging""]","[""Fluorodeoxyglucose positron emission tomography (FDG-PET)"", ""Glucose metabolism""]","['fluorodeoxyglucos positron emiss tomographi fdgpet', 'glucos metabol', 'imag']"
30187575,"[""Dermatoscopic images"", ""Macroscopic images""], [""dermatoscopic image"", ""macroscopic image""]","[""Dermatoscopic images"", ""Macroscopic images""]","[""dermatoscopic image"", ""macroscopic image""]","['macroscop imag', 'dermatoscop imag']"
30207594,"[""Image""], [""Images""]","[""Image""]","[""Images""]",['imag']
30209345,"[], [""Computer Vision and Robotics (VICOROB)"", ""Medical Image Analysis Lab"", ""Department of Radiology, Children's Hospital""]",[],"[""Computer Vision and Robotics (VICOROB)"", ""Medical Image Analysis Lab"", ""Department of Radiology, Children's Hospital""]","['', 'medic imag analysi lab', 'depart of radiolog', 'children hospit', 'comput vision and robot vicorob']"
30216140,"[""Neural""], [""Neural features"", ""Intention to move in a direction""]","[""Neural""]","[""Neural features"", ""Intention to move in a direction""]","['intent to move in a direct', 'neural featur', 'neural']"
30216352,"[""Magnetic resonance (MR) imaging"", ""Genetic"", ""Clinical""], [""Magnetic Resonance Imaging (MRI)"", ""Genetic variables"", ""Clinical variables""]","[""Magnetic resonance (MR) imaging"", ""Genetic"", ""Clinical""]","[""Magnetic Resonance Imaging (MRI)"", ""Genetic variables"", ""Clinical variables""]","['clinic variabl', 'genet', 'magnet reson mr imag', 'clinic', 'genet variabl', 'magnet reson imag mri']"
30216362,"[""microarray""], [""Image data"", ""Clinical data""]","[""microarray""]","[""Image data"", ""Clinical data""]","['imag data', 'microarray', 'clinic data']"
30218110,"[""Magnetic Resonance Imaging""], [""MRI"", ""clinical data""]","[""Magnetic Resonance Imaging""]","[""MRI"", ""clinical data""]","['mri', 'magnet reson imag', 'clinic data']"
30218900,"[""Morphometric MRI""], [""MRI""]","[""Morphometric MRI""]","[""MRI""]","['mri', 'morphometr mri']"
30220433,"[""exome""], [""gnomAD database"", ""ClinVar-a rapidly growing database""]","[""exome""]","[""gnomAD database"", ""ClinVar-a rapidly growing database""]","['gnomad databas', 'exom', 'clinvara rapidli grow databas']"
30226903,"[""Pelvic drop"", ""Ground contact time"", ""Braking"", ""Vertical oscillation of pelvis"", ""Pelvic rotation"", ""Cadence""], [""gait biomechanics"", ""pelvic drop"", ""ground contact time"", ""braking"", ""vertical oscillation of pelvis"", ""pelvic rotation"", ""cadence""]","[""Pelvic drop"", ""Ground contact time"", ""Braking"", ""Vertical oscillation of pelvis"", ""Pelvic rotation"", ""Cadence""]","[""gait biomechanics"", ""pelvic drop"", ""ground contact time"", ""braking"", ""vertical oscillation of pelvis"", ""pelvic rotation"", ""cadence""]","['gait biomechan', 'pelvic rotat', 'pelvic drop', 'ground contact time', 'vertic oscil of pelvi', 'cadenc', 'brake']"
30229903,,,[],[]
30243203,"[""robotic technology"", ""Repeatable Battery for the Assessment of Neuropsychological Status (RBANS)""], [""Cognitive"", ""Sensorimotor""]","[""robotic technology"", ""Repeatable Battery for the Assessment of Neuropsychological Status (RBANS)""]","[""Cognitive"", ""Sensorimotor""]","['robot technolog', 'cognit', 'repeat batteri for the assess of neuropsycholog statu rban', 'sensorimotor']"
30243670,"[""MR""], [""MRI""]","[""MR""]","[""MRI""]","['mri', 'mr']"
30252978,"[""3.0T MRI"", ""T2 -weighted (T2 W) and multi-b-value diffusion-weighted (DW) sequences"", ""Apparent diffusion coefficient maps""], [""MRI"", ""T2-weighted images"", ""Diffusion-weighted images""]","[""3.0T MRI"", ""T2 -weighted (T2 W) and multi-b-value diffusion-weighted (DW) sequences"", ""Apparent diffusion coefficient maps""]","[""MRI"", ""T2-weighted images"", ""Diffusion-weighted images""]","['diffusionweight imag', 'mri', 't2weight imag', '30t mri', 't2 weight t2 w and multibvalu diffusionweight dw sequenc', 'appar diffus coeffici map']"
30255819,"[""single-nucleotide polymorphism (SNP) markers"", ""methylation (cytosine-phosphate-guanine [CpG]) markers""], [""genomic"", ""methylation""]","[""single-nucleotide polymorphism (SNP) markers"", ""methylation (cytosine-phosphate-guanine [CpG]) markers""]","[""genomic"", ""methylation""]","['methyl cytosinephosphateguanin cpg marker', 'methyl', 'genom', 'singlenucleotid polymorph snp marker']"
30262516,"[""Medical Imaging"", ""Echocardiography""], [""Imaging"", ""Clinical""]","[""Medical Imaging"", ""Echocardiography""]","[""Imaging"", ""Clinical""]","['echocardiographi', 'clinic', 'medic imag', 'imag']"
30263040,"[""DNA methylation""], [""DNAm""]","[""DNA methylation""]","[""DNAm""]","['dnam', 'dna methyl']"
30267208,"[""Doppler""], [""electrophysiological data"", ""pressure measurements""]","[""Doppler""]","[""electrophysiological data"", ""pressure measurements""]","['pressur measur', 'electrophysiolog data', 'doppler']"
30290728,"[""IoT"", ""AI""], [""Machine Learning"", ""Complex Algorithms""]","[""IoT"", ""AI""]","[""Machine Learning"", ""Complex Algorithms""]","['ai', 'complex algorithm', 'iot', 'machin learn']"
30300751,"[""MRI""], [{""MRI"": ""Yes""}, {""CT"": ""No""}]","[""MRI""]","[{""MRI"": ""Yes""}, {""CT"": ""No""}]","['ct no', 'mri', 'mri ye']"
30301895,,,"[""Image""]",[]
30337065,"[""echocardiograms""], [""echocardiogram""]","[""echocardiograms""]","[""echocardiogram""]",['echocardiogram']
30306886,"[""Resting-state mALFF"", ""Amygdala complex functional connectivity""], [""fMRI""]","[""Resting-state mALFF"", ""Amygdala complex functional connectivity""]","[""fMRI""]","['fmri', 'restingst malff', 'amygdala complex function connect']"
30323170,,,,[]
30336070,"[""robot""], [""humanoid robot's mental state"", ""gaze cues""]","[""robot""]","[""humanoid robot's mental state"", ""gaze cues""]","['robot', 'gaze cue', 'humanoid robot mental state']"
30336363,"[""3D spine models"", ""biplanar X-rays""], [""3D spine models"", ""X-rays""]","[""3D spine models"", ""biplanar X-rays""]","[""3D spine models"", ""X-rays""]","['xray', '3d spine model', 'biplanar xray']"
30337678,,"[""Whole genome sequence""]",,[]
30340027,"[""Histopathology images""], [""Image""]","[""Histopathology images""]","[""Image""]","['histopatholog imag', 'imag']"
30352783,"[""Magnetic Resonance Imaging""], [""MRI""]","[""Magnetic Resonance Imaging""]","[""MRI""]","['mri', 'magnet reson imag']"
30354561,"[""Breath-by-breath"", ""Time-series""], [""Breath-by-Breath Data""]","[""Breath-by-breath"", ""Time-series""]","[""Breath-by-Breath Data""]","['timeseri', 'breathbybreath', 'breathbybreath data']"
30367117,"[""RNA-seq""], [""genomics"", ""epidemiology""]","[""RNA-seq""]","[""genomics"", ""epidemiology""]","['rnaseq', 'epidemiolog', 'genom']"
30373211,"[""Photoplethysmography"", ""Arterial Blood Pressure""], [""Photoplethysmography"", ""Arterial blood pressure""]","[""Photoplethysmography"", ""Arterial Blood Pressure""]","[""Photoplethysmography"", ""Arterial blood pressure""]","['photoplethysmographi', 'arteri blood pressur']"
30381005,,"[""Medical""]",,[]
30381856,"[""liquid chromatography coupled with mass spectrometry"", ""proton nuclear magnetic resonance spectroscopy-based metabolomics"", ""targeted proteomics analysis""], [""Metabolomics"", ""Proteomics""]","[""liquid chromatography coupled with mass spectrometry"", ""proton nuclear magnetic resonance spectroscopy-based metabolomics"", ""targeted proteomics analysis""]","[""Metabolomics"", ""Proteomics""]","['liquid chromatographi coupl with mass spectrometri', 'metabolom', 'proteom', 'target proteom analysi', 'proton nuclear magnet reson spectroscopybas metabolom']"
30383850,,,"[""Demographic data""]",[]
30409057,"[""Acoustic"", ""Lip Movement"", ""Tongue Movement""], [""Acoustic"", ""Lip movement"", ""Tongue movement""]","[""Acoustic"", ""Lip Movement"", ""Tongue Movement""]","[""Acoustic"", ""Lip movement"", ""Tongue movement""]","['acoust', 'tongu movement', 'lip movement']"
30412826,"[""Magnetic Resonance Imaging (MRI)""], [""Graph"", ""Image""]","[""Magnetic Resonance Imaging (MRI)""]","[""Graph"", ""Image""]","['graph', 'magnet reson imag mri', 'imag']"
30416865,"[""Image""], [""Image"", ""Sensor""]","[""Image""]","[""Image"", ""Sensor""]","['sensor', 'imag']"
30417539,"[""Biopsy""], [""Histology"", ""Transcriptomics""]","[""Biopsy""]","[""Histology"", ""Transcriptomics""]","['biopsi', 'transcriptom', 'histolog']"
30427878,,,"[""sequence"", ""k-mer frequencies""]",[]
30427892,"[""Thermographic scans""], [""Healing by re-epithelization"", ""Requiring skin grafts"", ""Requiring amputations""]","[""Thermographic scans""]","[""Healing by re-epithelization"", ""Requiring skin grafts"", ""Requiring amputations""]","['requir skin graft', 'heal by reepithel', 'thermograph scan', 'requir amput']"
30439793,"[""Blood Pressure"", ""Laboratory Test Results""], [""blood pressure"", ""laboratory test results""]","[""Blood Pressure"", ""Laboratory Test Results""]","[""blood pressure"", ""laboratory test results""]","['laboratori test result', 'blood pressur']"
30442636,"[""Pain Scores""], [""Pain Scores""]","[""Pain Scores""]","[""Pain Scores""]",['pain score']
30459321,"[""Genetics""], [""Images"", ""Text""]","[""Genetics""]","[""Images"", ""Text""]","['text', 'genet', 'imag']"
30461117,,,"[""Alcohol use""]",[]
30463545,,,"[""EMRs""]",[]
30464478,"[""Questionnaire""], [""KDSQ"", ""MMSE""]","[""Questionnaire""]","[""KDSQ"", ""MMSE""]","['mmse', 'kdsq', 'questionnair']"
30465152,"[""ECG""], [""ECG"", ""LV endocardial pacing""]","[""ECG""]","[""ECG"", ""LV endocardial pacing""]","['ecg', 'lv endocardi pace']"
30467459,,,"genome, epigenome, transcriptome, microbiome, phenotype, lifestyle",[]
30468970,,"[""image"", ""other""]",,[]
30476213,,,"[""text""]",[]
30481208,"[""CBC""], [""Blood test results"", ""Demographic data""]","[""CBC""]","[""Blood test results"", ""Demographic data""]","['cbc', 'demograph data', 'blood test result']"
30497186,"[""Eye movement data""], [""Saccade""]","[""Eye movement data""]","[""Saccade""]","['saccad', 'eye movement data']"
30498017,"[""NCCT"", ""Diffusion-Weighted Imaging""], [""CT scans"", ""DWI images""]","[""NCCT"", ""Diffusion-Weighted Imaging""]","[""CT scans"", ""DWI images""]","['diffusionweight imag', 'ct scan', 'dwi imag', 'ncct']"
30503831,,,"[""miRNA"", ""beta-cell function"", ""insulin sensitivity""]",[]
30509988,"[""Nanoscale-resolution scanning"", ""Atomic force microscopy (AFM)"", ""Subresonance tapping""], [""nanoscale-resolution scanning""]","[""Nanoscale-resolution scanning"", ""Atomic force microscopy (AFM)"", ""Subresonance tapping""]","[""nanoscale-resolution scanning""]","['nanoscaleresolut scan', 'subreson tap', 'atom forc microscopi afm']"
30517157,"[""Optical Coherence Tomography (OCT)"", ""Standard Automated Perimetry (SAP)""], [""Optical Coherence Tomography"", ""Standard Automated Perimetry""]","[""Optical Coherence Tomography (OCT)"", ""Standard Automated Perimetry (SAP)""]","[""Optical Coherence Tomography"", ""Standard Automated Perimetry""]","['optic coher tomographi', 'standard autom perimetri sap', 'optic coher tomographi oct', 'standard autom perimetri']"
30518697,"[""plasma"", ""miRNA""], [""Plasma miRNA profiles"", ""Other""]","[""plasma"", ""miRNA""]","[""Plasma miRNA profiles"", ""Other""]","['plasma', 'plasma mirna profil', 'mirna', 'other']"
30519968,"[""Neurocognitive performance""], [""Neuropsychological tests"", ""Imaging""]","[""Neurocognitive performance""]","[""Neuropsychological tests"", ""Imaging""]","['neurocognit perform', 'neuropsycholog test', 'imag']"
30522594,"[""Registry"", ""Clinical""], [""text""]","[""Registry"", ""Clinical""]","[""text""]","['registri', 'text', 'clinic']"
31958118,,,,[]
30523141,"[""MR Imaging""], [""medical images""]","[""MR Imaging""]","[""medical images""]","['medic imag', 'mr imag']"
30545401,"[""16S rRNA gene amplicon sequencing""], [""genomic data""]","[""16S rRNA gene amplicon sequencing""]","[""genomic data""]","['genom data', '16 rrna gene amplicon sequenc']"
30552264,"[""Humanoid robot interaction""], [""Text""]","[""Humanoid robot interaction""]","[""Text""]","['text', 'humanoid robot interact']"
30558608,"[""Surface electromyographic signals (sEMG)""], [""Muscle fatigue"", ""Surface electromyographic signals""]","[""Surface electromyographic signals (sEMG)""]","[""Muscle fatigue"", ""Surface electromyographic signals""]","['muscl fatigu', 'surfac electromyograph signal', 'surfac electromyograph signal semg']"
30560362,"[""Ultrasound""], [""Ultrasound"", ""Shear wave elastography""]","[""Ultrasound""]","[""Ultrasound"", ""Shear wave elastography""]","['ultrasound', 'shear wave elastographi']"
30563267,,"[""cloud"", ""edge""]",,[]
30573458,"[""Imaging""], [""image"", ""text""]","[""Imaging""]","[""image"", ""text""]","['text', 'imag']"
30587458,"[""proteomics"", ""CT""], [""tomography"", ""angiography""]","[""proteomics"", ""CT""]","[""tomography"", ""angiography""]","['ct', 'proteom', 'tomographi', 'angiographi']"
30594138,,"[""Text"", ""Numerical""]",,[]
30595082,"[""Functional magnetic resonance imaging"", ""Proprioception""], [""Sensory Motor Networks"", ""Reaching Accuracy""]","[""Functional magnetic resonance imaging"", ""Proprioception""]","[""Sensory Motor Networks"", ""Reaching Accuracy""]","['function magnet reson imag', 'sensori motor network', 'reach accuraci', 'propriocept']"
30598029,"[""Ultrasonic"", ""Piezoelectric""], [""ultrasonic"", ""piezoelectric ultrasonic""]","[""Ultrasonic"", ""Piezoelectric""]","[""ultrasonic"", ""piezoelectric ultrasonic""]","['ultrason', 'piezoelectr', 'piezoelectr ultrason']"
30603188,"[""Speech""], [""speech"", ""voice""]","[""Speech""]","[""speech"", ""voice""]","['voic', 'speech']"
30607709,,,"[{""value"": ""radiation therapy""}, {""value"": ""chemotherapy""}]",[]
30622691,,,"[""Force Analysis"", ""Pelvic Support""]",[]
30614553,"[""Ultrasonography""], [""Ultrasound (US)"", ""Texture features""]","[""Ultrasonography""]","[""Ultrasound (US)"", ""Texture features""]","['ultrasonographi', 'ultrasound us', 'textur featur']"
30617134,"[""gene expression"", ""copy-number variation"", ""cell morphometry"", ""protein expression""], [""microarray data""]","[""gene expression"", ""copy-number variation"", ""cell morphometry"", ""protein expression""]","[""microarray data""]","['microarray data', 'gene express', 'protein express', 'cell morphometri', 'copynumb variat']"
30620412,"[""Radiotherapy""], [""Image"", ""Text""]","[""Radiotherapy""]","[""Image"", ""Text""]","['text', 'radiotherapi', 'imag']"
30622091,"[""Electronic Health Records""], [{""modality"": ""laboratory tests""}]","[""Electronic Health Records""]","[{""modality"": ""laboratory tests""}]","['modal laboratori test', 'electron health record']"
30625395,"[""T1-and T2-weighted MR images""], [""MRI"", ""T1-weighted"", ""T2-weighted""]","[""T1-and T2-weighted MR images""]","[""MRI"", ""T1-weighted"", ""T2-weighted""]","['t1and t2weight mr imag', 'mri', 't1weight', 't2weight']"
30627654,"[""Functional magnetic resonance imaging""], [""fMRI"", ""Videos""]","[""Functional magnetic resonance imaging""]","[""fMRI"", ""Videos""]","['fmri', 'function magnet reson imag', 'video']"
30629589,"[""Lung Side"", ""Platelet Count""], [""health records""]","[""Lung Side"", ""Platelet Count""]","[""health records""]","['platelet count', 'lung side', 'health record']"
30630441,,,"[""Text""]",[]
30644411,"[""Blood Biochemistry"", ""Cell Count""], [{""Modality"": ""Blood_Biochemistry"", ""Description"": null}]","[""Blood Biochemistry"", ""Cell Count""]","[{""Modality"": ""Blood_Biochemistry"", ""Description"": null}]","['cell count', 'blood biochemistri', 'descript null', 'modal blood_biochemistri']"
30645667,"[""Biological data""], [{""value"": [""Text"", ""Image""]}]","[""Biological data""]","[{""value"": [""Text"", ""Image""]}]","['biolog data', 'valu text', 'imag']"
30659193,"[""Resting-state brain patterns"", ""functional connectivity""], [""MRI""]","[""Resting-state brain patterns"", ""functional connectivity""]","[""MRI""]","['restingst brain pattern', 'mri', 'function connect']"
30661193,"[""T1 contrast enhanced"", ""T2-FLAIR""], [""MRI""]","[""T1 contrast enhanced"", ""T2-FLAIR""]","[""MRI""]","['mri', 't2flair', 't1 contrast enhanc']"
30661578,"[""Metabolomics"", ""Transcriptomics""], [""Metabolomics""]","[""Metabolomics"", ""Transcriptomics""]","[""Metabolomics""]","['metabolom', 'transcriptom']"
30662456,"[""Sensorimotor function"", ""Robotic""], {""Kinesthesia"": null, ""Proprioception"": null}","[""Sensorimotor function"", ""Robotic""]","{""Kinesthesia"": null, ""Proprioception"": null}","['kinesthesia null', 'sensorimotor function', 'robot', 'propriocept null']"
30686984,"[""Functional Magnetic Resonance Imaging""], [""fMRI""]","[""Functional Magnetic Resonance Imaging""]","[""fMRI""]","['fmri', 'function magnet reson imag']"
30688092,"[""Sensorimotor"", ""Cognitive"", ""Proprioceptive""], [{""modality"": ""sensorimotor""}, {""modality"": ""cognitive""}]","[""Sensorimotor"", ""Cognitive"", ""Proprioceptive""]","[{""modality"": ""sensorimotor""}, {""modality"": ""cognitive""}]","['cognit', 'sensorimotor', 'modal cognit', 'modal sensorimotor', 'propriocept']"
30688670,,,"[""text""]",[]
30692945,"[""EEG"", ""Clinical""], [""EEG"", ""clinical""]","[""EEG"", ""Clinical""]","[""EEG"", ""clinical""]","['clinic', 'eeg']"
30701625,"[""MRI"", ""T2-weighted"", ""Diffusion weighted imaging""], [""MRI"", ""Diffusion weighted imaging""]","[""MRI"", ""T2-weighted"", ""Diffusion weighted imaging""]","[""MRI"", ""Diffusion weighted imaging""]","['mri', 't2weight', 'diffus weight imag']"
30704470,"[""airway epithelial cells"", ""microarrays""], [""Genomics"", ""Transcriptomics""]","[""airway epithelial cells"", ""microarrays""]","[""Genomics"", ""Transcriptomics""]","['airway epitheli cell', 'transcriptom', 'microarray', 'genom']"
30709363,"[""Thigh"", ""Knee""], [""Knee flexion angle"", ""Thigh-segment angular velocity"", ""Thigh-segment acceleration""]","[""Thigh"", ""Knee""]","[""Knee flexion angle"", ""Thigh-segment angular velocity"", ""Thigh-segment acceleration""]","['knee flexion angl', 'thigh', 'thighseg acceler', 'thighseg angular veloc', 'knee']"
30709409,"[""Motion"", ""Force""], [""Kinematic data (elbow movement), electromechanical signals""]","[""Motion"", ""Force""]","[""Kinematic data (elbow movement), electromechanical signals""]","['electromechan signal', 'motion', 'forc', 'kinemat data elbow movement']"
30713485,"[""Facial Videos""], [""facial videos"", ""computer vision algorithms""]","[""Facial Videos""]","[""facial videos"", ""computer vision algorithms""]","['comput vision algorithm', 'facial video']"
30724079,"[""Raman spectroscopy""], [""Raman Spectroscopy""]","[""Raman spectroscopy""]","[""Raman Spectroscopy""]",['raman spectroscopi']
30734176,,"[""Robotics""]",,[]
30734544,"[""EEG"", ""fNIRS""], [""EEG"", ""fNIRS""]","[""EEG"", ""fNIRS""]","[""EEG"", ""fNIRS""]","['fnir', 'eeg']"
30739657,"[""Medical Imaging"", ""Clinical Data""], [""text"", ""clinical data""]","[""Medical Imaging"", ""Clinical Data""]","[""text"", ""clinical data""]","['text', 'medic imag', 'clinic data']"
30739867,"[""RNA sequencing"", ""Stable isotope labeling with amino acids in cell culture"", ""Reduced representative bisulfite sequencing and assay for transposase-accessible chromatin sequencing""], [{""gene_expression"": [""RNA sequencing"", ""stable isotope labeling with amino acids in cell culture""]}, {""protein_expression"": null}, {""other"": null}]","[""RNA sequencing"", ""Stable isotope labeling with amino acids in cell culture"", ""Reduced representative bisulfite sequencing and assay for transposase-accessible chromatin sequencing""]","[{""gene_expression"": [""RNA sequencing"", ""stable isotope labeling with amino acids in cell culture""]}, {""protein_expression"": null}, {""other"": null}]","['rna sequenc', 'stabl isotop label with amino acid in cell cultur', 'protein_express null', 'other null', 'gene_express rna sequenc', 'reduc repres bisulfit sequenc and assay for transposaseaccess chromatin sequenc']"
30741250,"[""ECG""], [""ECG signals""]","[""ECG""]","[""ECG signals""]","['ecg', 'ecg signal']"
30745169,"[""EHRs"", ""miRNAs""], [""exosomal microRNAs""]","[""EHRs"", ""miRNAs""]","[""exosomal microRNAs""]","['exosom microrna', 'mirna', 'ehr']"
30767173,,"[""electronic health records""]",,[]
30767528,,"[""Chemistry""]",,[]
30768159,"[""Genomic data"", ""Gene expression"", ""Copy number variation""], [""Copy number variation"", ""Gene expression""]","[""Genomic data"", ""Gene expression"", ""Copy number variation""]","[""Copy number variation"", ""Gene expression""]","['copi number variat', 'gene express', 'genom data']"
30770034,"[""Physiological data""], [""HRV"", ""Blood Collection""]","[""Physiological data""]","[""HRV"", ""Blood Collection""]","['blood collect', 'physiolog data', 'hrv']"
30771620,"[""Text""], [{""Type"": ""Clinical"", ""Modality"": ""Genetics""}, {""Type"": ""Research"", ""Modality"": ""Gene Ontology analysis""}]","[""Text""]","[{""Type"": ""Clinical"", ""Modality"": ""Genetics""}, {""Type"": ""Research"", ""Modality"": ""Gene Ontology analysis""}]","['type research', 'modal genet', 'type clinic', 'modal gene ontolog analysi', 'text']"
30773443,"[""transcript"", ""expression""], [""transcript expression""]","[""transcript"", ""expression""]","[""transcript expression""]","['transcript', 'express', 'transcript express']"
30779585,"[""DNA polymerase inhibition assays"", ""HIV-1 wild-type cell-based""], [""Text"", ""Numerical""]","[""DNA polymerase inhibition assays"", ""HIV-1 wild-type cell-based""]","[""Text"", ""Numerical""]","['text', 'dna polymeras inhibit assay', 'hiv1 wildtyp cellbas', 'numer']"
30782022,"[""Voxel-based morphometry""], [""VBM""]","[""Voxel-based morphometry""]","[""VBM""]","['voxelbas morphometri', 'vbm']"
30785881,"[""Mechanically ventilated children""], [""mechanically ventilated children""]","[""Mechanically ventilated children""]","[""mechanically ventilated children""]",['mechan ventil children']
30789386,,"[""Administrative""]",,[]
30794559,"[""Magnetic Resonance Imaging""], [""T1-weighted images"", ""T2-weighted images""]","[""Magnetic Resonance Imaging""]","[""T1-weighted images"", ""T2-weighted images""]","['t1weight imag', 't2weight imag', 'magnet reson imag']"
30794629,"[""Functional MRI""], [""fMRI"", ""rs-fMRI""]","[""Functional MRI""]","[""fMRI"", ""rs-fMRI""]","['fmri', 'rsfmri', 'function mri']"
30795962,"[""molecular"", ""histologic""], [""Microarray"", ""Molecular""]","[""molecular"", ""histologic""]","[""Microarray"", ""Molecular""]","['microarray', 'histolog', 'molecular']"
30807586,"[""Clinical"", ""Imaging""], [""Image"", ""Text""]","[""Clinical"", ""Imaging""]","[""Image"", ""Text""]","['text', 'clinic', 'imag']"
30809047,"[""Computed Tomography (CT)""], [""Computed Tomography Image""]","[""Computed Tomography (CT)""]","[""Computed Tomography Image""]","['comput tomographi imag', 'comput tomographi ct']"
30831526,"[""vision"", ""gait""], [""Vision""]","[""vision"", ""gait""]","[""Vision""]","['gait', 'vision']"
30815130,,,"[""text""]",[]
30818293,"[""EEG""], [{""Text"": null, ""Label"": ""EEG""}, {""Text"": null, ""Label"": ""Button clicks""}]","[""EEG""]","[{""Text"": null, ""Label"": ""EEG""}, {""Text"": null, ""Label"": ""Button clicks""}]","['label eeg', 'eeg', 'label button click', 'text null']"
30818294,"[""Computed Tomography (CT)""], [""Dosimetric parameters"", ""Geometric parameters""]","[""Computed Tomography (CT)""]","[""Dosimetric parameters"", ""Geometric parameters""]","['geometr paramet', 'dosimetr paramet', 'comput tomographi ct']"
30833164,,,"[""CT examinations""]",[]
30833926,"[""Eye Movement"", ""Psychometric"", ""Neuroimaging""], [""eye movement"", ""psychometric tests"", ""neuroimaging""]","[""Eye Movement"", ""Psychometric"", ""Neuroimaging""]","[""eye movement"", ""psychometric tests"", ""neuroimaging""]","['psychometr test', 'eye movement', 'psychometr', 'neuroimag']"
30838178,"[""16S rRNA gene"", ""metagenomic shotgun sequencing""], [""Genomic"", ""Gut microbiome""]","[""16S rRNA gene"", ""metagenomic shotgun sequencing""]","[""Genomic"", ""Gut microbiome""]","['gut microbiom', 'metagenom shotgun sequenc', 'genom', '16 rrna gene']"
30839433,"[""Functional MRI""], [{""Tag"": ""Toronto, ON"", ""Country"": ""Canada""}]","[""Functional MRI""]","[{""Tag"": ""Toronto, ON"", ""Country"": ""Canada""}]","['tag toronto', 'countri canada', 'function mri', 'on']"
30847388,"[""Neuronal recordings""], [""neuronal"", ""machine learning""]","[""Neuronal recordings""]","[""neuronal"", ""machine learning""]","['machin learn', 'neuron', 'neuron record']"
30847821,"[""Imaging"", ""Clinical""], [""SPECT Imaging"", ""Clinical Measures""]","[""Imaging"", ""Clinical""]","[""SPECT Imaging"", ""Clinical Measures""]","['clinic measur', 'clinic', 'spect imag', 'imag']"
30850846,"[""Transcriptomic perturbations""], [""transcriptomic data""]","[""Transcriptomic perturbations""]","[""transcriptomic data""]","['transcriptom perturb', 'transcriptom data']"
30853041,"[""Audio"", ""Physiological signals""], [""sound"", ""breath sounds""]","[""Audio"", ""Physiological signals""]","[""sound"", ""breath sounds""]","['audio', 'breath sound', 'sound', 'physiolog signal']"
30870597,,"[""Medical claims"", ""Electroencephalogram procedures""]",,[]
30872323,"[""medical""], [""text"", ""image""]","[""medical""]","[""text"", ""image""]","['medic', 'text', 'imag']"
30872331,"[""genomic"", ""gene expression""], [""genomic data""]","[""genomic"", ""gene expression""]","[""genomic data""]","['gene express', 'genom', 'genom data']"
30885044,"[""DNA methylation""], [""DNA methylation""]","[""DNA methylation""]","[""DNA methylation""]",['dna methyl']
30895278,"[""Image"", ""CT Scan""], [""Image""]","[""Image"", ""CT Scan""]","[""Image""]","['ct scan', 'imag']"
30921785,,"[""Radiation Medicine Program""]",,[]
30923086,"[""Image""], [""Neurological Surgery (R.J.H., A.F., X.D.-F., L.H.T., N.K., M.S.B., J.C.B., S.D., W.W., J.F.T.)."", ""Brain and Spinal Injury Center (D.B.M., R.J.H., A.F., X.D.-F., L.H.T., N.K., M.S.B., J.C.B., S.D., W.W.).""]","[""Image""]","[""Neurological Surgery (R.J.H., A.F., X.D.-F., L.H.T., N.K., M.S.B., J.C.B., S.D., W.W., J.F.T.)."", ""Brain and Spinal Injury Center (D.B.M., R.J.H., A.F., X.D.-F., L.H.T., N.K., M.S.B., J.C.B., S.D., W.W.).""]","['jft', 'xdf', 'neurolog surgeri rjh', 'jcb', 'ww', 'msb', 'af', 'sd', 'nk', 'rjh', 'lht', 'brain and spinal injuri center dbm', 'imag']"
30937398,"[""nanofiber culture devices""], [""Image"", ""Text""]","[""nanofiber culture devices""]","[""Image"", ""Text""]","['text', 'nanofib cultur devic', 'imag']"
30941679,"[""Ultrasound""], [""Ultrasound"", ""Mobile Point-of-Care""]","[""Ultrasound""]","[""Ultrasound"", ""Mobile Point-of-Care""]","['mobil pointofcar', 'ultrasound']"
30947300,,"[""Imaging features"", ""Patient demographics"", ""Comorbidities""]",,[]
30947496,,,,[]
30948811,"[""MRI""], [{""value"": ""medical imaging""}, {""value"": ""electroencephalography (EEG)""}]","[""MRI""]","[{""value"": ""medical imaging""}, {""value"": ""electroencephalography (EEG)""}]","['mri', 'valu electroencephalographi eeg', 'valu medic imag']"
30956924,"[""Text""], [""Text""]","[""Text""]","[""Text""]",['text']
30958743,"[""Magnetic Resonance Imaging"", ""T2-weighted"", ""Apparent Diffusion Coefficient"", ""Diffusion Kurtosis Imaging""], [""Magnetic Resonance Imaging""]","[""Magnetic Resonance Imaging"", ""T2-weighted"", ""Apparent Diffusion Coefficient"", ""Diffusion Kurtosis Imaging""]","[""Magnetic Resonance Imaging""]","['diffus kurtosi imag', 't2weight', 'appar diffus coeffici', 'magnet reson imag']"
30959966,"[""Gene expression"", ""Copy number alteration""], [""Genomic"", ""Clinical""]","[""Gene expression"", ""Copy number alteration""]","[""Genomic"", ""Clinical""]","['clinic', 'gene express', 'copi number alter', 'genom']"
30962703,"[""SBP"", ""Serum Creatinine"", ""Glycosylated Hemoglobin"", ""DBP""], [{""Modality"": ""stenting""}, {""Modality"": ""best medical therapy""}]","[""SBP"", ""Serum Creatinine"", ""Glycosylated Hemoglobin"", ""DBP""]","[{""Modality"": ""stenting""}, {""Modality"": ""best medical therapy""}]","['sbp', 'glycosyl hemoglobin', 'serum creatinin', 'modal best medic therapi', 'dbp', 'modal stent']"
30963519,"[""Cerebral oxygen saturation"", ""Neurological assessment""], [""Cognitive Visuospatial Task"", ""Robotics Technology""]","[""Cerebral oxygen saturation"", ""Neurological assessment""]","[""Cognitive Visuospatial Task"", ""Robotics Technology""]","['cerebr oxygen satur', 'cognit visuospati task', 'robot technolog', 'neurolog assess']"
30972106,"[""Genomic profiles"", ""clinical information""], [""Gene expression"", ""Therapy""]","[""Genomic profiles"", ""clinical information""]","[""Gene expression"", ""Therapy""]","['genom profil', 'gene express', 'therapi', 'clinic inform']"
30972686,"[""T2-weighted"", ""Apparent diffusion coefficient map"", ""High b-value diffusion-weighted images""], {""Imaging"": [{""Modality"": ""T2-weighted"", ""Weighting"": null}, {""Modality"": ""Diffusion-Weighted"", ""Weighting"": ""b=1000""}]}","[""T2-weighted"", ""Apparent diffusion coefficient map"", ""High b-value diffusion-weighted images""]","{""Imaging"": [{""Modality"": ""T2-weighted"", ""Weighting"": null}, {""Modality"": ""Diffusion-Weighted"", ""Weighting"": ""b=1000""}]}","['t2weight', 'high bvalu diffusionweight imag', 'weight null', 'modal diffusionweight', 'imag modal t2weight', 'appar diffus coeffici map', 'weight b1000']"
30980127,"[""Computed Tomography"", ""Magnetic Resonance Imaging""], [""radiology""]","[""Computed Tomography"", ""Magnetic Resonance Imaging""]","[""radiology""]","['radiolog', 'comput tomographi', 'magnet reson imag']"
30992063,,,"[""Genetics"", ""Neurology""]",[]
31000803,"[""Molecular properties""], [""Text""]","[""Molecular properties""]","[""Text""]","['molecular properti', 'text']"
31000909,"[""Intraoperative Ultrasound""], [""ultrasound""]","[""Intraoperative Ultrasound""]","[""ultrasound""]","['ultrasound', 'intraop ultrasound']"
31004711,"[""MRI""], [""MRI""]","[""MRI""]","[""MRI""]",['mri']
31005213,"[""SABR""], [""Image"", ""Text""]","[""SABR""]","[""Image"", ""Text""]","['sabr', 'text', 'imag']"
31006909,"[""Magnetic Resonance Imaging""], [""MRI""]","[""Magnetic Resonance Imaging""]","[""MRI""]","['mri', 'magnet reson imag']"
31009356,,"[""Neuroradiology"", ""Radiology"", ""Neurology""]",,[]
31012754,"[""semi-structured interviews""], [""Text"", ""Audio""]","[""semi-structured interviews""]","[""Text"", ""Audio""]","['text', 'audio', 'semistructur interview']"
31022750,"[""Tele-assessment"", ""Tele-diagnosis"", ""Tele-interactions"", ""Tele-monitoring""], [""remote health care delivery"", ""telehealth domain""]","[""Tele-assessment"", ""Tele-diagnosis"", ""Tele-interactions"", ""Tele-monitoring""]","[""remote health care delivery"", ""telehealth domain""]","['telediagnosi', 'remot health care deliveri', 'teleinteract', 'teleassess', 'telemonitor', 'telehealth domain']"
31026023,"[""RNA sequencing""], [""Transcriptome""]","[""RNA sequencing""]","[""Transcriptome""]","['rna sequenc', 'transcriptom']"
31039680,"[""Text"", ""Full-text""], [""Medline"", ""Emedicine"", ""Cochrane Library""]","[""Text"", ""Full-text""]","[""Medline"", ""Emedicine"", ""Cochrane Library""]","['medlin', 'cochran librari', 'fulltext', 'emedicin', 'text']"
31048199,"[""T1-weighted MR images"", ""T2-weighted MR images""], [""MRI""]","[""T1-weighted MR images"", ""T2-weighted MR images""]","[""MRI""]","['t2weight mr imag', 'mri', 't1weight mr imag']"
31055684,,,"[""robotic movement"", ""rob integration sounds"", ""light effects"", ""complex movements""]",[]
31060214,"[""3D coordinates""], [""Image"", ""Sensor data""]","[""3D coordinates""]","[""Image"", ""Sensor data""]","['3d coordin', 'sensor data', 'imag']"
31061005,"[""Text"", ""Age""], [""text"", ""age""]","[""Text"", ""Age""]","[""text"", ""age""]","['text', 'age']"
31062050,"[""Ventilator variables"", ""Mortality""], [""Text"", ""Machine learning""]","[""Ventilator variables"", ""Mortality""]","[""Text"", ""Machine learning""]","['mortal', 'text', 'ventil variabl', 'machin learn']"
31071228,"[""Ultrasound""], [""3D ultrasound images""]","[""Ultrasound""]","[""3D ultrasound images""]","['3d ultrasound imag', 'ultrasound']"
31075395,"[""Imaging""], [""Imaging""]","[""Imaging""]","[""Imaging""]",['imag']
31076475,"[""Questionnaire"", ""Interview"", ""Focus Group Discussion""], [""text"", ""interviews"", ""focus group discussions""]","[""Questionnaire"", ""Interview"", ""Focus Group Discussion""]","[""text"", ""interviews"", ""focus group discussions""]","['focu group discuss', 'text', 'questionnair', 'interview']"
31077314,"[""Cognitive"", ""Structural neuroimaging""], [""cognitive measures"", ""structural measurements""]","[""Cognitive"", ""Structural neuroimaging""]","[""cognitive measures"", ""structural measurements""]","['cognit', 'structur measur', 'structur neuroimag', 'cognit measur']"
31077500,"[""Arterial spin labeling (ASL) MRI""], [""MRI""]","[""Arterial spin labeling (ASL) MRI""]","[""MRI""]","['mri', 'arteri spin label asl mri']"
31085302,"[""image""], [""Image""]","[""image""]","[""Image""]",['imag']
31093956,"[""Functional Magnetic Resonance Imaging (rs-fMRI)""], [""fMRI"", ""MMSE""]","[""Functional Magnetic Resonance Imaging (rs-fMRI)""]","[""fMRI"", ""MMSE""]","['function magnet reson imag rsfmri', 'mmse', 'fmri']"
31101443,"[""Radiofrequency"", ""Brightness-mode""], [""radiofrequency (RF)"", ""brightness-mode (B-mode)""]","[""Radiofrequency"", ""Brightness-mode""]","[""radiofrequency (RF)"", ""brightness-mode (B-mode)""]","['brightnessmod', 'radiofrequ', 'brightnessmod bmode', 'radiofrequ rf']"
31104700,"[""electronic""], [""Imputed datasets"", ""Original dataset""]","[""electronic""]","[""Imputed datasets"", ""Original dataset""]","['electron', 'imput dataset', 'origin dataset']"
31106580,"[], [""Text"", ""Image""]",[],"[""Text"", ""Image""]","['', 'text', 'imag']"
31108670,,"[""unsupervised learning""]",,[]
31115734,"[""ECG signals, atrial blood pressure (ABP), photoplethysmogram signals (PLETH) and respiration (RESP)""], [""ECG"", ""ABP"", ""PLETH"", ""RESP""]","[""ECG signals, atrial blood pressure (ABP), photoplethysmogram signals (PLETH) and respiration (RESP)""]","[""ECG"", ""ABP"", ""PLETH"", ""RESP""]","['photoplethysmogram signal pleth and respir resp', 'resp', 'pleth', 'abp', 'atrial blood pressur abp', 'ecg', 'ecg signal']"
31117509,,,,[]
31117831,"[], [""Text""]",[],"[""Text""]","['', 'text']"
31128628,,"[""Spatial"", ""Epidemic""]",,[]
31133249,"[""Dermoscopic images""], [""Image""]","[""Dermoscopic images""]","[""Image""]","['dermoscop imag', 'imag']"
31133782,"[""Electromyogram (EMG)"", ""Skin Conductance Levels (SCL)"", ""Electrocardiogram (ECG)""], {""ECG"": true, ""EMG"": true, ""SCL"": true}","[""Electromyogram (EMG)"", ""Skin Conductance Levels (SCL)"", ""Electrocardiogram (ECG)""]","{""ECG"": true, ""EMG"": true, ""SCL"": true}","['scl true', 'emg true', 'electromyogram emg', 'ecg true', 'electrocardiogram ecg', 'skin conduct level scl']"
31138084,"[""MRI"", ""CT""], [""physiological data"", ""questionnaire data""]","[""MRI"", ""CT""]","[""physiological data"", ""questionnaire data""]","['mri', 'questionnair data', 'ct', 'physiolog data']"
31150083,"[""electrocardiogram"", ""neurological status""], [""Text""]","[""electrocardiogram"", ""neurological status""]","[""Text""]","['electrocardiogram', 'neurolog statu', 'text']"
31150956,"[""MRI""], [""MRI""]","[""MRI""]","[""MRI""]",['mri']
31151119,"[""EEG""], [{""name"": ""EEG"", ""value"": null}, {""name"": ""Other"", ""value"": null}]","[""EEG""]","[{""name"": ""EEG"", ""value"": null}, {""name"": ""Other"", ""value"": null}]","['valu null', 'name other', 'eeg', 'name eeg']"
31153115,"[""CT"", ""Mechanical loading""], [""6 degree-of-freedom hexapod robot"", ""carbon fiber struts""]","[""CT"", ""Mechanical loading""]","[""6 degree-of-freedom hexapod robot"", ""carbon fiber struts""]","['carbon fiber strut', 'mechan load', 'ct', '6 degreeoffreedom hexapod robot']"
31154512,"[""Smartphone Sensor""], [""walking speed"", ""gait deficits""]","[""Smartphone Sensor""]","[""walking speed"", ""gait deficits""]","['walk speed', 'smartphon sensor', 'gait deficit']"
31156708,,"[""OMICs molecular profiling"", ""Gene expression"", ""Protein levels"", ""Clinico-pathological data""]",,[]
31158822,"[""Polysomnographic (PSG) signals""], [""Polysomnographic (PSG) signals"", ""Multichannel PSG recordings""]","[""Polysomnographic (PSG) signals""]","[""Polysomnographic (PSG) signals"", ""Multichannel PSG recordings""]","['multichannel psg record', 'polysomnograph psg signal']"
31161221,"[""Urine miRNA fingerprint""], [""text""]","[""Urine miRNA fingerprint""]","[""text""]","['urin mirna fingerprint', 'text']"
31163373,"[""handgrip"", ""ramp-hold""], [""transcranial magnetic stimulation""]","[""handgrip"", ""ramp-hold""]","[""transcranial magnetic stimulation""]","['ramphold', 'transcrani magnet stimul', 'handgrip']"
31164212,"[""Medical records""], [""Medical Imaging"", ""Lab Results""]","[""Medical records""]","[""Medical Imaging"", ""Lab Results""]","['medic imag', 'medic record', 'lab result']"
31171447,"[null], [{""Modality"": ""Images""}, {""Modality"": ""Audio""}]",[null],"[{""Modality"": ""Images""}, {""Modality"": ""Audio""}]","['modal imag', 'null', 'modal audio']"
31173905,"[""MRI""], [{""modality"": ""MRI""}]","[""MRI""]","[{""modality"": ""MRI""}]","['mri', 'modal mri']"
31174510,"[""Heart rate""], [{""Type"": ""Survey Responses"", ""Modality"": ""Text Data""}, {""Type"": ""Sleep Stage Classification"", ""Modality"": ""Image Data""}]","[""Heart rate""]","[{""Type"": ""Survey Responses"", ""Modality"": ""Text Data""}, {""Type"": ""Sleep Stage Classification"", ""Modality"": ""Image Data""}]","['heart rate', 'type survey respons', 'type sleep stage classif', 'modal text data', 'modal imag data']"
31176387,"[""Functional connectivity"", ""Clinical symptoms""], [""Functional Magnetic Resonance Imaging""]","[""Functional connectivity"", ""Clinical symptoms""]","[""Functional Magnetic Resonance Imaging""]","['function magnet reson imag', 'clinic symptom', 'function connect']"
31179487,"[""Physiological biomarkers""], [""Physiological biomarkers"", ""Biological age estimates""]","[""Physiological biomarkers""]","[""Physiological biomarkers"", ""Biological age estimates""]","['physiolog biomark', 'biolog age estim']"
31186508,,,"[""Spectra""]",[]
31191926,"[""motion""], [""classification"", ""segmentation""]","[""motion""]","[""classification"", ""segmentation""]","['segment', 'motion', 'classif']"
31194627,"[""Video"", ""Handout""], [""Video"", ""Handout""]","[""Video"", ""Handout""]","[""Video"", ""Handout""]","['video', 'handout']"
31194873,"[""Actigraphy"", ""Polysomnography""], [""actigraphy"", ""polysomnography""]","[""Actigraphy"", ""Polysomnography""]","[""actigraphy"", ""polysomnography""]","['polysomnographi', 'actigraphi']"
31196619,,"[""Mobile"", ""Online"", ""Remote monitoring""]",,[]
31208434,,,,[]
31211469,"[""Movement Disorders"", ""Neurology""], [""image"", ""text""]","[""Movement Disorders"", ""Neurology""]","[""image"", ""text""]","['movement disord', 'imag', 'text', 'neurolog']"
31216543,"[""Computed Tomography""], [""Computed Tomography Angiography""]","[""Computed Tomography""]","[""Computed Tomography Angiography""]","['comput tomographi', 'comput tomographi angiographi']"
31216619,"[""EEG""], [""text"", null]","[""EEG""]","[""text"", null]","['text', 'eeg', 'null']"
31219947,"[""16S rRNA gene amplification"", ""Whole-genome sequencing""], [""Bacterial taxa""]","[""16S rRNA gene amplification"", ""Whole-genome sequencing""]","[""Bacterial taxa""]","['bacteri taxa', 'wholegenom sequenc', '16 rrna gene amplif']"
31226518,"[""Ultrasound""], [""Ultrasound Strain Elastography""]","[""Ultrasound""]","[""Ultrasound Strain Elastography""]","['ultrasound strain elastographi', 'ultrasound']"
31227653,"[""Phenotype Ontology (HPO) terms""], {""text"": true}","[""Phenotype Ontology (HPO) terms""]","{""text"": true}","['text true', 'phenotyp ontolog hpo term']"
31227879,"[""PET""], [""PET imaging""]","[""PET""]","[""PET imaging""]","['pet imag', 'pet']"
31228556,"[""Magnetic Resonance Imaging""], [""MRI""]","[""Magnetic Resonance Imaging""]","[""MRI""]","['mri', 'magnet reson imag']"
31242238,"[""Electronic health records""], [""Electronic health records""]","[""Electronic health records""]","[""Electronic health records""]",['electron health record']
31245818,"[""Computerized Tomography"", ""Magnetic Resonance Imaging""], Electroencephalography (EEG)","[""Computerized Tomography"", ""Magnetic Resonance Imaging""]",Electroencephalography (EEG),"['electroencephalographi eeg', 'computer tomographi', 'magnet reson imag']"
31249104,"[""Seminal Plasma"", ""Proteins""], [""Transcriptomics"", ""Proteomics"", ""Secretomics""]","[""Seminal Plasma"", ""Proteins""]","[""Transcriptomics"", ""Proteomics"", ""Secretomics""]","['transcriptom', 'semin plasma', 'protein', 'proteom', 'secretom']"
31255408,"[""Sensor data""], [""wearable sensors""]","[""Sensor data""]","[""wearable sensors""]","['wearabl sensor', 'sensor data']"
31256570,,,,[]
31267266,"[""demographic"", ""clinical"", ""occupational""], [""Text""]","[""demographic"", ""clinical"", ""occupational""]","[""Text""]","['occup', 'demograph', 'clinic', 'text']"
31268541,"[""Articles"", ""Records""], []","[""Articles"", ""Records""]",[],"['', 'articl', 'record']"
31281024,"[""Clinical"", ""Imaging""], {""Image"": true}","[""Clinical"", ""Imaging""]","{""Image"": true}","['clinic', 'imag true', 'imag']"
31283673,,"[""recipient age"", ""Model for End-Stage Liver Disease score"", ""body mass index"", ""diabetes"", ""dialysis before LT""]",,[]
31284154,"[""MoCA score""], [""Cognitive assessment"", ""Imaging data""]","[""MoCA score""]","[""Cognitive assessment"", ""Imaging data""]","['imag data', 'cognit assess', 'moca score']"
31285340,"[""3D microscopy"", ""image analysis""], [""Microscopy"", ""Image analysis""]","[""3D microscopy"", ""image analysis""]","[""Microscopy"", ""Image analysis""]","['microscopi', 'imag analysi', '3d microscopi']"
31285702,"[""Media reports"", ""Official reports"", ""Social media"", ""Twitter""], [""text""]","[""Media reports"", ""Official reports"", ""Social media"", ""Twitter""]","[""text""]","['offici report', 'twitter', 'media report', 'text', 'social media']"
31286067,"[""Brightfield images""], [""Brightfield images"", ""DNA quality""]","[""Brightfield images""]","[""Brightfield images"", ""DNA quality""]","['dna qualiti', 'brightfield imag']"
31286534,"[""Computed Tomography"", ""Random Forest""], [""CT scan""]","[""Computed Tomography"", ""Random Forest""]","[""CT scan""]","['random forest', 'comput tomographi', 'ct scan']"
31287020,"[""MIMIC III dataset""], [""Demographics"", ""Morbidity compositions""]","[""MIMIC III dataset""]","[""Demographics"", ""Morbidity compositions""]","['morbid composit', 'demograph', 'mimic iii dataset']"
31305529,"[""Motor cortex"", ""TMS""], [""Transcranial Magnetic Stimulation (TMS)"", ""Transcranial Direct Current Stimulation (tDCS)""]","[""Motor cortex"", ""TMS""]","[""Transcranial Magnetic Stimulation (TMS)"", ""Transcranial Direct Current Stimulation (tDCS)""]","['transcrani magnet stimul tm', 'transcrani direct current stimul tdc', 'tm', 'motor cortex']"
31317178,,,"[{""name"": ""Yale University"", ""description"": """"}, {""name"": ""Brigham and Women's Hospital"", ""description"": """"}, {""name"": ""Cedars-Sinai Medical Center"", ""description"": """"}]",[]
31318580,"[""Medical procedures""], [{""Text"": ""Children (n=18), who interacted with the robot before and during a procedure, and their parents reported significantly lower levels of fear and pain than did children (n=28) and their parents in standard care,"", ""Label"": ""RESULTS"", ""NlmCategory"": ""RESULTS""}, {""Text"": ""A nonrandomized two-group pre- and posttest design was used to compare pain and fear of children before and after intervention versus standard care."", ""Label"": ""METHODS"", ""NlmCategory"": ""METHODS""}]","[""Medical procedures""]","[{""Text"": ""Children (n=18), who interacted with the robot before and during a procedure, and their parents reported significantly lower levels of fear and pain than did children (n=28) and their parents in standard care,"", ""Label"": ""RESULTS"", ""NlmCategory"": ""RESULTS""}, {""Text"": ""A nonrandomized two-group pre- and posttest design was used to compare pain and fear of children before and after intervention versus standard care."", ""Label"": ""METHODS"", ""NlmCategory"": ""METHODS""}]","['', 'text children n18', 'nlmcategori result', 'text a nonrandom twogroup pre and posttest design wa use to compar pain and fear of children befor and after intervent versu standard care', 'nlmcategori method', 'medic procedur', 'who interact with the robot befor and dure a procedur', 'and their parent report significantli lower level of fear and pain than did children n28 and their parent in standard care', 'label result', 'label method']"
31318894,"[""Physical"", ""Cardiovascular"", ""Cognitive"", ""Immunological"", ""Leisure-time activities""], [""Physical"", ""Cardiovascular"", ""Cognitive"", ""Immunological""]","[""Physical"", ""Cardiovascular"", ""Cognitive"", ""Immunological"", ""Leisure-time activities""]","[""Physical"", ""Cardiovascular"", ""Cognitive"", ""Immunological""]","['cognit', 'cardiovascular', 'leisuretim activ', 'physic', 'immunolog']"
31320356,"[""electroencephalogram (EEG)""], [""auditory"", ""visual""]","[""electroencephalogram (EEG)""]","[""auditory"", ""visual""]","['electroencephalogram eeg', 'auditori', 'visual']"
31324151,"[""Lipid metabolites"", ""FPG"", ""TG""], [""plasma glucose"", ""triglyceride""]","[""Lipid metabolites"", ""FPG"", ""TG""]","[""plasma glucose"", ""triglyceride""]","['triglycerid', 'lipid metabolit', 'plasma glucos', 'tg', 'fpg']"
31325722,"[""Ultrasound""], {""Ultrasound"": true}","[""Ultrasound""]","{""Ultrasound"": true}","['ultrasound', 'ultrasound true']"
31325985,"[""Electrophysiology""], [{""Modality"": ""Single unit neural responses""}, {""Modality"": ""Local field potential""}, {""Modality"": ""Globus pallidus interna firing rate""}]","[""Electrophysiology""]","[{""Modality"": ""Single unit neural responses""}, {""Modality"": ""Local field potential""}, {""Modality"": ""Globus pallidus interna firing rate""}]","['modal singl unit neural respons', 'modal local field potenti', 'modal globu pallidu interna fire rate', 'electrophysiolog']"
31326191,"[""Medical Imaging"", ""Clinical Data""], [""image"", ""text""]","[""Medical Imaging"", ""Clinical Data""]","[""image"", ""text""]","['text', 'imag', 'medic imag', 'clinic data']"
31328849,"[""Registry Data""], [""Text"", ""Heat Map""]","[""Registry Data""]","[""Text"", ""Heat Map""]","['text', 'registri data', 'heat map']"
31332903,"[""Functional Magnetic Resonance Imaging"", ""Blood Oxygenation Level-Dependent (BOLD) signal""], [""fMRI"", ""BOLD""]","[""Functional Magnetic Resonance Imaging"", ""Blood Oxygenation Level-Dependent (BOLD) signal""]","[""fMRI"", ""BOLD""]","['fmri', 'function magnet reson imag', 'blood oxygen leveldepend bold signal', 'bold']"
31337542,"[""MR""], [""MRI""]","[""MR""]","[""MRI""]","['mri', 'mr']"
31338709,"[""PET"", ""CT""], [""images""]","[""PET"", ""CT""]","[""images""]","['imag', 'ct', 'pet']"
31342622,"[""Whole blood"", ""Peripheral monocytes""], [""blood samples"", ""miRNA expression""]","[""Whole blood"", ""Peripheral monocytes""]","[""blood samples"", ""miRNA expression""]","['peripher monocyt', 'mirna express', 'whole blood', 'blood sampl']"
31369338,,"[""Unstructured Clinical Text""]",,[]
31352417,"[""CT scans""], [""Images"", ""CT Scans""]","[""CT scans""]","[""Images"", ""CT Scans""]","['ct scan', 'imag']"
31357650,"[""Electromyography""], [""Electromyography (EMG)""]","[""Electromyography""]","[""Electromyography (EMG)""]","['electromyographi', 'electromyographi emg']"
31365273,"[""Administrative data"", ""Pharmacy records""], [""Administrative pharmacy data"", null]","[""Administrative data"", ""Pharmacy records""]","[""Administrative pharmacy data"", null]","['pharmaci record', 'administr pharmaci data', 'administr data', 'null']"
31369994,"[""MRI""], [""MRI""]","[""MRI""]","[""MRI""]",['mri']
31373651,"[""Virtual Reality""], [""instrument movement and force"", ""resection of tissues"", ""bleeding""]","[""Virtual Reality""]","[""instrument movement and force"", ""resection of tissues"", ""bleeding""]","['virtual realiti', 'bleed', 'resect of tissu', 'instrument movement and forc']"
31376633,,,"[""structured-sparsity regularization"", ""group lasso""]",[]
31382766,"[""Facial Blood Flow"", ""Video""], [""Video"", ""Machine Learning""]","[""Facial Blood Flow"", ""Video""]","[""Video"", ""Machine Learning""]","['machin learn', 'video', 'facial blood flow']"
31390016,,"[""text""]",,[]
31393626,"[""Magnetoencephalography"", ""Magnetic Resonance Imaging""], [""MRI"", ""MEG""]","[""Magnetoencephalography"", ""Magnetic Resonance Imaging""]","[""MRI"", ""MEG""]","['mri', 'meg', 'magnet reson imag', 'magnetoencephalographi']"
31399127,,"[""DNA methylation""]",,[]
31404130,"[""facial expressions"", ""physiotherapy examination""], [""Facial expressions"", ""Physiotherapy examination""]","[""facial expressions"", ""physiotherapy examination""]","[""Facial expressions"", ""Physiotherapy examination""]","['facial express', 'physiotherapi examin']"
31404972,"[""Sensor Data""], [""thermal noise"", ""lower inference quantization"", ""sensor failure""]","[""Sensor Data""]","[""thermal noise"", ""lower inference quantization"", ""sensor failure""]","['thermal nois', 'sensor failur', 'lower infer quantiz', 'sensor data']"
31405148,"[""tumor volumes""], [""radiomic"", ""genetic"", ""protein expression""]","[""tumor volumes""]","[""radiomic"", ""genetic"", ""protein expression""]","['genet', 'protein express', 'tumor volum', 'radiom']"
31406675,"[""Image"", ""Text""], [""Brightfield images""]","[""Image"", ""Text""]","[""Brightfield images""]","['brightfield imag', 'text', 'imag']"
31414853,,,"[""Cognitive""]",[]
31417602,"[], [""Imaging"", ""Genomics""]",[],"[""Imaging"", ""Genomics""]","['', 'genom', 'imag']"
31424555,,,"[""Text""]",[]
31427959,"[""Audio"", ""Text"", ""Eye-tracking"", ""Comprehension questions""], [""Audio"", ""Text"", ""Eye-tracking""]","[""Audio"", ""Text"", ""Eye-tracking"", ""Comprehension questions""]","[""Audio"", ""Text"", ""Eye-tracking""]","['text', 'audio', 'eyetrack', 'comprehens question']"
31428758,"[""Video""], [""vision"", ""depth""]","[""Video""]","[""vision"", ""depth""]","['depth', 'video', 'vision']"
31434533,"[""Upper-limb motor and proprioceptive performance""], [""Motor"", ""Proprioceptive""]","[""Upper-limb motor and proprioceptive performance""]","[""Motor"", ""Proprioceptive""]","['upperlimb motor and propriocept perform', 'motor', 'propriocept']"
31438047,,,"[""Semantic Reasoning""]",[]
31438061,"[""health data visualizations"", ""artificial intelligence methods""], [""health data visualizations""]","[""health data visualizations"", ""artificial intelligence methods""]","[""health data visualizations""]","['artifici intellig method', 'health data visual']"
31438207,"[""Text""], [""dialogue"", ""medications"", ""symptoms""]","[""Text""]","[""dialogue"", ""medications"", ""symptoms""]","['medic', 'text', 'symptom', 'dialogu']"
31438445,,,,[]
31443858,"[""electronic data""], [""Text""]","[""electronic data""]","[""Text""]","['text', 'electron data']"
31444624,"[""iUS"", ""MRI""], [""image data"", ""brain shift measurement""]","[""iUS"", ""MRI""]","[""image data"", ""brain shift measurement""]","['mri', 'iu', 'imag data', 'brain shift measur']"
31444660,"[""Electronic Health Records"", ""Laboratory Tests""], [""Laboratory tests""]","[""Electronic Health Records"", ""Laboratory Tests""]","[""Laboratory tests""]","['laboratori test', 'electron health record']"
31445619,"[""mood"", ""cognitions"", ""physical activity"", ""sleep"", ""social interactions""], [""Mood"", ""Cognitions"", ""Physical Activity"", ""Sleep"", ""Social Interactions""]","[""mood"", ""cognitions"", ""physical activity"", ""sleep"", ""social interactions""]","[""Mood"", ""Cognitions"", ""Physical Activity"", ""Sleep"", ""Social Interactions""]","['cognit', 'mood', 'social interact', 'sleep', 'physic activ']"
31446127,"[""MRI"", ""Ultrasound""], [""MRI"", ""Ultrasound""]","[""MRI"", ""Ultrasound""]","[""MRI"", ""Ultrasound""]","['mri', 'ultrasound']"
31447230,"[""Imaging"", ""Pathology""], [""digital imaging""]","[""Imaging"", ""Pathology""]","[""digital imaging""]","['patholog', 'digit imag', 'imag']"
31448366,"[""Computed Tomography""], [""Image"", ""Clinical""]","[""Computed Tomography""]","[""Image"", ""Clinical""]","['comput tomographi', 'clinic', 'imag']"
31449531,"[""Super-resolution microscopy images""], [""Microscopy images""]","[""Super-resolution microscopy images""]","[""Microscopy images""]","['superresolut microscopi imag', 'microscopi imag']"
31455518,"[""Magnetic Resonance Imaging""], [""MRI"", ""Demographic Data""]","[""Magnetic Resonance Imaging""]","[""MRI"", ""Demographic Data""]","['mri', 'demograph data', 'magnet reson imag']"
31456317,"[""MRI"", ""ADC map""], [""MRI"", ""ADC map""]","[""MRI"", ""ADC map""]","[""MRI"", ""ADC map""]","['mri', 'adc map']"
31465977,"[""Inertial Measurement Unit (IMU)"", ""Surface Electromyography (sEMG)""], [""IMU"", ""sEMG""]","[""Inertial Measurement Unit (IMU)"", ""Surface Electromyography (sEMG)""]","[""IMU"", ""sEMG""]","['imu', 'semg', 'inerti measur unit imu', 'surfac electromyographi semg']"
31469648,"[""EEG""], [""EEG"", ""signals""]","[""EEG""]","[""EEG"", ""signals""]","['signal', 'eeg']"
31472262,,,"[""FLAIR MRI""]",[]
31473518,"[""Anterior-posterior (AP)"", ""Lateral (LAT)""], [""Anterior-posterior (AP) view"", ""Lateral (LAT) view""]","[""Anterior-posterior (AP)"", ""Lateral (LAT)""]","[""Anterior-posterior (AP) view"", ""Lateral (LAT) view""]","['anteriorposterior ap', 'later lat', 'later lat view', 'anteriorposterior ap view']"
31476750,"[""Magnetic Resonance Imaging""], [""Dynamic imaging"", ""3D""]","[""Magnetic Resonance Imaging""]","[""Dynamic imaging"", ""3D""]","['dynam imag', 'magnet reson imag', '3d']"
31477924,"[""Biochemical"", ""Cell-based""], [""molecular""]","[""Biochemical"", ""Cell-based""]","[""molecular""]","['biochem', 'cellbas', 'molecular']"
31479448,"[""Chest X-rays""], [{""Accuracy"": [""0.88 [0.82-0.90]"", ""0.75 [0.66-0.87]""], ""Modality"": ""Chest x-rays""}]","[""Chest X-rays""]","[{""Accuracy"": [""0.88 [0.82-0.90]"", ""0.75 [0.66-0.87]""], ""Modality"": ""Chest x-rays""}]","['accuraci 088 082090', '075 066087', 'chest xray', 'modal chest xray']"
31479590,"[""Text""], [""text""]","[""Text""]","[""text""]",['text']
31481707,"[""Pharmacological"", ""Molecular""], [""Multimodal data""]","[""Pharmacological"", ""Molecular""]","[""Multimodal data""]","['multimod data', 'pharmacolog', 'molecular']"
31494186,"[""histology"", ""high-resolution images""], [""Histological images""]","[""histology"", ""high-resolution images""]","[""Histological images""]","['highresolut imag', 'histolog', 'histolog imag']"
31502268,"[""Functional Connectivity"", ""Seed-Based""], [""functional connectivity"", ""machine learning""]","[""Functional Connectivity"", ""Seed-Based""]","[""functional connectivity"", ""machine learning""]","['seedbas', 'function connect', 'machin learn']"
31505292,"[""Magnetic Resonance Imaging""], [""MRI""]","[""Magnetic Resonance Imaging""]","[""MRI""]","['mri', 'magnet reson imag']"
31507022,"[""FDG-PET images""], [""PET images""]","[""FDG-PET images""]","[""PET images""]","['fdgpet imag', 'pet imag']"
31508207,"[""scRNA-seq"", ""Drop-seq"", ""10X Chromium"", ""Seq-Well""], [""RNA sequencing""]","[""scRNA-seq"", ""Drop-seq"", ""10X Chromium"", ""Seq-Well""]","[""RNA sequencing""]","['rna sequenc', 'dropseq', 'scrnaseq', '10x chromium', 'seqwel']"
31534203,"[""Pathology""], []","[""Pathology""]",[],"['', 'patholog']"
31508367,"[""MR"", ""ADC""], [""MRI""]","[""MR"", ""ADC""]","[""MRI""]","['adc', 'mri', 'mr']"
31510700,"[""Somatic mutation"", ""Copy number aberration"", ""Gene expression""], [""Gene expression"", ""Somatic mutation"", ""Copy number aberration""]","[""Somatic mutation"", ""Copy number aberration"", ""Gene expression""]","[""Gene expression"", ""Somatic mutation"", ""Copy number aberration""]","['copi number aberr', 'somat mutat', 'gene express']"
31513271,"[""Imaging""], []","[""Imaging""]",[],"['', 'imag']"
31513622,"[""EEG""], [""EEG""]","[""EEG""]","[""EEG""]",['eeg']
31515756,"[""CT""], [""Computer Tomography"", ""Image Denoising""]","[""CT""]","[""Computer Tomography"", ""Image Denoising""]","['comput tomographi', 'ct', 'imag denois']"
31517022,"[""MRI""], [""MRI""]","[""MRI""]","[""MRI""]",['mri']
31518278,"[""Wearable Sensor Data""], [""Wearable"", ""RAI-HC""]","[""Wearable Sensor Data""]","[""Wearable"", ""RAI-HC""]","['raihc', 'wearabl', 'wearabl sensor data']"
31519923,"[""MRI""], MRI","[""MRI""]",MRI,['mri']
31520320,"[""Neuropsychological"", ""Clinical""], [""Image"", ""Text""]","[""Neuropsychological"", ""Clinical""]","[""Image"", ""Text""]","['text', 'clinic', 'neuropsycholog', 'imag']"
31521248,"[""fMRI"", ""ICA""], [""MRI""]","[""fMRI"", ""ICA""]","[""MRI""]","['fmri', 'mri', 'ica']"
31525468,,,"[""Image"", ""Clinical""]",[]
31526255,"[""Dual-Energy X-ray Absorptiometry"", ""Vertebral Fracture Assessment""], [""Dual-energy x-ray absorptiometry""]","[""Dual-Energy X-ray Absorptiometry"", ""Vertebral Fracture Assessment""]","[""Dual-energy x-ray absorptiometry""]","['dualenergi xray absorptiometri', 'vertebr fractur assess']"
31537911,"[""Text"", ""Image""], [""Text data"", ""Image data"", ""Audio data""]","[""Text"", ""Image""]","[""Text data"", ""Image data"", ""Audio data""]","['text data', 'imag data', 'text', 'audio data', 'imag']"
31542453,"[""Spirometry""], [""Respiratory""]","[""Spirometry""]","[""Respiratory""]","['respiratori', 'spirometri']"
31542646,"[""MRI""], [""Image Data""]","[""MRI""]","[""Image Data""]","['mri', 'imag data']"
31546048,"[""MRI""], [""T1-weighted MRIs""]","[""MRI""]","[""T1-weighted MRIs""]","['mri', 't1weight mri']"
31546227,"[""2D echocardiograms""], [""Echocardiograms""]","[""2D echocardiograms""]","[""Echocardiograms""]","['echocardiogram', '2d echocardiogram']"
31551457,,"[""Primary Care Patients""]",,[]
31558433,,,"[{""Modality"": ""Cardiac Surgery""}]",[]
31570096,"[""Clinical"", ""Laboratory""], [""Clinical and laboratory parameters""]","[""Clinical"", ""Laboratory""]","[""Clinical and laboratory parameters""]","['clinic and laboratori paramet', 'laboratori', 'clinic']"
31576001,"[""Whole Slide Images"", ""Digital Slides""], [""Images""]","[""Whole Slide Images"", ""Digital Slides""]","[""Images""]","['whole slide imag', 'digit slide', 'imag']"
31581142,"[""Electrophysiology""], [""Electrical signals"", ""Mechanical stimuli""]","[""Electrophysiology""]","[""Electrical signals"", ""Mechanical stimuli""]","['mechan stimuli', 'electr signal', 'electrophysiolog']"
31586416,"[""3D models"", ""Color maps""], [""3D scans"", ""anthropometric measurements""]","[""3D models"", ""Color maps""]","[""3D scans"", ""anthropometric measurements""]","['anthropometr measur', 'color map', '3d scan', '3d model']"
31591579,"[""Single-cell data""], [""cytometry""]","[""Single-cell data""]","[""cytometry""]","['singlecel data', 'cytometri']"
31599345,"[""Neurological"", ""Clinical""], [""soleus Hoffmann reflexes"", ""Modified Ashworth Scale""]","[""Neurological"", ""Clinical""]","[""soleus Hoffmann reflexes"", ""Modified Ashworth Scale""]","['neurolog', 'clinic', 'soleu hoffmann reflex', 'modifi ashworth scale']"
31609046,"[""Image""], [""Image"", ""MRI""]","[""Image""]","[""Image"", ""MRI""]","['mri', 'imag']"
31610776,"[""home care clients""], [""Assistive devices"", ""Unsteady gait""]","[""home care clients""]","[""Assistive devices"", ""Unsteady gait""]","['unsteadi gait', 'home care client', 'assist devic']"
31615566,"[""laboratory results"", ""demographic data""], [""Age"", ""Sex"", ""Fasting blood glucose"", ""Body mass index"", ""High-density lipoprotein"", ""Triglycerides"", ""Blood pressure""]","[""laboratory results"", ""demographic data""]","[""Age"", ""Sex"", ""Fasting blood glucose"", ""Body mass index"", ""High-density lipoprotein"", ""Triglycerides"", ""Blood pressure""]","['triglycerid', 'bodi mass index', 'highdens lipoprotein', 'fast blood glucos', 'demograph data', 'sex', 'blood pressur', 'age', 'laboratori result']"
31619130,"[""Real-World Data"", ""Medical""], []","[""Real-World Data"", ""Medical""]",[],"['medic', '', 'realworld data']"
31622838,"[""MR Imaging""], [""MRI""]","[""MR Imaging""]","[""MRI""]","['mri', 'mr imag']"
31631618,"[""Magnetic Resonance Imaging (MRI)""], [""MRI""]","[""Magnetic Resonance Imaging (MRI)""]","[""MRI""]","['mri', 'magnet reson imag mri']"
31633863,"[""T1-weighted MRI""], [""MRI""]","[""T1-weighted MRI""]","[""MRI""]","['mri', 't1weight mri']"
31636101,"[""Images""], [""Image""]","[""Images""]","[""Image""]",['imag']
31636895,,,,[]
31638491,"[""CT"", ""MRI""], [""CT"", ""MRI""]","[""CT"", ""MRI""]","[""CT"", ""MRI""]","['mri', 'ct']"
31650017,"[""retina""], [""retina""]","[""retina""]","[""retina""]",['retina']
31655198,"[""Infrared"", ""Computed Tomography""], [""Infrared"", ""Computed tomography""]","[""Infrared"", ""Computed Tomography""]","[""Infrared"", ""Computed tomography""]","['comput tomographi', 'infrar']"
31655612,"[""motor"", ""kinesthetic""], [{""Modality_Name"": ""Motor""}]","[""motor"", ""kinesthetic""]","[{""Modality_Name"": ""Motor""}]","['modality_nam motor', 'motor', 'kinesthet']"
31656049,"[""Self-reported"", ""Biomarkers""], [""textual""]","[""Self-reported"", ""Biomarkers""]","[""textual""]","['textual', 'selfreport', 'biomark']"
31661081,,,[],[]
31661761,"[""Electroencephalograph (EEG)"", ""Dynamic signature""], [""Dynamic signatures"", ""EEG signals""]","[""Electroencephalograph (EEG)"", ""Dynamic signature""]","[""Dynamic signatures"", ""EEG signals""]","['electroencephalograph eeg', 'dynam signatur', 'eeg signal']"
31663066,"[""Genomic data"", ""Clinical data""], [""genomic"", ""mutation""]","[""Genomic data"", ""Clinical data""]","[""genomic"", ""mutation""]","['clinic data', 'mutat', 'genom', 'genom data']"
31666135,"[""Vision"", ""Robotics""], [""Vision"", ""Proprioception""]","[""Vision"", ""Robotics""]","[""Vision"", ""Proprioception""]","['propriocept', 'robot', 'vision']"
31667829,"[""Clinical""], [{""text"": true}, {""image"": null}]","[""Clinical""]","[{""text"": true}, {""image"": null}]","['text true', 'clinic', 'imag null']"
31671333,"[""Echocardiography""], [""2D echocardiographic images""]","[""Echocardiography""]","[""2D echocardiographic images""]","['echocardiographi', '2d echocardiograph imag']"
31675444,"[""Computed Tomography (CT)"", ""Three-Dimensional""], [""Image"", ""Fluence""]","[""Computed Tomography (CT)"", ""Three-Dimensional""]","[""Image"", ""Fluence""]","['imag', 'fluenc', 'threedimension', 'comput tomographi ct']"
31679176,"[""RNA-seq"", "" Histology""], [""transcripts""]","[""RNA-seq"", "" Histology""]","[""transcripts""]","['transcript', 'rnaseq', 'histolog']"
31683260,"[""Computed-Tomography (CT)"", ""Images""], [""Head and Neck CT images""]","[""Computed-Tomography (CT)"", ""Images""]","[""Head and Neck CT images""]","['head and neck ct imag', 'computedtomographi ct', 'imag']"
31691273,"[""MRI""], [""MRI""]","[""MRI""]","[""MRI""]",['mri']
31691815,,,"[""Text""]",[]
31694835,"[""Histology"", ""Exome sequencing"", ""RNA-sequencing analysis""], [""Histology and molecularly characterized by cytology and histology, exome sequencing, and RNA-sequencing analysis""]","[""Histology"", ""Exome sequencing"", ""RNA-sequencing analysis""]","[""Histology and molecularly characterized by cytology and histology, exome sequencing, and RNA-sequencing analysis""]","['histolog and molecularli character by cytolog and histolog', 'histolog', 'exom sequenc', 'and rnasequenc analysi', 'rnasequenc analysi']"
31696396,"[""Text"", ""Numerical""], [{""Tags"": [], ""Modality"": ""Text""}, {""Tags"": [], ""Modality"": ""Image""}, {""Tags"": [], ""Modality"": ""Audio""}]","[""Text"", ""Numerical""]","[{""Tags"": [], ""Modality"": ""Text""}, {""Tags"": [], ""Modality"": ""Image""}, {""Tags"": [], ""Modality"": ""Audio""}]","['modal audio', 'tag', 'numer', 'modal text', 'text', 'modal imag']"
31705492,"[""Questionnaires"", ""Medical records""], [""computerized techniques"", ""algorithms""]","[""Questionnaires"", ""Medical records""]","[""computerized techniques"", ""algorithms""]","['algorithm', 'computer techniqu', 'questionnair', 'medic record']"
31712272,"[""Text""], [""text""]","[""Text""]","[""text""]",['text']
31723436,"[""EDSS"", ""MSFC"", ""T2 lesion volume"", ""Brain parenchymal fraction""], [""Imaging"", ""Demographics""]","[""EDSS"", ""MSFC"", ""T2 lesion volume"", ""Brain parenchymal fraction""]","[""Imaging"", ""Demographics""]","['t2 lesion volum', 'edss', 'demograph', 'brain parenchym fraction', 'msfc', 'imag']"
31728792,"[""Machine-Based""], [null, null, null, ""image"", null, ""image"", null, null, ""video"", null]","[""Machine-Based""]","[null, null, null, ""image"", null, ""image"", null, null, ""video"", null]","['machinebas', 'video', 'null', 'imag']"
31730484,"[""Narrative clinical notes"", ""Chart review""], [""natural language processing"", ""knowledge-based rules""]","[""Narrative clinical notes"", ""Chart review""]","[""natural language processing"", ""knowledge-based rules""]","['knowledgebas rule', 'natur languag process', 'chart review', 'narr clinic note']"
31730620,"[""mRNAseq"", ""microarrays""], [""Gene expression values (≈ words)"", ""microarrays"", ""mRNAseq modality""]","[""mRNAseq"", ""microarrays""]","[""Gene expression values (≈ words)"", ""microarrays"", ""mRNAseq modality""]","['mrnaseq', 'gene express valu word', 'microarray', 'mrnaseq modal']"
31731092,"[""Fundus images""], [{""Text"": ""fundus images""}]","[""Fundus images""]","[{""Text"": ""fundus images""}]","['fundu imag', 'text fundu imag']"
31732979,,,"[""genetic markers"", ""plasma concentrations""]",[]
31733815,"[""electronic health record""], [{""count"": null, ""modality"": ""Text""}]","[""electronic health record""]","[{""count"": null, ""modality"": ""Text""}]","['count null', 'modal text', 'electron health record']"
31736698,"[""fMRI""], [{""Modality"": ""Brain imaging""}, {""Modality"": ""fMRI""}]","[""fMRI""]","[{""Modality"": ""Brain imaging""}, {""Modality"": ""fMRI""}]","['fmri', 'modal brain imag', 'modal fmri']"
31737980,"[""T1-weighted MRI""], [""3-dimensional T1-weighted MRI""]","[""T1-weighted MRI""]","[""3-dimensional T1-weighted MRI""]","['3dimension t1weight mri', 't1weight mri']"
31746764,"[""App Use"", ""Pain Statistics""], {""Text"": null, ""Audio"": null}","[""App Use"", ""Pain Statistics""]","{""Text"": null, ""Audio"": null}","['audio null', 'pain statist', 'app use', 'text null']"
31751328,"[""Behavioral""], [""Behavioral Neuroscience""]","[""Behavioral""]","[""Behavioral Neuroscience""]","['behavior', 'behavior neurosci']"
31752158,"[""Accelerometers"", ""Gyroscopes""], [""accelerometers"", ""gyroscopes""]","[""Accelerometers"", ""Gyroscopes""]","[""accelerometers"", ""gyroscopes""]","['gyroscop', 'acceleromet']"
31754634,"[""Structural MRI"", ""FDG-PET"", ""Machine Learning""], [""structural MRI"", ""machine learning"", ""FDG-PET and multimodal imaging""]","[""Structural MRI"", ""FDG-PET"", ""Machine Learning""]","[""structural MRI"", ""machine learning"", ""FDG-PET and multimodal imaging""]","['structur mri', 'fdgpet and multimod imag', 'machin learn', 'fdgpet']"
31755665,"[""Imaging data"", ""Functional connectivity""], [{""Modality_Name"": ""MRI""}, {""Modality_Name"": ""EEG""}]","[""Imaging data"", ""Functional connectivity""]","[{""Modality_Name"": ""MRI""}, {""Modality_Name"": ""EEG""}]","['modality_nam mri', 'modality_nam eeg', 'imag data', 'function connect']"
31758044,"[""EEG"", ""ERP""], [""EEG"", ""ERP""]","[""EEG"", ""ERP""]","[""EEG"", ""ERP""]","['eeg', 'erp']"
31760210,"[""EEG""], [""EEG""]","[""EEG""]","[""EEG""]",['eeg']
31769622,"[""magnetic resonance imaging""], [""Brain Volume"", ""Cortical Thickness""]","[""magnetic resonance imaging""]","[""Brain Volume"", ""Cortical Thickness""]","['brain volum', 'cortic thick', 'magnet reson imag']"
31772171,"[""Cortical thickness""], [""cortical thickness data"", ""core-domain phenotypic features""]","[""Cortical thickness""]","[""cortical thickness data"", ""core-domain phenotypic features""]","['coredomain phenotyp featur', 'cortic thick data', 'cortic thick']"
31780395,"[""CT imaging""], [""Imaging""]","[""CT imaging""]","[""Imaging""]","['ct imag', 'imag']"
31782551,"[""MRI""], [""Magnetic resonance imaging (MRI)"", ""Proton density fat fraction measurements"", ""X-nuclei applications""]","[""MRI""]","[""Magnetic resonance imaging (MRI)"", ""Proton density fat fraction measurements"", ""X-nuclei applications""]","['xnuclei applic', 'mri', 'magnet reson imag mri', 'proton densiti fat fraction measur']"
31785402,"[""T1-weighted"", ""T2-weighted""], [""T1-weighted"", ""T2-weighted""]","[""T1-weighted"", ""T2-weighted""]","[""T1-weighted"", ""T2-weighted""]","['t2weight', 't1weight']"
31787423,"[""psychiatric diagnoses"", ""psychiatric symptoms""], {""text_data"": false, ""audio_data"": false, ""image_data"": false}","[""psychiatric diagnoses"", ""psychiatric symptoms""]","{""text_data"": false, ""audio_data"": false, ""image_data"": false}","['psychiatr diagnos', 'audio_data fals', 'text_data fals', 'image_data fals', 'psychiatr symptom']"
31795060,"[""MRI""], [""MRI"", ""Image analysis""]","[""MRI""]","[""MRI"", ""Image analysis""]","['mri', 'imag analysi']"
31795063,"[""Fluorodeoxyglucose positron emission tomography""], [""MRI"", ""Positron Emission Tomography""]","[""Fluorodeoxyglucose positron emission tomography""]","[""MRI"", ""Positron Emission Tomography""]","['fluorodeoxyglucos positron emiss tomographi', 'mri', 'positron emiss tomographi']"
31796060,"[""text"", ""bibliometrics""], [""Text""]","[""text"", ""bibliometrics""]","[""Text""]","['text', 'bibliometr']"
31797142,"[""Magnetic Resonance Images""], [""MRI""]","[""Magnetic Resonance Images""]","[""MRI""]","['mri', 'magnet reson imag']"
31797592,,"[""text""]",,[]
31797603,,,,[]
31797611,"[""Genome-wide""], [""Epigenomic data"", ""Peak detection""]","[""Genome-wide""]","[""Epigenomic data"", ""Peak detection""]","['epigenom data', 'genomewid', 'peak detect']"
31798403,"[""EEG""], [""EEG""]","[""EEG""]","[""EEG""]",['eeg']
31800431,"[""Virtual Reality""], [""Virtual reality"", ""Surgical simulation""]","[""Virtual Reality""]","[""Virtual reality"", ""Surgical simulation""]","['virtual realiti', 'surgic simul']"
31805020,"[""age"", ""vital signs (heart rate, respiratory rate, and temperature) capillary refill time, altered mental state""], [""Age"", ""Respiratory rate"", ""Capillary refill time"", ""Altered mental state""]","[""age"", ""vital signs (heart rate, respiratory rate, and temperature) capillary refill time, altered mental state""]","[""Age"", ""Respiratory rate"", ""Capillary refill time"", ""Altered mental state""]","['alter mental state', 'vital sign heart rate', 'respiratori rate', 'and temperatur capillari refil time', 'capillari refil time', 'age']"
31812131,"[""Magnetic Resonance (MR)""], [""MR images""]","[""Magnetic Resonance (MR)""]","[""MR images""]","['mr imag', 'magnet reson mr']"
31815574,"[""Computed Tomography""], [""CT scans""]","[""Computed Tomography""]","[""CT scans""]","['comput tomographi', 'ct scan']"
31816503,"[""Medical Imaging""], [""image data"", ""text data""]","[""Medical Imaging""]","[""image data"", ""text data""]","['imag data', 'medic imag', 'text data']"
31821482,"[""Serial PT-INR values""], [""prothrombin time international normalized ratio measurements""]","[""Serial PT-INR values""]","[""prothrombin time international normalized ratio measurements""]","['serial ptinr valu', 'prothrombin time intern normal ratio measur']"
31821865,"[""Magnetic resonance imaging""], [""MRI"", ""T1-weighted images""]","[""Magnetic resonance imaging""]","[""MRI"", ""T1-weighted images""]","['t1weight imag', 'mri', 'magnet reson imag']"
31822130,"[""video"", ""audio""], [""robotic pet seal"", ""video recording""]","[""video"", ""audio""]","[""robotic pet seal"", ""video recording""]","['robot pet seal', 'audio', 'video', 'video record']"
31832652,,,"[""Virtual Reality"", ""Artificial Intelligence""]",[]
31835700,"[""RNA-Seq""], [""gene expression"", ""mRNA""]","[""RNA-Seq""]","[""gene expression"", ""mRNA""]","['mrna', 'rnaseq', 'gene express']"
31845024,,,,[]
31847220,"[""Force sensitive resistors""], [""Force Sensitive Resistors""]","[""Force sensitive resistors""]","[""Force Sensitive Resistors""]",['forc sensit resistor']
31852412,"[""Medical""], [""Computed Tomography""]","[""Medical""]","[""Computed Tomography""]","['medic', 'comput tomographi']"
31856806,"[""Text""], [""Text""]","[""Text""]","[""Text""]",['text']
31860899,"[""Ultrasound"", ""Fluoroscopy""], [""Ultrasound""]","[""Ultrasound"", ""Fluoroscopy""]","[""Ultrasound""]","['fluoroscopi', 'ultrasound']"
31863034,"[""Diffusion-Weighted Magnetic Resonance Imaging (DWI)""], [""Imaging""]","[""Diffusion-Weighted Magnetic Resonance Imaging (DWI)""]","[""Imaging""]","['imag', 'diffusionweight magnet reson imag dwi']"
31866804,"[""EEG""], [""EEG""]","[""EEG""]","[""EEG""]",['eeg']
31867331,,,"[""Text"", ""Calcium homeostasis"", ""Mitochondrial function""]",[]
31868580,"[""Cardiac electrophysiology""], [""electrophysiology"", ""excitation-contraction coupling""]","[""Cardiac electrophysiology""]","[""electrophysiology"", ""excitation-contraction coupling""]","['excitationcontract coupl', 'cardiac electrophysiolog', 'electrophysiolog']"
31871069,,,"[""Image data"", ""Clinical data""]",[]
31872289,"[], [""text""]",[],"[""text""]","['', 'text']"
31883208,"[""Ankle proprioception""], [""torque perturbations"", ""gait speed""]","[""Ankle proprioception""]","[""torque perturbations"", ""gait speed""]","['ankl propriocept', 'gait speed', 'torqu perturb']"
31884486,"[""PET imaging"", ""Neuropsychological tests"", ""MRI volumetrics"", ""Cerebrospinal fluid biomarkers""], [""Imaging"", ""Biomarkers""]","[""PET imaging"", ""Neuropsychological tests"", ""MRI volumetrics"", ""Cerebrospinal fluid biomarkers""]","[""Imaging"", ""Biomarkers""]","['biomark', 'cerebrospin fluid biomark', 'pet imag', 'mri volumetr', 'neuropsycholog test', 'imag']"
31885041,"[""Graph""], [""text"", ""graph""]","[""Graph""]","[""text"", ""graph""]","['graph', 'text']"
31887617,"[""3D ultrasound images""], [""3D ultrasound""]","[""3D ultrasound images""]","[""3D ultrasound""]","['3d ultrasound', '3d ultrasound imag']"
31896239,,,,[]
31899530,,,"[""Text data"", ""Image data""]",[]
31900980,"[""3D Kinematics""], [""three-dimensional kinematic data""]","[""3D Kinematics""]","[""three-dimensional kinematic data""]","['3d kinemat', 'threedimension kinemat data']"
31901611,"[""Imaging""], [""Image""]","[""Imaging""]","[""Image""]",['imag']
31905456,"[""Imaging"", ""Large Epidemiological Data Sets""], [{""Modality"": ""Imaging analysis""}]","[""Imaging"", ""Large Epidemiological Data Sets""]","[{""Modality"": ""Imaging analysis""}]","['larg epidemiolog data set', 'modal imag analysi', 'imag']"
31915534,"[""Quantitative ultrasound"", ""Radiomic""], [""Ultrasound""]","[""Quantitative ultrasound"", ""Radiomic""]","[""Ultrasound""]","['quantit ultrasound', 'ultrasound', 'radiom']"
31918375,"[""Clinical"", ""Imaging""], [""SPECT"", ""clinical""]","[""Clinical"", ""Imaging""]","[""SPECT"", ""clinical""]","['spect', 'clinic', 'imag']"
31918991,"[""Upper limb sensorimotor and cognition functions""], [""motor"", ""cognitive"", ""sensory""]","[""Upper limb sensorimotor and cognition functions""]","[""motor"", ""cognitive"", ""sensory""]","['sensori', 'upper limb sensorimotor and cognit function', 'motor', 'cognit']"
31927071,"[""Genetic data"", ""Environmental data""], [{""Type"": ""Emotional over-eating"", ""Method"": ""Child Eating Behavior Questionnaire""}, {""Type"": ""Food Responsiveness"", ""Method"": ""Child Eating Behavior Questionnaire""}, {""Type"": ""Food Enjoyment"", ""Method"": ""Child Eating Behavior Questionnaire""}]","[""Genetic data"", ""Environmental data""]","[{""Type"": ""Emotional over-eating"", ""Method"": ""Child Eating Behavior Questionnaire""}, {""Type"": ""Food Responsiveness"", ""Method"": ""Child Eating Behavior Questionnaire""}, {""Type"": ""Food Enjoyment"", ""Method"": ""Child Eating Behavior Questionnaire""}]","['type food respons', 'environment data', 'genet data', 'method child eat behavior questionnair', 'type emot over', 'type food enjoy']"
31932608,"[""ECG""], [""ECG""]","[""ECG""]","[""ECG""]",['ecg']
31937619,"[""MR Imaging""], [""MRI""]","[""MR Imaging""]","[""MRI""]","['mri', 'mr imag']"
31950862,"[""NeuroTracker""], [""3D multiple object tracking""]","[""NeuroTracker""]","[""3D multiple object tracking""]","['3d multipl object track', 'neurotrack']"
31952981,"[""EEG""], [""EEG""]","[""EEG""]","[""EEG""]",['eeg']
31955415,"[""3D LGE-MR"", ""2D""], [""MRI"", ""3D""]","[""3D LGE-MR"", ""2D""]","[""MRI"", ""3D""]","['2d', 'mri', '3d lgemr', '3d']"
31961432,"[""16S rRNA gene sequencing"", ""Metagenomic sequencing""], [""16S rRNA gene sequencing"", ""metagenomic sequencing""]","[""16S rRNA gene sequencing"", ""Metagenomic sequencing""]","[""16S rRNA gene sequencing"", ""metagenomic sequencing""]","['metagenom sequenc', '16 rrna gene sequenc']"
31964625,"[""Affiliation""], [{""Modality"": ""CD8[+] T cells""}, {""Modality"": ""IL22-producing CD8[+] Tc22 subset""}]","[""Affiliation""]","[{""Modality"": ""CD8[+] T cells""}, {""Modality"": ""IL22-producing CD8[+] Tc22 subset""}]","['affili', 'modal cd8 t cell', 'modal il22produc cd8 tc22 subset']"
31967531,"[""Eye gaze"", ""Auditory feedback"", ""Vibrotactile feedback""], [""Auditory"", ""Vibrotactile""]","[""Eye gaze"", ""Auditory feedback"", ""Vibrotactile feedback""]","[""Auditory"", ""Vibrotactile""]","['vibrotactil feedback', 'vibrotactil', 'eye gaze', 'auditori feedback', 'auditori']"
31967990,"[""Gene expression"", ""Drug response""], [""Gene Expression"", ""Drug Response""]","[""Gene expression"", ""Drug response""]","[""Gene Expression"", ""Drug Response""]","['drug respons', 'gene express']"
31969896,,"[""Clinical measurements""]",,[]
31971257,"[""Facial skin signs"", ""Selfie pictures""], [""images"", ""lighting conditions""]","[""Facial skin signs"", ""Selfie pictures""]","[""images"", ""lighting conditions""]","['selfi pictur', 'light condit', 'facial skin sign', 'imag']"
31971940,,"[""Genomic Biology""]",,[]
31973994,,,"[""Survey"", ""Questionnaire""]",[]
31978179,"[""MRI"", ""Diffusion and Perfusion""], [""MRI"", ""Diffusion and Perfusion""]","[""MRI"", ""Diffusion and Perfusion""]","[""MRI"", ""Diffusion and Perfusion""]","['mri', 'diffus and perfus']"
31982495,"[""thermograms""], [""thermal imaging""]","[""thermograms""]","[""thermal imaging""]","['thermal imag', 'thermogram']"
31989163,"[""blood"", ""brain""], [""Gene Expression"", ""Neuropathology"", ""Clinical Deterioration""]","[""blood"", ""brain""]","[""Gene Expression"", ""Neuropathology"", ""Clinical Deterioration""]","['blood', 'brain', 'neuropatholog', 'gene express', 'clinic deterior']"
31991302,,,"[""Text""]",[]
31999324,"[""Functional MRI"", ""Behavioral questionnaire""], [""Functional brain measurements""]","[""Functional MRI"", ""Behavioral questionnaire""]","[""Functional brain measurements""]","['function brain measur', 'behavior questionnair', 'function mri']"
32001673,,,[],[]
32003517,"[""MRI"", ""Clinical""], [""MRI""]","[""MRI"", ""Clinical""]","[""MRI""]","['mri', 'clinic']"
32007318,"[""Computed Tomography (CT) scans""], [""CT scans""]","[""Computed Tomography (CT) scans""]","[""CT scans""]","['ct scan', 'comput tomographi ct scan']"
32007701,"[""Echocardiography""], [""2D"", ""3D""]","[""Echocardiography""]","[""2D"", ""3D""]","['2d', 'echocardiographi', '3d']"
32011021,"[""Magnetic Resonance Angiography""], [""3D non-Cartesian image data""]","[""Magnetic Resonance Angiography""]","[""3D non-Cartesian image data""]","['magnet reson angiographi', '3d noncartesian imag data']"
32013871,"[""CT"", ""Images""], [""CT images""]","[""CT"", ""Images""]","[""CT images""]","['ct', 'ct imag', 'imag']"
32016430,"[""functional magnetic resonance imaging"", ""working memory""], [""fMRI""]","[""functional magnetic resonance imaging"", ""working memory""]","[""fMRI""]","['fmri', 'function magnet reson imag', 'work memori']"
32021737,"[""fMRI"", ""MRI""], [""Structural imaging"", ""Functional imaging""]","[""fMRI"", ""MRI""]","[""Structural imaging"", ""Functional imaging""]","['fmri', 'mri', 'structur imag', 'function imag']"
32023504,"[""CT"", ""RT""], [""clinical"", ""imaging"", ""RT""]","[""CT"", ""RT""]","[""clinical"", ""imaging"", ""RT""]","['clinic', 'ct', 'rt', 'imag']"
32024819,"[""genomics""], genomics, genetics","[""genomics""]","genomics, genetics","['genet', 'genom']"
32024849,"[""Genomic""], [""Genomics"", ""Pathology""]","[""Genomic""]","[""Genomics"", ""Pathology""]","['genom', 'patholog']"
32025015,,,[],[]
32026444,"[""Bi-planar radiographs"", ""3D reconstruction"", ""Da Vinci views""], [""radiographs"", ""3D reconstruction""]","[""Bi-planar radiographs"", ""3D reconstruction"", ""Da Vinci views""]","[""radiographs"", ""3D reconstruction""]","['3d reconstruct', 'da vinci view', 'radiograph', 'biplanar radiograph']"
32585698,,,,[]
32039500,,,"[""Genomics""]",[]
32039563,"[""Clinical"", ""Biological""], [""clinical"", ""biological""]","[""Clinical"", ""Biological""]","[""clinical"", ""biological""]","['clinic', 'biolog']"
32042111,"[""hand motion""], [""hand motion"", ""spectrotemporal characteristics""]","[""hand motion""]","[""hand motion"", ""spectrotemporal characteristics""]","['spectrotempor characterist', 'hand motion']"
32045708,"[""mJOA score"", ""SF-36 (MCS) and PCS""], [""machine learning"", ""logistic regression""]","[""mJOA score"", ""SF-36 (MCS) and PCS""]","[""machine learning"", ""logistic regression""]","['sf36 mc and pc', 'machin learn', 'mjoa score', 'logist regress']"
32053425,"[""Photographs""], [""Photographs"", ""Videos""]","[""Photographs""]","[""Photographs"", ""Videos""]","['photograph', 'video']"
32054511,"[""Robot""], [""Sensorimotor_control"", ""Visuospatial_skills""]","[""Robot""]","[""Sensorimotor_control"", ""Visuospatial_skills""]","['visuospatial_skil', 'sensorimotor_control', 'robot']"
32055239,,[],,[]
32056739,"[""Administrative""], [""text""]","[""Administrative""]","[""text""]","['text', 'administr']"
32059918,"[""Automated Breast Ultrasound""], [""Transverse"", ""Coronal""]","[""Automated Breast Ultrasound""]","[""Transverse"", ""Coronal""]","['transvers', 'coron', 'autom breast ultrasound']"
32071383,"[""Cell line"", ""Xenograft""], [""genetic data"", ""cell line and xenograft""]","[""Cell line"", ""Xenograft""]","[""genetic data"", ""cell line and xenograft""]","['cell line and xenograft', 'cell line', 'xenograft', 'genet data']"
32063026,"[""CT"", ""FDG PET-CT""], [{""Modality"": ""Computed Tomography (CT)""}, {""Modality"": ""[18]F-FDG PET-CT""}]","[""CT"", ""FDG PET-CT""]","[{""Modality"": ""Computed Tomography (CT)""}, {""Modality"": ""[18]F-FDG PET-CT""}]","['modal 18ffdg petct', 'modal comput tomographi ct', 'ct', 'fdg petct']"
32064241,"[""Sagittal"", ""Ultrasound""], [""Ultrasound images""]","[""Sagittal"", ""Ultrasound""]","[""Ultrasound images""]","['sagitt', 'ultrasound', 'ultrasound imag']"
32065732,,,"[""text""]",[]
32068890,,"[""Laryngtorhinolaryngology""]",,[]
32069213,"[""Text""], [""Text"", ""Dialogue""]","[""Text""]","[""Text"", ""Dialogue""]","['text', 'dialogu']"
32070812,"[""Electrical"", ""Pneumatic""], [""Electrical median nerve stimulation"", ""Pneumatic stimulation""]","[""Electrical"", ""Pneumatic""]","[""Electrical median nerve stimulation"", ""Pneumatic stimulation""]","['electr', 'pneumat stimul', 'pneumat', 'electr median nerv stimul']"
32071143,,"[""Text""]",,[]
32071251,"[""Clinical""], [""text""]","[""Clinical""]","[""text""]","['text', 'clinic']"
32071965,"[""voice localizer paradigm"", ""functional magnetic resonance imaging""], [""Voice perception""]","[""voice localizer paradigm"", ""functional magnetic resonance imaging""]","[""Voice perception""]","['function magnet reson imag', 'voic percept', 'voic local paradigm']"
32072271,,"[""Functional testing""]",,[]
32076662,"[""Magnetic Resonance Imaging""], [{""modality"": ""image"", ""quantity"": 100}, {""modality"": ""video"", ""quantity"": 50}]","[""Magnetic Resonance Imaging""]","[{""modality"": ""image"", ""quantity"": 100}, {""modality"": ""video"", ""quantity"": 50}]","['quantiti 50', 'quantiti 100', 'magnet reson imag', 'modal imag', 'modal video']"
32079905,"[""Chest computed tomography"", ""Dual-energy x-ray absorptiometry""], [""Chest Computed Tomography""]","[""Chest computed tomography"", ""Dual-energy x-ray absorptiometry""]","[""Chest Computed Tomography""]","['dualenergi xray absorptiometri', 'chest comput tomographi']"
32088358,"[""symptom assessments""], []","[""symptom assessments""]",[],"['', 'symptom assess']"
32088562,"[""Radiomics""], [""radiomics"", ""clinical outcomes""]","[""Radiomics""]","[""radiomics"", ""clinical outcomes""]","['clinic outcom', 'radiom']"
32106247,"[""Virtual Reality"", ""Ultrasonic Aspirator"", ""Bipolar""], [""Virtual Reality"", ""Artificial Intelligence""]","[""Virtual Reality"", ""Ultrasonic Aspirator"", ""Bipolar""]","[""Virtual Reality"", ""Artificial Intelligence""]","['artifici intellig', 'virtual realiti', 'bipolar', 'ultrason aspir']"
32108120,"[""Text""], [""Text"", ""Image""]","[""Text""]","[""Text"", ""Image""]","['text', 'imag']"
32108230,"[""electrophysiological activity""], [""Electrophysiology"", ""Neuroimaging""]","[""electrophysiological activity""]","[""Electrophysiology"", ""Neuroimaging""]","['electrophysiolog', 'neuroimag', 'electrophysiolog activ']"
32109360,"[{""Modality"": ""DNA sequencing""}, {""Modality"": ""RNA sequencing""}], [""bacterial"", ""fungal""]","[{""Modality"": ""DNA sequencing""}, {""Modality"": ""RNA sequencing""}]","[""bacterial"", ""fungal""]","['bacteri', 'fungal', 'modal rna sequenc', 'modal dna sequenc']"
32110753,"[""Medical""], {""variables_used"": [{""modality"": ""medical"", ""variables"": 68}, {""modality"": ""demographics"", ""variables"": null}]}","[""Medical""]","{""variables_used"": [{""modality"": ""medical"", ""variables"": 68}, {""modality"": ""demographics"", ""variables"": null}]}","['medic', 'variabl 68', 'variables_us modal medic', 'variabl null', 'modal demograph']"
32111185,"[""Whole-exome sequencing""], [""Genomics"", ""Machine learning""]","[""Whole-exome sequencing""]","[""Genomics"", ""Machine learning""]","['machin learn', 'wholeexom sequenc', 'genom']"
32130646,"[""ECG"", ""CT""], [""ECG-gated CT volumes""]","[""ECG"", ""CT""]","[""ECG-gated CT volumes""]","['ecg', 'ct', 'ecggat ct volum']"
32135531,"[""Magnetic Resonance Imaging""], [{""Modality"": ""MRI""}]","[""Magnetic Resonance Imaging""]","[{""Modality"": ""MRI""}]","['modal mri', 'magnet reson imag']"
32143792,,,"[""text"", ""ML""]",[]
32144629,"[""Structured Light Scanning""], [""3D Surface Models"", ""Texture Information""]","[""Structured Light Scanning""]","[""3D Surface Models"", ""Texture Information""]","['structur light scan', 'textur inform', '3d surfac model']"
32152777,"[""Microvascular breast reconstructions""], [""Text"", ""Classification""]","[""Microvascular breast reconstructions""]","[""Text"", ""Classification""]","['microvascular breast reconstruct', 'text', 'classif']"
32153047,"[""DNA methylation"", ""cf-RNA expression""], [""DNA Methylation"", ""Cell-Free RNA""]","[""DNA methylation"", ""cf-RNA expression""]","[""DNA Methylation"", ""Cell-Free RNA""]","['dna methyl', 'cfrna express', 'cellfre rna']"
32157112,"[""RNA-Seq""], [{""count"": 1, ""modality"": ""microRNA""}]","[""RNA-Seq""]","[{""count"": 1, ""modality"": ""microRNA""}]","['modal microrna', 'rnaseq', 'count 1']"
32161279,"[], [{""modality"": ""Image""}, {""modality"": ""Text""}]",[],"[{""modality"": ""Image""}, {""modality"": ""Text""}]","['', 'modal text', 'modal imag']"
32164378,"[""Apparent diffusion coefficient (ADC) imaging"", ""Computed high-b value diffusion weighted imaging (CHB-DWI)"", ""Diffusion weighted imaging (DWI)""], [""DWI"", ""CHB-DWI""]","[""Apparent diffusion coefficient (ADC) imaging"", ""Computed high-b value diffusion weighted imaging (CHB-DWI)"", ""Diffusion weighted imaging (DWI)""]","[""DWI"", ""CHB-DWI""]","['dwi', 'chbdwi', 'appar diffus coeffici adc imag', 'comput highb valu diffus weight imag chbdwi', 'diffus weight imag dwi']"
32164523,"[""Gene expression data""], [""Gene expression data""]","[""Gene expression data""]","[""Gene expression data""]",['gene express data']
32165206,"[""Molecular"", ""Pathologic""], [""Image"", ""Text""]","[""Molecular"", ""Pathologic""]","[""Image"", ""Text""]","['text', 'patholog', 'imag', 'molecular']"
32166265,"[""Clinical""], [""Medical records"", ""Laboratory values""]","[""Clinical""]","[""Medical records"", ""Laboratory values""]","['laboratori valu', 'clinic', 'medic record']"
32166768,"[""3D Transrectal Ultrasound""], [""3D transrectal ultrasound images""]","[""3D Transrectal Ultrasound""]","[""3D transrectal ultrasound images""]","['3d transrect ultrasound imag', '3d transrect ultrasound']"
32168124,,,,[]
32174253,"[""Ultrasound""], {""Image_Texture_Variables"": 31}","[""Ultrasound""]","{""Image_Texture_Variables"": 31}","['ultrasound', 'image_texture_vari 31']"
32174330,"[""Cardiac magnetic resonance imaging""], [""optical flow"", ""motion features""]","[""Cardiac magnetic resonance imaging""]","[""optical flow"", ""motion features""]","['optic flow', 'motion featur', 'cardiac magnet reson imag']"
32178532,"[""Clinical"", ""Administrative""], Clinical","[""Clinical"", ""Administrative""]",Clinical,"['clinic', 'administr']"
32179311,"[""Electrocardiography"", ""Echocardiography"", ""Magnetic resonance imaging"", ""Coronary angiography""], electrocardiography, echocardiography, magnetic resonance imaging, and coronary angiography","[""Electrocardiography"", ""Echocardiography"", ""Magnetic resonance imaging"", ""Coronary angiography""]","electrocardiography, echocardiography, magnetic resonance imaging, and coronary angiography","['magnet reson imag', 'echocardiographi', 'coronari angiographi', 'electrocardiographi', 'and coronari angiographi']"
32181922,"[""Ultrasound""], [""Ultrasound Imaging"", ""US videos of the UE""]","[""Ultrasound""]","[""Ultrasound Imaging"", ""US videos of the UE""]","['us video of the ue', 'ultrasound', 'ultrasound imag']"
32185618,"[""Computed Tomography"", ""Positron Emission Tomography""], [""PET"", ""CT""]","[""Computed Tomography"", ""Positron Emission Tomography""]","[""PET"", ""CT""]","['comput tomographi', 'ct', 'pet', 'positron emiss tomographi']"
32185875,"[""Whole slide imaging""], [""Histology"", ""Immunogenetics""]","[""Whole slide imaging""]","[""Histology"", ""Immunogenetics""]","['whole slide imag', 'histolog', 'immunogenet']"
32187319,,,"[""Text""]",[]
32192211,"[""Telehealth"", ""Wearable technology"", ""Robotic surgical outcomes""], [""telehealth"", ""wearable technology""]","[""Telehealth"", ""Wearable technology"", ""Robotic surgical outcomes""]","[""telehealth"", ""wearable technology""]","['telehealth', 'robot surgic outcom', 'wearabl technolog']"
32193665,"[""CT scans"", ""Histopathology""], [""Computerized Tomography""]","[""CT scans"", ""Histopathology""]","[""Computerized Tomography""]","['ct scan', 'computer tomographi', 'histopatholog']"
32193870,"[""Computed Tomography (CT)""], [""Computed Tomography""]","[""Computed Tomography (CT)""]","[""Computed Tomography""]","['comput tomographi', 'comput tomographi ct']"
32198433,"[""Clinical Variables""], [""Age at diagnosis"", ""Lymph nodes""]","[""Clinical Variables""]","[""Age at diagnosis"", ""Lymph nodes""]","['clinic variabl', 'lymph node', 'age at diagnosi']"
32204950,"[""Clinical""], [""detailed clinical information""]","[""Clinical""]","[""detailed clinical information""]","['clinic', 'detail clinic inform']"
32206688,"[""Medical images"", ""Planar (two-dimensional) medical images"", ""Volumetric (three-dimensional) medical images""], [""Planar (2D)"", ""Volumetric (3D)""]","[""Medical images"", ""Planar (two-dimensional) medical images"", ""Volumetric (three-dimensional) medical images""]","[""Planar (2D)"", ""Volumetric (3D)""]","['planar twodimension medic imag', 'volumetr threedimension medic imag', 'planar 2d', 'volumetr 3d', 'medic imag']"
32208981,"[""Video"", ""Other""], [""Video-recordings""]","[""Video"", ""Other""]","[""Video-recordings""]","['videorecord', 'other', 'video']"
32211747,"[""genetic"", ""contact investigation""], [""text""]","[""genetic"", ""contact investigation""]","[""text""]","['text', 'genet', 'contact investig']"
32211946,"[""Abdominal Imaging""], [""Abdominal imaging"", ""Prostate cancer""]","[""Abdominal Imaging""]","[""Abdominal imaging"", ""Prostate cancer""]","['abdomin imag', 'prostat cancer']"
32217212,"[""Motion"", ""Ground Reaction Force""], [{""Modality"": ""Motion""}]","[""Motion"", ""Ground Reaction Force""]","[{""Modality"": ""Motion""}]","['motion', 'ground reaction forc', 'modal motion']"
32220387,,,,[]
32220502,"[""Functional MRI""], [""MRI""]","[""Functional MRI""]","[""MRI""]","['mri', 'function mri']"
32222642,"[""Dose""], [""dose distributions"", ""predicted dose distributions""]","[""Dose""]","[""dose distributions"", ""predicted dose distributions""]","['predict dose distribut', 'dose distribut', 'dose']"
32229177,"[""Physiological"", ""Movement""], [""exoskeletons or end-effector devices"", ""physiotherapy combined with body-weight support training""]","[""Physiological"", ""Movement""]","[""exoskeletons or end-effector devices"", ""physiotherapy combined with body-weight support training""]","['physiolog', 'physiotherapi combin with bodyweight support train', 'exoskeleton or endeffector devic', 'movement']"
32231077,"[""MRI"", ""T2"", ""ADC""], [""MRI"", ""ADC map""]","[""MRI"", ""T2"", ""ADC""]","[""MRI"", ""ADC map""]","['adc', 'mri', 'adc map', 't2']"
32232546,"[""16S rRNA-based high-throughput sequencing""], [{""text"": ""Fasting insulin and glucose levels""}, {""text"": ""insulin resistance was calculated with the homeostasis model assessment of insulin resistance (HOMA-IR)""}]","[""16S rRNA-based high-throughput sequencing""]","[{""text"": ""Fasting insulin and glucose levels""}, {""text"": ""insulin resistance was calculated with the homeostasis model assessment of insulin resistance (HOMA-IR)""}]","['16 rrnabas highthroughput sequenc', 'text fast insulin and glucos level', 'text insulin resist wa calcul with the homeostasi model assess of insulin resist homair']"
32235059,"[""PET"", ""FDG-PET""], [""PET""]","[""PET"", ""FDG-PET""]","[""PET""]","['fdgpet', 'pet']"
32241302,,"[""Neuroimaging""]",,[]
32246035,"[""Magnetoencephalography""], [""MEG connectome profiles""]","[""Magnetoencephalography""]","[""MEG connectome profiles""]","['meg connectom profil', 'magnetoencephalographi']"
32248366,"[""CT""], CT","[""CT""]",CT,['ct']
32249734,"[""healthcare""], [""healthcare"", ""analytics"", ""artificial intelligence""]","[""healthcare""]","[""healthcare"", ""analytics"", ""artificial intelligence""]","['analyt', 'artifici intellig', 'healthcar']"
32250302,"[""Neuroimaging"", ""Clinical""], [""Image"", ""Clinical""]","[""Neuroimaging"", ""Clinical""]","[""Image"", ""Clinical""]","['clinic', 'neuroimag', 'imag']"
32272344,"[""Cardiovascular magnetic resonance (CMR) images""], [""MRI"", ""Computer Vision""]","[""Cardiovascular magnetic resonance (CMR) images""]","[""MRI"", ""Computer Vision""]","['mri', 'cardiovascular magnet reson cmr imag', 'comput vision']"
32273836,"[""T1"", ""T2""], [""T1-weighted"", ""T2-weighted""]","[""T1"", ""T2""]","[""T1-weighted"", ""T2-weighted""]","['t2weight', 't1weight', 't1', 't2']"
32283555,,,"[""ImmPort Curation Team"", ""Division for Vaccine Discovery""]",[]
32284876,"[""Force data""], [""vertical bed reaction forces""]","[""Force data""]","[""vertical bed reaction forces""]","['vertic bed reaction forc', 'forc data']"
32287265,"[""mRNA"", ""microarray""], [""blood"", ""muscle""]","[""mRNA"", ""microarray""]","[""blood"", ""muscle""]","['mrna', 'blood', 'muscl', 'microarray']"
32300738,"[""Physician visits"", ""Ambulatory care visits"", ""Inpatient hospitalizations"", ""Community pharmacy dispenses""], [""Physician visits"", ""Ambulatory care visits"", ""Inpatient hospitalizations"", ""Community pharmacy dispenses""]","[""Physician visits"", ""Ambulatory care visits"", ""Inpatient hospitalizations"", ""Community pharmacy dispenses""]","[""Physician visits"", ""Ambulatory care visits"", ""Inpatient hospitalizations"", ""Community pharmacy dispenses""]","['ambulatori care visit', 'inpati hospit', 'physician visit', 'commun pharmaci dispens']"
32301353,,"[""Unstructured qualitative data"", ""Quantitative data""]",,[]
32303098,,"[""Health data""]",,[]
32304875,"[""text""], text, structured data","[""text""]","text, structured data","['text', 'structur data']"
32317241,"[""prostate brachytherapy""], [""Dosimetry"", ""Treatment plan modifications""]","[""prostate brachytherapy""]","[""Dosimetry"", ""Treatment plan modifications""]","['dosimetri', 'treatment plan modif', 'prostat brachytherapi']"
32318076,,"[""Bioclinical data""]",,[]
32319263,"[""Raman spectroscopy""], [""Raman spectroscopy""]","[""Raman spectroscopy""]","[""Raman spectroscopy""]",['raman spectroscopi']
32325033,"[""Biochemistry"", ""Neurology"", ""Pharmacology and Experimental Therapeutics""], [""Biomechanical signals, Physiological signals""]","[""Biochemistry"", ""Neurology"", ""Pharmacology and Experimental Therapeutics""]","[""Biomechanical signals, Physiological signals""]","['biochemistri', 'pharmacolog and experiment therapeut', 'physiolog signal', 'biomechan signal', 'neurolog']"
32326349,"[""Smart homes""], [""Spatial"", ""Temporal""]","[""Smart homes""]","[""Spatial"", ""Temporal""]","['smart home', 'spatial', 'tempor']"
32328674,"[""Hand Radiographs""], [""X-ray""]","[""Hand Radiographs""]","[""X-ray""]","['xray', 'hand radiograph']"
32328990,,,,[]
32329074,"[""Computed Tomography""], [""Computed Tomography""]","[""Computed Tomography""]","[""Computed Tomography""]",['comput tomographi']
32329723,,,,[]
32333121,"[""brain extracts"", ""NMR"", ""DI/LC-MS/MS""], [""metabolomics"", ""NMR and DI/LC-MS/MS""]","[""brain extracts"", ""NMR"", ""DI/LC-MS/MS""]","[""metabolomics"", ""NMR and DI/LC-MS/MS""]","['dilcmsm', 'metabolom', 'nmr', 'nmr and dilcmsm', 'brain extract']"
32335226,"[""Local Class Imbalance"", ""Artificial Neural Networks"", ""Support Vector Machines"", ""Random Forests""], [""Image"", ""Other clinical data""]","[""Local Class Imbalance"", ""Artificial Neural Networks"", ""Support Vector Machines"", ""Random Forests""]","[""Image"", ""Other clinical data""]","['random forest', 'local class imbal', 'other clinic data', 'artifici neural network', 'support vector machin', 'imag']"
32348182,"[""FDG PET"", ""CT"", ""PET/CT""], [""PET images""]","[""FDG PET"", ""CT"", ""PET/CT""]","[""PET images""]","['fdg pet', 'ct', 'petct', 'pet imag']"
32356095,"[""Ultrasound imaging"", ""RF data""], [""Ultrasound image""]","[""Ultrasound imaging"", ""RF data""]","[""Ultrasound image""]","['rf data', 'ultrasound imag']"
32361562,,,"[""demographic""]",[]
32365192,"[""blood""], [""MicroRNA""]","[""blood""]","[""MicroRNA""]","['blood', 'microrna']"
32366785,"[""Amyloid PET"", ""FDG PET""], [""PET""]","[""Amyloid PET"", ""FDG PET""]","[""PET""]","['fdg pet', 'amyloid pet', 'pet']"
32369563,"[""Tensor""], [""tensor factorization"", ""deep neural network""]","[""Tensor""]","[""tensor factorization"", ""deep neural network""]","['tensor', 'deep neural network', 'tensor factor']"
32372384,"[""Temporal Enhanced Ultrasound (TeUS)"", ""Apparent Diffusion Coefficient (ADC)"", ""Magnetic Resonance Imaging (MRI)""], [""MRI"", ""Ultrasound""]","[""Temporal Enhanced Ultrasound (TeUS)"", ""Apparent Diffusion Coefficient (ADC)"", ""Magnetic Resonance Imaging (MRI)""]","[""MRI"", ""Ultrasound""]","['appar diffus coeffici adc', 'ultrasound', 'mri', 'tempor enhanc ultrasound teu', 'magnet reson imag mri']"
32379801,"[""Optoelectronic system"", ""Markers""], [""marker positions on FOs surfaces""]","[""Optoelectronic system"", ""Markers""]","[""marker positions on FOs surfaces""]","['optoelectron system', 'marker posit on fo surfac', 'marker']"
32383971,"[""Administrative health data""], []","[""Administrative health data""]",[],"['', 'administr health data']"
32387817,,[],,[]
32388549,"[""text""], [""text""]","[""text""]","[""text""]",['text']
32396346,"[""Metaproteomic"", ""Proteomics""], [""proteomics"", ""metaproteomics""]","[""Metaproteomic"", ""Proteomics""]","[""proteomics"", ""metaproteomics""]","['proteom', 'metaproteom']"
32399513,"[""Digital biomarkers""], [""digital biomarkers""]","[""Digital biomarkers""]","[""digital biomarkers""]",['digit biomark']
32399621,"[""PET/CT""], [""PET/CT""]","[""PET/CT""]","[""PET/CT""]",['petct']
32404485,"[""Coronary Angioscopy""], [""Images""]","[""Coronary Angioscopy""]","[""Images""]","['imag', 'coronari angioscopi']"
32406850,"[""Text""], [""AI"", ""Health Technology Assessment""]","[""Text""]","[""AI"", ""Health Technology Assessment""]","['text', 'health technolog assess', 'ai']"
32407457,"[""Gene"", ""Expression""], [""Gene expression"", ""DNA methylation"", ""Copy number alteration""]","[""Gene"", ""Expression""]","[""Gene expression"", ""DNA methylation"", ""Copy number alteration""]","['dna methyl', 'express', 'gene express', 'gene', 'copi number alter']"
32409507,"[""Video""], [""video""]","[""Video""]","[""video""]",['video']
32409715,"[""Medical Imaging""], [""3D inputs"", ""Multi-scale input""]","[""Medical Imaging""]","[""3D inputs"", ""Multi-scale input""]","['multiscal input', '3d input', 'medic imag']"
32410265,,"[""Administrative databases""]",,[]
32413546,"[""Computed Tomography (CT)""], [{""Dose-volume histograms (DVHs)"": true}, {""Computed tomography images"": true}]","[""Computed Tomography (CT)""]","[{""Dose-volume histograms (DVHs)"": true}, {""Computed tomography images"": true}]","['dosevolum histogram dvh true', 'comput tomographi imag true', 'comput tomographi ct']"
32424317,"[""structural and functional network profiling"", ""biophysical simulations""], [""structural and functional network profiling"", ""biophysical simulations""]","[""structural and functional network profiling"", ""biophysical simulations""]","[""structural and functional network profiling"", ""biophysical simulations""]","['structur and function network profil', 'biophys simul']"
32426059,"[""Near Infrared Spectroscopy""], [""Near infrared spectroscopy""]","[""Near Infrared Spectroscopy""]","[""Near infrared spectroscopy""]",['near infrar spectroscopi']
32426346,"[""3-dimensional (3D) trajectory data""], [""3D trajectory data""]","[""3-dimensional (3D) trajectory data""]","[""3D trajectory data""]","['3dimension 3d trajectori data', '3d trajectori data']"
32444812,,,"[""Text""]",[]
32433583,"[""3T"", ""FLAIR""], [""Image"", ""Survey""]","[""3T"", ""FLAIR""]","[""Image"", ""Survey""]","['survey', 'flair', '3t', 'imag']"
32434127,"[""CT"", ""angiography""], [""CT Scan"", ""MRI""]","[""CT"", ""angiography""]","[""CT Scan"", ""MRI""]","['ct scan', 'ct', 'mri', 'angiographi']"
32437969,"[""Micro-Computed Tomography""], [""Micro-computed Tomography""]","[""Micro-Computed Tomography""]","[""Micro-computed Tomography""]",['microcomput tomographi']
32439869,"[""Clinical notes"", ""Lab tests"", ""Billing codes""], [""text"", ""image""]","[""Clinical notes"", ""Lab tests"", ""Billing codes""]","[""text"", ""image""]","['lab test', 'clinic note', 'text', 'bill code', 'imag']"
32440643,,"[""Visual""]",,[]
32441656,"[""Infrared Video""], [""Video"", ""Body movements""]","[""Infrared Video""]","[""Video"", ""Body movements""]","['infrar video', 'video', 'bodi movement']"
32442307,"[""Metabolomics"", ""Gene expression"", ""Copy number"", ""Mutation profiles""], [""omics"", ""pharmacological""]","[""Metabolomics"", ""Gene expression"", ""Copy number"", ""Mutation profiles""]","[""omics"", ""pharmacological""]","['metabolom', 'gene express', 'omic', 'pharmacolog', 'mutat profil', 'copi number']"
32445550,"[""Epidemiological data"", ""Clinical symptoms"", ""CT nodule-based radiomic features"", ""Tumor biomarkers""], [""epidemiological data"", ""clinical symptoms"", ""tumor biomarkers"", ""CT nodule-based radiomic features""]","[""Epidemiological data"", ""Clinical symptoms"", ""CT nodule-based radiomic features"", ""Tumor biomarkers""]","[""epidemiological data"", ""clinical symptoms"", ""tumor biomarkers"", ""CT nodule-based radiomic features""]","['epidemiolog data', 'tumor biomark', 'clinic symptom', 'ct nodulebas radiom featur']"
32446241,"[""fMRI""], [{""Details"": null, ""Modality"": ""fMRI""}, {""Details"": null, ""Modality"": ""ICNs functional connectivity""}]","[""fMRI""]","[{""Details"": null, ""Modality"": ""fMRI""}, {""Details"": null, ""Modality"": ""ICNs functional connectivity""}]","['fmri', 'modal fmri', 'detail null', 'modal icn function connect']"
32449747,"[""Operational Taxonomic Units""], [{""modality"": ""microbiome data""}, {""modality"": ""operational taxonomic units (OTUs)""}]","[""Operational Taxonomic Units""]","[{""modality"": ""microbiome data""}, {""modality"": ""operational taxonomic units (OTUs)""}]","['modal microbiom data', 'modal oper taxonom unit otu', 'oper taxonom unit']"
32467650,"[""France""], [""Pathology""]","[""France""]","[""Pathology""]","['patholog', 'franc']"
32452574,"[""Functional MRI"", ""Magnetic resonance imaging"", ""White matter""], [""magnetic resonance imaging"", ""fMRI""]","[""Functional MRI"", ""Magnetic resonance imaging"", ""White matter""]","[""magnetic resonance imaging"", ""fMRI""]","['fmri', 'white matter', 'magnet reson imag', 'function mri']"
32453488,"[""Brain MRI"", ""Synthetic MRI""], [""brain MRI""]","[""Brain MRI"", ""Synthetic MRI""]","[""brain MRI""]","['synthet mri', 'brain mri']"
32454115,"[""Magnetic resonance imaging"", ""Diffusion tensor imaging""], [""MRI""]","[""Magnetic resonance imaging"", ""Diffusion tensor imaging""]","[""MRI""]","['mri', 'diffus tensor imag', 'magnet reson imag']"
32455927,"[""Accelerometer"", ""Motion""], [""Accelerometer"", ""Motion data""]","[""Accelerometer"", ""Motion""]","[""Accelerometer"", ""Motion data""]","['motion data', 'motion', 'acceleromet']"
32462314,"[""Chest X-ray scans""], [""radiographs""]","[""Chest X-ray scans""]","[""radiographs""]","['chest xray scan', 'radiograph']"
32463180,"[null], [""Text"", ""Image""]",[null],"[""Text"", ""Image""]","['text', 'null', 'imag']"
32464565,"[""Computed Tomography""], [""Image""]","[""Computed Tomography""]","[""Image""]","['comput tomographi', 'imag']"
32473064,"[""Image""], [""Medical images"", ""Patient information""]","[""Image""]","[""Medical images"", ""Patient information""]","['patient inform', 'medic imag', 'imag']"
32473385,"[""miRNA""], [""miRNA""]","[""miRNA""]","[""miRNA""]",['mirna']
32474393,,,"[""geriatric syndromes"", ""functional assessments""]",[]
32475986,,"[""Three-dimensional""]",,[]
32477638,,,,[]
32477683,"[""Clinical"", ""Molecular""], [{""Tag"": [], ""Name"": null}, {""Tag"": [""Blood tests""], ""Name"": ""Clinical""}, {""Tag"": [], ""Name"": null}]","[""Clinical"", ""Molecular""]","[{""Tag"": [], ""Name"": null}, {""Tag"": [""Blood tests""], ""Name"": ""Clinical""}, {""Tag"": [], ""Name"": null}]","['name null', 'tag', 'name clinic', 'molecular', 'tag blood test', 'clinic']"
32493224,,"[""Saliva""]",,[]
32493228,"[""text""], []","[""text""]",[],"['', 'text']"
32500070,"[""ECG""], [""ECG"", ""electrophysiology""]","[""ECG""]","[""ECG"", ""electrophysiology""]","['ecg', 'electrophysiolog']"
32501805,,"[""SMS text messaging""]",,[]
32508229,"[""Neuromuscular Electrical Stimulation"", ""Robotic measures""], [""neuromuscular electrical stimulation"", ""robotic measures""]","[""Neuromuscular Electrical Stimulation"", ""Robotic measures""]","[""neuromuscular electrical stimulation"", ""robotic measures""]","['robot measur', 'neuromuscular electr stimul']"
32509975,"[""Text""], [""Text"", ""None""]","[""Text""]","[""Text"", ""None""]","['text', 'none']"
32515116,"[""Text""], [""numerical ratings"", ""written reviews""]","[""Text""]","[""numerical ratings"", ""written reviews""]","['numer rate', 'text', 'written review']"
32531021,"[""accelerometer""], [""accelerometer""]","[""accelerometer""]","[""accelerometer""]",['acceleromet']
32532358,"[""Force myography""], [""force myography"", ""anthropometric measures""]","[""Force myography""]","[""force myography"", ""anthropometric measures""]","['forc myographi', 'anthropometr measur']"
32533137,"[""Nuclear Medicine"", ""Cardiovascular""], [""ECG"", ""Imaging""]","[""Nuclear Medicine"", ""Cardiovascular""]","[""ECG"", ""Imaging""]","['ecg', 'cardiovascular', 'nuclear medicin', 'imag']"
32535888,"[""Laboratory data"", ""Echocardiographic assessment"", ""Electrocardiographic P-wave indices""], {""Modality"": [{""Name"": ""electrocardiographic P-wave indices""}, {""Name"": ""echocardiographic assessment""}, {""Name"": ""neutrophil-to-lymphocyte ratio (NLR)""}, {""Name"": ""prognostic nutritional index (PNI)""}]}","[""Laboratory data"", ""Echocardiographic assessment"", ""Electrocardiographic P-wave indices""]","{""Modality"": [{""Name"": ""electrocardiographic P-wave indices""}, {""Name"": ""echocardiographic assessment""}, {""Name"": ""neutrophil-to-lymphocyte ratio (NLR)""}, {""Name"": ""prognostic nutritional index (PNI)""}]}","['name echocardiograph assess', 'name prognost nutrit index pni', 'echocardiograph assess', 'laboratori data', 'modal name electrocardiograph pwave indic', 'name neutrophiltolymphocyt ratio nlr', 'electrocardiograph pwave indic']"
32536605,"[""Faecal""], {""Microbiome data"": true}","[""Faecal""]","{""Microbiome data"": true}","['microbiom data true', 'faecal']"
32540846,,,,[]
32542034,"[""Finite Element Method"", ""Electromagnetic equations""], [""Computer Tomography"", ""Microwave Ablation""]","[""Finite Element Method"", ""Electromagnetic equations""]","[""Computer Tomography"", ""Microwave Ablation""]","['electromagnet equat', 'microwav ablat', 'finit element method', 'comput tomographi']"
32544823,,"[""Interview"", ""Movement""]",,[]
32554169,"[""CT""], [""Computed Tomography""]","[""CT""]","[""Computed Tomography""]","['comput tomographi', 'ct']"
32554374,"[""Text-based conversations""], Text","[""Text-based conversations""]",Text,"['textbas convers', 'text']"
32555410,"[""Histopathology""], [""histologic tissue components"", ""nuclei maps"", ""lumina maps""]","[""Histopathology""]","[""histologic tissue components"", ""nuclei maps"", ""lumina maps""]","['nuclei map', 'histopatholog', 'lumina map', 'histolog tissu compon']"
32558750,"[""Audiometric"", ""Numerical"", ""Text""], [""Text"", ""Numerical""]","[""Audiometric"", ""Numerical"", ""Text""]","[""Text"", ""Numerical""]","['text', 'audiometr', 'numer']"
32561782,"[""MRI"", ""Serum""], {""adipokines/inflammatory factors"": null}","[""MRI"", ""Serum""]","{""adipokines/inflammatory factors"": null}","['mri', 'adipokinesinflammatori factor null', 'serum']"
32563597,,,"[""text""]",[]
32568199,"[""Telepresence""], [""telepresence devices"", ""known individuals"", ""fully automated and intelligent interlocutors""]","[""Telepresence""]","[""telepresence devices"", ""known individuals"", ""fully automated and intelligent interlocutors""]","['telepres', 'fulli autom and intellig interlocutor', 'telepres devic', 'known individu']"
32568668,"[""T1-precontrast"", ""Fluid Attenuated Inversion Recovery (FLAIR)"", ""T1-postcontrast""], [""T1-precontrast"", ""Fluid attenuated inversion recovery (FLAIR)"", ""T1-postcontrast""]","[""T1-precontrast"", ""Fluid Attenuated Inversion Recovery (FLAIR)"", ""T1-postcontrast""]","[""T1-precontrast"", ""Fluid attenuated inversion recovery (FLAIR)"", ""T1-postcontrast""]","['t1postcontrast', 't1precontrast', 'fluid attenu invers recoveri flair']"
32570691,,"[""Patient Timestamp""]",,[]
32571444,,,"{""image"": [""Centre for Human Brain Health, School of Psychology""], ""video"": null}",[]
32571904,"[""Behavioral"", ""Social"", ""Psychological""], [""Economic factors"", ""Social factors"", ""Psychological factors""]","[""Behavioral"", ""Social"", ""Psychological""]","[""Economic factors"", ""Social factors"", ""Psychological factors""]","['econom factor', 'social', 'behavior', 'psycholog', 'psycholog factor', 'social factor']"
32580177,"[""Computed Tomography"", ""Radiographs""], [""radiographs"", ""CTs""]","[""Computed Tomography"", ""Radiographs""]","[""radiographs"", ""CTs""]","['comput tomographi', 'ct', 'radiograph']"
32580207,"[""Imaging""], [""image""]","[""Imaging""]","[""image""]",['imag']
32581221,"[""Magnetic Resonance Imaging"", ""Positron Emission Tomography"", ""Computed Tomography""], [""Imaging"", ""Computed Tomography""]","[""Magnetic Resonance Imaging"", ""Positron Emission Tomography"", ""Computed Tomography""]","[""Imaging"", ""Computed Tomography""]","['comput tomographi', 'imag', 'magnet reson imag', 'positron emiss tomographi']"
32582542,"[""Serum Tumor Markers""], [{""Text"": ""Serum tumor markers"", ""Label"": """", ""NlmCategory"": """"}]","[""Serum Tumor Markers""]","[{""Text"": ""Serum tumor markers"", ""Label"": """", ""NlmCategory"": """"}]","['nlmcategori', 'label', 'text serum tumor marker', 'serum tumor marker']"
32583617,"[""Computed Tomography"", ""Dynamic Susceptibility Contrast Perfusion-Weighted MRI""], [""CTP"", ""PWI""]","[""Computed Tomography"", ""Dynamic Susceptibility Contrast Perfusion-Weighted MRI""]","[""CTP"", ""PWI""]","['dynam suscept contrast perfusionweight mri', 'comput tomographi', 'ctp', 'pwi']"
32591639,"[""Genomics"", ""Protein-protein interaction analysis""], [""Molecular"", ""Imaging""]","[""Genomics"", ""Protein-protein interaction analysis""]","[""Molecular"", ""Imaging""]","['molecular', 'imag', 'genom', 'proteinprotein interact analysi']"
32591889,"[""Magnetic Resonance Imaging""], [""MRI"", ""PSA""]","[""Magnetic Resonance Imaging""]","[""MRI"", ""PSA""]","['mri', 'magnet reson imag', 'psa']"
32592462,,"[""3D genome"", ""DNA loci""]",,[]
32594794,"[""Blood Pressure""], [""Blood Pressure Readings""]","[""Blood Pressure""]","[""Blood Pressure Readings""]","['blood pressur read', 'blood pressur']"
32597194,"[""RNA""], [""RNA"", ""miRNA"", ""mRNA""]","[""RNA""]","[""RNA"", ""miRNA"", ""mRNA""]","['mrna', 'mirna', 'rna']"
32599279,"[""CT"", ""MRI""], [""Image""]","[""CT"", ""MRI""]","[""Image""]","['mri', 'ct', 'imag']"
32599552,"[""Arterial Spin Labelling (ASL)"", ""Blood Oxygen Level Dependent (BOLD)""], [""Arterial Spin Labelled fMRI"", ""Blood Oxygen Level Dependent (BOLD) fMRI""]","[""Arterial Spin Labelling (ASL)"", ""Blood Oxygen Level Dependent (BOLD)""]","[""Arterial Spin Labelled fMRI"", ""Blood Oxygen Level Dependent (BOLD) fMRI""]","['blood oxygen level depend bold fmri', 'blood oxygen level depend bold', 'arteri spin label asl', 'arteri spin label fmri']"
32601678,"[""upper limb motor recovery""], [""Upper limb motor recovery""]","[""upper limb motor recovery""]","[""Upper limb motor recovery""]",['upper limb motor recoveri']
32602222,"[""US""], [""Image"", ""Text""]","[""US""]","[""Image"", ""Text""]","['text', 'us', 'imag']"
32604080,"[""Computed Tomography (CT)""], [""CT scans""]","[""Computed Tomography (CT)""]","[""CT scans""]","['ct scan', 'comput tomographi ct']"
32605433,"[""Electromyography""], [""Electromyography""]","[""Electromyography""]","[""Electromyography""]",['electromyographi']
32610095,"[""Metagenomics"", ""Metabolomics""], [""stool microbiomes"", ""serum albumin levels"", ""age""]","[""Metagenomics"", ""Metabolomics""]","[""stool microbiomes"", ""serum albumin levels"", ""age""]","['metabolom', 'serum albumin level', 'age', 'metagenom', 'stool microbiom']"
32611681,"[""RNA""], [""RNA sequencing""]","[""RNA""]","[""RNA sequencing""]","['rna sequenc', 'rna']"
32614505,"[""T1-weighted magnetic resonance imaging (MRI)""], [""T1-weighted MRI images""]","[""T1-weighted magnetic resonance imaging (MRI)""]","[""T1-weighted MRI images""]","['t1weight magnet reson imag mri', 't1weight mri imag']"
32615979,"[""Robot-based"", null], [""motor"", ""sensory"", ""cognitive""]","[""Robot-based"", null]","[""motor"", ""sensory"", ""cognitive""]","['cognit', 'null', 'motor', 'robotbas', 'sensori']"
32616912,"[""Computed Tomography""], [""Textural analyses""]","[""Computed Tomography""]","[""Textural analyses""]","['comput tomographi', 'textur analys']"
32617525,,,,[]
32622121,"[""CT scans"", ""dosimetry data""], [""Imaging data (CT scans), Dosimetry data""]","[""CT scans"", ""dosimetry data""]","[""Imaging data (CT scans), Dosimetry data""]","['imag data ct scan', 'ct scan', 'dosimetri data']"
32623366,"[""accelerometry""], [""9-axis inertial sensor data""]","[""accelerometry""]","[""9-axis inertial sensor data""]","['9axi inerti sensor data', 'accelerometri']"
32627049,"[""CT""], [""CT""]","[""CT""]","[""CT""]",['ct']
32634140,"[""Digital adherence monitoring"", ""Unmanned aerial vehicles (drones)""], [""Drones"", ""Digital Adherence Monitoring Technologies""]","[""Digital adherence monitoring"", ""Unmanned aerial vehicles (drones)""]","[""Drones"", ""Digital Adherence Monitoring Technologies""]","['unman aerial vehicl drone', 'digit adher monitor technolog', 'digit adher monitor', 'drone']"
32635216,"[""PET/CT""], [""PET"", ""CT""]","[""PET/CT""]","[""PET"", ""CT""]","['ct', 'petct', 'pet']"
32636008,"[""Electromyography""], [""Muscle activity"", ""Wrist movement""]","[""Electromyography""]","[""Muscle activity"", ""Wrist movement""]","['electromyographi', 'wrist movement', 'muscl activ']"
32636768,"[""Cognitive and mood measures"", ""Neuropsychological measures""], [""Cognitive, mood, social cognition""]","[""Cognitive and mood measures"", ""Neuropsychological measures""]","[""Cognitive, mood, social cognition""]","['cognit', 'neuropsycholog measur', 'mood', 'social cognit', 'cognit and mood measur']"
32637418,,,,[]
32640028,,,"[""Gram-negative bacteria""]",[]
32641740,"[""Inertial Measurement Units""], [""IMUs""]","[""Inertial Measurement Units""]","[""IMUs""]","['inerti measur unit', 'imu']"
32645927,"[""Plasma"", ""Urine""], [""plasma"", ""urine""]","[""Plasma"", ""Urine""]","[""plasma"", ""urine""]","['plasma', 'urin']"
32646685,"[""Ultrasound""], [""ultrasound""]","[""Ultrasound""]","[""ultrasound""]",['ultrasound']
32649890,"[""CT scans""], [""3D_image_data"", ""Anatomical_features""]","[""CT scans""]","[""3D_image_data"", ""Anatomical_features""]","['ct scan', 'anatomical_featur', '3d_image_data']"
32650152,"[""EEG""], [""Electroencephalogram""]","[""EEG""]","[""Electroencephalogram""]","['electroencephalogram', 'eeg']"
32651401,,,"[""temporal data"", ""physiological signals""]",[]
32655572,"[""MHC-associated peptide proteomics""], [""MHC-associated peptide proteomics (MAPPs) assays""]","[""MHC-associated peptide proteomics""]","[""MHC-associated peptide proteomics (MAPPs) assays""]","['mhcassoci peptid proteom', 'mhcassoci peptid proteom mapp assay']"
32658741,"[""Ultrasound""], [""Ultrasound""]","[""Ultrasound""]","[""Ultrasound""]",['ultrasound']
32662055,"[""CT""], [""Dynamic CT angiography""]","[""CT""]","[""Dynamic CT angiography""]","['dynam ct angiographi', 'ct']"
32664955,"[""Visual"", ""Motor""], [""Visual"", ""Haptic""]","[""Visual"", ""Motor""]","[""Visual"", ""Haptic""]","['haptic', 'motor', 'visual']"
32670113,"[""Functional MRI"", ""Structural MRI""], [""functional MRI (fMRI)""]","[""Functional MRI"", ""Structural MRI""]","[""functional MRI (fMRI)""]","['structur mri', 'function mri fmri', 'function mri']"
32672513,"[""Motor and sensory impairments""], [""motor"", ""sensory""]","[""Motor and sensory impairments""]","[""motor"", ""sensory""]","['motor and sensori impair', 'motor', 'sensori']"
32673230,"[""Text""], {""text"": null}","[""Text""]","{""text"": null}","['text', 'text null']"
32674043,"[""PET""], [""PET""]","[""PET""]","[""PET""]",['pet']
32678722,"[], [""Image"", ""Text""]",[],"[""Image"", ""Text""]","['', 'text', 'imag']"
32681101,,,"[""cognitive function"", ""neural organisation""]",[]
32682223,"[""Neural recordings"", ""Robotics""], [""Intracortical neural recordings""]","[""Neural recordings"", ""Robotics""]","[""Intracortical neural recordings""]","['neural record', 'robot', 'intracort neural record']"
32682719,,"[""Imaging"", ""Cardiology""]",,[]
32686118,"[""Imaging"", ""Pathology""], [""Image""]","[""Imaging"", ""Pathology""]","[""Image""]","['patholog', 'imag']"
32686236,"[""selfie pictures""], [""Image"", ""Text""]","[""selfie pictures""]","[""Image"", ""Text""]","['selfi pictur', 'text', 'imag']"
32686506,,,,[]
32686681,,,"[""speech""]",[]
32687564,,,,[]
32688049,"[""MRI""], MRI","[""MRI""]",MRI,['mri']
32688204,"[""reconstruction""], [""Image"", ""Text""]","[""reconstruction""]","[""Image"", ""Text""]","['text', 'reconstruct', 'imag']"
32696007,"[""blood""], [""immunoassays"", ""machine learning""]","[""blood""]","[""immunoassays"", ""machine learning""]","['blood', 'machin learn', 'immunoassay']"
32701148,"[""Laboratory""], [""text"", ""image""]","[""Laboratory""]","[""text"", ""image""]","['laboratori', 'text', 'imag']"
32701655,"[""Diffusion tensor imaging"", ""Tractography""], [""Diffusion tensor imaging"", ""Gaussian process classification""]","[""Diffusion tensor imaging"", ""Tractography""]","[""Diffusion tensor imaging"", ""Gaussian process classification""]","['tractographi', 'gaussian process classif', 'diffus tensor imag']"
32703973,"[""Computed Tomography"", ""Positron Emission Tomography""], [""Computed Tomography"", ""Positron Emission Tomography""]","[""Computed Tomography"", ""Positron Emission Tomography""]","[""Computed Tomography"", ""Positron Emission Tomography""]","['comput tomographi', 'positron emiss tomographi']"
32704450,"[], [""Text""]",[],"[""Text""]","['', 'text']"
32710834,,,"[{""ForeName"": ""Jaewoo"", ""Initials"": ""J"", ""LastName"": ""Kang""}, {""ForeName"": ""Yuanfang"", ""Initials"": ""Y"", ""LastName"": ""Guan""}]",[]
32715024,"[""Histopathology""], [""histological"", ""radiological""]","[""Histopathology""]","[""histological"", ""radiological""]","['radiolog', 'histopatholog', 'histolog']"
32716959,"[""Ultrasound""], [""Text Data"", ""Image Data""]","[""Ultrasound""]","[""Text Data"", ""Image Data""]","['text data', 'imag data', 'ultrasound']"
32719123,,,,[]
32719375,,,"[{""Department of Anesthesiology, Perioperative and Pain Medicine, Stanford University, Stanford, USA"": [""Audio"", ""Text""]}, {""Department of Pediatrics, Stanford University, Stanford, USA"": [""Video"", ""Image""]}]",[]
32720232,"[""None""], [""Psychiatry"", ""Medicine""]","[""None""]","[""Psychiatry"", ""Medicine""]","['psychiatri', 'medicin', 'none']"
32720647,"[""GPS""], [""GPS data""]","[""GPS""]","[""GPS data""]","['gp', 'gp data']"
32732917,"[""transcriptome"", ""brain imaging""], [""Image"", ""Text""]","[""transcriptome"", ""brain imaging""]","[""Image"", ""Text""]","['text', 'imag', 'transcriptom', 'brain imag']"
32732967,"[""Questionnaire"", ""Observation Schedule""], [""social"", ""communication""]","[""Questionnaire"", ""Observation Schedule""]","[""social"", ""communication""]","['social', 'questionnair', 'commun', 'observ schedul']"
32734760,"[""Text""], [{""modality"": """"}]","[""Text""]","[{""modality"": """"}]","['text', 'modal']"
32740935,"[""IMAGE""], [""Image acquisition""]","[""IMAGE""]","[""Image acquisition""]","['imag acquisit', 'imag']"
32743554,"[""miRNA""], [""miRNA"", ""microRNA""]","[""miRNA""]","[""miRNA"", ""microRNA""]","['microrna', 'mirna']"
32746967,"[""fMRI"", ""BOLD""], [{""Tags"": [""fMRI BOLD signal""], ""Modality"": ""fMRI""}, {""Tags"": [""Hurts exponent (H) model""], ""Modality"": ""Computational modeling""}]","[""fMRI"", ""BOLD""]","[{""Tags"": [""fMRI BOLD signal""], ""Modality"": ""fMRI""}, {""Tags"": [""Hurts exponent (H) model""], ""Modality"": ""Computational modeling""}]","['tag hurt expon h model', 'bold', 'tag fmri bold signal', 'modal fmri', 'fmri', 'modal comput model']"
32749585,"[""MRI"", ""CT""], [""MRI"", ""CT""]","[""MRI"", ""CT""]","[""MRI"", ""CT""]","['mri', 'ct']"
32750012,"[""Text""], [""text""]","[""Text""]","[""text""]",['text']
32754898,"[""Biochemical"", ""Immune""], [{""tags"": [""research articles""], ""modality_name"": ""Text data""}, {""tags"": [], ""modality_name"": ""Image data""}]","[""Biochemical"", ""Immune""]","[{""tags"": [""research articles""], ""modality_name"": ""Text data""}, {""tags"": [], ""modality_name"": ""Image data""}]","['modality_nam imag data', 'tag', 'tag research articl', 'immun', 'biochem', 'modality_nam text data']"
32758450,,,,[]
34010050,,,"[""text"", null]",[]
32758649,"[""Magnetic Resonance Imaging"", ""Ultraviolet Fluorescence"", ""Ultrasonography""], [""magnetic resonance imaging"", ""ultraviolet fluorescence""]","[""Magnetic Resonance Imaging"", ""Ultraviolet Fluorescence"", ""Ultrasonography""]","[""magnetic resonance imaging"", ""ultraviolet fluorescence""]","['ultrasonographi', 'ultraviolet fluoresc', 'magnet reson imag']"
32761917,"[""Computed Tomography (CT)""], [""CT scans""]","[""Computed Tomography (CT)""]","[""CT scans""]","['ct scan', 'comput tomographi ct']"
32767763,"[""Imaging"", ""Electroencephalography"", ""Pathology"", ""Digital technologies""], [{""modality_name"": ""EEG"", ""used_in_paper"": true}, {""modality_name"": ""MRI"", ""used_in_paper"": true}]","[""Imaging"", ""Electroencephalography"", ""Pathology"", ""Digital technologies""]","[{""modality_name"": ""EEG"", ""used_in_paper"": true}, {""modality_name"": ""MRI"", ""used_in_paper"": true}]","['modality_nam mri', 'patholog', 'electroencephalographi', 'used_in_pap true', 'modality_nam eeg', 'digit technolog', 'imag']"
32770269,"[""Audio""], [""Audio""]","[""Audio""]","[""Audio""]",['audio']
32770817,"[""Age"", ""General adiposity (BMI)"", ""Visceral adiposity (Waist-to-Height Ratio, a Body Shape Index)"", ""Vital signs (systolic blood pressure, diastolic blood pressure, pulse)""], [""vital signs"", ""adiposity indexes""]","[""Age"", ""General adiposity (BMI)"", ""Visceral adiposity (Waist-to-Height Ratio, a Body Shape Index)"", ""Vital signs (systolic blood pressure, diastolic blood pressure, pulse)""]","[""vital signs"", ""adiposity indexes""]","['diastol blood pressur', 'vital sign', 'a bodi shape index', 'viscer adipos waisttoheight ratio', 'puls', 'gener adipos bmi', 'adipos index', 'age', 'vital sign systol blood pressur']"
32771618,"[""fMRI"", ""task-activation""], [""fMRI"", ""task-activation""]","[""fMRI"", ""task-activation""]","[""fMRI"", ""task-activation""]","['fmri', 'taskactiv']"
32771686,"[""Electronic medical record data""], [""Medical records""]","[""Electronic medical record data""]","[""Medical records""]","['medic record', 'electron medic record data']"
32775335,,,"health care systems, cancer, antimicrobial resistance, primary care",[]
32776345,"[""Text""], [""Text"", ""Numeric""]","[""Text""]","[""Text"", ""Numeric""]","['text', 'numer']"
32797086,"[""intraductal""], [""text""]","[""intraductal""]","[""text""]","['text', 'intraduct']"
32803448,"[""Breathing Sounds""], [""Breathing sounds""]","[""Breathing Sounds""]","[""Breathing sounds""]",['breath sound']
32809874,"[""Biomarkers"", ""Inflammatory biomarkers""], [""Text""]","[""Biomarkers"", ""Inflammatory biomarkers""]","[""Text""]","['text', 'inflammatori biomark', 'biomark']"
32816765,"[""MRI"", ""CT Scan""], [""image"", ""text""]","[""MRI"", ""CT Scan""]","[""image"", ""text""]","['mri', 'imag', 'text', 'ct scan']"
32818081,"[""Optical Coherence Tomography Angiography"", ""Image""], [""Image"", ""Enface images""]","[""Optical Coherence Tomography Angiography"", ""Image""]","[""Image"", ""Enface images""]","['enfac imag', 'optic coher tomographi angiographi', 'imag']"
32819467,"[""ECG"", ""Clinical features""], [""ECG""]","[""ECG"", ""Clinical features""]","[""ECG""]","['ecg', 'clinic featur']"
32819981,"[""Text""], [""text messaging""]","[""Text""]","[""text messaging""]","['text', 'text messag']"
32823970,"[""2D descriptors""], [""2D descriptors""]","[""2D descriptors""]","[""2D descriptors""]",['2d descriptor']
32826891,"[null], []",[null],[],"['', 'null']"
32832912,"[""Routine clinical data""], [""text"", ""machine learning""]","[""Routine clinical data""]","[""text"", ""machine learning""]","['routin clinic data', 'text', 'machin learn']"
32833747,,,[],[]
32834174,,,"[""Text""]",[]
32834831,"[""Wearable sensors""], [""symptoms""]","[""Wearable sensors""]","[""symptoms""]","['symptom', 'wearabl sensor']"
32840766,"[""Blood biochemistry (CBC, LFTs, RFTs) results"", ""Clinical variables""], [""Text"", ""Table""]","[""Blood biochemistry (CBC, LFTs, RFTs) results"", ""Clinical variables""]","[""Text"", ""Table""]","['clinic variabl', 'rft result', 'tabl', 'text', 'blood biochemistri cbc', 'lft']"
32843633,"[""Images"", ""Brain scans""], [""images"", ""text""]","[""Images"", ""Brain scans""]","[""images"", ""text""]","['text', 'brain scan', 'imag']"
32845061,"[""Biological"", ""Clinical""], [""text""]","[""Biological"", ""Clinical""]","[""text""]","['text', 'biolog', 'clinic']"
32845249,,,"[""medical imaging"", ""text""]",[]
32848533,"[""Functional MRI""], [""fMRI""]","[""Functional MRI""]","[""fMRI""]","['fmri', 'function mri']"
32849918,"[""Imaging""], [{""type"": [""MRI""], ""features"": 135}]","[""Imaging""]","[{""type"": [""MRI""], ""features"": 135}]","['featur 135', 'type mri', 'imag']"
32852320,,,"[""Clinical data"", ""Medical diagnosis""]",[]
32853182,,,[],[]
32854798,,"[""Electronic Health Records"", ""Health Administrative Data""]",,[]
32855842,"[""Retinal OCT-A""], [""retinal imaging"", ""angiography""]","[""Retinal OCT-A""]","[""retinal imaging"", ""angiography""]","['angiographi', 'retin octa', 'retin imag']"
32859912,"[""Whole genomes""], [""Whole genome sequencing""]","[""Whole genomes""]","[""Whole genome sequencing""]","['whole genom sequenc', 'whole genom']"
32862015,"[""Computed Tomography (CT)""], [""Image data"", ""Text data""]","[""Computed Tomography (CT)""]","[""Image data"", ""Text data""]","['text data', 'imag data', 'comput tomographi ct']"
32864270,"[""Chest X-ray images""], [""X-ray""]","[""Chest X-ray images""]","[""X-ray""]","['xray', 'chest xray imag']"
32864596,"[""Computed Tomography (CT)"", ""Clinical Information""], [""CT"", null]","[""Computed Tomography (CT)"", ""Clinical Information""]","[""CT"", null]","['ct', 'null', 'clinic inform', 'comput tomographi ct']"
32880697,"[""Medical Imaging""], [{""Modality"": ""Images""}, {""Modality"": ""Clinical data""}]","[""Medical Imaging""]","[{""Modality"": ""Images""}, {""Modality"": ""Clinical data""}]","['modal clinic data', 'modal imag', 'medic imag']"
32887670,,,[],[]
32888727,,,"[{""Modality"": ""Force""}, {""Modality"": ""Torque""}]",[]
32900610,"[""Vision"", ""Gait""], [""Vision-based markerless motion capture""]","[""Vision"", ""Gait""]","[""Vision-based markerless motion capture""]","['gait', 'visionbas markerless motion captur', 'vision']"
32903670,"[""Visual"", ""Audio""], [{""Modality"": ""Spatial presence""}, {""Modality"": ""Engagement""}]","[""Visual"", ""Audio""]","[{""Modality"": ""Spatial presence""}, {""Modality"": ""Engagement""}]","['audio', 'modal spatial presenc', 'visual', 'modal engag']"
32904064,"[""Proteomics"", ""Blood sample""], [""Protein""]","[""Proteomics"", ""Blood sample""]","[""Protein""]","['protein', 'proteom', 'blood sampl']"
32908645,,,,[]
32915810,"[""Respiratory inductance plethysmography""], [""Respiratory signals""]","[""Respiratory inductance plethysmography""]","[""Respiratory signals""]","['respiratori induct plethysmographi', 'respiratori signal']"
32919184,"[""Anthropometric parameters"", ""Surgical data""], [""anthropometric parameters"", ""machine-learning models""]","[""Anthropometric parameters"", ""Surgical data""]","[""anthropometric parameters"", ""machine-learning models""]","['surgic data', 'machinelearn model', 'anthropometr paramet']"
32920800,"[""physical"", ""motion analysis""], [""Physical"", ""Motion""]","[""physical"", ""motion analysis""]","[""Physical"", ""Motion""]","['physic', 'motion', 'motion analysi']"
32927257,"[""3-D""], [""Computed Tomography"", ""Magnetic Resonance Imaging""]","[""3-D""]","[""Computed Tomography"", ""Magnetic Resonance Imaging""]","['comput tomographi', 'magnet reson imag', '3d']"
32928593,"[""Wearable sensors""], [""Walking test""]","[""Wearable sensors""]","[""Walking test""]","['wearabl sensor', 'walk test']"
32935059,"[""Electronic Medical Record (EMR)""], [""electronic medical record database"", ""Rockwood Clinical Frailty scale""]","[""Electronic Medical Record (EMR)""]","[""electronic medical record database"", ""Rockwood Clinical Frailty scale""]","['electron medic record databas', 'rockwood clinic frailti scale', 'electron medic record emr']"
32936770,,,,[]
32938996,,,"[""Electromagnetic fields"", ""Glucose samples""]",[]
32941770,"[""MRI""], [""MR-dynamic contrast-enhanced perfusion""]","[""MRI""]","[""MR-dynamic contrast-enhanced perfusion""]","['mri', 'mrdynam contrastenhanc perfus']"
32943286,"[""lung transplant biopsies"", ""microarrays"", ""machine learning""], [""biopsy""]","[""lung transplant biopsies"", ""microarrays"", ""machine learning""]","[""biopsy""]","['biopsi', 'lung transplant biopsi', 'machin learn', 'microarray']"
32943654,"[""CT""], [""CT""]","[""CT""]","[""CT""]",['ct']
32945910,"[""Anatomical""], [""cortical thickness""]","[""Anatomical""]","[""cortical thickness""]","['anatom', 'cortic thick']"
32955669,"[""PET""], [""image""]","[""PET""]","[""image""]","['imag', 'pet']"
32957946,,,[],[]
32958802,"[""Computational"", ""Mathematical""], [""inhibitory and excitatory populations""]","[""Computational"", ""Mathematical""]","[""inhibitory and excitatory populations""]","['comput', 'inhibitori and excitatori popul', 'mathemat']"
32960180,"[""CGM devices"", ""user input""], [""Continous glucose monitoring"", ""User interaction""]","[""CGM devices"", ""user input""]","[""Continous glucose monitoring"", ""User interaction""]","['user input', 'user interact', 'cgm devic', 'contin glucos monitor']"
32962272,"[""Text""], [""Text""]","[""Text""]","[""Text""]",['text']
32971358,"[""video""], [""Video""]","[""video""]","[""Video""]",['video']
32972660,"[""Sensors""], [{""Text"": ""sensor data, knowledge-based models and tools""}]","[""Sensors""]","[{""Text"": ""sensor data, knowledge-based models and tools""}]","['text sensor data', 'sensor', 'knowledgebas model and tool']"
32975523,,,"{""Modality"": [{""Type"": ""Health-related features""}, {""Type"": ""Mortality Prediction""}]}",[]
32978299,"[""DNA sequence"", ""Chromatin accessibility""], [""DNA sequence"", ""Chromatin accessibility""]","[""DNA sequence"", ""Chromatin accessibility""]","[""DNA sequence"", ""Chromatin accessibility""]","['chromatin access', 'dna sequenc']"
32982920,"[""Multi-phase CT Angiography""], [""CT Angiography""]","[""Multi-phase CT Angiography""]","[""CT Angiography""]","['multiphas ct angiographi', 'ct angiographi']"
32987299,"[""MRI""], [""MRI"", ""T1-weighted MRI and FLAIR""]","[""MRI""]","[""MRI"", ""T1-weighted MRI and FLAIR""]","['mri', 't1weight mri and flair']"
32991907,"[""Images""], [""images""]","[""Images""]","[""images""]",['imag']
32992069,"[""speech""], [""Language"", ""Spontaneous monologues""]","[""speech""]","[""Language"", ""Spontaneous monologues""]","['languag', 'speech', 'spontan monologu']"
32997560,"[""Computed Tomography"", ""Radiological images""], [""Computed Tomography (CT)""]","[""Computed Tomography"", ""Radiological images""]","[""Computed Tomography (CT)""]","['comput tomographi', 'radiolog imag', 'comput tomographi ct']"
33002841,"[""ECG""], [""ECG""]","[""ECG""]","[""ECG""]",['ecg']
33003163,"[""Histologic"", ""Endoscopic""], [""Clinical"", ""Endoscopic"", ""Radiologic"", ""Histologic""]","[""Histologic"", ""Endoscopic""]","[""Clinical"", ""Endoscopic"", ""Radiologic"", ""Histologic""]","['radiolog', 'endoscop', 'clinic', 'histolog']"
33003524,"[""Capillary blood glucose measurements"", ""Glucose sensor data""], [""text""]","[""Capillary blood glucose measurements"", ""Glucose sensor data""]","[""text""]","['capillari blood glucos measur', 'glucos sensor data', 'text']"
33005028,"[""Brain imaging""], [{""images"": []}, {""text"": []}]","[""Brain imaging""]","[{""images"": []}, {""text"": []}]","['text', 'imag', 'brain imag']"
33028696,,,,[]
33032774,,,,[]
33033241,"[""Structural neuroimaging""], [{""count"": 2, ""modality"": ""image""}, {""count"": 3, ""modality"": ""text""}]","[""Structural neuroimaging""]","[{""count"": 2, ""modality"": ""image""}, {""count"": 3, ""modality"": ""text""}]","['count 3', 'modal text', 'count 2', 'structur neuroimag', 'modal imag']"
33033492,"[""Gene Expression""], [""gene expression""]","[""Gene Expression""]","[""gene expression""]",['gene express']
33037266,"[""Image""], [{""value"": null}]","[""Image""]","[{""value"": null}]","['valu null', 'imag']"
33038139,"[""Clinical""], [""Image"", ""Text""]","[""Clinical""]","[""Image"", ""Text""]","['text', 'clinic', 'imag']"
33042905,,,"[""Survey"", ""Questionnaire""]",[]
33044396,"[""Functional brain networks""], [""MRI""]","[""Functional brain networks""]","[""MRI""]","['mri', 'function brain network']"
33051513,"[""sex"", ""age"", ""septic episode number""], [{""modality"": ""text""}]","[""sex"", ""age"", ""septic episode number""]","[{""modality"": ""text""}]","['modal text', 'age', 'sex', 'septic episod number']"
33066454,"[""brain image""], [""Brain Images"", ""Deep Learning""]","[""brain image""]","[""Brain Images"", ""Deep Learning""]","['deep learn', 'brain imag']"
33057217,,,"[{""value"": null}, {""value"": ""text""}, {""value"": ""image""}, {""value"": ""video""}, {""value"": null}, {""value"": ""audio""}, {""value"": null}]",[]
33057876,"[""fMRI""], images","[""fMRI""]",images,"['fmri', 'imag']"
33059718,,"[""RNA-Seq""]",,[]
33064342,,,,[]
33067468,"[""physiological"", ""behavioral""], [""wristband"", ""biometrics-tracking garment"", ""smartphone"", ""audio-feature recorder""]","[""physiological"", ""behavioral""]","[""wristband"", ""biometrics-tracking garment"", ""smartphone"", ""audio-feature recorder""]","['smartphon', 'behavior', 'physiolog', 'audiofeatur record', 'wristband', 'biometricstrack garment']"
33068438,"[""Sperm-specific chromatin immunoprecipitation""], [""ChIP-seq""]","[""Sperm-specific chromatin immunoprecipitation""]","[""ChIP-seq""]","['chipseq', 'spermspecif chromatin immunoprecipit']"
33068873,"[""Medical Imaging""], [""MRI""]","[""Medical Imaging""]","[""MRI""]","['mri', 'medic imag']"
33070051,"[""cardiac MRI""], [""MRI"", ""Image""]","[""cardiac MRI""]","[""MRI"", ""Image""]","['mri', 'cardiac mri', 'imag']"
33071806,"[""Images""], [""Immunofluorescence (IF) images of CD8[+] T lymphocytes""]","[""Images""]","[""Immunofluorescence (IF) images of CD8[+] T lymphocytes""]","['immunofluoresc if imag of cd8 t lymphocyt', 'imag']"
33074746,"[""Brain fMRI images""], [""Brain fMRI images""]","[""Brain fMRI images""]","[""Brain fMRI images""]",['brain fmri imag']
33104825,,"[""Surgical""]",,[]
33075640,"[""Image""], [""MRI""]","[""Image""]","[""MRI""]","['mri', 'imag']"
33075658,"[""PET"", ""CT""], [""PET"", ""CT""]","[""PET"", ""CT""]","[""PET"", ""CT""]","['ct', 'pet']"
33082371,"[""CT scans"", ""MRI""], [""CT scan images"", ""patient information""]","[""CT scans"", ""MRI""]","[""CT scan images"", ""patient information""]","['ct scan', 'patient inform', 'mri', 'ct scan imag']"
33094925,"[""Electrocardiography"", ""Echocardiography"", ""Blood inflammatory marker""], [""atrial and ventricular measurements from electrocardiography"", ""echocardiography"", ""blood inflammatory marker [neutrophil-to-lymphocyte ratio (NLR)]"", ""prognostic nutritional index (PNI)""]","[""Electrocardiography"", ""Echocardiography"", ""Blood inflammatory marker""]","[""atrial and ventricular measurements from electrocardiography"", ""echocardiography"", ""blood inflammatory marker [neutrophil-to-lymphocyte ratio (NLR)]"", ""prognostic nutritional index (PNI)""]","['atrial and ventricular measur from electrocardiographi', 'blood inflammatori marker', 'echocardiographi', 'prognost nutrit index pni', 'electrocardiographi', 'blood inflammatori marker neutrophiltolymphocyt ratio nlr']"
33105255,"[""Hearing""], [""Audio"", ""Text""]","[""Hearing""]","[""Audio"", ""Text""]","['audio', 'hear', 'text']"
33112249,"[""image recognition"", ""food identification""], [""Image Recognition""]","[""image recognition"", ""food identification""]","[""Image Recognition""]","['imag recognit', 'food identif']"
33113221,"[""Medical""], [""None""]","[""Medical""]","[""None""]","['medic', 'none']"
33116187,"[""EEG""], [""EEG"", ""Accelerometer"", ""Gyroscope""]","[""EEG""]","[""EEG"", ""Accelerometer"", ""Gyroscope""]","['eeg', 'gyroscop', 'acceleromet']"
33117612,"[""Fundus photography"", ""Optical coherence tomography (OCT) imaging"", ""Visual field (VF) testing""], [""Fundus photography"", ""Optical Coherence Tomography (OCT) imaging"", ""Visual field testing""]","[""Fundus photography"", ""Optical coherence tomography (OCT) imaging"", ""Visual field (VF) testing""]","[""Fundus photography"", ""Optical Coherence Tomography (OCT) imaging"", ""Visual field testing""]","['visual field vf test', 'fundu photographi', 'optic coher tomographi oct imag', 'visual field test']"
33117714,"[""Neuro-oncology"", ""Molecular"", ""Genetic"", ""Imaging""], [""molecular"", ""genetic"", ""imaging""]","[""Neuro-oncology"", ""Molecular"", ""Genetic"", ""Imaging""]","[""molecular"", ""genetic"", ""imaging""]","['genet', 'imag', 'neurooncolog', 'molecular']"
33118957,"[""Virtual Reality""], [""images"", ""text_data""]","[""Virtual Reality""]","[""images"", ""text_data""]","['virtual realiti', 'text_data', 'imag']"
33122735,"[""Text""], Textual data","[""Text""]",Textual data,"['textual data', 'text']"
33125268,"[], []",[],[],['']
33131085,"[""Native and Contrast-Enhanced T1-Mapping"", ""CINE""], [""Magnetic Resonance"", ""Computed Tomography""]","[""Native and Contrast-Enhanced T1-Mapping"", ""CINE""]","[""Magnetic Resonance"", ""Computed Tomography""]","['magnet reson', 'comput tomographi', 'cine', 'nativ and contrastenhanc t1map']"
33131680,"[""Electrophysiology""], [""Electrophysiology"", ""Imaging""]","[""Electrophysiology""]","[""Electrophysiology"", ""Imaging""]","['electrophysiolog', 'imag']"
33134953,"[""Metabolomics Profiling"", ""Proton nuclear magnetic resonance""], [""Blood samples""]","[""Metabolomics Profiling"", ""Proton nuclear magnetic resonance""]","[""Blood samples""]","['metabolom profil', 'blood sampl', 'proton nuclear magnet reson']"
33135777,"[""Genomics""], [""genomics"", ""transcriptomics""]","[""Genomics""]","[""genomics"", ""transcriptomics""]","['transcriptom', 'genom']"
33137396,"[""Imaging""], []","[""Imaging""]",[],"['', 'imag']"
33142939,"[""Thermal""], [""Thermal images""]","[""Thermal""]","[""Thermal images""]","['thermal', 'thermal imag']"
33144873,"[""Multiparametric MRI"", ""T2-weighted MR images""], [""MRI"", ""Images""]","[""Multiparametric MRI"", ""T2-weighted MR images""]","[""MRI"", ""Images""]","['t2weight mr imag', 'mri', 'multiparametr mri', 'imag']"
33144919,"[""Ultrasound""], [""Medical Imaging""]","[""Ultrasound""]","[""Medical Imaging""]","['medic imag', 'ultrasound']"
33145781,"[""Audio""], [""Vocal""]","[""Audio""]","[""Vocal""]","['audio', 'vocal']"
33149148,"[""Pathology"", ""Transcriptome""], [""images"", ""text""]","[""Pathology"", ""Transcriptome""]","[""images"", ""text""]","['text', 'imag', 'transcriptom', 'patholog']"
33151041,,"[""KB slides"", ""Flow cytometry""]",,[]
33151087,"[""CT""], [""CT""]","[""CT""]","[""CT""]",['ct']
33154370,"[""Mass Spectrometry""], [""Spectrometry""]","[""Mass Spectrometry""]","[""Spectrometry""]","['mass spectrometri', 'spectrometri']"
33154417,"[""Faecal VOCs""], [""chemical""]","[""Faecal VOCs""]","[""chemical""]","['faecal voc', 'chemic']"
33159092,"[""Functional magnetic resonance imaging""], [""fMRI""]","[""Functional magnetic resonance imaging""]","[""fMRI""]","['fmri', 'function magnet reson imag']"
33161063,"[""Parent-report""], [""parent-report data""]","[""Parent-report""]","[""parent-report data""]","['parentreport data', 'parentreport']"
33161275,"[""Acceleration and angular velocity""], [""Accelerometer and gyroscope data""]","[""Acceleration and angular velocity""]","[""Accelerometer and gyroscope data""]","['acceler and angular veloc', 'acceleromet and gyroscop data']"
33166800,"[""Brain networks""], [{""Modality"": ""Image""}]","[""Brain networks""]","[{""Modality"": ""Image""}]","['modal imag', 'brain network']"
33177493,"[""immunofluorescence-based phenotypes"", ""single-cell sequencing data""], [""microscopy"", ""sequencing""]","[""immunofluorescence-based phenotypes"", ""single-cell sequencing data""]","[""microscopy"", ""sequencing""]","['singlecel sequenc data', 'microscopi', 'sequenc', 'immunofluorescencebas phenotyp']"
33166947,"[""Magnetoencephalography"", ""functional connectome data""], [""Alpha and high gamma bands""]","[""Magnetoencephalography"", ""functional connectome data""]","[""Alpha and high gamma bands""]","['function connectom data', 'alpha and high gamma band', 'magnetoencephalographi']"
33167779,"[""Electrocardiogram"", ""Cardiovascular""], [""electrocardiogram""]","[""Electrocardiogram"", ""Cardiovascular""]","[""electrocardiogram""]","['electrocardiogram', 'cardiovascular']"
33168895,"[""Computed Tomography (CT)""], [""CT scans""]","[""Computed Tomography (CT)""]","[""CT scans""]","['ct scan', 'comput tomographi ct']"
33168947,"[""brain imaging"", ""behavioral""], [""Image""]","[""brain imaging"", ""behavioral""]","[""Image""]","['behavior', 'imag', 'brain imag']"
33174832,"[""Whole-genome sequencing data""], [""text"", ""phylogenetic""]","[""Whole-genome sequencing data""]","[""text"", ""phylogenetic""]","['text', 'wholegenom sequenc data', 'phylogenet']"
33174853,"[""Text""], [""text""]","[""Text""]","[""text""]",['text']
33176582,"[""Plasma""], [""Plasma""]","[""Plasma""]","[""Plasma""]",['plasma']
33177614,"[""Electronic health records""], [""Clinical features"", ""Pre-existing PVR""]","[""Electronic health records""]","[""Clinical features"", ""Pre-existing PVR""]","['clinic featur', 'preexist pvr', 'electron health record']"
33182258,"[""Accelerometer"", ""Gyroscope""], [""Accelerometer"", ""Gyroscope""]","[""Accelerometer"", ""Gyroscope""]","[""Accelerometer"", ""Gyroscope""]","['gyroscop', 'acceleromet']"
33184741,"[""Carotid ultrasound imaging"", ""Coronary angiography""], [""ultrasound imaging"", ""angiography""]","[""Carotid ultrasound imaging"", ""Coronary angiography""]","[""ultrasound imaging"", ""angiography""]","['angiographi', 'coronari angiographi', 'carotid ultrasound imag', 'ultrasound imag']"
33187484,"[""Blood culture""], [""blood cultures""]","[""Blood culture""]","[""blood cultures""]",['blood cultur']
33190462,"[""Clinical""], [""Text""]","[""Clinical""]","[""Text""]","['text', 'clinic']"
33193341,"[""RNA-based TaqMan qPCR assays"", ""microarray platform""], Transcriptomic data","[""RNA-based TaqMan qPCR assays"", ""microarray platform""]",Transcriptomic data,"['microarray platform', 'transcriptom data', 'rnabas taqman qpcr assay']"
33194219,,,"[""written responses"", ""comments""]",[]
33196188,,"[""Structural data""]",,[]
33199349,"[""counts"", ""event rates""], [""Counts and event rates""]","[""counts"", ""event rates""]","[""Counts and event rates""]","['count', 'event rate', 'count and event rate']"
33202340,"[""Structural T1-weighted MRI scan""], [""MRI""]","[""Structural T1-weighted MRI scan""]","[""MRI""]","['structur t1weight mri scan', 'mri']"
33205549,"[""Demographic"", ""Symptomatic"", ""Clinical""], [""text""]","[""Demographic"", ""Symptomatic"", ""Clinical""]","[""text""]","['demograph', 'clinic', 'text', 'symptomat']"
33205591,,,"[{""Modality"": [""Heart Failure""]}]",[]
33207017,"[""RNA-seq""], [""RNA"", ""Genetics""]","[""RNA-seq""]","[""RNA"", ""Genetics""]","['rnaseq', 'genet', 'rna']"
33207776,"[""Questionnaires""], [""Text""]","[""Questionnaires""]","[""Text""]","['text', 'questionnair']"
33211237,"[""Echo""], [""Echocardiogram"", ""Video""]","[""Echo""]","[""Echocardiogram"", ""Video""]","['echocardiogram', 'video', 'echo']"
33216001,"[""movement in the house"", ""sleep"", ""physical activity"", ""sedentary behavior""], [""Motion data"", ""Thermometer data""]","[""movement in the house"", ""sleep"", ""physical activity"", ""sedentary behavior""]","[""Motion data"", ""Thermometer data""]","['movement in the hous', 'motion data', 'sleep', 'sedentari behavior', 'physic activ', 'thermomet data']"
33219845,"[""Magnetic Resonance Imaging""], [""Image"", ""Signal""]","[""Magnetic Resonance Imaging""]","[""Image"", ""Signal""]","['signal', 'magnet reson imag', 'imag']"
33224093,"[""Functional MRI"", ""Positron Emission Tomography""], [""FLAIR"", ""PET""]","[""Functional MRI"", ""Positron Emission Tomography""]","[""FLAIR"", ""PET""]","['pet', 'flair', 'function mri', 'positron emiss tomographi']"
33224912,"[""Telemedicine""], [""Telemedicine"", ""Healthcare""]","[""Telemedicine""]","[""Telemedicine"", ""Healthcare""]","['telemedicin', 'healthcar']"
33233605,"[""audio"", ""visual""], [""text"", ""audio""]","[""audio"", ""visual""]","[""text"", ""audio""]","['text', 'audio', 'visual']"
33240071,"[""Medical Imaging""], [""Medical Images""]","[""Medical Imaging""]","[""Medical Images""]",['medic imag']
33242116,"[""fMRI""], [""static"", ""dynamic""]","[""fMRI""]","[""static"", ""dynamic""]","['fmri', 'dynam', 'static']"
33246080,"[""Movement"", ""Sensor data""], [""kinematic scores"", ""upper arm kinematic scores""]","[""Movement"", ""Sensor data""]","[""kinematic scores"", ""upper arm kinematic scores""]","['movement', 'kinemat score', 'sensor data', 'upper arm kinemat score']"
33247597,"[""Magnetic resonance imaging""], [""Magnetic resonance imaging""]","[""Magnetic resonance imaging""]","[""Magnetic resonance imaging""]",['magnet reson imag']
33260101,"[""SPECT images""], [""SPECT"", ""MRI""]","[""SPECT images""]","[""SPECT"", ""MRI""]","['spect', 'mri', 'spect imag']"
33260138,"[""Magnetic Resonance Imaging (T2-weighted MR images)""], [""Magnetic Resonance Imaging (MRI)""]","[""Magnetic Resonance Imaging (T2-weighted MR images)""]","[""Magnetic Resonance Imaging (MRI)""]","['magnet reson imag mri', 'magnet reson imag t2weight mr imag']"
33262083,"[""Numerical"", ""Statistical""], []","[""Numerical"", ""Statistical""]",[],"['', 'statist', 'numer']"
33264099,"[""Natural Body Motion"", ""Natural Voice""], [""Natural body motion"", ""Natural voice""]","[""Natural Body Motion"", ""Natural Voice""]","[""Natural body motion"", ""Natural voice""]","['natur bodi motion', 'natur voic']"
33276475,"[""Visual""], [""Slip detection"", ""Image data""]","[""Visual""]","[""Slip detection"", ""Image data""]","['imag data', 'slip detect', 'visual']"
33277724,"[""Medical""], [""Text""]","[""Medical""]","[""Text""]","['medic', 'text']"
33278743,,,"[""Transdiagnostic digital intervention""]",[]
33280248,,,"[""text""]",[]
33280549,"[""Computed Tomography""], [{""modality1"": null}, {""modality2"": null}]","[""Computed Tomography""]","[{""modality1"": null}, {""modality2"": null}]","['comput tomographi', 'modality2 null', 'modality1 null']"
33284647,"[""audio"", ""step tracking""], [""Step tracking"", ""Fall detection""]","[""audio"", ""step tracking""]","[""Step tracking"", ""Fall detection""]","['audio', 'fall detect', 'step track']"
33285356,"[""Intravital Video Microscopy""], [""IVM data""]","[""Intravital Video Microscopy""]","[""IVM data""]","['ivm data', 'intravit video microscopi']"
33294774,,,"[""X-rays"", ""CT scans""]",[]
33285711,"[""CT scans""], [""Imaging"", ""Clinical Data""]","[""CT scans""]","[""Imaging"", ""Clinical Data""]","['ct scan', 'clinic data', 'imag']"
33288765,"[""genomic""], [""single-sample"", ""multi-region sampling""]","[""genomic""]","[""single-sample"", ""multi-region sampling""]","['multiregion sampl', 'singlesampl', 'genom']"
33289519,"[""mJOA score""], [""Surgical Intervention"", ""Functional Status""]","[""mJOA score""]","[""Surgical Intervention"", ""Functional Status""]","['function statu', 'surgic intervent', 'mjoa score']"
33289613,"[""Proton MRI"", ""Helium 3 MRI""], [""Proton MRI"", ""Hyperpolarized helium 3 ([3]He) MRI""]","[""Proton MRI"", ""Helium 3 MRI""]","[""Proton MRI"", ""Hyperpolarized helium 3 ([3]He) MRI""]","['proton mri', 'helium 3 mri', 'hyperpolar helium 3 3he mri']"
33289695,"[], {""Text"": true}",[],"{""Text"": true}","['', 'text true']"
33293364,"[""ultrasound"", ""ventilator settings"", ""blood gases""], [""Ultrasound""]","[""ultrasound"", ""ventilator settings"", ""blood gases""]","[""Ultrasound""]","['blood gase', 'ultrasound', 'ventil set']"
33298128,,,,[]
33304928,"[""3D-MDA"", ""Cardiac magnetic resonance (CMR)""], [""Imaging Data"", ""Clinical Characteristics""]","[""3D-MDA"", ""Cardiac magnetic resonance (CMR)""]","[""Imaging Data"", ""Clinical Characteristics""]","['cardiac magnet reson cmr', 'imag data', '3dmda', 'clinic characterist']"
33310630,"[""EEG""], [""face processing"", ""temporal and spatial""]","[""EEG""]","[""face processing"", ""temporal and spatial""]","['eeg', 'face process', 'tempor and spatial']"
33314695,"[""ncRNA""], [""Text"", ""Images""]","[""ncRNA""]","[""Text"", ""Images""]","['text', 'ncrna', 'imag']"
33316095,"[""Electronic medical records""], [""Electronic Medical Records""]","[""Electronic medical records""]","[""Electronic Medical Records""]",['electron medic record']
33317634,"[""Genomic"", ""Epigenetic""], [{""value"": ""DNA methylation""}]","[""Genomic"", ""Epigenetic""]","[{""value"": ""DNA methylation""}]","['epigenet', 'valu dna methyl', 'genom']"
33324443,"[""RNA-Seq""], Gene expression","[""RNA-Seq""]",Gene expression,"['rnaseq', 'gene express']"
33381838,,"[""Phylogenetically related samples""]",,[]
33328058,"[""CT scans""], [""CT scans"", ""Spirometric data""]","[""CT scans""]","[""CT scans"", ""Spirometric data""]","['ct scan', 'spirometr data']"
33328086,"[""Chest x-ray""], [""chest x-ray""]","[""Chest x-ray""]","[""chest x-ray""]",['chest xray']
33336385,"[""Thermal imaging""], [""infrared thermography""]","[""Thermal imaging""]","[""infrared thermography""]","['thermal imag', 'infrar thermographi']"
33338982,"[""Breast Cytology""], [""Image"", ""Text""]","[""Breast Cytology""]","[""Image"", ""Text""]","['breast cytolog', 'text', 'imag']"
33420533,"[""Functional Magnetic Resonance Imaging (fMRI)""], [""fMRI""]","[""Functional Magnetic Resonance Imaging (fMRI)""]","[""fMRI""]","['fmri', 'function magnet reson imag fmri']"
33350595,"[""Medical records""], [""ANN""]","[""Medical records""]","[""ANN""]","['ann', 'medic record']"
33359305,"[""Spectroscopy""], [""Spectra"", ""Images""]","[""Spectroscopy""]","[""Spectra"", ""Images""]","['spectra', 'spectroscopi', 'imag']"
33360558,"[""electroencephalography""], [""Sleep""]","[""electroencephalography""]","[""Sleep""]","['sleep', 'electroencephalographi']"
33360844,"[""Image""], [""image""]","[""Image""]","[""image""]",['imag']
33361262,"[""MRI""], [""From the Translational and Clinical Research Institute (N.S.), Faculty of Medical Sciences, and Computational Neuroscience, Neurology, and Psychiatry Lab (N.S., Y.W., N.M.d.S., P.N.T.), Interdisciplinary Computing and Complex BioSystems Group, School of Computing, Newcastle University, Newcastle Upon Tyne; NIHR University College London Hospitals Biomedical Research Centre (Y.W., A.M., A.W.M., J.d.T., S.B.V., G.P.W., J.S.D., P.N.T.), UCL Institute of Neurology, Queen Square; Centre for Medical Image Computing (S.B.V.), University College London; Epilepsy Society MRI Unit (S.B.V., G.P.W., J.S.D), Chalfont St Peter, UK; and Department of Medicine (G.P.W.,), Division of Neurology, Queen's University, Kingston, Ontario, Canada.""]","[""MRI""]","[""From the Translational and Clinical Research Institute (N.S.), Faculty of Medical Sciences, and Computational Neuroscience, Neurology, and Psychiatry Lab (N.S., Y.W., N.M.d.S., P.N.T.), Interdisciplinary Computing and Complex BioSystems Group, School of Computing, Newcastle University, Newcastle Upon Tyne; NIHR University College London Hospitals Biomedical Research Centre (Y.W., A.M., A.W.M., J.d.T., S.B.V., G.P.W., J.S.D., P.N.T.), UCL Institute of Neurology, Queen Square; Centre for Medical Image Computing (S.B.V.), University College London; Epilepsy Society MRI Unit (S.B.V., G.P.W., J.S.D), Chalfont St Peter, UK; and Department of Medicine (G.P.W.,), Division of Neurology, Queen's University, Kingston, Ontario, Canada.""]","['', 'nmd', 'divis of neurolog', 'ucl institut of neurolog', 'newcastl upon tyne nihr univers colleg london hospit biomed research centr yw', 'sbv', 'queen squar centr for medic imag comput sbv', 'and comput neurosci', 'neurolog', 'canada', 'gpw', 'yw', 'interdisciplinari comput and complex biosystem group', 'newcastl univers', 'uk and depart of medicin gpw', 'pnt', 'ontario', 'jsd', 'mri', 'awm', 'kingston', 'am', 'faculti of medic scienc', 'queen univers', 'univers colleg london epilepsi societi mri unit sbv', 'from the translat and clinic research institut ns', 'chalfont st peter', 'school of comput', 'jdt', 'and psychiatri lab ns']"
33368705,"[""MRI""], [""MRI"", ""Digital""]","[""MRI""]","[""MRI"", ""Digital""]","['mri', 'digit']"
33370286,,,[],[]
33376135,,,"[""Transcriptome""]",[]
33387276,"[""Nomogram""], [""text""]","[""Nomogram""]","[""text""]","['text', 'nomogram']"
33388458,"[""Image""], [""Image""]","[""Image""]","[""Image""]",['imag']
33390261,"[""Numerical rating scale (NRS)"", ""Categorical data (gender, age)""], [""Numerical rating scale"", ""Perioperative i.v. dexamethasone""]","[""Numerical rating scale (NRS)"", ""Categorical data (gender, age)""]","[""Numerical rating scale"", ""Perioperative i.v. dexamethasone""]","['periop iv dexamethason', 'numer rate scale', 'categor data gender', 'numer rate scale nr', 'age']"
33391794,,,"[""biomedical"", ""computational""]",[]
33392578,,,"[""Imaging"", null]",[]
33393055,"[""Robot"", ""Visual""], [""kinarm robot"", ""upper limb function""]","[""Robot"", ""Visual""]","[""kinarm robot"", ""upper limb function""]","['upper limb function', 'robot', 'visual', 'kinarm robot']"
33394116,"[""Imaging""], [""MRI""]","[""Imaging""]","[""MRI""]","['mri', 'imag']"
33395976,"[""Magnetoencephalography""], [""EEG""]","[""Magnetoencephalography""]","[""EEG""]","['eeg', 'magnetoencephalographi']"
33395997,"[""Functional connectivity"", ""Structural connectivity""], [""fMRI"", ""Structural connectivity""]","[""Functional connectivity"", ""Structural connectivity""]","[""fMRI"", ""Structural connectivity""]","['fmri', 'function connect', 'structur connect']"
33396526,"[""Simulation"", ""Machine Learning""], [""Simulation Tool""]","[""Simulation"", ""Machine Learning""]","[""Simulation Tool""]","['simul', 'simul tool', 'machin learn']"
33400140,"[""Robot""], [""Robot-based"", ""Traditional assessment""]","[""Robot""]","[""Robot-based"", ""Traditional assessment""]","['tradit assess', 'robot', 'robotbas']"
33403948,,,"[""Speech"", ""Text""]",[]
33406155,"[""Clinical""], [""Medical time series records""]","[""Clinical""]","[""Medical time series records""]","['clinic', 'medic time seri record']"
33407254,,,,[]
33407780,"[""Text"", ""Image""], []","[""Text"", ""Image""]",[],"['', 'text', 'imag']"
33408329,"[""Functional MRI""], [""medical imaging"", ""neurocognitive information""]","[""Functional MRI""]","[""medical imaging"", ""neurocognitive information""]","['medic imag', 'neurocognit inform', 'function mri']"
33410754,"[""Text""], [""Text-Based""]","[""Text""]","[""Text-Based""]","['text', 'textbas']"
33418122,"[""MRI""], [""MRI"", ""Artificial Brain Tumor Models""]","[""MRI""]","[""MRI"", ""Artificial Brain Tumor Models""]","['mri', 'artifici brain tumor model']"
33420416,,,"[{""modality"": ""Images""}, {""modality"": ""Text""}]",[]
33422088,"[""Text""], {""Text"": true}","[""Text""]","{""Text"": true}","['text true', 'text']"
33422894,"[""Structural magnetic resonance imaging scans""], [""MRI""]","[""Structural magnetic resonance imaging scans""]","[""MRI""]","['mri', 'structur magnet reson imag scan']"
33423132,"[""Ultrasound"", ""Grayscale""], [""Ultrasound""]","[""Ultrasound"", ""Grayscale""]","[""Ultrasound""]","['grayscal', 'ultrasound']"
33425953,"[""CT images""], [""image""]","[""CT images""]","[""image""]","['ct imag', 'imag']"
33429290,"[""accelerometer""], [""accelerometer""]","[""accelerometer""]","[""accelerometer""]",['acceleromet']
33430830,"[""Structural MRI""], [""Structural MRI""]","[""Structural MRI""]","[""Structural MRI""]",['structur mri']
33439725,"[""Clinical"", ""Pathological""], [""estrogen receptor (ER) status"", ""human epidermal growth factor-2 (HER2) status"", ""Nottingham grade""]","[""Clinical"", ""Pathological""]","[""estrogen receptor (ER) status"", ""human epidermal growth factor-2 (HER2) status"", ""Nottingham grade""]","['human epiderm growth factor2 her2 statu', 'patholog', 'clinic', 'estrogen receptor er statu', 'nottingham grade']"
33441847,,,"{""Text"": true, ""Audio"": false, ""Image"": false}",[]
33442676,,"[""Medical""]",,[]
33445089,"[""Visual processing"", ""Spatial memory"", ""Attention"", ""Executive function""], [""Cognitive"", ""Visual""]","[""Visual processing"", ""Spatial memory"", ""Attention"", ""Executive function""]","[""Cognitive"", ""Visual""]","['attent', 'cognit', 'spatial memori', 'visual process', 'visual', 'execut function']"
33445808,,,"[""Motor"", ""Sensory"", ""Autonomic""]",[]
33446607,"[""Prospectively collected clinical data""], [""Clinical"", ""Lung function""]","[""Prospectively collected clinical data""]","[""Clinical"", ""Lung function""]","['clinic', 'prospect collect clinic data', 'lung function']"
33446647,"[""3 T imaging""], [""brain structural"", ""clinical""]","[""3 T imaging""]","[""brain structural"", ""clinical""]","['clinic', 'brain structur', '3 t imag']"
33446815,"[""structural co-variation"", ""autoencoder neural networks""], [""Structural"", ""Functional""]","[""structural co-variation"", ""autoencoder neural networks""]","[""Structural"", ""Functional""]","['autoencod neural network', 'structur', 'structur covari', 'function']"
33446870,"[""CT Images""], [""CT Images""]","[""CT Images""]","[""CT Images""]",['ct imag']
33447694,"[""Plasma NEFAs""], {""chemical composition"": null}","[""Plasma NEFAs""]","{""chemical composition"": null}","['plasma nefa', 'chemic composit null']"
33450500,,,"[""season (or month)"", ""EDSS score""]",[]
33458268,"[""Computed Tomography""], [""Computed Tomography""]","[""Computed Tomography""]","[""Computed Tomography""]",['comput tomographi']
33472890,,,"{""Text"": null, ""Audio"": null, ""Image"": null}",[]
33478563,"[""Upper Extremity""], [""Upper extremity"", ""Robotics""]","[""Upper Extremity""]","[""Upper extremity"", ""Robotics""]","['upper extrem', 'robot']"
33480187,"[""Neuroimaging""], [{""Voxels in the brain."": [""MRI"", ""Imaging""]}]","[""Neuroimaging""]","[{""Voxels in the brain."": [""MRI"", ""Imaging""]}]","['voxel in the brain mri', 'neuroimag', 'imag']"
33481459,"[""Chest Radiographs"", ""Computed Tomography (CT)""], [""Chest CT"", ""Chest Radiograph""]","[""Chest Radiographs"", ""Computed Tomography (CT)""]","[""Chest CT"", ""Chest Radiograph""]","['chest radiograph', 'chest ct', 'comput tomographi ct']"
33486639,"[""Image""], [""image"", ""nuclear features""]","[""Image""]","[""image"", ""nuclear features""]","['nuclear featur', 'imag']"
33500958,"[""Robotics""], [""Robotics""]","[""Robotics""]","[""Robotics""]",['robot']
33501414,,"[""Biometric Data"", ""Laboratory Analysis""]",,[]
33504243,"[""Medical records""], [""blood levels""]","[""Medical records""]","[""blood levels""]","['blood level', 'medic record']"
33504254,"[""Blood glucose concentration changes""], [""text"", ""numeric""]","[""Blood glucose concentration changes""]","[""text"", ""numeric""]","['text', 'blood glucos concentr chang', 'numer']"
33515058,,"[""Medical""]",,[]
33515845,"[""Electrophysiological testing""], [""electrophysiological testing""]","[""Electrophysiological testing""]","[""electrophysiological testing""]",['electrophysiolog test']
33529665,"[""Clinical"", ""Laboratory""], [""ECG"", ""Imaging""]","[""Clinical"", ""Laboratory""]","[""ECG"", ""Imaging""]","['ecg', 'laboratori', 'clinic', 'imag']"
33531261,,,,[]
33532625,"[""Proton nuclear magnetic resonance spectroscopy""], [""Urine samples""]","[""Proton nuclear magnetic resonance spectroscopy""]","[""Urine samples""]","['proton nuclear magnet reson spectroscopi', 'urin sampl']"
33533050,"[""PET"", ""4D PET""], [""Dynamic PET imaging""]","[""PET"", ""4D PET""]","[""Dynamic PET imaging""]","['dynam pet imag', '4d pet', 'pet']"
33534111,"[""Histological breast cancer features""], [""histological"", ""machine learning""]","[""Histological breast cancer features""]","[""histological"", ""machine learning""]","['histolog breast cancer featur', 'machin learn', 'histolog']"
33538696,"[""Vital signs""], [""vital signs""]","[""Vital signs""]","[""vital signs""]",['vital sign']
33539251,"[""Radiological"", ""Chemical""], [""text"", ""affiliations""]","[""Radiological"", ""Chemical""]","[""text"", ""affiliations""]","['affili', 'radiolog', 'text', 'chemic']"
33539714,"[""Assessments"", ""Bowel movements""], [""Observations from a medical device"", ""Measurements from manual tracking""]","[""Assessments"", ""Bowel movements""]","[""Observations from a medical device"", ""Measurements from manual tracking""]","['bowel movement', 'measur from manual track', 'assess', 'observ from a medic devic']"
33549146,,"[""Fecal microbiota composition""]",,[]
33550508,"[""OCT-A"", ""Imaging""], [""Image""]","[""OCT-A"", ""Imaging""]","[""Image""]","['octa', 'imag']"
33553523,"[""Movement patterns""], [""Image"", ""Video""]","[""Movement patterns""]","[""Image"", ""Video""]","['movement pattern', 'video', 'imag']"
33554457,"[""Facial features""], [""Image""]","[""Facial features""]","[""Image""]","['facial featur', 'imag']"
33557612,"[""Magnetic Resonance Imaging""], [{""modality"": ""MRI""}]","[""Magnetic Resonance Imaging""]","[{""modality"": ""MRI""}]","['modal mri', 'magnet reson imag']"
33558044,,,"{""#text"": [""self-reported measures""], ""$type"": ""array""}",[]
33559004,"[""2D images""], [""image""]","[""2D images""]","[""image""]","['2d imag', 'imag']"
33564942,,,"[""Text"", ""Image""]",[]
33576323,"[""Histopathology""], [""Images""]","[""Histopathology""]","[""Images""]","['histopatholog', 'imag']"
33577203,"[""text""], [""text""]","[""text""]","[""text""]",['text']
33577219,"[""Audiology""], [""Audiology-Only Predictors"", ""All Predictors""]","[""Audiology""]","[""Audiology-Only Predictors"", ""All Predictors""]","['all predictor', 'audiologyonli predictor', 'audiolog']"
33579858,"[""Neuroimaging""], [""FDG-PET""]","[""Neuroimaging""]","[""FDG-PET""]","['neuroimag', 'fdgpet']"
33580109,,,"[""administrative data""]",[]
33581336,"[""Whole-exome Sequencing Data""], [""Genomics"", ""Oncology""]","[""Whole-exome Sequencing Data""]","[""Genomics"", ""Oncology""]","['wholeexom sequenc data', 'oncolog', 'genom']"
33582272,"[""fMRI""], [""brain activity"", ""cognitive states""]","[""fMRI""]","[""brain activity"", ""cognitive states""]","['fmri', 'cognit state', 'brain activ']"
33599043,"[""1.5T"", ""Inversion-recovery segmented gradient-echo"", ""Balanced steady-state free-precession""], [""MRI"", ""cine sequences""]","[""1.5T"", ""Inversion-recovery segmented gradient-echo"", ""Balanced steady-state free-precession""]","[""MRI"", ""cine sequences""]","['inversionrecoveri segment gradientecho', 'mri', 'cine sequenc', '15t', 'balanc steadyst freeprecess']"
33601012,"[""surgical data""], {""spine_surgery_cases"": true}","[""surgical data""]","{""spine_surgery_cases"": true}","['surgic data', 'spine_surgery_cas true']"
33602921,,,[],[]
33610035,"[""PPG"", ""OVG""], [""PPG"", ""OVG""]","[""PPG"", ""OVG""]","[""PPG"", ""OVG""]","['ppg', 'ovg']"
33611042,"[""Fluid Dynamics"", ""Thermal Engineering"", ""Multiphase Flow""], [""Fluid Dynamics"", ""Artificial Intelligence""]","[""Fluid Dynamics"", ""Thermal Engineering"", ""Multiphase Flow""]","[""Fluid Dynamics"", ""Artificial Intelligence""]","['fluid dynam', 'artifici intellig', 'multiphas flow', 'thermal engin']"
33617523,"[""Three-Dimensional (3D) image data""], [""image""]","[""Three-Dimensional (3D) image data""]","[""image""]","['imag', 'threedimension 3d imag data']"
33622655,"[""Magnetic Resonance Imaging"", ""Diffusion Tensor Imaging"", ""Functional Magnetic Resonance Imaging""], [""Imaging""]","[""Magnetic Resonance Imaging"", ""Diffusion Tensor Imaging"", ""Functional Magnetic Resonance Imaging""]","[""Imaging""]","['function magnet reson imag', 'diffus tensor imag', 'magnet reson imag', 'imag']"
33628435,"[""Genomic"", ""Clinical""], [""clinical"", ""genomic""]","[""Genomic"", ""Clinical""]","[""clinical"", ""genomic""]","['clinic', 'genom']"
33631293,"[""Linear regression"", ""Neural network models""], [""Time""]","[""Linear regression"", ""Neural network models""]","[""Time""]","['linear regress', 'neural network model', 'time']"
33634751,,,"[{""count"": 2, ""value"": ""Image""}, {""count"": 1, ""value"": ""Text""}, {""count"": 0, ""value"": ""Audio""}, {""count"": 0, ""value"": ""Video""}]",[]
33638031,"[""ECG""], ECG","[""ECG""]",ECG,['ecg']
33639645,"[""Height"", ""Weight"", ""Body Mass Index"", ""Age"", ""Gender"", ""Systolic blood pressure"", ""Diastolic blood pressure"", ""Mean arterial pressure"", ""Pulse pressure"", ""Pulse""], [""Physiological signals"", ""Demographics""]","[""Height"", ""Weight"", ""Body Mass Index"", ""Age"", ""Gender"", ""Systolic blood pressure"", ""Diastolic blood pressure"", ""Mean arterial pressure"", ""Pulse pressure"", ""Pulse""]","[""Physiological signals"", ""Demographics""]","['diastol blood pressur', 'gender', 'age', 'weight', 'systol blood pressur', 'physiolog signal', 'height', 'demograph', 'puls', 'mean arteri pressur', 'puls pressur', 'bodi mass index']"
33640674,"[""Positron emission tomography"", ""Fluorodeoxyglucose""], [""fluorodeoxyglucose positron emission tomography imaging""]","[""Positron emission tomography"", ""Fluorodeoxyglucose""]","[""fluorodeoxyglucose positron emission tomography imaging""]","['fluorodeoxyglucos positron emiss tomographi imag', 'fluorodeoxyglucos', 'positron emiss tomographi']"
33643910,"[""PSA level"", ""Gleason grade"", ""T stage""], [""PSA level"", ""Gleason grade"", ""T stage""]","[""PSA level"", ""Gleason grade"", ""T stage""]","[""PSA level"", ""Gleason grade"", ""T stage""]","['gleason grade', 'psa level', 't stage']"
33644412,"[""Public sector health data""], [""Text"", ""Structured Data""]","[""Public sector health data""]","[""Text"", ""Structured Data""]","['text', 'public sector health data', 'structur data']"
33645908,"[""Blood"", ""Brain""], [""mRNA"", ""gene_expression""]","[""Blood"", ""Brain""]","[""mRNA"", ""gene_expression""]","['mrna', 'blood', 'brain', 'gene_express']"
33649398,"[""Imaging"", ""Genomics""], [""MRI"", ""CT scan""]","[""Imaging"", ""Genomics""]","[""MRI"", ""CT scan""]","['mri', 'ct scan', 'genom', 'imag']"
33650265,"[""Urology"", ""Reproducive Health""], Imaging","[""Urology"", ""Reproducive Health""]",Imaging,"['reproduc health', 'urolog', 'imag']"
33651938,,"[""Mass Spectrometry Imaging""]",,[]
33655433,,,,[]
33657184,"[""Clinical Notes"", ""Radiology""], [""Text"", ""Radiology""]","[""Clinical Notes"", ""Radiology""]","[""Text"", ""Radiology""]","['radiolog', 'clinic note', 'text']"
33658605,,,"[{""modality"": ""text""}, {""modality"": ""video""}, {""modality"": ""audio""}, {""modality"": ""image""}, {""modality"": null}]",[]
33672259,"[""MR imaging""], [""MRI""]","[""MR imaging""]","[""MRI""]","['mri', 'mr imag']"
33677098,,"[""Text"", ""Numerical""]",,[]
33683608,,,"{""text"": null, ""multimedia"": null}",[]
33691201,"[""Medical imaging""], [""electronic health records"", ""medical images""]","[""Medical imaging""]","[""electronic health records"", ""medical images""]","['medic imag', 'electron health record']"
33692779,"[""Peripheral blood cells"", ""Clinical data""], [""Gene expression"", ""Clinical data""]","[""Peripheral blood cells"", ""Clinical data""]","[""Gene expression"", ""Clinical data""]","['peripher blood cell', 'gene express', 'clinic data']"
33704076,"[""Inertial sensor data""], [""Inertial sensor data"", ""Physiotherapy exercises""]","[""Inertial sensor data""]","[""Inertial sensor data"", ""Physiotherapy exercises""]","['physiotherapi exercis', 'inerti sensor data']"
33705439,"[""Self-report""], [""Subjective fear of the virus"", ""Perceived health""]","[""Self-report""]","[""Subjective fear of the virus"", ""Perceived health""]","['selfreport', 'perceiv health', 'subject fear of the viru']"
33707478,"[""Biomedical""], []","[""Biomedical""]",[],"['', 'biomed']"
33710292,"[""Text""], [""text""]","[""Text""]","[""text""]",['text']
33711482,"[""MRI""], [""MRI"", ""Behavioral data""]","[""MRI""]","[""MRI"", ""Behavioral data""]","['mri', 'behavior data']"
33716814,"[""Magnetic Resonance Imaging""], [""Gray matter-segmented"", ""White matter-segmented""]","[""Magnetic Resonance Imaging""]","[""Gray matter-segmented"", ""White matter-segmented""]","['white matterseg', 'gray matterseg', 'magnet reson imag']"
33717471,"[""Magnetic resonance imaging"", ""Cine three-chamber plane""], [""Imaging""]","[""Magnetic resonance imaging"", ""Cine three-chamber plane""]","[""Imaging""]","['cine threechamb plane', 'magnet reson imag', 'imag']"
33723044,,,"[""Text""]",[]
33726819,,,"[""Text"", ""Image""]",[]
33730576,"[""Clinical"", ""Genomic""], [""images"", ""text""]","[""Clinical"", ""Genomic""]","[""images"", ""text""]","['text', 'clinic', 'genom', 'imag']"
33731738,"[""Ultrasound""], [""Ultrasound""]","[""Ultrasound""]","[""Ultrasound""]",['ultrasound']
33733120,"[""Clinical"", ""Demographic""], [""Image"", ""Text""]","[""Clinical"", ""Demographic""]","[""Image"", ""Text""]","['demograph', 'clinic', 'text', 'imag']"
33739635,"[""Computed Tomography""], [""Image""]","[""Computed Tomography""]","[""Image""]","['comput tomographi', 'imag']"
33743572,"[""Serum miRNA levels"", ""Urine metabolite concentrations""], [""serum microRNAs"", ""urine metabolites""]","[""Serum miRNA levels"", ""Urine metabolite concentrations""]","[""serum microRNAs"", ""urine metabolites""]","['urin metabolit concentr', 'urin metabolit', 'serum mirna level', 'serum microrna']"
33747150,"[""Serum levels"", ""X-rays"", ""Magnetic Resonance Imaging""], [""Adipokines"", ""Inflammatory factors""]","[""Serum levels"", ""X-rays"", ""Magnetic Resonance Imaging""]","[""Adipokines"", ""Inflammatory factors""]","['xray', 'adipokin', 'serum level', 'magnet reson imag', 'inflammatori factor']"
33749148,,"[""Radiographs"", ""Magnetic Resonance Imaging""]",,[]
33750311,"[""Height"", ""Weight"", ""Calculated Body Mass Index"", ""Age"", ""Race/Ethnicity"", ""Sex""], [""Height"", ""Weight"", ""Age"", ""Sex""]","[""Height"", ""Weight"", ""Calculated Body Mass Index"", ""Age"", ""Race/Ethnicity"", ""Sex""]","[""Height"", ""Weight"", ""Age"", ""Sex""]","['weight', 'height', 'calcul bodi mass index', 'sex', 'age', 'raceethn']"
33753252,"[""Patch testing""], [""skin images"", ""patient information""]","[""Patch testing""]","[""skin images"", ""patient information""]","['patch test', 'patient inform', 'skin imag']"
33753312,,,[],[]
33755393,"[""genomic data"", ""clinical data""], [""hematology"", ""laboratory medicine"", ""pathobiology""]","[""genomic data"", ""clinical data""]","[""hematology"", ""laboratory medicine"", ""pathobiology""]","['hematolog', 'pathobiolog', 'clinic data', 'laboratori medicin', 'genom data']"
33756222,"[""Computed Tomography (CT)""], [""two-dimensional"", ""three-dimensional""]","[""Computed Tomography (CT)""]","[""two-dimensional"", ""three-dimensional""]","['threedimension', 'twodimension', 'comput tomographi ct']"
33760390,"[""Gait data"", ""In vivo knee loads""], [""biomechanical data"", ""magnetic resonance imaging""]","[""Gait data"", ""In vivo knee loads""]","[""biomechanical data"", ""magnetic resonance imaging""]","['in vivo knee load', 'gait data', 'biomechan data', 'magnet reson imag']"
33761938,"[""Radiation Medicine"", ""Personal Health Information (PHI)""], [""Text"", ""Survey""]","[""Radiation Medicine"", ""Personal Health Information (PHI)""]","[""Text"", ""Survey""]","['person health inform phi', 'text', 'radiat medicin', 'survey']"
33762385,"[""Acute Stroke"", ""Medical Imaging""], [""age"", ""gender"", ""modified Rankin Scale (mRS)"", ""National Institutes of Health Stroke Scale (NIHSS)""]","[""Acute Stroke"", ""Medical Imaging""]","[""age"", ""gender"", ""modified Rankin Scale (mRS)"", ""National Institutes of Health Stroke Scale (NIHSS)""]","['gender', 'nation institut of health stroke scale nihss', 'acut stroke', 'modifi rankin scale mr', 'age', 'medic imag']"
33764818,,,"[""Clinical data"", ""Imaging""]",[]
33766511,,,"[""skin images"", ""medical data""]",[]
33767382,,,[],[]
33767948,"[""Electronic Medical Records (EMRs)""], [""Primary care providers"", ""Electronic Medical Records""]","[""Electronic Medical Records (EMRs)""]","[""Primary care providers"", ""Electronic Medical Records""]","['electron medic record', 'primari care provid', 'electron medic record emr']"
33770412,"[""Amylase Value in the Drain (AVD)""], [""Amplase Value in the Drain (AVD)"", ""Amylase levels""]","[""Amylase Value in the Drain (AVD)""]","[""Amplase Value in the Drain (AVD)"", ""Amylase levels""]","['amylas valu in the drain avd', 'amplas valu in the drain avd', 'amylas level']"
33770525,"[""Neuroimaging""], [null, null, null, null, null, null, null, null, null, null, null, null]","[""Neuroimaging""]","[null, null, null, null, null, null, null, null, null, null, null, null]","['neuroimag', 'null']"
33770561,"[""MR""], [""Magnetic Resonance Imaging""]","[""MR""]","[""Magnetic Resonance Imaging""]","['mr', 'magnet reson imag']"
33772334,"[""PET/CT""], [""images"", ""text""]","[""PET/CT""]","[""images"", ""text""]","['text', 'petct', 'imag']"
33772335,"[""PET""], [""PET images"", ""clinical data""]","[""PET""]","[""PET images"", ""clinical data""]","['clinic data', 'pet imag', 'pet']"
33777664,,,"[""text"", ""voice""]",[]
33780034,"[""Peptide plane""], [""Computer Science"", ""Biochemistry Molecular Biology""]","[""Peptide plane""]","[""Computer Science"", ""Biochemistry Molecular Biology""]","['comput scienc', 'biochemistri molecular biolog', 'peptid plane']"
33780727,"[""Electroencephalogram (EEG)""], [{""Type"": ""scalograms"", ""Modality"": ""EEG""}, {""Modality"": ""image-like format""}]","[""Electroencephalogram (EEG)""]","[{""Type"": ""scalograms"", ""Modality"": ""EEG""}, {""Modality"": ""image-like format""}]","['electroencephalogram eeg', 'modal eeg', 'type scalogram', 'modal imagelik format']"
33781576,"[""MRI""], [""MRI""]","[""MRI""]","[""MRI""]",['mri']
33785730,"[""EEG""], ['EEG', 'face/non-face paradigm']","[""EEG""]","['EEG', 'face/non-face paradigm']","['eeg', 'facenonfac paradigm']"
33789178,"[""Ultrasound""], [""Ultrasound images""]","[""Ultrasound""]","[""Ultrasound images""]","['ultrasound', 'ultrasound imag']"
33802354,"[""Magnetic Resonance Imaging""], Magnetic Resonance Imaging","[""Magnetic Resonance Imaging""]",Magnetic Resonance Imaging,['magnet reson imag']
33802753,"[""renal graft outcomes"", ""urine output"", ""histopathology"", ""RNAseq""], [""renal graft outcomes""]","[""renal graft outcomes"", ""urine output"", ""histopathology"", ""RNAseq""]","[""renal graft outcomes""]","['rnaseq', 'urin output', 'histopatholog', 'renal graft outcom']"
33804307,,,"[""text""]",[]
33804317,"[""Inertial Sensors""], [""Inertial data""]","[""Inertial Sensors""]","[""Inertial data""]","['inerti data', 'inerti sensor']"
33804986,"[""ERP""], [""Faces"", ""Gaze""]","[""ERP""]","[""Faces"", ""Gaze""]","['face', 'gaze', 'erp']"
33806984,"[""Accelerometer"", ""Gyroscope"", ""Plantar pressure""], [""accelerometer"", ""gyroscope"", ""plantar pressure""]","[""Accelerometer"", ""Gyroscope"", ""Plantar pressure""]","[""accelerometer"", ""gyroscope"", ""plantar pressure""]","['gyroscop', 'plantar pressur', 'acceleromet']"
33811557,,"[""ECG"", ""Blood pressure""]",,[]
33819278,"[""T2-weighted MRI""], [""MRI""]","[""T2-weighted MRI""]","[""MRI""]","['mri', 't2weight mri']"
33820939,,,"[""text"", ""image""]",[]
33820989,"[""3D"", ""2D"", ""Image""], [""image"", ""video""]","[""3D"", ""2D"", ""Image""]","[""image"", ""video""]","['2d', 'imag', 'video', '3d']"
33823116,"[""Laboratory Data"", ""Clinical Data""], [""Text""]","[""Laboratory Data"", ""Clinical Data""]","[""Text""]","['text', 'laboratori data', 'clinic data']"
33823944,,,,[]
33824310,"[""brain MRI scans""], [""MRI""]","[""brain MRI scans""]","[""MRI""]","['mri', 'brain mri scan']"
33824317,"[], {""genomics"": true}",[],"{""genomics"": true}","['', 'genom true']"
33826233,"[""Fisher's Linear Discriminant Function"", ""Linear Repeated-Measures Mixed Models"", ""Unsupervised Longitudinal Clustering Machine Learning Algorithm""], [""medical imaging"", null]","[""Fisher's Linear Discriminant Function"", ""Linear Repeated-Measures Mixed Models"", ""Unsupervised Longitudinal Clustering Machine Learning Algorithm""]","[""medical imaging"", null]","['linear repeatedmeasur mix model', 'null', 'unsupervis longitudin cluster machin learn algorithm', 'fisher linear discrimin function', 'medic imag']"
33828156,"[""proteome""], [""text"", ""machine learning""]","[""proteome""]","[""text"", ""machine learning""]","['text', 'machin learn', 'proteom']"
33829043,"[""Ultrasound""], [""Ultrasound""]","[""Ultrasound""]","[""Ultrasound""]",['ultrasound']
33848231,,,"[""classification"", ""regression""]",[]
33836309,"[""DXA vertebral fracture assessment images"", ""Single-energy and dual-energy images""], [""Image""]","[""DXA vertebral fracture assessment images"", ""Single-energy and dual-energy images""]","[""Image""]","['dxa vertebr fractur assess imag', 'imag', 'singleenergi and dualenergi imag']"
33845445,,"[""ECG"", ""Imaging""]",,[]
33879394,,,"[""Text"", ""Image""]",[]
33848710,"[""EEG"", ""Eye images from camera""], [""Eye movement""]","[""EEG"", ""Eye images from camera""]","[""Eye movement""]","['eye imag from camera', 'eye movement', 'eeg']"
33849253,"[""BMI"", ""HbA1C"", ""Education""], [""BMI"", ""HbA1C"", ""Education""]","[""BMI"", ""HbA1C"", ""Education""]","[""BMI"", ""HbA1C"", ""Education""]","['bmi', 'hba1c', 'educ']"
33850128,"[""Neuroimaging"", ""Phenotypic data""], [""Neuroimaging"", ""Transcriptomics""]","[""Neuroimaging"", ""Phenotypic data""]","[""Neuroimaging"", ""Transcriptomics""]","['phenotyp data', 'neuroimag', 'transcriptom']"
33853614,"[""Robotics"", ""Virtual Reality"", ""Electrical Stimulation""], [""robotics"", ""virtual reality""]","[""Robotics"", ""Virtual Reality"", ""Electrical Stimulation""]","[""robotics"", ""virtual reality""]","['electr stimul', 'virtual realiti', 'robot']"
33856350,"[""Vital signs"", ""Electronic health records""], [""heart rate"", ""respiratory rate"", ""blood oxygen saturation (SpO2)"", ""age"", ""gender"", ""admission type"", ""first care unit"", ""cardiovascular disease history""]","[""Vital signs"", ""Electronic health records""]","[""heart rate"", ""respiratory rate"", ""blood oxygen saturation (SpO2)"", ""age"", ""gender"", ""admission type"", ""first care unit"", ""cardiovascular disease history""]","['cardiovascular diseas histori', 'heart rate', 'gender', 'vital sign', 'respiratori rate', 'blood oxygen satur spo2', 'admiss type', 'first care unit', 'electron health record', 'age']"
33880420,"[""Next-generation sequencing (NGS)"", ""Computational predictor""], [""RNA sequencing"", ""Artificial intelligence""]","[""Next-generation sequencing (NGS)"", ""Computational predictor""]","[""RNA sequencing"", ""Artificial intelligence""]","['comput predictor', 'rna sequenc', 'artifici intellig', 'nextgener sequenc ng']"
33857785,"[""Clinical"", ""Sociodemographic""], [""Clinical"", ""historical"", ""sociodemographic""]","[""Clinical"", ""Sociodemographic""]","[""Clinical"", ""historical"", ""sociodemographic""]","['sociodemograph', 'clinic', 'histor']"
33858815,"[""Transplant recipient data""], [{""Modality"": ""Image""}, {""Modality"": ""Text""}]","[""Transplant recipient data""]","[{""Modality"": ""Image""}, {""Modality"": ""Text""}]","['modal text', 'modal imag', 'transplant recipi data']"
33863713,,,"[""synthetic data"", ""real clinical trial data""]",[]
33865966,"[""Accelerometry""], [""Accelerometry""]","[""Accelerometry""]","[""Accelerometry""]",['accelerometri']
33870137,,"[""Rodents""]",,[]
33870190,"[""motor items""], [""brain imaging""]","[""motor items""]","[""brain imaging""]","['motor item', 'brain imag']"
33879063,,,"[""high-content microscopy""]",[]
33879214,"[""ICU days"", ""Clinical data""], [""Text""]","[""ICU days"", ""Clinical data""]","[""Text""]","['text', 'icu day', 'clinic data']"
33888984,,,"[""Mental rotation task""]",[]
33891933,"[""Clinical""], [""Text""]","[""Clinical""]","[""Text""]","['text', 'clinic']"
33895632,,,"[{""Tag"": null, ""Country"": ""Portugal""}, {""Tag"": null, ""Country"": ""United Kingdom""}, {""Tag"": null, ""Country"": ""Canada""}, {""Tag"": null, ""Country"": ""Germany""}]",[]
33896953,,,"[{""count"": null, ""label"": ""retail pharmacies""}, {""count"": null, ""label"": ""hospital pharmacies""}]",[]
33905474,,,"[""image"", ""text""]",[]
33909990,,,,[]
33912622,"[""CT"", ""x-ray""], [""CT images"", ""x-ray images""]","[""CT"", ""x-ray""]","[""CT images"", ""x-ray images""]","['xray', 'ct', 'ct imag', 'xray imag']"
33914797,"[""Swept-source optical coherence tomography (OCT) imaging"", ""Triton""], [""Optical Coherence Tomography (OCT)""]","[""Swept-source optical coherence tomography (OCT) imaging"", ""Triton""]","[""Optical Coherence Tomography (OCT)""]","['triton', 'optic coher tomographi oct', 'sweptsourc optic coher tomographi oct imag']"
33915475,"[""Video""], [""video"", ""kinematic heel-strike and toe-off events""]","[""Video""]","[""video"", ""kinematic heel-strike and toe-off events""]","['kinemat heelstrik and toeoff event', 'video']"
33915960,"[""T1-weighted MRI""], {""MRI"": true}","[""T1-weighted MRI""]","{""MRI"": true}","['mri true', 't1weight mri']"
33923286,"[""EEG""], [""EEG""]","[""EEG""]","[""EEG""]",['eeg']
33923975,"[""Video"", ""Brain activity""], [""Video"", ""Image""]","[""Video"", ""Brain activity""]","[""Video"", ""Image""]","['video', 'brain activ', 'imag']"
33927208,"[""CT scan""], [""Computed Tomography (CT)""]","[""CT scan""]","[""Computed Tomography (CT)""]","['ct scan', 'comput tomographi ct']"
33934542,"[""Medical""], [""text"", ""image""]","[""Medical""]","[""text"", ""image""]","['medic', 'text', 'imag']"
33937724,,,"[""Text"", ""Image""]",[]
33940534,"[""Computed Tomography""], [""CT images""]","[""Computed Tomography""]","[""CT images""]","['comput tomographi', 'ct imag']"
33951562,"[""Accelerometer signals""], [""Accelerometer""]","[""Accelerometer signals""]","[""Accelerometer""]","['acceleromet signal', 'acceleromet']"
33953261,"[""hand motion signals""], [{""hand motion signals"": true}]","[""hand motion signals""]","[{""hand motion signals"": true}]","['hand motion signal', 'hand motion signal true']"
33955603,,,"[{""Modality"": ""Images""}, {""Modality"": ""Text""}]",[]
33956307,"[""iKnife""], [""mass spectrometry""]","[""iKnife""]","[""mass spectrometry""]","['iknif', 'mass spectrometri']"
33956971,"[""Medication orders"", ""Pharmacological profiles""], [""Unsupervised machine learning""]","[""Medication orders"", ""Pharmacological profiles""]","[""Unsupervised machine learning""]","['unsupervis machin learn', 'medic order', 'pharmacolog profil']"
33958739,"[""Fundus"", ""OCT images""], [""Images""]","[""Fundus"", ""OCT images""]","[""Images""]","['oct imag', 'imag', 'fundu']"
33962603,"[""Affiliation""], [{""tags"": null, ""Country"": ""Australia""}, {""tags"": null, ""Country"": ""Germany""}, {""tags"": null, ""Country"": ""India""}, {""tags"": null, ""Country"": ""Turkey""}, {""tags"": null, ""Country"": ""South Korea""}, {""tags"": null, ""Country"": ""Tunisia""}, {""tags"": null, ""Country"": ""Ecuador""}, {""tags"": null, ""Country"": ""Greece""}, {""tags"": null, ""Country"": ""Morocco""}, {""tags"": null, ""Country"": ""Thailand""}, {""tags"": null, ""Country"": ""USA""}, {""tags"": null, ""Country"": ""Austria""}, {""tags"": null, ""Country"": ""Spain""}]","[""Affiliation""]","[{""tags"": null, ""Country"": ""Australia""}, {""tags"": null, ""Country"": ""Germany""}, {""tags"": null, ""Country"": ""India""}, {""tags"": null, ""Country"": ""Turkey""}, {""tags"": null, ""Country"": ""South Korea""}, {""tags"": null, ""Country"": ""Tunisia""}, {""tags"": null, ""Country"": ""Ecuador""}, {""tags"": null, ""Country"": ""Greece""}, {""tags"": null, ""Country"": ""Morocco""}, {""tags"": null, ""Country"": ""Thailand""}, {""tags"": null, ""Country"": ""USA""}, {""tags"": null, ""Country"": ""Austria""}, {""tags"": null, ""Country"": ""Spain""}]","['affili', 'countri morocco', 'countri south korea', 'countri greec', 'countri thailand', 'tag null', 'countri india', 'countri austria', 'countri tunisia', 'countri australia', 'countri usa', 'countri spain', 'countri turkey', 'countri ecuador', 'countri germani']"
33963192,,,,[]
33963834,"[""Gene expression"", ""Methylation""], [""Gene expression"", ""Methylation profiles""]","[""Gene expression"", ""Methylation""]","[""Gene expression"", ""Methylation profiles""]","['methyl', 'gene express', 'methyl profil']"
33964517,"[""ECG"", ""blood tests""], {""time series"": true, ""receiver operating characteristic curve"": true}","[""ECG"", ""blood tests""]","{""time series"": true, ""receiver operating characteristic curve"": true}","['ecg', 'blood test', 'time seri true', 'receiv oper characterist curv true']"
33964887,,,"[""focus group""]",[]
33976261,"[""MRI""], [""structural and functional MRI""]","[""MRI""]","[""structural and functional MRI""]","['structur and function mri', 'mri']"
33977272,,"[""MRI""]",,[]
33979407,"[""EEG""], [""EEG""]","[""EEG""]","[""EEG""]",['eeg']
33980254,"[""Robot"", ""MRI""], [{""Modality"": ""Sensory""}, {""Modality"": ""Motor""}]","[""Robot"", ""MRI""]","[{""Modality"": ""Sensory""}, {""Modality"": ""Motor""}]","['modal motor', 'mri', 'robot', 'modal sensori']"
33984844,"[""ECG""], [""ECG""]","[""ECG""]","[""ECG""]",['ecg']
33987451,"[""histology images""], [""Image""]","[""histology images""]","[""Image""]","['imag', 'histolog imag']"
33988925,"[""Structural Magnetic Resonance Imaging""], [""MRI""]","[""Structural Magnetic Resonance Imaging""]","[""MRI""]","['structur magnet reson imag', 'mri']"
33989352,"[""EEG""], [""EEG""]","[""EEG""]","[""EEG""]",['eeg']
33991581,,,[],[]
33997620,,"[""QC"", ""NY""]",,[]
33999001,"[""Text""], [{""topic"": ""oculoplastics"", ""keywords"": [""symptoms"", ""medication"", ""complications""]}]","[""Text""]","[{""topic"": ""oculoplastics"", ""keywords"": [""symptoms"", ""medication"", ""complications""]}]","['medic', 'topic oculoplast', 'complic', 'keyword symptom', 'text']"
34003504,"[""Text"", ""Nil""], [{""modality"": ""text""}, {""modality"": ""none specified""}]","[""Text"", ""Nil""]","[{""modality"": ""text""}, {""modality"": ""none specified""}]","['text', 'modal text', 'modal none specifi', 'nil']"
34004274,,"[""Electronic medical record data"", ""Machine learning algorithms""]",,[]
34006910,"[""Magnetic Resonance Imaging (MRI)""], [""MRI""]","[""Magnetic Resonance Imaging (MRI)""]","[""MRI""]","['mri', 'magnet reson imag mri']"
34019229,"[""Text"", ""Numerical""], {""demographics"": null}","[""Text"", ""Numerical""]","{""demographics"": null}","['text', 'demograph null', 'numer']"
34020414,"[""Clinical"", ""Demographic"", ""Expectations"", ""Cognitive Appraisal""], [""Text""]","[""Clinical"", ""Demographic"", ""Expectations"", ""Cognitive Appraisal""]","[""Text""]","['demograph', 'expect', 'clinic', 'text', 'cognit apprais']"
34021186,"[""electrical signals"", ""nerve action potentials""], [{""Text"": ""electrophysiological"", ""NlmCategory"": null}, {""Text"": ""sensor"", ""NlmCategory"": null}]","[""electrical signals"", ""nerve action potentials""]","[{""Text"": ""electrophysiological"", ""NlmCategory"": null}, {""Text"": ""sensor"", ""NlmCategory"": null}]","['text sensor', 'text electrophysiolog', 'nerv action potenti', 'electr signal', 'nlmcategori null']"
34023273,"[""Echocardiography"", ""Computed Tomography"", ""Cardiovascular Magnetic Resonance Imaging""], [""echocardiography"", ""computed tomography (CT)"", ""cardiovascular magnetic resonance (CMR) imaging""]","[""Echocardiography"", ""Computed Tomography"", ""Cardiovascular Magnetic Resonance Imaging""]","[""echocardiography"", ""computed tomography (CT)"", ""cardiovascular magnetic resonance (CMR) imaging""]","['comput tomographi', 'cardiovascular magnet reson imag', 'comput tomographi ct', 'echocardiographi', 'cardiovascular magnet reson cmr imag']"
34023562,"[""Diffusion MRI""], [""Diffusion MRI""]","[""Diffusion MRI""]","[""Diffusion MRI""]",['diffus mri']
34025338,"[""3T anatomical brain MRI"", ""DTI""], [""Diffusion Tensor Imaging"", ""Anatomical MRI""]","[""3T anatomical brain MRI"", ""DTI""]","[""Diffusion Tensor Imaging"", ""Anatomical MRI""]","['dti', '3t anatom brain mri', 'diffus tensor imag', 'anatom mri']"
34025389,"[], [""motor symptoms"", ""non-motor symptoms""]",[],"[""motor symptoms"", ""non-motor symptoms""]","['', 'nonmotor symptom', 'motor symptom']"
34025567,"[""Imaging"", ""Clinical""], [""MRI"", ""CT scans""]","[""Imaging"", ""Clinical""]","[""MRI"", ""CT scans""]","['mri', 'clinic', 'ct scan', 'imag']"
34026680,"[""Fetal Heart Rate"", ""Arterial Blood Pressure""], [""electrocardiogram"", ""blood pressure""]","[""Fetal Heart Rate"", ""Arterial Blood Pressure""]","[""electrocardiogram"", ""blood pressure""]","['fetal heart rate', 'electrocardiogram', 'arteri blood pressur', 'blood pressur']"
34027017,"[""GPS""], [""GPS"", ""spatial patterns"", ""temporal patterns""]","[""GPS""]","[""GPS"", ""spatial patterns"", ""temporal patterns""]","['tempor pattern', 'gp', 'spatial pattern']"
34028616,"[""Saliva RNA biomarkers""], [{""saliva RNA biomarkers levels"": null}, {""balance and cognitive test performance"": null}]","[""Saliva RNA biomarkers""]","[{""saliva RNA biomarkers levels"": null}, {""balance and cognitive test performance"": null}]","['saliva rna biomark level null', 'balanc and cognit test perform null', 'saliva rna biomark']"
34031407,"[""fMRI""], [""fMRI""]","[""fMRI""]","[""fMRI""]",['fmri']
34032798,"[""fundus images""], [""Fundus images""]","[""fundus images""]","[""Fundus images""]",['fundu imag']
34032855,,"[""administrative health data"", ""laboratory measurements"", ""drug benefits"", ""health care system interactions"", ""social determinants of health"", ""ambulatory care and hospitalization records""]",,[]
34033588,,"[""Demographic"", ""Laboratory"", ""Clinical""]",,[]
34039572,,"[""Administrative health data""]",,[]
34042732,,,"[""Diabetes dataset""]",[]
34048901,,,"[""EEG"", ""fMRI""]",[]
34050220,"[""Electromyography""], [""Electromyography""]","[""Electromyography""]","[""Electromyography""]",['electromyographi']
34050594,,,"[""Text""]",[]
34052016,"[""Skin Cancer Images""], [""skin cancer image classification""]","[""Skin Cancer Images""]","[""skin cancer image classification""]","['skin cancer imag', 'skin cancer imag classif']"
34055577,"[""text""], [""text""]","[""text""]","[""text""]",['text']
34060330,"[""Genomics""], [""text""]","[""Genomics""]","[""text""]","['text', 'genom']"
34063945,"[""Ultrasound"", ""Radiography""], [""3DUS"", ""radiography""]","[""Ultrasound"", ""Radiography""]","[""3DUS"", ""radiography""]","['3du', 'radiographi', 'ultrasound']"
34066857,"[""Computed Tomography""], [""Imaging""]","[""Computed Tomography""]","[""Imaging""]","['comput tomographi', 'imag']"
34069566,"[""Breathing sounds"", ""Anthropometric features""], [""anthropometric features"", ""breathing sounds""]","[""Breathing sounds"", ""Anthropometric features""]","[""anthropometric features"", ""breathing sounds""]","['anthropometr featur', 'breath sound']"
34072863,"[""Genomic"", ""Clinical""], [""Pathology"", ""Molecular Pathology""]","[""Genomic"", ""Clinical""]","[""Pathology"", ""Molecular Pathology""]","['clinic', 'molecular patholog', 'genom', 'patholog']"
34076582,"[""Video"", ""Audio""], [""Video"", ""Audio""]","[""Video"", ""Audio""]","[""Video"", ""Audio""]","['audio', 'video']"
34077793,,"[""pain scores"", ""numeric rating scale"", ""brief pain inventory interference items"", ""patient global impression of change""]",,[]
34078897,"[""Imaging"", null], [""Radiology"", ""Neurology""]","[""Imaging"", null]","[""Radiology"", ""Neurology""]","['neurolog', 'radiolog', 'null', 'imag']"
34079932,"[""MRI""], [""MRI""]","[""MRI""]","[""MRI""]",['mri']
34080185,"[""PROMs"", ""Seizure data""], [{""value"": ""text""}]","[""PROMs"", ""Seizure data""]","[{""value"": ""text""}]","['valu text', 'prom', 'seizur data']"
34080611,"[""Structural brain measures (volume, surface area, and cortical thickness)""], [""Text""]","[""Structural brain measures (volume, surface area, and cortical thickness)""]","[""Text""]","['surfac area', 'text', 'and cortic thick', 'structur brain measur volum']"
34080784,"[""Medical records""], [""age"", ""sex"", ""variables in the modified frailty index"", ""Deyo's Charlson co-morbidity index (≥2)"", ""neutrophil-to-lymphocyte ratio (NLR)"", ""prognostic nutritional index""]","[""Medical records""]","[""age"", ""sex"", ""variables in the modified frailty index"", ""Deyo's Charlson co-morbidity index (≥2)"", ""neutrophil-to-lymphocyte ratio (NLR)"", ""prognostic nutritional index""]","['medic record', 'prognost nutrit index', 'neutrophiltolymphocyt ratio nlr', 'sex', 'deyo charlson comorbid index 2', 'variabl in the modifi frailti index', 'age']"
34080925,"[""EEG""], [""EEG""]","[""EEG""]","[""EEG""]",['eeg']
34083812,"[""Radiation Therapy""], [""Medical Imaging""]","[""Radiation Therapy""]","[""Medical Imaging""]","['radiat therapi', 'medic imag']"
34087549,"[""Structural Neuroimaging""], [""Imaging""]","[""Structural Neuroimaging""]","[""Imaging""]","['structur neuroimag', 'imag']"
34088354,"[""Speech""], [""Speech""]","[""Speech""]","[""Speech""]",['speech']
34092207,"[""Head-trunk kinematics"", ""Joint moments""], [""Head movement"", ""Helmet configuration""]","[""Head-trunk kinematics"", ""Joint moments""]","[""Head movement"", ""Helmet configuration""]","['head movement', 'headtrunk kinemat', 'helmet configur', 'joint moment']"
34093387,"[""Diffusion-weighted MRI"", ""Perfusion-weighted MRI""], [""MRI"", ""clinical parameters""]","[""Diffusion-weighted MRI"", ""Perfusion-weighted MRI""]","[""MRI"", ""clinical parameters""]","['clinic paramet', 'perfusionweight mri', 'diffusionweight mri', 'mri']"
34095832,"[""Magnetoencephalography""], [""EEG"", ""Magnetoencephalography""]","[""Magnetoencephalography""]","[""EEG"", ""Magnetoencephalography""]","['eeg', 'magnetoencephalographi']"
34102758,"[""Computed Tomography"", ""Magnetic Resonance Imaging""], [""CTA"", ""MRI""]","[""Computed Tomography"", ""Magnetic Resonance Imaging""]","[""CTA"", ""MRI""]","['comput tomographi', 'mri', 'magnet reson imag', 'cta']"
34103062,"[""Imaging""], [""Image"", ""Survey""]","[""Imaging""]","[""Image"", ""Survey""]","['survey', 'imag']"
34104876,"[""Metabolomic markers"", ""Sex"", ""Birth weight""], [""blood_samples""]","[""Metabolomic markers"", ""Sex"", ""Birth weight""]","[""blood_samples""]","['birth weight', 'blood_sampl', 'metabolom marker', 'sex']"
34104972,"[""Experimental data""], [""sequence data"", ""ASO efficacy data""]","[""Experimental data""]","[""sequence data"", ""ASO efficacy data""]","['sequenc data', 'aso efficaci data', 'experiment data']"
34108858,"[""EMG""], [""Myoelectric signals""]","[""EMG""]","[""Myoelectric signals""]","['myoelectr signal', 'emg']"
34111849,"[""Electroencephalography (EEG)"", ""Upper limb MI tasks""], [""EEG""]","[""Electroencephalography (EEG)"", ""Upper limb MI tasks""]","[""EEG""]","['electroencephalographi eeg', 'eeg', 'upper limb mi task']"
34114173,"[""2D image-based surrogates"", ""3D MRI"", ""4D MRI"", ""Ultrasound""], [""Image"", ""US""]","[""2D image-based surrogates"", ""3D MRI"", ""4D MRI"", ""Ultrasound""]","[""Image"", ""US""]","['ultrasound', 'us', '3d mri', '2d imagebas surrog', '4d mri', 'imag']"
34117309,"[""EEG""], [""EEG"", null]","[""EEG""]","[""EEG"", null]","['eeg', 'null']"
34127064,"[""GPS""], [{""Modality"": ""GPS data loggers""}, {""Modality"": ""Cerebrospinal fluid biomarkers""}]","[""GPS""]","[{""Modality"": ""GPS data loggers""}, {""Modality"": ""Cerebrospinal fluid biomarkers""}]","['modal cerebrospin fluid biomark', 'gp', 'modal gp data logger']"
34127421,,"[""Medical""]",,[]
34131161,,"[""Sociodemographic and Familial Characteristics"", ""Mental Health and Substance Use""]",,[]
34131749,"[""MRI""], [""MRI""]","[""MRI""]","[""MRI""]",['mri']
34134988,,"[""Color""]",,[]
34140617,"[""Neuroimaging""], [""neuroimaging""]","[""Neuroimaging""]","[""neuroimaging""]",['neuroimag']
34142418,,"[""Natural-language processing""]",,[]
34145556,"[""3D rotational angiography""], [""Image"", ""Hemodynamic""]","[""3D rotational angiography""]","[""Image"", ""Hemodynamic""]","['hemodynam', '3d rotat angiographi', 'imag']"
34146771,,,,[]
34151806,"[""questionnaire""], [""Neuropsychological"", ""General Health""]","[""questionnaire""]","[""Neuropsychological"", ""General Health""]","['gener health', 'questionnair', 'neuropsycholog']"
34153625,"[""Medical images""], [""Image"", ""Text""]","[""Medical images""]","[""Image"", ""Text""]","['text', 'medic imag', 'imag']"
34153626,"[""MRI""], {""Imaging Modalities"": [""Magnetic Resonance Imaging""]}","[""MRI""]","{""Imaging Modalities"": [""Magnetic Resonance Imaging""]}","['mri', 'imag modal magnet reson imag']"
34154320,"[""angiography"", ""pressure""], [""pressure"", ""diastolic pressure ratio""]","[""angiography"", ""pressure""]","[""pressure"", ""diastolic pressure ratio""]","['diastol pressur ratio', 'pressur', 'angiographi']"
34156354,"[""CT"", ""MRI""], [""image"", ""dosage""]","[""CT"", ""MRI""]","[""image"", ""dosage""]","['dosag', 'mri', 'ct', 'imag']"
34156719,"[""CT""], [""image"", ""text""]","[""CT""]","[""image"", ""text""]","['text', 'ct', 'imag']"
34159195,"[""Blood Biomarkers""], [""blood panel"", ""machine learning""]","[""Blood Biomarkers""]","[""blood panel"", ""machine learning""]","['blood biomark', 'machin learn', 'blood panel']"
34160618,,"[""Ultrasound"", ""Biopsy""]",,[]
34169495,,,,[]
34173089,"[""Radiographs""], [""image"", ""text""]","[""Radiographs""]","[""image"", ""text""]","['text', 'imag', 'radiograph']"
34174347,"[""Biochemical""], [""biochemical indices""]","[""Biochemical""]","[""biochemical indices""]","['biochem', 'biochem indic']"
34176681,"[""Blood""], [""blood-based"", ""cfDNA sequencing""]","[""Blood""]","[""blood-based"", ""cfDNA sequencing""]","['blood', 'bloodbas', 'cfdna sequenc']"
34179769,,,text,[]
34181661,"[""Clinical"", ""Computer Science""], [""depression"", ""symptoms""]","[""Clinical"", ""Computer Science""]","[""depression"", ""symptoms""]","['comput scienc', 'depress', 'clinic', 'symptom']"
34183345,"[null], []",[null],[],"['', 'null']"
34185253,"[""Magnetic Resonance Imaging""], [""MRI"", ""U-Net""]","[""Magnetic Resonance Imaging""]","[""MRI"", ""U-Net""]","['mri', 'unet', 'magnet reson imag']"
34185798,,"[""Demographic"", ""Physiologic"", ""Clinical""]",,[]
34191801,,"[""Singleton Gestation"", ""Pregnancy Data""]",,[]
34193519,,"[""text""]",,[]
34197503,"[""Magnetic Resonance Imaging"", ""Positron Emission Tomography""], [""MRI"", ""PET""]","[""Magnetic Resonance Imaging"", ""Positron Emission Tomography""]","[""MRI"", ""PET""]","['mri', 'pet', 'magnet reson imag', 'positron emiss tomographi']"
34199735,"[""MRI Scans""], [""MRI scans""]","[""MRI Scans""]","[""MRI scans""]",['mri scan']
34207437,"[""Symptoms""], [""Symptoms""]","[""Symptoms""]","[""Symptoms""]",['symptom']
34208179,"[""Convolutional Neural Network"", ""Long-Short Term Memory""], [""Smart Medical Bed"", ""Convolutional Neural Network (CNN)""]","[""Convolutional Neural Network"", ""Long-Short Term Memory""]","[""Smart Medical Bed"", ""Convolutional Neural Network (CNN)""]","['longshort term memori', 'smart medic bed', 'convolut neural network cnn', 'convolut neural network']"
34209154,"[""2D MRI""], [""Magnetic Resonance Imaging (MRI)""]","[""2D MRI""]","[""Magnetic Resonance Imaging (MRI)""]","['magnet reson imag mri', '2d mri']"
34213529,"[""Microbiome sequencing""], [""microbiome sequencing data"", ""host's environmental factors""]","[""Microbiome sequencing""]","[""microbiome sequencing data"", ""host's environmental factors""]","['microbiom sequenc', 'host environment factor', 'microbiom sequenc data']"
34214101,"[""Invasive"", ""Non-invasive""], [""invasive"", ""non-invasive""]","[""Invasive"", ""Non-invasive""]","[""invasive"", ""non-invasive""]","['noninvas', 'invas']"
34214980,,[null],,[]
34215614,"[""Audio""], [""Audio""]","[""Audio""]","[""Audio""]",['audio']
34217560,"[""B-Mode Ultrasound""], [""Ultrasound images""]","[""B-Mode Ultrasound""]","[""Ultrasound images""]","['bmode ultrasound', 'ultrasound imag']"
34219860,,"[""Medical Records""]",,[]
34228341,"[""Imaging"", ""Clinical""], [""myocardial perfusion imaging (MPI)"", ""angiography""]","[""Imaging"", ""Clinical""]","[""myocardial perfusion imaging (MPI)"", ""angiography""]","['myocardi perfus imag mpi', 'clinic', 'angiographi', 'imag']"
34228974,,,"[{""ForeName"": ""Habib"", ""LastName"": ""Jabagi"", ""Affiliation"": [""Division of Cardiac Surgery, University of Ottawa Heart Institute, Ottawa, Ontario, Canada. Electronic address: hijabagi@yahoo.com.""]}, {""ForeName"": ""Vincent"", ""LastName"": ""Chan"", ""Affiliation"": [""Division of Cardiac Surgery, University of Ottawa Heart Institute, Ottawa, Ontario, Canada.""]}, {""ForeName"": ""Marc"", ""LastName"": ""Ruel"", ""Affiliation"": [""Division of Cardiac Surgery, University of Ottawa Heart Institute, Ottawa, Ontario, Canada.""]}, {""ForeName"": ""Thierry G"", ""LastName"": ""Mesana"", ""Affiliation"": [""Division of Cardiac Surgery, University of Ottawa Heart Institute, Ottawa, Ontario, Canada.""]}, {""ForeName"": ""Munir"", ""LastName"": ""Boodhwani"", ""Affiliation"": [""Division of Cardiac Surgery, University of Ottawa Heart Institute, Ottawa, Ontario, Canada.""]}]",[]
34229308,"[""EEG""], [""sensorimotor rhythms (SMRs)"", ""heart rate variability""]","[""EEG""]","[""sensorimotor rhythms (SMRs)"", ""heart rate variability""]","['sensorimotor rhythm smr', 'heart rate variabl', 'eeg']"
34233616,"[""administrative data"", ""statistical analysis""], [""Text""]","[""administrative data"", ""statistical analysis""]","[""Text""]","['text', 'statist analysi', 'administr data']"
34235131,"[], [""Census data"", ""Comorbidities""]",[],"[""Census data"", ""Comorbidities""]","['', 'censu data', 'comorbid']"
34237382,"[""EEG""], [""EEG""]","[""EEG""]","[""EEG""]",['eeg']
34238616,"[""3-D ultrasound""], [{""Modality"": ""Ultrasound""}, {""Modality"": ""Image""}]","[""3-D ultrasound""]","[{""Modality"": ""Ultrasound""}, {""Modality"": ""Image""}]","['3d ultrasound', 'modal imag', 'modal ultrasound']"
34243824,"[""Survey"", ""Questionnaire""], [""Survey"", ""Questionnaire""]","[""Survey"", ""Questionnaire""]","[""Survey"", ""Questionnaire""]","['questionnair', 'survey']"
34245019,"[""Text"", ""Clinical variables""], [{""Modality"": [""Text"", ""Image""]}]","[""Text"", ""Clinical variables""]","[{""Modality"": [""Text"", ""Image""]}]","['clinic variabl', 'text', 'modal text', 'imag']"
34248903,"[""Oral Swab"", ""Supragingival Plaque""], [""Oral Swab"", ""Dental Plaque""]","[""Oral Swab"", ""Supragingival Plaque""]","[""Oral Swab"", ""Dental Plaque""]","['supragingiv plaqu', 'oral swab', 'dental plaqu']"
34250463,,,,[]
34254200,"[""Diffusion-Weighted MRI""], [""MRI""]","[""Diffusion-Weighted MRI""]","[""MRI""]","['mri', 'diffusionweight mri']"
34255727,"[""Mobile App"", ""Remote Assessment""], [""text""]","[""Mobile App"", ""Remote Assessment""]","[""text""]","['mobil app', 'text', 'remot assess']"
34255973,,,"[""text"", ""image""]",[]
34256707,,"[""Complete Blood Count""]",,[]
34259870,,,"[""Echocardiography"", ""Nuclear Medicine""]",[]
34262079,"[""Diffusion Tensor Imaging (DTI)""], [""Diffusion Tensor Imaging""]","[""Diffusion Tensor Imaging (DTI)""]","[""Diffusion Tensor Imaging""]","['diffus tensor imag dti', 'diffus tensor imag']"
34262646,"[""T2-weighted magnetic resonance imaging (MRI)""], [""Magnetic Resonance Imaging""]","[""T2-weighted magnetic resonance imaging (MRI)""]","[""Magnetic Resonance Imaging""]","['t2weight magnet reson imag mri', 'magnet reson imag']"
34265451,"[""text""], [""text""]","[""text""]","[""text""]",['text']
34267327,"[""Clinical Data"", ""Protein Expression""], [""Text"", ""Machine Learning""]","[""Clinical Data"", ""Protein Expression""]","[""Text"", ""Machine Learning""]","['text', 'machin learn', 'protein express', 'clinic data']"
34268522,"[""blood""], [""Arterial Blood Gas (ABG) O2 Saturation"", ""C-Reactive Protein (CRP)""]","[""blood""]","[""Arterial Blood Gas (ABG) O2 Saturation"", ""C-Reactive Protein (CRP)""]","['blood', 'creactiv protein crp', 'arteri blood ga abg o2 satur']"
34274267,,"[""Nuclear Medicine""]",,[]
34275140,"[""Clinical"", ""Neurophysiological"", ""Imaging""], [""text"", ""image""]","[""Clinical"", ""Neurophysiological"", ""Imaging""]","[""text"", ""image""]","['text', 'clinic', 'neurophysiolog', 'imag']"
34284765,,"[""medication use"", ""diagnostic codes and procedures""]",,[]
34285187,"[null, null], [""Text"", ""Image""]","[null, null]","[""Text"", ""Image""]","['text', 'null', 'imag']"
34286831,"[""Chest X-ray""], Imaging, Text","[""Chest X-ray""]","Imaging, Text","['text', 'chest xray', 'imag']"
34289010,,,"[""Chromatin Loops""]",[]
34290113,,,"[{""Name"": ""Healthcare""}]",[]
34293685,"[""Computed Tomography (CT) images""], [{""Modality"": ""CT images""}]","[""Computed Tomography (CT) images""]","[{""Modality"": ""CT images""}]","['comput tomographi ct imag', 'modal ct imag']"
34295452,,,"[""Image"", ""Text""]",[]
34295809,"[""magnetic resonance imaging""], [""MRI"", ""radiomic features""]","[""magnetic resonance imaging""]","[""MRI"", ""radiomic features""]","['radiom featur', 'mri', 'magnet reson imag']"
34297511,"[""3D camera"", ""Infrared imaging""], [""Infrared imaging""]","[""3D camera"", ""Infrared imaging""]","[""Infrared imaging""]","['infrar imag', '3d camera']"
34297653,,,"[""text""]",[]
34300453,"[""Acceleration time series data""], [""Accelerometer""]","[""Acceleration time series data""]","[""Accelerometer""]","['acceleromet', 'acceler time seri data']"
34307865,"[], [{""Tag"": null, ""Country"": ""Canada""}, {""Tag"": null, ""Country"": ""Netherlands""}, {""Tag"": null, ""Country"": ""Italy""}]",[],"[{""Tag"": null, ""Country"": ""Canada""}, {""Tag"": null, ""Country"": ""Netherlands""}, {""Tag"": null, ""Country"": ""Italy""}]","['', 'tag null', 'countri itali', 'countri netherland', 'countri canada']"
34308560,"[""Magnetic Resonance Imaging (MRI)""], [""Magnetic Resonance Imaging""]","[""Magnetic Resonance Imaging (MRI)""]","[""Magnetic Resonance Imaging""]","['magnet reson imag mri', 'magnet reson imag']"
34310676,"[""calcium imaging"", ""fMRI""], [""calcium imaging"", ""fMRI""]","[""calcium imaging"", ""fMRI""]","[""calcium imaging"", ""fMRI""]","['fmri', 'calcium imag']"
34311121,"[""TMS""], [""TMS measures""]","[""TMS""]","[""TMS measures""]","['tm', 'tm measur']"
34312733,"[""ultrasound""], [""Ultrasound"", ""Robotics""]","[""ultrasound""]","[""Ultrasound"", ""Robotics""]","['robot', 'ultrasound']"
34315030,,"[""Digital patient records""]",,[]
34322947,,,,[]
34327181,"[""Respiratory support"", ""Oral feeding""], [""electroencephalogram"", ""respiratory""]","[""Respiratory support"", ""Oral feeding""]","[""electroencephalogram"", ""respiratory""]","['respiratori', 'respiratori support', 'oral feed', 'electroencephalogram']"
34327623,"[""Computed Tomography (CT)""], [""Computed Tomography""]","[""Computed Tomography (CT)""]","[""Computed Tomography""]","['comput tomographi', 'comput tomographi ct']"
34327851,,"[""Microbiota composition""]",,[]
34328443,"[""Questionnaire"", ""Survey Data""], [""text""]","[""Questionnaire"", ""Survey Data""]","[""text""]","['text', 'survey data', 'questionnair']"
34328661,"[""Mammograms"", ""Breast CT""], [""Mammograms""]","[""Mammograms"", ""Breast CT""]","[""Mammograms""]","['breast ct', 'mammogram']"
34348214,"[""Biomedical images""], [""biomedical image"", ""depthwise convolutional network""]","[""Biomedical images""]","[""biomedical image"", ""depthwise convolutional network""]","['biomed imag', 'depthwis convolut network']"
34337338,"[""Histopathology""], [""Histopathology"", ""Machine Learning""]","[""Histopathology""]","[""Histopathology"", ""Machine Learning""]","['machin learn', 'histopatholog']"
34339947,"[""Temporalology"", ""Genetics""], [""MRI"", ""EEG""]","[""Temporalology"", ""Genetics""]","[""MRI"", ""EEG""]","['mri', 'genet', 'eeg', 'temporalolog']"
34342503,,,,[]
34343854,"[""CT""], [""CT scan""]","[""CT""]","[""CT scan""]","['ct scan', 'ct']"
34344175,,,[],[]
34344562,"[""Cardiac Ultrasound"", ""Inertial Measurement Device""], [""Image"", ""Probe motion""]","[""Cardiac Ultrasound"", ""Inertial Measurement Device""]","[""Image"", ""Probe motion""]","['probe motion', 'inerti measur devic', 'cardiac ultrasound', 'imag']"
34349566,"[""Electronic Medical Records""], [""echocardiogram""]","[""Electronic Medical Records""]","[""echocardiogram""]","['echocardiogram', 'electron medic record']"
34352294,"[""Neuroimaing""], [{""modality"": ""structural neuroimaing""}, {""modality"": ""biological""}]","[""Neuroimaing""]","[{""modality"": ""structural neuroimaing""}, {""modality"": ""biological""}]","['neuroima', 'modal structur neuroima', 'modal biolog']"
34352654,"[""T1-weighted MRI"", ""T2-weighted MRI""], [""MRI""]","[""T1-weighted MRI"", ""T2-weighted MRI""]","[""MRI""]","['mri', 't2weight mri', 't1weight mri']"
34352741,"[""Electromyography"", ""Kinematic""], [""Electromyography"", ""Kinematic signals""]","[""Electromyography"", ""Kinematic""]","[""Electromyography"", ""Kinematic signals""]","['electromyographi', 'kinemat signal', 'kinemat']"
34353531,"[""MRI"", null], [""Cardiology""]","[""MRI"", null]","[""Cardiology""]","['mri', 'cardiolog', 'null']"
34357510,"[""Pelvis Radiographs""], [""X-ray""]","[""Pelvis Radiographs""]","[""X-ray""]","['pelvi radiograph', 'xray']"
34358231,"[""Text"", ""Other""], [""Glasgow Coma Score (GCS)"", ""Pupil Reactivity""]","[""Text"", ""Other""]","[""Glasgow Coma Score (GCS)"", ""Pupil Reactivity""]","['text', 'other', 'glasgow coma score gc', 'pupil reactiv']"
34359623,"[""MRI"", ""CT""], [""CT"", ""MRI""]","[""MRI"", ""CT""]","[""CT"", ""MRI""]","['mri', 'ct']"
34362709,,,"[{""Modality"": ""Imaging""}, {""Modality"": ""Radiomics""}]",[]
34367729,"[""RNA""], [""microbiome"", ""clinical data""]","[""RNA""]","[""microbiome"", ""clinical data""]","['microbiom', 'rna', 'clinic data']"
34370986,"[""EBUS images""], [""Images""]","[""EBUS images""]","[""Images""]","['ebu imag', 'imag']"
34372915,"[""genomics""], [""text"", ""genomic data""]","[""genomics""]","[""text"", ""genomic data""]","['text', 'genom', 'genom data']"
34382426,"[""Visual""], [""Image""]","[""Visual""]","[""Image""]","['visual', 'imag']"
34383739,"[""Multi-Omics Data""], [""genomic"", ""transcriptomic"", ""proteomic""]","[""Multi-Omics Data""]","[""genomic"", ""transcriptomic"", ""proteomic""]","['multiom data', 'proteom', 'transcriptom', 'genom']"
34384621,"[""Single-surgeon RARP"", ""Patient-reported outcomes""], [""patient-reported outcomes""]","[""Single-surgeon RARP"", ""Patient-reported outcomes""]","[""patient-reported outcomes""]","['patientreport outcom', 'singlesurgeon rarp']"
34387095,"[""Imaging"", ""Genomics""], [""Imaging data"", ""Genomic information""]","[""Imaging"", ""Genomics""]","[""Imaging data"", ""Genomic information""]","['imag data', 'genom inform', 'genom', 'imag']"
34389724,"[""Genomics"", ""Population Genetics""], [""blood samples"", ""genomics""]","[""Genomics"", ""Population Genetics""]","[""blood samples"", ""genomics""]","['popul genet', 'genom', 'blood sampl']"
34390964,"[""Text""], [""Text""]","[""Text""]","[""Text""]",['text']
34391314,"[""Pneumatic actuators""], [""Pneumatic Actuators"", ""Pressure Sensors""]","[""Pneumatic actuators""]","[""Pneumatic Actuators"", ""Pressure Sensors""]","['pressur sensor', 'pneumat actuat']"
34392363,"[""Imaging"", ""Medical Imaging""], [""radiology""]","[""Imaging"", ""Medical Imaging""]","[""radiology""]","['radiolog', 'medic imag', 'imag']"
34393823,"[""Electrograms""], [""Unipolar Electrograms""]","[""Electrograms""]","[""Unipolar Electrograms""]","['electrogram', 'unipolar electrogram']"
34396283,"[""Clinical""], [""text"", ""image""]","[""Clinical""]","[""text"", ""image""]","['text', 'clinic', 'imag']"
34404460,"[""single-cell RNA-seq""], [{""Country"": ""Canada"", ""Affiliation"": ""Department of Pathology and Laboratory Medicine, Department of Statistics, University of British Columbia, Vancouver, BC, Canada.""}, {""Country"": ""Canada"", ""Affiliation"": ""Department of Molecular Oncology, BC Cancer, Vancouver, BC, Canada.""}, {""Country"": ""USA"", ""Affiliation"": ""Computer Science and Artificial Intelligence Laboratory, Massachusetts Institute of Technology, Cambridge, MA, USA.""}, {""Country"": ""USA"", ""Affiliation"": ""Broad Institute of MIT and Harvard, Cambridge, MA, USA.""}]","[""single-cell RNA-seq""]","[{""Country"": ""Canada"", ""Affiliation"": ""Department of Pathology and Laboratory Medicine, Department of Statistics, University of British Columbia, Vancouver, BC, Canada.""}, {""Country"": ""Canada"", ""Affiliation"": ""Department of Molecular Oncology, BC Cancer, Vancouver, BC, Canada.""}, {""Country"": ""USA"", ""Affiliation"": ""Computer Science and Artificial Intelligence Laboratory, Massachusetts Institute of Technology, Cambridge, MA, USA.""}, {""Country"": ""USA"", ""Affiliation"": ""Broad Institute of MIT and Harvard, Cambridge, MA, USA.""}]","['singlecel rnaseq', 'usa', 'countri usa', 'cambridg', 'ma', 'affili depart of molecular oncolog', 'canada', 'bc', 'bc cancer', 'countri canada', 'depart of statist', 'affili broad institut of mit and harvard', 'univers of british columbia', 'affili depart of patholog and laboratori medicin', 'affili comput scienc and artifici intellig laboratori', 'massachusett institut of technolog', 'vancouv']"
34408203,"[""Face""], [""fMRI"", ""Face""]","[""Face""]","[""fMRI"", ""Face""]","['face', 'fmri']"
34409590,"[""demographics"", ""laboratory tests""], [{""Label"": """", ""Category"": """"}]","[""demographics"", ""laboratory tests""]","[{""Label"": """", ""Category"": """"}]","['categori', 'demograph', 'label', 'laboratori test']"
34411121,"[""Non-activity-related clinical data""], [""Actimetry measurements"", ""Patient- and physician-reported estimates""]","[""Non-activity-related clinical data""]","[""Actimetry measurements"", ""Patient- and physician-reported estimates""]","['nonactivityrel clinic data', 'patient and physicianreport estim', 'actimetri measur']"
34413728,"[""Text""], [""genetic data"", ""environmental data""]","[""Text""]","[""genetic data"", ""environmental data""]","['text', 'environment data', 'genet data']"
34414331,"[""Medical"", ""Clinical""], [""electrocardiogram"", ""vital signs""]","[""Medical"", ""Clinical""]","[""electrocardiogram"", ""vital signs""]","['medic', 'electrocardiogram', 'clinic', 'vital sign']"
34414995,"[""Functional Magnetic Resonance Imaging"", ""Neuropsychological Tests""], [""rs-fMRI"", ""neuropsychological tests""]","[""Functional Magnetic Resonance Imaging"", ""Neuropsychological Tests""]","[""rs-fMRI"", ""neuropsychological tests""]","['function magnet reson imag', 'rsfmri', 'neuropsycholog test']"
34416844,,"[""registry""]",,[]
34416855,"[""omics""], [""radiation therapy""]","[""omics""]","[""radiation therapy""]","['radiat therapi', 'omic']"
34417899,"[""Positron emission tomography"", ""Fluorodeoxyglucose""], [""FDG-PET imaging""]","[""Positron emission tomography"", ""Fluorodeoxyglucose""]","[""FDG-PET imaging""]","['fluorodeoxyglucos', 'fdgpet imag', 'positron emiss tomographi']"
34419753,,,"[""Gene expression"", null]",[]
34420885,,"[""Clinical"", ""Biochemical""]",,[]
34426170,"[""Virtual Reality"", ""Simulated Surgical Procedure""], [""motion"", ""safety"", ""efficiency""]","[""Virtual Reality"", ""Simulated Surgical Procedure""]","[""motion"", ""safety"", ""efficiency""]","['effici', 'simul surgic procedur', 'motion', 'virtual realiti', 'safeti']"
34454414,,"[""Administrative datasets""]",,[]
34426586,"[""Arm"", ""Cognitive""], [""motor"", ""cognitive""]","[""Arm"", ""Cognitive""]","[""motor"", ""cognitive""]","['cognit', 'arm', 'motor']"
34430044,"[""Images""], [""Images""]","[""Images""]","[""Images""]",['imag']
34432601,"[""Text""], [""Text"", ""Multimedia""]","[""Text""]","[""Text"", ""Multimedia""]","['text', 'multimedia']"
34433834,"[""Whole-Blood Transcriptomics Data""], [""Whole-Blood Transcriptomics""]","[""Whole-Blood Transcriptomics Data""]","[""Whole-Blood Transcriptomics""]","['wholeblood transcriptom data', 'wholeblood transcriptom']"
34441340,,,"{""A"": [""India""], ""M"": [""USA""], ""S"": [""USA""], ""V"": [""USA""], ""Z"": [""Hungary""], ""GD"": [""UK""], ""JS"": [""USA""], ""SK"": [""USA""]}",[]
34448704,,"[""Clinical""]",,[]
34451039,"[""Sensors""], [""knee adduction moment"", ""knee flexion moment""]","[""Sensors""]","[""knee adduction moment"", ""knee flexion moment""]","['sensor', 'knee adduct moment', 'knee flexion moment']"
34453326,"[""electroencephalography""], []","[""electroencephalography""]",[],"['', 'electroencephalographi']"
34454954,"[""fMRI"", ""EEG""], [{""Modality"": ""EEG""}, {""Modality"": ""fMRI""}]","[""fMRI"", ""EEG""]","[{""Modality"": ""EEG""}, {""Modality"": ""fMRI""}]","['fmri', 'modal fmri', 'modal eeg', 'eeg']"
34460077,,"[""Self-reported cognition"", ""Cognitive test performance""]",,[]
34460576,"[""Microwave Tomography""], [""Microwave images""]","[""Microwave Tomography""]","[""Microwave images""]","['microwav tomographi', 'microwav imag']"
34463636,"[""Binary""], [""Infection""]","[""Binary""]","[""Infection""]","['infect', 'binari']"
34463809,"[""PET/CT"", ""Low-Dose CT""], [""Imaging"", ""Clinical data""]","[""PET/CT"", ""Low-Dose CT""]","[""Imaging"", ""Clinical data""]","['clinic data', 'petct', 'lowdos ct', 'imag']"
34466045,"[""Electromyographic activity (EMG-MMA)"", ""MJM""], [""EMG-MMA"", ""MJM""]","[""Electromyographic activity (EMG-MMA)"", ""MJM""]","[""EMG-MMA"", ""MJM""]","['electromyograph activ emgmma', 'emgmma', 'mjm']"
34467426,"[""MRI"", ""TRUS""], [""T2-weighted (T2W) MRI"", ""Apparent diffusion coefficient (ADC)""]","[""MRI"", ""TRUS""]","[""T2-weighted (T2W) MRI"", ""Apparent diffusion coefficient (ADC)""]","['mri', 't2weight t2w mri', 'tru', 'appar diffus coeffici adc']"
34469211,"[""Imaging"", ""Medical""], []","[""Imaging"", ""Medical""]",[],"['medic', '', 'imag']"
34470057,"[""Nil""], [""Calibration"", ""Discrimination""]","[""Nil""]","[""Calibration"", ""Discrimination""]","['discrimin', 'calibr', 'nil']"
34471189,"[""sagittal"", ""frontal""], [""sagittal and frontal motion planes""]","[""sagittal"", ""frontal""]","[""sagittal and frontal motion planes""]","['sagitt', 'sagitt and frontal motion plane', 'frontal']"
34472611,,,"[""Alerts"", ""Code status orders""]",[]
34487910,"[""Web-based""], [""Video"", ""Text""]","[""Web-based""]","[""Video"", ""Text""]","['text', 'webbas', 'video']"
34487983,"[""Image""], [""Image"", ""Video""]","[""Image""]","[""Image"", ""Video""]","['video', 'imag']"
34489404,"[""transcriptomic""], [""gene embeddings"", ""topic embeddings""]","[""transcriptomic""]","[""gene embeddings"", ""topic embeddings""]","['topic embed', 'gene embed', 'transcriptom']"
34490899,"[""Computed Tomography""], [{""Type"": ""Computed Tomography"", ""Modality"": ""Imaging""}]","[""Computed Tomography""]","[{""Type"": ""Computed Tomography"", ""Modality"": ""Imaging""}]","['comput tomographi', 'modal imag', 'type comput tomographi']"
34490909,"[""T2 Relaxation"", ""MRI""], [""Myelin Water Imaging""]","[""T2 Relaxation"", ""MRI""]","[""Myelin Water Imaging""]","['mri', 'myelin water imag', 't2 relax']"
34492100,,,"[""classification approaches""]",[]
34496940,"[""Clinical features"", ""Blood markers""], [{""Modality"": ""Clinical""}, {""Modality"": ""Blood markers""}]","[""Clinical features"", ""Blood markers""]","[{""Modality"": ""Clinical""}, {""Modality"": ""Blood markers""}]","['modal blood marker', 'modal clinic', 'blood marker', 'clinic featur']"
34500139,"[""Multi-Parametric MR Images""], [""MRI"", ""Histopathology""]","[""Multi-Parametric MR Images""]","[""MRI"", ""Histopathology""]","['mri', 'histopatholog', 'multiparametr mr imag']"
34501270,"[""ICU data""], [""text"", ""ml""]","[""ICU data""]","[""text"", ""ml""]","['icu data', 'text', 'ml']"
34503526,"[""3D phase diagrams"", ""Sobolev norm values""], [""3D phase diagrams"", ""Sobolev norm values""]","[""3D phase diagrams"", ""Sobolev norm values""]","[""3D phase diagrams"", ""Sobolev norm values""]","['3d phase diagram', 'sobolev norm valu']"
34507158,"[""clinical images"", ""dermoscopic images""], [""clinical images"", ""dermoscopic images""]","[""clinical images"", ""dermoscopic images""]","[""clinical images"", ""dermoscopic images""]","['clinic imag', 'dermoscop imag']"
34508027,,,"{""text"": null, ""image"": null, ""video"": null}",[]
34508095,"[""Gene expression"", ""Neuropathology""], [{""Name"": ""gene expression""}, {""Name"": ""human phenotypes""}]","[""Gene expression"", ""Neuropathology""]","[{""Name"": ""gene expression""}, {""Name"": ""human phenotypes""}]","['name human phenotyp', 'name gene express', 'gene express', 'neuropatholog']"
34515639,"[""Electronic Health Records""], [""Textual"", ""Demographic""]","[""Electronic Health Records""]","[""Textual"", ""Demographic""]","['textual', 'demograph', 'electron health record']"
34515942,"[""2D Video""], [""Video"", ""Motion data""]","[""2D Video""]","[""Video"", ""Motion data""]","['motion data', 'video', '2d video']"
34516674,,,"[""robot pets"", ""dementia care""]",[]
34522068,"[""Computed Tomography (CT) scan"", ""X-ray images""], [""Image"", ""Sensor data""]","[""Computed Tomography (CT) scan"", ""X-ray images""]","[""Image"", ""Sensor data""]","['xray imag', 'comput tomographi ct scan', 'sensor data', 'imag']"
34525993,,,"[""Healthcare"", ""Artificial Intelligence""]",[]
34526074,"[""Video"", ""3D motion capture system""], [""Video""]","[""Video"", ""3D motion capture system""]","[""Video""]","['video', '3d motion captur system']"
34526544,,,"[""Administrative health data"", ""Medication history"", ""Hospital admissions data""]",[]
34526639,"[""Compression ultrasound"", ""Ultrasound videos""], [""ultrasound"", ""video""]","[""Compression ultrasound"", ""Ultrasound videos""]","[""ultrasound"", ""video""]","['compress ultrasound', 'video', 'ultrasound', 'ultrasound video']"
34526654,"[""Functional Magnetic Resonance Imaging (fMRI)""], [""fMRI"", ""structural MRI""]","[""Functional Magnetic Resonance Imaging (fMRI)""]","[""fMRI"", ""structural MRI""]","['fmri', 'function magnet reson imag fmri', 'structur mri']"
34526699,,,,[]
34528885,"[""Mobile"", ""Outpatient""], [null]","[""Mobile"", ""Outpatient""]",[null],"['mobil', 'null', 'outpati']"
34530336,"[""Computed Tomography""], [""CT scans"", ""MRI scans""]","[""Computed Tomography""]","[""CT scans"", ""MRI scans""]","['comput tomographi', 'mri scan', 'ct scan']"
34535485,,,,[]
34541337,"[""Electronic medical records"", ""Medications"", ""Billing codes""], [""Electronic medical records"", ""billing codes""]","[""Electronic medical records"", ""Medications"", ""Billing codes""]","[""Electronic medical records"", ""billing codes""]","['medic', 'bill code', 'electron medic record']"
34543173,,,,[]
34547916,"[""SERS""], [{""Modality"": ""Raman spectroscopy""}]","[""SERS""]","[{""Modality"": ""Raman spectroscopy""}]","['modal raman spectroscopi', 'ser']"
34551312,,,"[""variant sets""]",[]
34555562,"[""magnetic resonance imaging"", ""brain features""], {""Functional"": null, ""Structural"": true}","[""magnetic resonance imaging"", ""brain features""]","{""Functional"": null, ""Structural"": true}","['structur true', 'brain featur', 'magnet reson imag', 'function null']"
34555777,"[""Images""], [""images""]","[""Images""]","[""images""]",['imag']
34557674,"[""Voice""], [""Voice Monitoring""]","[""Voice""]","[""Voice Monitoring""]","['voic', 'voic monitor']"
34561528,"[""Chest Radiographs"", ""Brain Computed Tomography (CT) Scans""], [""Image"", ""Computed Tomography (CT)""]","[""Chest Radiographs"", ""Brain Computed Tomography (CT) Scans""]","[""Image"", ""Computed Tomography (CT)""]","['brain comput tomographi ct scan', 'comput tomographi ct', 'chest radiograph', 'imag']"
34563122,,,"[{""ForeName"": ""Asmita"", ""Initials"": ""A"", ""LastName"": ""Bhattarai""}, {""ForeName"": ""Gina"", ""Initials"": ""G"", ""LastName"": ""Dimitropoulos""}, {""ForeName"": ""Brian"", ""Initials"": ""B"", ""LastName"": ""Marriott""}, {""ForeName"": ""Jaime"", ""Initials"": ""J"", ""LastName"": ""Paget""}, {""ForeName"": ""Andrew G M"", ""Initials"": ""AGM"", ""LastName"": ""Bulloch""}, {""ForeName"": ""Suzanne C"", ""Initials"": ""SC"", ""LastName"": ""Tough""}, {""ForeName"": ""Scott B"", ""Initials"": ""SB"", ""LastName"": ""Patten""}]",[]
34566600,"[""Resting-State EEG"", ""Structural MRI""], [""Resting-state EEG"", ""Structural MRI""]","[""Resting-State EEG"", ""Structural MRI""]","[""Resting-state EEG"", ""Structural MRI""]","['restingst eeg', 'structur mri']"
34568504,"[""Knee images""], [""MRI""]","[""Knee images""]","[""MRI""]","['mri', 'knee imag']"
34573331,"[""Whole blood""], [""Genetic""]","[""Whole blood""]","[""Genetic""]","['genet', 'whole blood']"
34579745,"[""Gene expression""], [""Gene expression""]","[""Gene expression""]","[""Gene expression""]",['gene express']
34581405,"[""Clinical"", ""Demographic""], [""clinical and demographic predictor variables"", ""prodromal symptom remission""]","[""Clinical"", ""Demographic""]","[""clinical and demographic predictor variables"", ""prodromal symptom remission""]","['demograph', 'clinic', 'prodrom symptom remiss', 'clinic and demograph predictor variabl']"
34582343,"[""Computed Tomography (CT)""], [""Computed tomography""]","[""Computed Tomography (CT)""]","[""Computed tomography""]","['comput tomographi', 'comput tomographi ct']"
34582617,"[""Simulation""], [""artificially induced NK cells (aiNK-WT)"", ""TME simulations""]","[""Simulation""]","[""artificially induced NK cells (aiNK-WT)"", ""TME simulations""]","['simul', 'artifici induc nk cell ainkwt', 'tme simul']"
34587564,"[""Computed Tomography Angiography""], [""CTA images""]","[""Computed Tomography Angiography""]","[""CTA images""]","['cta imag', 'comput tomographi angiographi']"
34589701,"[""Questionnaire"", ""Patient Level Data""], [""Text""]","[""Questionnaire"", ""Patient Level Data""]","[""Text""]","['text', 'questionnair', 'patient level data']"
34596576,,"[""electronic databases""]",,[]
34598071,"[""MRI""], [""MRI""]","[""MRI""]","[""MRI""]",['mri']
34600329,"[""Color"", ""Depth""], [""Color and depth video""]","[""Color"", ""Depth""]","[""Color and depth video""]","['depth', 'color', 'color and depth video']"
34600848,,"[""Text"", ""Numerical""]",,[]
34602478,"[""MRI"", ""cerebrospinal fluid amyloid-β""], [""MRI"", ""cognitive test scores""]","[""MRI"", ""cerebrospinal fluid amyloid-β""]","[""MRI"", ""cognitive test scores""]","['mri', 'cognit test score', 'cerebrospin fluid amyloidβ']"
34606915,,,[],[]
34607591,"[""Symptoms""], [""text""]","[""Symptoms""]","[""text""]","['symptom', 'text']"
34609322,"[""Capnography""], [""capnography""]","[""Capnography""]","[""capnography""]",['capnographi']
34611796,"[""Biomarkers""], [""Biomarkers""]","[""Biomarkers""]","[""Biomarkers""]",['biomark']
34637473,"[""Plantar pressure"", ""Lower limb acceleration""], [""Plantar pressure"", ""Lower limb acceleration""]","[""Plantar pressure"", ""Lower limb acceleration""]","[""Plantar pressure"", ""Lower limb acceleration""]","['lower limb acceler', 'plantar pressur']"
34616282,"[""Speech"", ""Eye-Movement""], [""Language"", ""Eye movement""]","[""Speech"", ""Eye-Movement""]","[""Language"", ""Eye movement""]","['languag', 'speech', 'eye movement', 'eyemov']"
34616322,,"[""Electronic Health Records""]",,[]
34618413,"[""Image""], [""Imaging"", ""Pathology""]","[""Image""]","[""Imaging"", ""Pathology""]","['patholog', 'imag']"
34619571,"[""Text"", ""Numerical""], [""Demographic data""]","[""Text"", ""Numerical""]","[""Demographic data""]","['text', 'demograph data', 'numer']"
34620391,"[""Echocardiographic"", ""Hemodynamic""], [""echocardiography"", ""hemodynamics""]","[""Echocardiographic"", ""Hemodynamic""]","[""echocardiography"", ""hemodynamics""]","['hemodynam', 'echocardiographi', 'echocardiograph']"
34621541,,,"[{""modal1"": ""X-ray""}, {""modal2"": ""MRI""}]",[]
34622225,"[""Hematoxylin and eosin (HE)-stained tissues""], [""hematoxylin and eosin (HE)-stained tissues""]","[""Hematoxylin and eosin (HE)-stained tissues""]","[""hematoxylin and eosin (HE)-stained tissues""]",['hematoxylin and eosin hestain tissu']
34623400,"[""Neural activity""], [{""EEG"": true}]","[""Neural activity""]","[{""EEG"": true}]","['eeg true', 'neural activ']"
34625565,"[""Medical images""], [""medical images""]","[""Medical images""]","[""medical images""]",['medic imag']
34633514,"[""fMRI""], [""fMRI""]","[""fMRI""]","[""fMRI""]",['fmri']
34634635,"[""Hematoxylin and Eosin (HE)""], [""Histopathological images"", ""Convolutional Neural Network""]","[""Hematoxylin and Eosin (HE)""]","[""Histopathological images"", ""Convolutional Neural Network""]","['hematoxylin and eosin he', 'histopatholog imag', 'convolut neural network']"
34635910,,,"[""Gastroenterology"", ""Surgery""]",[]
34785589,"[""Echocardiogram"", ""Imaging""], [""Cardiology""]","[""Echocardiogram"", ""Imaging""]","[""Cardiology""]","['echocardiogram', 'cardiolog', 'imag']"
34643554,"[""audiovisual"", ""robotic""], [""Audio"", ""Visual""]","[""audiovisual"", ""robotic""]","[""Audio"", ""Visual""]","['audio', 'robot', 'audiovisu', 'visual']"
34655865,"[""fMRI""], [""Functional Magnetic Resonance Images (fMRI)""]","[""fMRI""]","[""Functional Magnetic Resonance Images (fMRI)""]","['fmri', 'function magnet reson imag fmri']"
34656869,"[""MRI""], [""MRI"", ""Cognitive Score""]","[""MRI""]","[""MRI"", ""Cognitive Score""]","['mri', 'cognit score']"
34658816,,,"[""text""]",[]
34665141,,,"[""Web-based Resources"", ""Mobile Apps"", ""Twitter Content""]",[]
34665476,"[""Echocardiographic""], [""Demographic and clinical parameters"", ""Medical imaging""]","[""Echocardiographic""]","[""Demographic and clinical parameters"", ""Medical imaging""]","['echocardiograph', 'medic imag', 'demograph and clinic paramet']"
34668699,,"[""Structural"", ""Biophysical""]",,[]
34672015,,,"[""text""]",[]
34675275,"[""Nil""], [""BiLSTM"", ""ML""]","[""Nil""]","[""BiLSTM"", ""ML""]","['ml', 'bilstm', 'nil']"
34678267,,,,[]
34679099,"[""Transcriptome""], [""mRNA sequences"", ""codon arrangement""]","[""Transcriptome""]","[""mRNA sequences"", ""codon arrangement""]","['codon arrang', 'mrna sequenc', 'transcriptom']"
34680474,"[""MRI"", ""Clinical Variables""], [""MRI""]","[""MRI"", ""Clinical Variables""]","[""MRI""]","['clinic variabl', 'mri']"
34686327,"[], [""gene_expression"", ""protein_expression""]",[],"[""gene_expression"", ""protein_expression""]","['', 'gene_express', 'protein_express']"
34686914,"[""kidney function measurements"", ""vesicoureteral reflux grade"", ""renal dysplasia at presentation""], [""Urology"", ""Surgery""]","[""kidney function measurements"", ""vesicoureteral reflux grade"", ""renal dysplasia at presentation""]","[""Urology"", ""Surgery""]","['surgeri', 'urolog', 'vesicoureter reflux grade', 'kidney function measur', 'renal dysplasia at present']"
34694564,"[""MRI""], [""MRI""]","[""MRI""]","[""MRI""]",['mri']
34705042,"[""Functional magnetic resonance imaging (fMRI)""], [""Functional Magnetic Resonance Imaging""]","[""Functional magnetic resonance imaging (fMRI)""]","[""Functional Magnetic Resonance Imaging""]","['function magnet reson imag', 'function magnet reson imag fmri']"
34706413,,,"[""Demographic"", ""Clinical""]",[]
34706445,"[""Electronic medical records""], [""Text""]","[""Electronic medical records""]","[""Text""]","['text', 'electron medic record']"
34707133,"[""Magnetic Resonance Imaging""], [""brain imaging""]","[""Magnetic Resonance Imaging""]","[""brain imaging""]","['magnet reson imag', 'brain imag']"
34707419,,,,[]
34710675,"[""brain regions"", ""MRI""], [""brain MRI""]","[""brain regions"", ""MRI""]","[""brain MRI""]","['mri', 'brain mri', 'brain region']"
34713065,"[""Endometriosis Health Profile"", ""Pain Catastrophizing Scale"", ""Depression score"", ""Anxiety score"", ""Abdominal wall pain"", ""Pelvic floor tenderness""], [""text"", ""machine learning""]","[""Endometriosis Health Profile"", ""Pain Catastrophizing Scale"", ""Depression score"", ""Anxiety score"", ""Abdominal wall pain"", ""Pelvic floor tenderness""]","[""text"", ""machine learning""]","['endometriosi health profil', 'abdomin wall pain', 'pain catastroph scale', 'anxieti score', 'depress score', 'pelvic floor tender', 'text', 'machin learn']"
34713143,"[""Speech"", ""Audio""], [""audio"", ""speech""]","[""Speech"", ""Audio""]","[""audio"", ""speech""]","['audio', 'speech']"
34715288,"[""MRI""], [""MRI""]","[""MRI""]","[""MRI""]",['mri']
34716214,,"[""electronic""]",,[]
34716400,,,,[]
34717189,"[""Histopathology"", ""Whole-slide images""], [""Histology"", ""Whole-slide images""]","[""Histopathology"", ""Whole-slide images""]","[""Histology"", ""Whole-slide images""]","['wholeslid imag', 'histopatholog', 'histolog']"
34719494,"[""Magnetic Resonance Image""], [""MRI""]","[""Magnetic Resonance Image""]","[""MRI""]","['mri', 'magnet reson imag']"
34719765,"[""Medical University"", ""Department of Psychiatry"", ""Knight Alzheimer Disease Research Center""], {""text"": false, ""image"": false, ""video"": false}","[""Medical University"", ""Department of Psychiatry"", ""Knight Alzheimer Disease Research Center""]","{""text"": false, ""image"": false, ""video"": false}","['imag fals', 'depart of psychiatri', 'knight alzheim diseas research center', 'medic univers', 'video fals', 'text fals']"
34726496,"[""grid"", ""project""], [{""modality"": ""Text""}, {""modality"": ""Images""}]","[""grid"", ""project""]","[{""modality"": ""Text""}, {""modality"": ""Images""}]","['grid', 'modal text', 'modal imag', 'project']"
34732498,,[],,[]
34734350,"[""Vital Signs"", ""ECG Findings"", ""Blood Tests""], [""Text"", ""Image""]","[""Vital Signs"", ""ECG Findings"", ""Blood Tests""]","[""Text"", ""Image""]","['vital sign', 'ecg find', 'text', 'blood test', 'imag']"
34735529,"[""Hematoxylin and eosin"", ""Feulgen-thionin staining""], [""hematoxylin eosin"", ""Feulgen-thionin staining""]","[""Hematoxylin and eosin"", ""Feulgen-thionin staining""]","[""hematoxylin eosin"", ""Feulgen-thionin staining""]","['hematoxylin and eosin', 'hematoxylin eosin', 'feulgenthionin stain']"
34736872,"[""VCUG""], [""Image analysis"", ""Machine learning""]","[""VCUG""]","[""Image analysis"", ""Machine learning""]","['vcug', 'machin learn', 'imag analysi']"
34737020,"[""Text"", ""Numerical""], [""Survey Data"", ""Questionnaire Data""]","[""Text"", ""Numerical""]","[""Survey Data"", ""Questionnaire Data""]","['text', 'questionnair data', 'survey data', 'numer']"
34737094,,"[""Serum data""]",,[]
34738844,,"[""Categorical features"", ""Continuous features""]",,[]
34740952,,,"[""radiology""]",[]
34743445,"[""Oncology""], [""Medical images"", ""Clinical data""]","[""Oncology""]","[""Medical images"", ""Clinical data""]","['oncolog', 'medic imag', 'clinic data']"
34744927,"[""self-report measures""], [""text"", ""numeric""]","[""self-report measures""]","[""text"", ""numeric""]","['text', 'selfreport measur', 'numer']"
34747691,"[""Sleep""], [""sleep study"", ""mandibular positioner""]","[""Sleep""]","[""sleep study"", ""mandibular positioner""]","['sleep', 'mandibular position', 'sleep studi']"
34758422,,,[],[]
34760140,"[""Vital signs""], [""Physiological Parameters""]","[""Vital signs""]","[""Physiological Parameters""]","['physiolog paramet', 'vital sign']"
34760216,"[""peptides"", ""HPLC""], [""Genetic"", ""Chemical""]","[""peptides"", ""HPLC""]","[""Genetic"", ""Chemical""]","['chemic', 'genet', 'peptid', 'hplc']"
34761053,"[""gene delivery"", ""ultrasound""], [""Brain""]","[""gene delivery"", ""ultrasound""]","[""Brain""]","['gene deliveri', 'brain', 'ultrasound']"
34763798,"[""Medical Images""], [""images""]","[""Medical Images""]","[""images""]","['medic imag', 'imag']"
34766125,,"[""Gene Expression""]",,[]
34767577,,"[""Clinical data""]",,[]
34770281,"[""Accelerometer"", ""Gyroscope""], [""Accelerometer"", ""Gyroscope""]","[""Accelerometer"", ""Gyroscope""]","[""Accelerometer"", ""Gyroscope""]","['gyroscop', 'acceleromet']"
34770729,"[""Inertial motion unit (IMU)-based physiological vibration acceleration""], [""Wearable inertial motion unit (IMU)-based physiological vibration acceleration sensor""]","[""Inertial motion unit (IMU)-based physiological vibration acceleration""]","[""Wearable inertial motion unit (IMU)-based physiological vibration acceleration sensor""]","['inerti motion unit imubas physiolog vibrat acceler', 'wearabl inerti motion unit imubas physiolog vibrat acceler sensor']"
34773476,"[""Clinical"", ""Ultrasound""], [""ultrasound""]","[""Clinical"", ""Ultrasound""]","[""ultrasound""]","['clinic', 'ultrasound']"
34773974,,"[""Imaging"", ""Genomics""]",,[]
34776600,"[""Smartphone app use""], [""Smartphone app use"", ""Fatigue/boredom""]","[""Smartphone app use""]","[""Smartphone app use"", ""Fatigue/boredom""]","['smartphon app use', 'fatigueboredom']"
34777332,"[""Single Cell RNA sequencing"", ""Serum antibody titers""], [{""Modality"": ""Single Cell RNA Sequencing""}]","[""Single Cell RNA sequencing"", ""Serum antibody titers""]","[{""Modality"": ""Single Cell RNA Sequencing""}]","['modal singl cell rna sequenc', 'serum antibodi titer', 'singl cell rna sequenc']"
34782835,"[""Medical Big Data""], [""Neural Network"", ""Simulated Annealing Algorithm""]","[""Medical Big Data""]","[""Neural Network"", ""Simulated Annealing Algorithm""]","['simul anneal algorithm', 'medic big data', 'neural network']"
34786311,,,,[]
34786572,"[""Metabolomics""], [""NMR spectroscopy""]","[""Metabolomics""]","[""NMR spectroscopy""]","['metabolom', 'nmr spectroscopi']"
34788078,"[""Medical""], [""text"", ""image""]","[""Medical""]","[""text"", ""image""]","['medic', 'text', 'imag']"
34788342,"[""Vision""], [""gait"", ""sacrum mediolateral range of motion""]","[""Vision""]","[""gait"", ""sacrum mediolateral range of motion""]","['sacrum mediolater rang of motion', 'gait', 'vision']"
34791422,"[""electronic monitoring"", ""electronic health records"", ""smartphones"", ""wearables""], [""Electronic Monitoring"", ""Electronic Health Records"", ""Smartphones""]","[""electronic monitoring"", ""electronic health records"", ""smartphones"", ""wearables""]","[""Electronic Monitoring"", ""Electronic Health Records"", ""Smartphones""]","['electron monitor', 'wearabl', 'smartphon', 'electron health record']"
34793435,,,"[""Survey"", ""Questionnaire""]",[]
34797702,"[""Computed Tomography""], [""CT""]","[""Computed Tomography""]","[""CT""]","['comput tomographi', 'ct']"
34797972,"[""Raman spectroscopy"", ""Deep learning""], [""Hyperspectral Raman images""]","[""Raman spectroscopy"", ""Deep learning""]","[""Hyperspectral Raman images""]","['deep learn', 'raman spectroscopi', 'hyperspectr raman imag']"
34798245,"[""Accelerometry""], [""acceleration""]","[""Accelerometry""]","[""acceleration""]","['acceler', 'accelerometri']"
34799114,,"[""birth conditions"", ""offspring longevity""]",,[]
34802712,"[""NCCT""], [""Computed Tomography""]","[""NCCT""]","[""Computed Tomography""]","['comput tomographi', 'ncct']"
34810001,,,,[]
34812362,,,"[""temperature"", ""cough rate"", ""respiratory rate"", ""blood oxygen saturation""]",[]
34814029,"[""Near-infrared spectroscopy"", ""Brain-computer interface""], [""Olfactory system""]","[""Near-infrared spectroscopy"", ""Brain-computer interface""]","[""Olfactory system""]","['olfactori system', 'braincomput interfac', 'nearinfrar spectroscopi']"
34818936,"[""structured"", ""unstructured""], [""Structured data"", ""Unstructured text""]","[""structured"", ""unstructured""]","[""Structured data"", ""Unstructured text""]","['unstructur', 'structur', 'unstructur text', 'structur data']"
34819128,"[""visual field"", ""perimetry""], [""Image"", ""Perimetry""]","[""visual field"", ""perimetry""]","[""Image"", ""Perimetry""]","['visual field', 'perimetri', 'imag']"
34823197,,,,[]
34823246,"[""Clinical""], [""Medical Images"", ""ECG""]","[""Clinical""]","[""Medical Images"", ""ECG""]","['ecg', 'clinic', 'medic imag']"
34829370,"[""PET""], [""Positron Emission Tomography (PET) scans""]","[""PET""]","[""Positron Emission Tomography (PET) scans""]","['positron emiss tomographi pet scan', 'pet']"
34829396,"[""Lung Ultrasound""], [""Ultrasound""]","[""Lung Ultrasound""]","[""Ultrasound""]","['lung ultrasound', 'ultrasound']"
34829456,"[""Ultrasound""], [""Ultrasound""]","[""Ultrasound""]","[""Ultrasound""]",['ultrasound']
34829787,"[""Clinical""], [""Clinical"", ""Psychiatric""]","[""Clinical""]","[""Clinical"", ""Psychiatric""]","['clinic', 'psychiatr']"
34837331,"[""Raman spectroscopy""], [""Spectral bands""]","[""Raman spectroscopy""]","[""Spectral bands""]","['raman spectroscopi', 'spectral band']"
34837951,,,"[""Classification"", ""Regression""]",[]
34838066,"[""Plantar pressure""], [""Plantar pressure data""]","[""Plantar pressure""]","[""Plantar pressure data""]","['plantar pressur data', 'plantar pressur']"
34839147,"[""T1-weighted magnetic resonance images""], [""MRI"", ""T1-weighted""]","[""T1-weighted magnetic resonance images""]","[""MRI"", ""T1-weighted""]","['mri', 't1weight', 't1weight magnet reson imag']"
34850112,"[""Text"", ""Other""], text","[""Text"", ""Other""]",text,"['text', 'other']"
34850171,"[""Diagnostic Imaging""], [""MRI"", ""CT""]","[""Diagnostic Imaging""]","[""MRI"", ""CT""]","['mri', 'ct', 'diagnost imag']"
34851292,"[""Neuroscience""], {}","[""Neuroscience""]",{},"['', 'neurosci']"
34854943,"[""Optical Coherence Tomography"", ""Coronary Angiography""], [""optical coherence tomography (OCT)"", ""coronary angiography""]","[""Optical Coherence Tomography"", ""Coronary Angiography""]","[""optical coherence tomography (OCT)"", ""coronary angiography""]","['optic coher tomographi', 'coronari angiographi', 'optic coher tomographi oct']"
34856391,"[""Web""], [""text""]","[""Web""]","[""text""]","['text', 'web']"
34858824,"[""Otolaryngology-Head and Neck Surgery""], {""modality1"": null, ""modality2"": null}","[""Otolaryngology-Head and Neck Surgery""]","{""modality1"": null, ""modality2"": null}","['otolaryngologyhead and neck surgeri', 'modality1 null', 'modality2 null']"
34862541,"[""Neuroimaging""], [""MRI"", ""CT""]","[""Neuroimaging""]","[""MRI"", ""CT""]","['mri', 'ct', 'neuroimag']"
34863649,"[""ECG"", ""Imaging""], [""echocardiogram"", ""ECG""]","[""ECG"", ""Imaging""]","[""echocardiogram"", ""ECG""]","['ecg', 'echocardiogram', 'imag']"
34864143,"[""Text""], [""Structured Numeric Data"", ""Categorical Data"", ""Unstructured Text Data""]","[""Text""]","[""Structured Numeric Data"", ""Categorical Data"", ""Unstructured Text Data""]","['unstructur text data', 'text', 'structur numer data', 'categor data']"
34864679,,"[""Demographic"", ""Genetic"", ""Neuropsychiatric"", ""Neuroimaging""]",,[]
34867950,"[""SOMAscan platform""], [""Proteomics""]","[""SOMAscan platform""]","[""Proteomics""]","['somascan platform', 'proteom']"
34869483,"[""symptoms"", ""blood biomarkers"", ""chest CT scan""], [""symptoms and signs"", ""blood biomarkers""]","[""symptoms"", ""blood biomarkers"", ""chest CT scan""]","[""symptoms and signs"", ""blood biomarkers""]","['symptom', 'blood biomark', 'symptom and sign', 'chest ct scan']"
34871837,"[""Electrocardiogram""], [""ECG images""]","[""Electrocardiogram""]","[""ECG images""]","['electrocardiogram', 'ecg imag']"
34871982,"[""Radiology reports"", ""ICD-10 codes""], [""Computed Tomography (CT)"", ""Extremity compression ultrasound (US)"", ""Nuclear ventilation-perfusion (VQ) scans""]","[""Radiology reports"", ""ICD-10 codes""]","[""Computed Tomography (CT)"", ""Extremity compression ultrasound (US)"", ""Nuclear ventilation-perfusion (VQ) scans""]","['extrem compress ultrasound us', 'icd10 code', 'comput tomographi ct', 'nuclear ventilationperfus vq scan', 'radiolog report']"
34878526,,,"[""interview schedule"", ""machine learning algorithm""]",[]
34880311,"[""Image""], [""Image""]","[""Image""]","[""Image""]",['imag']
34880856,,,"[""Biological""]",[]
34887449,"[""RNA""], [""retina"", ""heart""]","[""RNA""]","[""retina"", ""heart""]","['heart', 'retina', 'rna']"
34887739,"[""EEG"", ""EMG""], [""EEG"", ""EMG""]","[""EEG"", ""EMG""]","[""EEG"", ""EMG""]","['eeg', 'emg']"
34889978,"[""Medical""], [{""ForeName"": ""Simone"", ""Initials"": ""S"", ""LastName"": ""Furini""}]","[""Medical""]","[{""ForeName"": ""Simone"", ""Initials"": ""S"", ""LastName"": ""Furini""}]","['medic', 'initi s', 'lastnam furini', 'forenam simon']"
34893776,"[""chest radiographs""], [""chest X-ray"", ""medical imaging""]","[""chest radiographs""]","[""chest X-ray"", ""medical imaging""]","['medic imag', 'chest radiograph', 'chest xray']"
34898324,,,,[]
34898544,"[""Digital Pathology Imaging""], [""Image"", ""Text""]","[""Digital Pathology Imaging""]","[""Image"", ""Text""]","['text', 'digit patholog imag', 'imag']"
34899212,"[""EEG""], [""EEG""]","[""EEG""]","[""EEG""]",['eeg']
34899827,,"[""miRNA""]",,[]
34909565,,,"[""Neuroimaging""]",[]
34929344,"[""Functional magnetic resonance imaging""], Imaging, machine learning","[""Functional magnetic resonance imaging""]","Imaging, machine learning","['function magnet reson imag', 'machin learn', 'imag']"
34916084,,,"[""Image"", ""Other""]",[]
34917694,"[""Chest Radiograph""], [""Chest radiograph""]","[""Chest Radiograph""]","[""Chest radiograph""]",['chest radiograph']
34919072,"[""Open Magnetic Resonance Images"", ""Regions of Interest (ROIs)""], [""Spinal Muscles""]","[""Open Magnetic Resonance Images"", ""Regions of Interest (ROIs)""]","[""Spinal Muscles""]","['open magnet reson imag', 'region of interest roi', 'spinal muscl']"
34920543,,,"[""text"", ""image""]",[]
34921162,"[""Electrocardiogram""], [""Maternal abdominal electrocardiograms"", ""Fetal ECG""]","[""Electrocardiogram""]","[""Maternal abdominal electrocardiograms"", ""Fetal ECG""]","['electrocardiogram', 'fetal ecg', 'matern abdomin electrocardiogram']"
34921746,"[""Functional MRI"", ""Neurofeedback""], [""fMRI"", ""EEG""]","[""Functional MRI"", ""Neurofeedback""]","[""fMRI"", ""EEG""]","['fmri', 'neurofeedback', 'eeg', 'function mri']"
34923280,"[""Audio""], [""audio"", ""spectrograms""]","[""Audio""]","[""audio"", ""spectrograms""]","['audio', 'spectrogram']"
34927450,"[""Magnetic resonance imaging""], [""Imaging""]","[""Magnetic resonance imaging""]","[""Imaging""]","['magnet reson imag', 'imag']"
34930582,,,"[{""modality"": ""patient-data""}]",[]
34936195,"[""Dosimetry""], [""Dosimetry"", ""Radiation therapy""]","[""Dosimetry""]","[""Dosimetry"", ""Radiation therapy""]","['dosimetri', 'radiat therapi']"
34936894,"[""Administrative data""], [""administrative""]","[""Administrative data""]","[""administrative""]","['administr', 'administr data']"
34936945,"[""Image""], [""Image"", ""Sensor""]","[""Image""]","[""Image"", ""Sensor""]","['sensor', 'imag']"
34937750,"[""upper limb Fugl-Meyer (FM) scores""], [""upper limb Fugl-Meyer (FM) scores""]","[""upper limb Fugl-Meyer (FM) scores""]","[""upper limb Fugl-Meyer (FM) scores""]",['upper limb fuglmey fm score']
34938605,"[""DNA methylation""], [""DNA methylation"", ""machine learning""]","[""DNA methylation""]","[""DNA methylation"", ""machine learning""]","['dna methyl', 'machin learn']"
34949699,"[""CT""], [""computed tomography""]","[""CT""]","[""computed tomography""]","['comput tomographi', 'ct']"
34950616,,"[""NICU patient data""]",,[]
34953074,"[""HR-pQCT""], [""Computed Tomography""]","[""HR-pQCT""]","[""Computed Tomography""]","['hrpqct', 'comput tomographi']"
34953160,,,,[]
34953204,"[""Standardized Patients"", ""Clinical Interactions""], {""text_data"": null, ""audio_data"": null, ""image_data"": null}","[""Standardized Patients"", ""Clinical Interactions""]","{""text_data"": null, ""audio_data"": null, ""image_data"": null}","['audio_data null', 'clinic interact', 'text_data null', 'image_data null', 'standard patient']"
34954633,"[""brain gene expression microarray data""], [""microarray"", ""machine learning""]","[""brain gene expression microarray data""]","[""microarray"", ""machine learning""]","['brain gene express microarray data', 'machin learn', 'microarray']"
34957914,"[""Medical Imaging"", ""Clinical Outcomes""], [""Text""]","[""Medical Imaging"", ""Clinical Outcomes""]","[""Text""]","['text', 'medic imag', 'clinic outcom']"
35101728,"[""multi-modal""], [""image"", ""multi-modal""]","[""multi-modal""]","[""image"", ""multi-modal""]","['multimod', 'imag']"
34966902,"[""EEG""], [""EEG signals""]","[""EEG""]","[""EEG signals""]","['eeg', 'eeg signal']"
34967848,,,"[""text"", ""image""]",[]
34971918,,,"[""Machine Learning""]",[]
34972694,,,"[""bedside care""]",[]
34974446,"[""Stroke""], [""Transcranial Direct Current Stimulation"", ""Robot-assisted arm training""]","[""Stroke""]","[""Transcranial Direct Current Stimulation"", ""Robot-assisted arm training""]","['stroke', 'robotassist arm train', 'transcrani direct current stimul']"
34977072,,,,[]
34978635,"[""Ultrasound""], [""Ultrasound""]","[""Ultrasound""]","[""Ultrasound""]",['ultrasound']
34979435,"[""Histopathology""], Images","[""Histopathology""]",Images,"['histopatholog', 'imag']"
34983017,"[""skin image""], [""images""]","[""skin image""]","[""images""]","['skin imag', 'imag']"
35033305,"[""Ultrasound""], [""Ultrasound""]","[""Ultrasound""]","[""Ultrasound""]",['ultrasound']
34992127,"[""MRI""], [""MRI"", ""T1-weighted imaging""]","[""MRI""]","[""MRI"", ""T1-weighted imaging""]","['t1weight imag', 'mri']"
34996927,"[""RNA-Seq""], [""gene expression patterns""]","[""RNA-Seq""]","[""gene expression patterns""]","['gene express pattern', 'rnaseq']"
34997373,"[""MRI"", ""ESR"", ""CRP""], [""MRI""]","[""MRI"", ""ESR"", ""CRP""]","[""MRI""]","['mri', 'esr', 'crp']"
35002915,"[""Video""], [""Video"", ""Inertial measurement units""]","[""Video""]","[""Video"", ""Inertial measurement units""]","['inerti measur unit', 'video']"
35006495,"[""Chest radiographs""], [""chest radiographs""]","[""Chest radiographs""]","[""chest radiographs""]",['chest radiograph']
35007286,"[""English Longitudinal Study of Aging (ELSA) data""], [""health variables"", ""demographic, lifestyle, and medical background information""]","[""English Longitudinal Study of Aging (ELSA) data""]","[""health variables"", ""demographic, lifestyle, and medical background information""]","['health variabl', 'demograph', 'and medic background inform', 'lifestyl', 'english longitudin studi of age elsa data']"
35007352,"[""Hematoxylin and eosin""], [{""Modality"": ""Whole Slide Images (WSIs)""}, {""Modality"": ""Hematoxylin and Eosin-stained images""}]","[""Hematoxylin and eosin""]","[{""Modality"": ""Whole Slide Images (WSIs)""}, {""Modality"": ""Hematoxylin and Eosin-stained images""}]","['hematoxylin and eosin', 'modal hematoxylin and eosinstain imag', 'modal whole slide imag wsi']"
35009639,"[""EEG""], [{""Modality"": ""EEG"", ""Description"": ""Electroencephalography""}, {""Modality"": ""VR"", ""Description"": ""Virtual reality""}]","[""EEG""]","[{""Modality"": ""EEG"", ""Description"": ""Electroencephalography""}, {""Modality"": ""VR"", ""Description"": ""Virtual reality""}]","['descript electroencephalographi', 'descript virtual realiti', 'modal vr', 'modal eeg', 'eeg']"
35013227,"[""Proteomics""], [""Proteomics""]","[""Proteomics""]","[""Proteomics""]",['proteom']
35017538,,,"[{""modality1"": ""nuclear and mitochondrial somatic mutational landscape""}, {""modality2"": ""tumour-types""}]",[]
35018791,"[""Brain Connectivity"", ""Structural and Functional Connectomes""], [""diffusion weighted"", ""resting state functional magnetic resonance imaging""]","[""Brain Connectivity"", ""Structural and Functional Connectomes""]","[""diffusion weighted"", ""resting state functional magnetic resonance imaging""]","['rest state function magnet reson imag', 'brain connect', 'structur and function connectom', 'diffus weight']"
35019849,"[""Text""], [{""ModalityType"": ""Text""}]","[""Text""]","[{""ModalityType"": ""Text""}]","['text', 'modalitytyp text']"
35021182,,"[""Text""]",,[]
35021305,"[""Clinical"", ""Hormonal"", ""Semen Analysis""], [""hormonal"", ""clinical"", ""semen analysis""]","[""Clinical"", ""Hormonal"", ""Semen Analysis""]","[""hormonal"", ""clinical"", ""semen analysis""]","['clinic', 'hormon', 'semen analysi']"
35023995,"[""Radiograph images""], [""Radiograph images""]","[""Radiograph images""]","[""Radiograph images""]",['radiograph imag']
35025073,"[""Computed Tomography""], [""Image""]","[""Computed Tomography""]","[""Image""]","['comput tomographi', 'imag']"
35025756,"[""Email"", ""Internet""], [""self-reported data""]","[""Email"", ""Internet""]","[""self-reported data""]","['email', 'internet', 'selfreport data']"
35026177,"[""Hospital Medicine"", ""Pulmonary"", ""Critical Care""], []","[""Hospital Medicine"", ""Pulmonary"", ""Critical Care""]",[],"['', 'hospit medicin', 'pulmonari', 'critic care']"
35027333,"[""RNA-sequencing"", ""Proteomics""], [{""Modality"": ""Clinical Data""}]","[""RNA-sequencing"", ""Proteomics""]","[{""Modality"": ""Clinical Data""}]","['modal clinic data', 'proteom', 'rnasequenc']"
35027755,"[""Image""], [{""count"": null, ""modality"": ""image""}, {""count"": null, ""modality"": ""text""}]","[""Image""]","[{""count"": null, ""modality"": ""image""}, {""count"": null, ""modality"": ""text""}]","['count null', 'modal text', 'modal imag', 'imag']"
35030208,"[], [""Text"", ""Questionnaire""]",[],"[""Text"", ""Questionnaire""]","['', 'text', 'questionnair']"
35034778,"[""Computer Science"", ""Pediatrics"", ""Pathology and Laboratory Medicine"", ""Clinical Neurological Sciences"", ""Physiology and Pharmacology""], [""text"", ""image""]","[""Computer Science"", ""Pediatrics"", ""Pathology and Laboratory Medicine"", ""Clinical Neurological Sciences"", ""Physiology and Pharmacology""]","[""text"", ""image""]","['pediatr', 'physiolog and pharmacolog', 'clinic neurolog scienc', 'text', 'comput scienc', 'patholog and laboratori medicin', 'imag']"
35039069,,,"[""Text"", ""Survival Data""]",[]
35040794,"[""Twitter"", ""Tweets""], [""Text""]","[""Twitter"", ""Tweets""]","[""Text""]","['text', 'twitter', 'tweet']"
35045864,,,,[]
35047881,"[""Force""], [""Audio"", ""Sensory cues""]","[""Force""]","[""Audio"", ""Sensory cues""]","['sensori cue', 'audio', 'forc']"
35048041,"[""oral""], [""visual analytics"", ""clinical presentation""]","[""oral""]","[""visual analytics"", ""clinical presentation""]","['oral', 'visual analyt', 'clinic present']"
35048111,"[], [{""Tags"": [], ""Modality"": ""Healthcare""}, {""Tags"": [], ""Modality"": ""Education""}]",[],"[{""Tags"": [], ""Modality"": ""Healthcare""}, {""Tags"": [], ""Modality"": ""Education""}]","['', 'modal healthcar', 'modal educ', 'tag']"
35048782,,,,[]
35054194,"[""CXR images""], [""Images""]","[""CXR images""]","[""Images""]","['cxr imag', 'imag']"
35056931,"[""Computational Modeling"", ""Finite Element Method""], [""temperature-sensitive liposomes"", ""magnetic hyperthermia""]","[""Computational Modeling"", ""Finite Element Method""]","[""temperature-sensitive liposomes"", ""magnetic hyperthermia""]","['comput model', 'magnet hyperthermia', 'temperaturesensit liposom', 'finit element method']"
35058354,"[""genomics"", ""histology""], [""mRNA measurements""]","[""genomics"", ""histology""]","[""mRNA measurements""]","['mrna measur', 'genom', 'histolog']"
35058431,"[""structural brain MRI findings""], [""MRI"", ""T1-weighted images""]","[""structural brain MRI findings""]","[""MRI"", ""T1-weighted images""]","['t1weight imag', 'mri', 'structur brain mri find']"
35062167,,,,[]
35063339,"[""Echocardiographic"", ""Doppler velocity"", ""Age"", ""Body surface area""], [""Doppler velocity traces"", ""Regional longitudinal strain""]","[""Echocardiographic"", ""Doppler velocity"", ""Age"", ""Body surface area""]","[""Doppler velocity traces"", ""Regional longitudinal strain""]","['age', 'doppler veloc trace', 'doppler veloc', 'region longitudin strain', 'bodi surfac area', 'echocardiograph']"
35063866,"[""speech""], {""speech"": true, ""eye_movement_sleep_behavior"": true}","[""speech""]","{""speech"": true, ""eye_movement_sleep_behavior"": true}","['speech true', 'speech', 'eye_movement_sleep_behavior true']"
35066631,"[""CT""], {""CT images"": true, ""Histopathology"": true}","[""CT""]","{""CT images"": true, ""Histopathology"": true}","['ct imag true', 'histopatholog true', 'ct']"
35072145,,,[],[]
35074702,,"[""Functional MRI""]",,[]
35099942,,"[""Serum Metabolic Fingerprints""]",,[]
35076400,"[""Reddit Posts""], [""text""]","[""Reddit Posts""]","[""text""]","['reddit post', 'text']"
35077592,"[""laboratory"", ""echocardiographic""], [{""type"": ""Physiological""}]","[""laboratory"", ""echocardiographic""]","[{""type"": ""Physiological""}]","['laboratori', 'echocardiograph', 'type physiolog']"
35084341,"[""Web""], [""text""]","[""Web""]","[""text""]","['text', 'web']"
35085294,"[""Quantitative ultrasound"", ""Elastography""], [""ultrasound"", ""elastography""]","[""Quantitative ultrasound"", ""Elastography""]","[""ultrasound"", ""elastography""]","['quantit ultrasound', 'ultrasound', 'elastographi']"
35087180,"[""Speech"", ""Handwriting Recognition"", ""Natural Language Processing""], [""Speech"", ""Handwriting recognition""]","[""Speech"", ""Handwriting Recognition"", ""Natural Language Processing""]","[""Speech"", ""Handwriting recognition""]","['speech', 'natur languag process', 'handwrit recognit']"
35091423,,,"[""text"", null]",[]
35098027,,,,[]
35099382,"[""Clinicopathological""], [""SHapley Additive exPlanations"", ""Receiver-operating-characteristic curve""]","[""Clinicopathological""]","[""SHapley Additive exPlanations"", ""Receiver-operating-characteristic curve""]","['shapley addit explan', 'clinicopatholog', 'receiveroperatingcharacterist curv']"
35102489,"[""Electrovestibulography (EVestG) signals""], [""EVestG signals""]","[""Electrovestibulography (EVestG) signals""]","[""EVestG signals""]","['evestg signal', 'electrovestibulographi evestg signal']"
35102519,,,"[""Text""]",[]
35111593,"[""Imaging"", ""Dopamine transposer - single photon emission computed tomography (DAT SPECT) images""], [{""text"": ""SPECT-based radiomics features"", ""category"": ""modality""}, {""text"": ""MRI images"", ""category"": ""modality""}]","[""Imaging"", ""Dopamine transposer - single photon emission computed tomography (DAT SPECT) images""]","[{""text"": ""SPECT-based radiomics features"", ""category"": ""modality""}, {""text"": ""MRI images"", ""category"": ""modality""}]","['dopamin transpos singl photon emiss comput tomographi dat spect imag', 'text spectbas radiom featur', 'text mri imag', 'categori modal', 'imag']"
35113677,"[""Administrative data"", ""Dietary data""], [""Dietary data"", ""Socioeconomic, demographic, psychological, and behavioural variables""]","[""Administrative data"", ""Dietary data""]","[""Dietary data"", ""Socioeconomic, demographic, psychological, and behavioural variables""]","['administr data', 'demograph', 'psycholog', 'and behaviour variabl', 'dietari data', 'socioeconom']"
35118777,,,,[]
35120173,"[""Ultrasonography""], [""Ultrasonography""]","[""Ultrasonography""]","[""Ultrasonography""]",['ultrasonographi']
35121948,"[""Electronic Health Records (EHRs)"", ""medical notes""], [""health data"", ""medical notes""]","[""Electronic Health Records (EHRs)"", ""medical notes""]","[""health data"", ""medical notes""]","['health data', 'electron health record ehr', 'medic note']"
35122077,,,"[""Image"", ""Text""]",[]
35126902,"[""Scalp EEG""], [""scalp EEG""]","[""Scalp EEG""]","[""scalp EEG""]",['scalp eeg']
35127487,,,"[""Digital twin technology""]",[]
35131588,,,"[""Rodent-hunting cat ownership"", ""Winter birth"", ""Residential moves in childhood"", ""Head trauma history"", ""Tobacco smoking""]",[]
35135685,"[""EMR""], [""Natural Language Processing"", ""Value-based care""]","[""EMR""]","[""Natural Language Processing"", ""Value-based care""]","['valuebas care', 'emr', 'natur languag process']"
35136125,"[""Gas chromatography"", ""Mass spectrometry""], [""Volatile Organic Compounds (VOCs)"", ""Gas Chromatography"", ""Time-of-Flight Mass Spectrometry""]","[""Gas chromatography"", ""Mass spectrometry""]","[""Volatile Organic Compounds (VOCs)"", ""Gas Chromatography"", ""Time-of-Flight Mass Spectrometry""]","['mass spectrometri', 'timeofflight mass spectrometri', 'volatil organ compound voc', 'ga chromatographi']"
35137490,"[""Radiographs""], Radiographs","[""Radiographs""]",Radiographs,['radiograph']
35138012,"[""Structural Magnetic Resonance Imaging"", ""Angiography""], [""magnetic resonance imaging"", ""angiography""]","[""Structural Magnetic Resonance Imaging"", ""Angiography""]","[""magnetic resonance imaging"", ""angiography""]","['structur magnet reson imag', 'magnet reson imag', 'angiographi']"
35141430,"[""Health data"", ""Vaccine coverage""], [""Text""]","[""Health data"", ""Vaccine coverage""]","[""Text""]","['health data', 'text', 'vaccin coverag']"
35148170,"[""Clinical"", ""Demographic""], [""breast or axilla""]","[""Clinical"", ""Demographic""]","[""breast or axilla""]","['demograph', 'clinic', 'breast or axilla']"
35150255,"[""Sequence"", ""Structural""], [""sequence features"", ""structural features""]","[""Sequence"", ""Structural""]","[""sequence features"", ""structural features""]","['structur', 'sequenc featur', 'sequenc', 'structur featur']"
35157713,"[""Swept-source OCT"", ""OCT-angiography""], [""Optical Coherence Tomography"", ""Angiography""]","[""Swept-source OCT"", ""OCT-angiography""]","[""Optical Coherence Tomography"", ""Angiography""]","['optic coher tomographi', 'octangiographi', 'sweptsourc oct', 'angiographi']"
35168594,"[""Text""], [""text""]","[""Text""]","[""text""]",['text']
35169170,"[""Plethysmogram tracings (PPG)""], [""Plethysmogram tracings""]","[""Plethysmogram tracings (PPG)""]","[""Plethysmogram tracings""]","['plethysmogram trace ppg', 'plethysmogram trace']"
35171745,"[""Local field potentials"", ""Single-neuron recordings""], [""LFPs"", ""spikes""]","[""Local field potentials"", ""Single-neuron recordings""]","[""LFPs"", ""spikes""]","['spike', 'lfp', 'local field potenti', 'singleneuron record']"
35172791,,"[""Healthcare Utilization""]",,[]
35174358,"[""Facial expressions""], [""facial expression""]","[""Facial expressions""]","[""facial expression""]",['facial express']
35174892,"[""MR""], [""Imaging"", ""Ultrasound""]","[""MR""]","[""Imaging"", ""Ultrasound""]","['mr', 'ultrasound', 'imag']"
35177653,"[""Medical data""], [""electronic health records"", ""medical images""]","[""Medical data""]","[""electronic health records"", ""medical images""]","['medic data', 'medic imag', 'electron health record']"
35177717,"[""Endoscopic still images""], [""Image""]","[""Endoscopic still images""]","[""Image""]","['imag', 'endoscop still imag']"
35178000,"[""Text"", ""Audio/Visual""], [""Text"", ""Speech""]","[""Text"", ""Audio/Visual""]","[""Text"", ""Speech""]","['text', 'speech', 'audiovisu']"
35179046,,,,[]
35180634,"[""Functional Connectivity"", ""Resting-State""], [""fMRI""]","[""Functional Connectivity"", ""Resting-State""]","[""fMRI""]","['fmri', 'restingst', 'function connect']"
35184845,"[""Image""], [""Images""]","[""Image""]","[""Images""]",['imag']
35193167,"["" facial expressions""], [""face"", ""emotion""]","["" facial expressions""]","[""face"", ""emotion""]","['face', 'facial express', 'emot']"
35193790,"[""Audio""], [""Audio""]","[""Audio""]","[""Audio""]",['audio']
35194075,"[""CT scans""], [""CT""]","[""CT scans""]","[""CT""]","['ct scan', 'ct']"
35200318,"[""sEMG""], [""surface Electromyography (sEMG)"", ""prosthetic hand control""]","[""sEMG""]","[""surface Electromyography (sEMG)"", ""prosthetic hand control""]","['prosthet hand control', 'surfac electromyographi semg', 'semg']"
35202044,"[""T1-weighted anatomical MRI""], [""T1-weighted anatomical MRI""]","[""T1-weighted anatomical MRI""]","[""T1-weighted anatomical MRI""]",['t1weight anatom mri']
35207705,,"[""Age"", ""Body mass index"", ""Smoking habits"", ""Systemic pathologies"", ""Diet"", ""Alcohol"", ""Educational level"", ""Hormonal status""]",,[]
35210316,,,"[""Imaging"", ""Machine Learning""]",[]
35210331,"[""Neuroradiology"", ""Radiology"", ""Neurology"", ""Medicine""], [""Neuroradiology"", ""Radiology"", ""Neurology""]","[""Neuroradiology"", ""Radiology"", ""Neurology"", ""Medicine""]","[""Neuroradiology"", ""Radiology"", ""Neurology""]","['radiolog', 'medicin', 'neuroradiolog', 'neurolog']"
35210482,"[""Volumetric data"", ""Structured patient clinical data""], [""medical imaging data"", ""structured patient clinical data""]","[""Volumetric data"", ""Structured patient clinical data""]","[""medical imaging data"", ""structured patient clinical data""]","['medic imag data', 'structur patient clinic data', 'volumetr data']"
35214095,"[""Fluid Flow"", ""Solute Transport""], [""Text"", ""Abstract""]","[""Fluid Flow"", ""Solute Transport""]","[""Text"", ""Abstract""]","['abstract', 'text', 'solut transport', 'fluid flow']"
35216753,"[""Text"", ""Image""], [""Image"", ""Text""]","[""Text"", ""Image""]","[""Image"", ""Text""]","['text', 'imag']"
35216930,,,"[""CT""]",[]
35225756,,,"[null, null, null, null, null, null]",[]
35230690,"[""Genomic""], [""genomic interactions"", ""genes"", ""proteins"", ""pathways""]","[""Genomic""]","[""genomic interactions"", ""genes"", ""proteins"", ""pathways""]","['genom interact', 'protein', 'gene', 'genom', 'pathway']"
35231927,"[""Functional MRI""], [""fMRI""]","[""Functional MRI""]","[""fMRI""]","['fmri', 'function mri']"
35238322,,,,[]
35240789,"[""Cardiac MRI"", ""Other imaging factors""], [""Images""]","[""Cardiac MRI"", ""Other imaging factors""]","[""Images""]","['other imag factor', 'cardiac mri', 'imag']"
35243952,"[""Health insurance claims""], [""claims"", ""demographics""]","[""Health insurance claims""]","[""claims"", ""demographics""]","['health insur claim', 'demograph', 'claim']"
35244484,"[""Functional Magnetic Resonance Imaging""], [""fMRI""]","[""Functional Magnetic Resonance Imaging""]","[""fMRI""]","['fmri', 'function magnet reson imag']"
35245898,"[""Neuroimaging""], [""image"", ""network""]","[""Neuroimaging""]","[""image"", ""network""]","['network', 'neuroimag', 'imag']"
35247215,"[""survey""], [""surveys"", ""inventories""]","[""survey""]","[""surveys"", ""inventories""]","['inventori', 'survey']"
35251123,"[""Microbiome""], [""taxonomic features"", ""batch effect correction""]","[""Microbiome""]","[""taxonomic features"", ""batch effect correction""]","['microbiom', 'batch effect correct', 'taxonom featur']"
35264564,,,,[]
35265932,"[""Invasive angiography""], [""Invasive angiography"", ""Noninvasive diagnostic modalities""]","[""Invasive angiography""]","[""Invasive angiography"", ""Noninvasive diagnostic modalities""]","['invas angiographi', 'noninvas diagnost modal']"
35266984,"[""Serum samples"", ""Liquid chromatography coupled to high-resolution mass spectrometry""], [""Bioassay"", ""Liquid chromatography coupled to high-resolution mass spectrometry""]","[""Serum samples"", ""Liquid chromatography coupled to high-resolution mass spectrometry""]","[""Bioassay"", ""Liquid chromatography coupled to high-resolution mass spectrometry""]","['bioassay', 'serum sampl', 'liquid chromatographi coupl to highresolut mass spectrometri']"
35267555,"[""Medical images"", ""Quantitative ultrasound""], [""Medical Imaging""]","[""Medical images"", ""Quantitative ultrasound""]","[""Medical Imaging""]","['quantit ultrasound', 'medic imag']"
35269470,"[""Research"", ""Medical""], [""text"", ""image""]","[""Research"", ""Medical""]","[""text"", ""image""]","['medic', 'research', 'text', 'imag']"
35271077,"[""Brain signal"", ""Motor cortex""], [{""Modality"": ""fNIRS""}]","[""Brain signal"", ""Motor cortex""]","[{""Modality"": ""fNIRS""}]","['brain signal', 'modal fnir', 'motor cortex']"
35273914,,,"[{""ForeName"": ""Ying"", ""Initials"": ""Y"", ""LastName"": ""He""}, {""ForeName"": ""Ting"", ""Initials"": ""T"", ""LastName"": ""Bian""}]",[]
35279142,,,,[]
35287090,"[""T1-weighted MRI"", ""Diffusion MRI""], [""MRI"", ""Survey""]","[""T1-weighted MRI"", ""Diffusion MRI""]","[""MRI"", ""Survey""]","['mri', 'diffus mri', 't1weight mri', 'survey']"
35292693,"[""Immunofluorescence"", ""DAPI"", ""Na[+]K[+]ATPase""], [""nuclear"", ""membrane""]","[""Immunofluorescence"", ""DAPI"", ""Na[+]K[+]ATPase""]","[""nuclear"", ""membrane""]","['immunofluoresc', 'nakatpas', 'membran', 'nuclear', 'dapi']"
35293872,"[""TEXT""], [""text data""]","[""TEXT""]","[""text data""]","['text data', 'text']"
35294251,"[""brain functional magnetic resonance imaging"", ""behavioral""], [""fMRI""]","[""brain functional magnetic resonance imaging"", ""behavioral""]","[""fMRI""]","['behavior', 'brain function magnet reson imag', 'fmri']"
35294539,"[""Electronic Health Record (EHR)""], [""text"", ""image""]","[""Electronic Health Record (EHR)""]","[""text"", ""image""]","['text', 'electron health record ehr', 'imag']"
35296767,,"[""Publicly available dataset""]",,[]
35297114,"[""7 T MRI""], [""7 T MRI"", ""MP2RAGE"", ""T2 *-weighted GRE""]","[""7 T MRI""]","[""7 T MRI"", ""MP2RAGE"", ""T2 *-weighted GRE""]","['mp2rage', '7 t mri', 't2 weight gre']"
35301516,"[""Structural magnetic resonance imaging""], [""Grey Matter Images""]","[""Structural magnetic resonance imaging""]","[""Grey Matter Images""]","['structur magnet reson imag', 'grey matter imag']"
35301676,"[""Single-Lead ECG""], [""ECG""]","[""Single-Lead ECG""]","[""ECG""]","['ecg', 'singlelead ecg']"
35305545,"[""MRI""], [""Image""]","[""MRI""]","[""Image""]","['mri', 'imag']"
35305867,"[""Genomic""], [""Text""]","[""Genomic""]","[""Text""]","['text', 'genom']"
35306044,"[""ECG"", ""EDA"", ""EGG"", ""Respiration"", ""Body temperature"", ""Skin temperature"", ""Body movements""], [""ECG"", ""EDA"", ""EGG"", ""respiration"", ""body and skin temperature"", ""body movements""]","[""ECG"", ""EDA"", ""EGG"", ""Respiration"", ""Body temperature"", ""Skin temperature"", ""Body movements""]","[""ECG"", ""EDA"", ""EGG"", ""respiration"", ""body and skin temperature"", ""body movements""]","['bodi movement', 'bodi and skin temperatur', 'bodi temperatur', 'skin temperatur', 'respir', 'egg', 'eda', 'ecg']"
35311178,"[""Clinical"", ""Genomic""], [""Text""]","[""Clinical"", ""Genomic""]","[""Text""]","['text', 'clinic', 'genom']"
35314708,,,Text,[]
35317793,,,"[""Physician Claims"", ""Hospital Discharge""]",[]
35321230,"[""functional magnetic resonance imaging"", ""diffusion MRI""], [""fmri"", ""diffusion MRI""]","[""functional magnetic resonance imaging"", ""diffusion MRI""]","[""fmri"", ""diffusion MRI""]","['fmri', 'function magnet reson imag', 'diffus mri']"
35321918,,,"[{""Modality_used"": ""Imaging"", ""Type_of_Modalitiy"": ""CT Scan""}, {""Modality_used"": ""Physiological signals"", ""Type_of_Modalitiy"": ""ECG""}]",[]
35322668,"[""Text""], [{""value"": ""text""}, {""value"": ""administrative data""}]","[""Text""]","[{""value"": ""text""}, {""value"": ""administrative data""}]","['text', 'valu text', 'valu administr data']"
35329938,"[""fMRI""], [""Functional Connectivity""]","[""fMRI""]","[""Functional Connectivity""]","['fmri', 'function connect']"
35334336,"[""EEG""], [""EEG""]","[""EEG""]","[""EEG""]",['eeg']
35336541,"[""Kinematic data""], [""Kinematic_data"", ""Motion_capture_system""]","[""Kinematic data""]","[""Kinematic_data"", ""Motion_capture_system""]","['kinematic_data', 'motion_capture_system', 'kinemat data']"
35341955,"[""Echocardiographic"", ""Invasive""], [""echocardiography"", ""invasive pressure measurements""]","[""Echocardiographic"", ""Invasive""]","[""echocardiography"", ""invasive pressure measurements""]","['echocardiographi', 'echocardiograph', 'invas', 'invas pressur measur']"
35354470,"[""Gait""], [""Gait Data""]","[""Gait""]","[""Gait Data""]","['gait data', 'gait']"
35359924,,,,[]
35360446,"[""CT images""], [""Imaging"", ""Computed Tomography""]","[""CT images""]","[""Imaging"", ""Computed Tomography""]","['comput tomographi', 'ct imag', 'imag']"
35360927,,,"[""text""]",[]
35361575,"[""MR imaging""], [""T2-weighted"", ""gadolinium-enhanced T1-weighted""]","[""MR imaging""]","[""T2-weighted"", ""gadolinium-enhanced T1-weighted""]","['t2weight', 'gadoliniumenhanc t1weight', 'mr imag']"
35361921,"[""Whole-blood DNAm""], [""genomics"", ""epigenetics""]","[""Whole-blood DNAm""]","[""genomics"", ""epigenetics""]","['wholeblood dnam', 'epigenet', 'genom']"
35363276,,,"[""morphological, locomotor, sensory and learning phenotypes""]",[]
35365510,"[""Administrative health data""], [""healthcare""]","[""Administrative health data""]","[""healthcare""]","['administr health data', 'healthcar']"
35366258,"[""blood""], [""IgM"", ""IgA"", ""IgG""]","[""blood""]","[""IgM"", ""IgA"", ""IgG""]","['iga', 'blood', 'igm', 'igg']"
35367562,"[""CT""], [""Software-based nonrigid two- and three-dimensional aortic deformational intraoperative assessment""]","[""CT""]","[""Software-based nonrigid two- and three-dimensional aortic deformational intraoperative assessment""]","['ct', 'softwarebas nonrigid two and threedimension aortic deform intraop assess']"
35369856,"[""Kinematics"", ""Motion""], [""Kinematics""]","[""Kinematics"", ""Motion""]","[""Kinematics""]","['motion', 'kinemat']"
35372193,,,"[""text""]",[]
35372638,,,,[]
35377036,"[""Ultrasound""], [""Ultrasound""]","[""Ultrasound""]","[""Ultrasound""]",['ultrasound']
35377253,"[""clinical""], [""Ontologies""]","[""clinical""]","[""Ontologies""]","['ontolog', 'clinic']"
35377806,"[""single-cell RNA-sequencing""], [{""Name"": ""Cellular"", ""Description"": null}, {""Name"": ""Transcriptional"", ""Description"": null}]","[""single-cell RNA-sequencing""]","[{""Name"": ""Cellular"", ""Description"": null}, {""Name"": ""Transcriptional"", ""Description"": null}]","['descript null', 'name cellular', 'name transcript', 'singlecel rnasequenc']"
35379856,"[""Chest X-rays""], [{""count"": 224316, ""modality"": ""Chest X-ray images""}]","[""Chest X-rays""]","[{""count"": 224316, ""modality"": ""Chest X-ray images""}]","['count 224316', 'modal chest xray imag', 'chest xray']"
35406569,"[""FTIR"", ""XRD"", ""FESEM"", ""TEM"", ""VSM""], [""Images"", ""Chemical analysis""]","[""FTIR"", ""XRD"", ""FESEM"", ""TEM"", ""VSM""]","[""Images"", ""Chemical analysis""]","['tem', 'fesem', 'vsm', 'ftir', 'chemic analysi', 'xrd', 'imag']"
35381453,"[""Medical imaging""], [""SPECT"", ""PET""]","[""Medical imaging""]","[""SPECT"", ""PET""]","['spect', 'medic imag', 'pet']"
35385045,"[""Optical Coherence Tomography"", ""Clinical Features""], [""optical coherence tomography (OCT)"", "" clinical features""]","[""Optical Coherence Tomography"", ""Clinical Features""]","[""optical coherence tomography (OCT)"", "" clinical features""]","['optic coher tomographi', 'optic coher tomographi oct', 'clinic featur']"
35387650,,,"[""Demographic"", ""Comorbidity"", ""Procedural""]",[]
35388080,"[""RGB images of retinal fundus"", ""Metadata""], [""RGB fundus images"", ""metadata""]","[""RGB images of retinal fundus"", ""Metadata""]","[""RGB fundus images"", ""metadata""]","['rgb fundu imag', 'metadata', 'rgb imag of retin fundu']"
35389187,"[""Ordinal""], [""Ordinal data""]","[""Ordinal""]","[""Ordinal data""]","['ordin', 'ordin data']"
35391768,"[""X-ray""], [""Image"", ""Text""]","[""X-ray""]","[""Image"", ""Text""]","['xray', 'text', 'imag']"
35391789,,,,[]
35394862,"[""Text""], []","[""Text""]",[],"['', 'text']"
35396530,"[""Light microscopic images"", ""Osmium tetroxide-stained rat nerves""], [""image"", ""histomorphometry""]","[""Light microscopic images"", ""Osmium tetroxide-stained rat nerves""]","[""image"", ""histomorphometry""]","['light microscop imag', 'histomorphometri', 'osmium tetroxidestain rat nerv', 'imag']"
35404833,"[""Ultrasound""], [""Ultrasound""]","[""Ultrasound""]","[""Ultrasound""]",['ultrasound']
35405523,"[""Cardiovascular signatures""], [""Affiliation""]","[""Cardiovascular signatures""]","[""Affiliation""]","['affili', 'cardiovascular signatur']"
35408081,"[""Electrocardiogram""], [""ECG"", ""Spectrogram""]","[""Electrocardiogram""]","[""ECG"", ""Spectrogram""]","['ecg', 'electrocardiogram', 'spectrogram']"
35410226,"[""Cardiovascular magnetic resonance (CMR) images""], [""Imaging Data"", ""Cardiovascular Data""]","[""Cardiovascular magnetic resonance (CMR) images""]","[""Imaging Data"", ""Cardiovascular Data""]","['cardiovascular data', 'imag data', 'cardiovascular magnet reson cmr imag']"
35415406,,,"[""Machine learning"", ""Predictive systems""]",[]
35415417,"[""Optic Nerve Image""], [""Image"", ""Shape Information""]","[""Optic Nerve Image""]","[""Image"", ""Shape Information""]","['shape inform', 'optic nerv imag', 'imag']"
35415436,,,"[""Blood glucose concentration"", ""Carbohydrate intake"", ""Exercise intensity""]",[]
35415448,"[""Radars"", ""Thermal Camera""], [""radar"", ""thermal camera"", ""motion tracking suit""]","[""Radars"", ""Thermal Camera""]","[""radar"", ""thermal camera"", ""motion tracking suit""]","['motion track suit', 'radar', 'thermal camera']"
35415612,"[""Arterial blood pressure"", ""Heart rate""], [""Heart rate"", ""Arterial blood pressure""]","[""Arterial blood pressure"", ""Heart rate""]","[""Heart rate"", ""Arterial blood pressure""]","['heart rate', 'arteri blood pressur']"
35418698,"[""Bedside computed X-ray (CXR)""], [""image"", ""text""]","[""Bedside computed X-ray (CXR)""]","[""image"", ""text""]","['text', 'bedsid comput xray cxr', 'imag']"
35418839,"[""Magnetic""], [""Neuromagnetic signals""]","[""Magnetic""]","[""Neuromagnetic signals""]","['neuromagnet signal', 'magnet']"
35419507,"[""Motion"", ""Physiological indicators""], [""Motion"", ""Physiological""]","[""Motion"", ""Physiological indicators""]","[""Motion"", ""Physiological""]","['physiolog', 'motion', 'physiolog indic']"
35419699,"[""SPECT""], [""SPECT""]","[""SPECT""]","[""SPECT""]",['spect']
35422402,"[""CT""], [""Sagittal images"", ""Axial images""]","[""CT""]","[""Sagittal images"", ""Axial images""]","['axial imag', 'ct', 'sagitt imag']"
35439663,"[""Image""], [""X-rays"", ""CT-scans""]","[""Image""]","[""X-rays"", ""CT-scans""]","['ctscan', 'xray', 'imag']"
35426912,"[""Electronic Health Record"", ""Brain Imaging"", ""Health Survey"", ""Intensive Care""], [""Imaging"", ""Survey""]","[""Electronic Health Record"", ""Brain Imaging"", ""Health Survey"", ""Intensive Care""]","[""Imaging"", ""Survey""]","['intens care', 'brain imag', 'health survey', 'survey', 'electron health record', 'imag']"
35431026,"[""Clinical"", ""Administrative""], [""Administrative""]","[""Clinical"", ""Administrative""]","[""Administrative""]","['clinic', 'administr']"
35434609,,,"[""Human-agent collaboration""]",[]
35434676,"[""Electronic health records"", ""Genomic data""], [""None""]","[""Electronic health records"", ""Genomic data""]","[""None""]","['genom data', 'none', 'electron health record']"
35442533,"[""Diagnostic"", ""Anatomical"", ""Dosimetric""], [""Image""]","[""Diagnostic"", ""Anatomical"", ""Dosimetric""]","[""Image""]","['dosimetr', 'imag', 'anatom', 'diagnost']"
35443626,,,,[]
35443717,"[""Gene expression""], [""RNA""]","[""Gene expression""]","[""RNA""]","['gene express', 'rna']"
35445698,"[""Genomics"", ""Multi-omics""], [{""Modality"": ""multi-omics cancer data"", ""Description"": ""three types of high-dimensional omics data""}]","[""Genomics"", ""Multi-omics""]","[{""Modality"": ""multi-omics cancer data"", ""Description"": ""three types of high-dimensional omics data""}]","['descript three type of highdimension omic data', 'multiom', 'modal multiom cancer data', 'genom']"
35447735,"[""numerical"", ""clinical""], {""pam"": 6, ""k_prototype"": 6, ""hierarchical_clustering"": 6}","[""numerical"", ""clinical""]","{""pam"": 6, ""k_prototype"": 6, ""hierarchical_clustering"": 6}","['hierarchical_clust 6', 'numer', 'clinic', 'k_prototyp 6', 'pam 6']"
35448224,"[""DaTSCAN SPECT Imaging Features"", ""Clinical""], [""clinical"", ""DaTSCAN SPECT Imaging Features""]","[""DaTSCAN SPECT Imaging Features"", ""Clinical""]","[""clinical"", ""DaTSCAN SPECT Imaging Features""]","['clinic', 'datscan spect imag featur']"
35449371,,,"[""Novel dataset"", ""Multiple disease areas""]",[]
35469087,,,,[]
35454066,"[""Magnetic Resonance""], [""Magnetic Resonance (MR) images""]","[""Magnetic Resonance""]","[""Magnetic Resonance (MR) images""]","['magnet reson mr imag', 'magnet reson']"
35459150,"[""physiological"", ""objective""], [""heart rate variability"", ""sleep"", ""activity""]","[""physiological"", ""objective""]","[""heart rate variability"", ""sleep"", ""activity""]","['physiolog', 'heart rate variabl', 'sleep', 'object', 'activ']"
35459793,,,,[]
35462216,"[""MRI""], [""MRI""]","[""MRI""]","[""MRI""]",['mri']
35463119,"[""Metabolomics""], [""Breath"", ""Plasma""]","[""Metabolomics""]","[""Breath"", ""Plasma""]","['metabolom', 'plasma', 'breath']"
35466939,"[""MRI"", ""Genetic Data""], [""MRI"", ""Genetic""]","[""MRI"", ""Genetic Data""]","[""MRI"", ""Genetic""]","['mri', 'genet', 'genet data']"
35467517,,"[""Text""]",,[]
35468151,"[""Proteomics"", ""Metabolomics"", ""Lipidomics"", ""RNA sequencing""], [""proteomics"", ""metabolomics"", ""lipidomics"", ""RNA sequencing""]","[""Proteomics"", ""Metabolomics"", ""Lipidomics"", ""RNA sequencing""]","[""proteomics"", ""metabolomics"", ""lipidomics"", ""RNA sequencing""]","['rna sequenc', 'metabolom', 'proteom', 'lipidom']"
35472473,"[""Behavioral""], [""behavioural"", ""emotional""]","[""Behavioral""]","[""behavioural"", ""emotional""]","['behavior', 'behaviour', 'emot']"
35474073,"[""ECG""], [""ECG"", ""Image""]","[""ECG""]","[""ECG"", ""Image""]","['ecg', 'imag']"
35475554,"[""Genotype-phenotype data""], [""Text""]","[""Genotype-phenotype data""]","[""Text""]","['text', 'genotypephenotyp data']"
35477557,"[""genomics""], [""gene_expression""]","[""genomics""]","[""gene_expression""]","['gene_express', 'genom']"
35478098,"[""Visual""], [{""label"": """", ""value"": """"}]","[""Visual""]","[{""label"": """", ""value"": """"}]","['label', 'valu', 'visual']"
35482216,"[""Image"", ""Path960"", ""BreakHis""], [""Image"", ""Color histogram"", ""Local Binary Pattern""]","[""Image"", ""Path960"", ""BreakHis""]","[""Image"", ""Color histogram"", ""Local Binary Pattern""]","['local binari pattern', 'path960', 'color histogram', 'breakhi', 'imag']"
35482653,"[""Genomics""], [""Genomics"", null]","[""Genomics""]","[""Genomics"", null]","['null', 'genom']"
35483906,"[""MR Imaging""], [""MR imaging""]","[""MR Imaging""]","[""MR imaging""]",['mr imag']
35486643,"[""Brain Imaging""], [""brain imaging""]","[""Brain Imaging""]","[""brain imaging""]",['brain imag']
35489707,"[""X-ray""], [""X-Ray""]","[""X-ray""]","[""X-Ray""]",['xray']
35490557,"[""Near-Infrared Spectroscopy""], [""fNIRS"", ""cognitive""]","[""Near-Infrared Spectroscopy""]","[""fNIRS"", ""cognitive""]","['cognit', 'fnir', 'nearinfrar spectroscopi']"
35490641,"[""3D simulation"", ""Tumor growth""], [""Medical Imaging""]","[""3D simulation"", ""Tumor growth""]","[""Medical Imaging""]","['tumor growth', 'medic imag', '3d simul']"
35495111,"[""Genomics"", ""Epigenetics""], [""DNA sequence variation"", ""differential methylation"", ""gene expression""]","[""Genomics"", ""Epigenetics""]","[""DNA sequence variation"", ""differential methylation"", ""gene expression""]","['dna sequenc variat', 'differenti methyl', 'epigenet', 'gene express', 'genom']"
35496371,"[""Motion (accelerometer)"", ""Physiological indicators (blood volume pulse, electrodermal activity, and skin temperature)""], [""accelerometer"", ""blood volume pulse"", ""electrodermal activity"", ""skin temperature""]","[""Motion (accelerometer)"", ""Physiological indicators (blood volume pulse, electrodermal activity, and skin temperature)""]","[""accelerometer"", ""blood volume pulse"", ""electrodermal activity"", ""skin temperature""]","['blood volum puls', 'acceleromet', 'physiolog indic blood volum puls', 'and skin temperatur', 'electroderm activ', 'skin temperatur', 'motion acceleromet']"
35511879,"[""retinal vessel analysis"", ""computed tomography angiography""], [""Image data (retinal fundus images), Clinical outcomes""]","[""retinal vessel analysis"", ""computed tomography angiography""]","[""Image data (retinal fundus images), Clinical outcomes""]","['retin vessel analysi', 'clinic outcom', 'comput tomographi angiographi', 'imag data retin fundu imag']"
35500807,"[""MRI""], [""MRI""]","[""MRI""]","[""MRI""]",['mri']
35503302,"[""Graphics"", ""Particles""], [""Text"", ""Image""]","[""Graphics"", ""Particles""]","[""Text"", ""Image""]","['text', 'imag', 'particl', 'graphic']"
35503738,"[""Tertiary academic hospital centers""], [{""label"": ""Modalities"", ""value"": ""surgical data""}]","[""Tertiary academic hospital centers""]","[{""label"": ""Modalities"", ""value"": ""surgical data""}]","['valu surgic data', 'label modal', 'tertiari academ hospit center']"
35510180,,,"[""Text""]",[]
35510848,"[""Ultrasound""], [""Ultrasound""]","[""Ultrasound""]","[""Ultrasound""]",['ultrasound']
35512997,"[""Nuclear Cardiology""], [{""value"": null}, {""value"": null}, {""value"": null}, {""value"": null}]","[""Nuclear Cardiology""]","[{""value"": null}, {""value"": null}, {""value"": null}, {""value"": null}]","['valu null', 'nuclear cardiolog']"
35522554,"[""Microscopy""], {""Text"": false, ""Image"": false, ""Video"": false}","[""Microscopy""]","{""Text"": false, ""Image"": false, ""Video"": false}","['text fals', 'microscopi', 'imag fals', 'video fals']"
35524200,"[], [""Mammography"", ""Risk prediction""]",[],"[""Mammography"", ""Risk prediction""]","['', 'risk predict', 'mammographi']"
35526426,,,"[""text""]",[]
35529862,,,"[""Nasopharyngeal swab samples"", ""Serum of COVID-19 patients""]",[]
35536000,"[""diffusion tensor"", ""resting-state functional magnetic resonance imaging""], [""structural and functional MRI""]","[""diffusion tensor"", ""resting-state functional magnetic resonance imaging""]","[""structural and functional MRI""]","['structur and function mri', 'diffus tensor', 'restingst function magnet reson imag']"
35538599,"[""Gait""], [""Frontal and Sagittal Knee Angle"", ""Moment Waveforms""]","[""Gait""]","[""Frontal and Sagittal Knee Angle"", ""Moment Waveforms""]","['moment waveform', 'gait', 'frontal and sagitt knee angl']"
35540307,,,"[""IoT"", ""vaccine""]",[]
35549854,"[""Operative Reports"", ""Pathology Reports""], [{""value"": ""text""}]","[""Operative Reports"", ""Pathology Reports""]","[{""value"": ""text""}]","['patholog report', 'valu text', 'oper report']"
35550304,,,,[]
35551279,"[""text""], [""text""]","[""text""]","[""text""]",['text']
35553346,,,"[""EEG""]",[]
35558638,"[""Audio""], [""Audio""]","[""Audio""]","[""Audio""]",['audio']
35562203,"[""Bright-field microscopy""], [""Bright-field microscopy images""]","[""Bright-field microscopy""]","[""Bright-field microscopy images""]","['brightfield microscopi', 'brightfield microscopi imag']"
35562794,,"[""Flow Cytometry""]",,[]
35567357,"[""Metabolomics""], [""Metabolomics"", ""Physiological Normalization""]","[""Metabolomics""]","[""Metabolomics"", ""Physiological Normalization""]","['metabolom', 'physiolog normal']"
35568604,,"[""Clinical""]",,[]
35570482,"[""MRI"", ""Biomarker""], [""MRI"", ""Biomarker/risk factor""]","[""MRI"", ""Biomarker""]","[""MRI"", ""Biomarker/risk factor""]","['biomarkerrisk factor', 'mri', 'biomark']"
35572938,"[""Plantar-Pressure""], [""Plantar pressure data""]","[""Plantar-Pressure""]","[""Plantar pressure data""]","['plantar pressur data', 'plantarpressur']"
35576434,"[""Sensor"", ""Motor""], [""Robotics"", ""Visual""]","[""Sensor"", ""Motor""]","[""Robotics"", ""Visual""]","['robot', 'sensor', 'motor', 'visual']"
35578132,"[""Functional connectivity""], [""resting-state functional connectivity""]","[""Functional connectivity""]","[""resting-state functional connectivity""]","['restingst function connect', 'function connect']"
35579325,"[""Diffusion MRI"", ""Symptom measures""], [""MRI""]","[""Diffusion MRI"", ""Symptom measures""]","[""MRI""]","['symptom measur', 'diffus mri', 'mri']"
35582169,"[""Light-Microscopy"", ""Image""], [""Light-Microscopy"", ""Color"", ""Morphology"", ""Microstructural Texture""]","[""Light-Microscopy"", ""Image""]","[""Light-Microscopy"", ""Color"", ""Morphology"", ""Microstructural Texture""]","['color', 'morpholog', 'microstructur textur', 'lightmicroscopi', 'imag']"
35582390,"[""Smartphone"", ""Machine Learning""], [""BLE"", ""Machine Learning Classifiers""]","[""Smartphone"", ""Machine Learning""]","[""BLE"", ""Machine Learning Classifiers""]","['machin learn classifi', 'machin learn', 'smartphon', 'ble']"
35590972,"[""ECG""], [""ECG""]","[""ECG""]","[""ECG""]",['ecg']
35584008,"[""Text"", ""Image""], [{""Modality"": null}, {""Modality"": null}, {""Modality"": null}, {""Modality"": null}]","[""Text"", ""Image""]","[{""Modality"": null}, {""Modality"": null}, {""Modality"": null}, {""Modality"": null}]","['text', 'modal null', 'imag']"
35584867,,,"[""Text""]",[]
35585624,,,"[""cardiopulmonary bypass"", ""cardiac surgery""]",[]
35586452,"[""Acoustic""], [""Acoustic data""]","[""Acoustic""]","[""Acoustic data""]","['acoust data', 'acoust']"
35588339,"[""Ultrasound""], [""Ultrasound"", ""Medical Images""]","[""Ultrasound""]","[""Ultrasound"", ""Medical Images""]","['medic imag', 'ultrasound']"
35594754,"[""Electronic Medical Records""], [""Electronic Medical Records"", ""Claims Data""]","[""Electronic Medical Records""]","[""Electronic Medical Records"", ""Claims Data""]","['claim data', 'electron medic record']"
35596758,,,"[""Administrative Data"", ""Survey Data"", ""Questionnaire Data""]",[]
35601598,"[""Magnetic Resonance Imaging"", ""Positron Emission Tomography""], [""PET"", ""MRI""]","[""Magnetic Resonance Imaging"", ""Positron Emission Tomography""]","[""PET"", ""MRI""]","['mri', 'pet', 'magnet reson imag', 'positron emiss tomographi']"
35601842,"[""SEIR model"", ""Machine learning classification model""], [{""Modality"": ""SEIR model""}, {""Modality"": ""clinical severity risk""}]","[""SEIR model"", ""Machine learning classification model""]","[{""Modality"": ""SEIR model""}, {""Modality"": ""clinical severity risk""}]","['modal seir model', 'modal clinic sever risk', 'machin learn classif model', 'seir model']"
35603264,"[""Electronic health record data""], [""uncomplicated urinary tract infections"", ""infections""]","[""Electronic health record data""]","[""uncomplicated urinary tract infections"", ""infections""]","['electron health record data', 'infect', 'uncompl urinari tract infect']"
35603380,,,"[""Viral Load"", ""Productively Infected Cells""]",[]
35606655,"[""CT angiography""], [""CT angiography"", ""MRI"", ""scanner""]","[""CT angiography""]","[""CT angiography"", ""MRI"", ""scanner""]","['mri', 'ct angiographi', 'scanner']"
35607982,,,,[]
35608211,"[""Imaging"", ""Cardiovascular""], [""image"", ""functional""]","[""Imaging"", ""Cardiovascular""]","[""image"", ""functional""]","['function', 'cardiovascular', 'imag']"
35608262,,"[""TMS"", ""Electrical stimulation""]",,[]
35612005,,"[""Toenails""]",,[]
35612024,"[""Biomarkers""], [""blood sugar"", ""body mass index"", ""high-density lipoprotein levels""]","[""Biomarkers""]","[""blood sugar"", ""body mass index"", ""high-density lipoprotein levels""]","['bodi mass index', 'blood sugar', 'biomark', 'highdens lipoprotein level']"
35614153,,,"[""text""]",[]
35616520,,,"[{""modality"": ""None""}, {""modality"": ""Department of Child and Adolescent Psychiatry and Psychotherapy, University Medical Centre Göttingen, Göttingen, Germany.""}]",[]
35620143,,"[""Electronic Health Record"", ""Patient Monitors""]",,[]
35624544,"[""MRI""], {""Other Modalities"": [], ""Imaging Modalities"": [""MRI""]}","[""MRI""]","{""Other Modalities"": [], ""Imaging Modalities"": [""MRI""]}","['mri', 'other modal', 'imag modal mri']"
35632058,"[""sEMG""], [""Electromyography""]","[""sEMG""]","[""Electromyography""]","['electromyographi', 'semg']"
35632155,"[""Upper limb exercises""], [""Anthropomorphic Exoskeleton Robot""]","[""Upper limb exercises""]","[""Anthropomorphic Exoskeleton Robot""]","['anthropomorph exoskeleton robot', 'upper limb exercis']"
35640774,"[""EHR"", ""Insurance Claims""], [""Electronic health record""]","[""EHR"", ""Insurance Claims""]","[""Electronic health record""]","['insur claim', 'ehr', 'electron health record']"
35641101,"[""Echocardiographic""], [""Echocardiographic"", ""Clinical""]","[""Echocardiographic""]","[""Echocardiographic"", ""Clinical""]","['echocardiograph', 'clinic']"
35641411,"[""Echocardiograms""], [""echocardiograms""]","[""Echocardiograms""]","[""echocardiograms""]",['echocardiogram']
35645465,"[""images"", ""video"", ""audio"", ""text""], [""images"", ""video"", ""audio"", ""text""]","[""images"", ""video"", ""audio"", ""text""]","[""images"", ""video"", ""audio"", ""text""]","['text', 'audio', 'video', 'imag']"
35648455,"[""Biomedical"", ""clinician-reported"", ""patient-reported""], [""Text"", ""Image""]","[""Biomedical"", ""clinician-reported"", ""patient-reported""]","[""Text"", ""Image""]","['patientreport', 'biomed', 'text', 'clinicianreport', 'imag']"
35650191,"[""Calcium""], [""Calcium dynamics""]","[""Calcium""]","[""Calcium dynamics""]","['calcium dynam', 'calcium']"
35653898,"[""Inertial measurement units (IMUs)""], [""Surface classification"", ""Gait behavior""]","[""Inertial measurement units (IMUs)""]","[""Surface classification"", ""Gait behavior""]","['surfac classif', 'gait behavior', 'inerti measur unit imu']"
35657100,"[""Videofluoroscopic"", ""Kinematic""], [""video"", ""kinematics""]","[""Videofluoroscopic"", ""Kinematic""]","[""video"", ""kinematics""]","['videofluoroscop', 'video', 'kinemat']"
35657648,"[""Laboratory blood tests"", ""Vitals"", ""Age"", ""Sex"", ""Admission diagnosis""], [""text"", ""numeric data""]","[""Laboratory blood tests"", ""Vitals"", ""Age"", ""Sex"", ""Admission diagnosis""]","[""text"", ""numeric data""]","['vital', 'numer data', 'admiss diagnosi', 'laboratori blood test', 'sex', 'text', 'age']"
35658811,"[""Imaging""], [""Health satisfaction"", ""Subjective social standing""]","[""Imaging""]","[""Health satisfaction"", ""Subjective social standing""]","['subject social stand', 'health satisfact', 'imag']"
35659446,"[""T1 weighted MRI scans"", ""SPECT"", ""CSF""], [""Neuroimaging"", ""Biological""]","[""T1 weighted MRI scans"", ""SPECT"", ""CSF""]","[""Neuroimaging"", ""Biological""]","['t1 weight mri scan', 'spect', 'biolog', 'neuroimag', 'csf']"
35660759,,"[""continuous""]",,[]
35661152,"[""Imaging"", ""Clinical""], [""Diagnostic Imaging"", ""Neurosurgery"", ""Pediatrics""]","[""Imaging"", ""Clinical""]","[""Diagnostic Imaging"", ""Neurosurgery"", ""Pediatrics""]","['pediatr', 'diagnost imag', 'clinic', 'neurosurgeri', 'imag']"
35664103,,"[""Demographic information"", ""Symptoms"", ""Co-morbidities"", ""Electronic medical records""]",,[]
35670996,"[""Neurology"", ""Radiology""], [""text""]","[""Neurology"", ""Radiology""]","[""text""]","['radiolog', 'neurolog', 'text']"
35684646,"[""ultrasound""], [""Audio"", ""Video""]","[""ultrasound""]","[""Audio"", ""Video""]","['audio', 'video', 'ultrasound']"
35673065,,,text,[]
35676445,"[""Radiation Oncology"", ""Biomedical Data Science""], [""affiliation"", ""radiation oncology""]","[""Radiation Oncology"", ""Biomedical Data Science""]","[""affiliation"", ""radiation oncology""]","['affili', 'radiat oncolog', 'biomed data scienc']"
35680953,"[""EEG""], [""EEG"", ""multiscale entropy""]","[""EEG""]","[""EEG"", ""multiscale entropy""]","['multiscal entropi', 'eeg']"
35686827,"[""Health-Related Artificial Intelligence"", ""Medical Devices"", ""AI""], []","[""Health-Related Artificial Intelligence"", ""Medical Devices"", ""AI""]",[],"['', 'healthrel artifici intellig', 'medic devic', 'ai']"
35686988,"[""Binary images"", ""Center of mass coordinates""], {""Types"": [""Binary images"", ""Center of mass coordinates""]}","[""Binary images"", ""Center of mass coordinates""]","{""Types"": [""Binary images"", ""Center of mass coordinates""]}","['type binari imag', 'center of mass coordin', 'binari imag']"
35688143,"[""Electrocardiograms""], [""ECG"", ""Reduced-lead electrocardiograms""]","[""Electrocardiograms""]","[""ECG"", ""Reduced-lead electrocardiograms""]","['ecg', 'electrocardiogram', 'reducedlead electrocardiogram']"
35688888,"[""ASEX""], [""health records"", ""Arizona Sexual Experiences Scale (ASEX)""]","[""ASEX""]","[""health records"", ""Arizona Sexual Experiences Scale (ASEX)""]","['arizona sexual experi scale asex', 'asex', 'health record']"
35690537,"[""CT lung imaging"", ""Lung function measurements""], [""CT images"", ""lung function measurements""]","[""CT lung imaging"", ""Lung function measurements""]","[""CT images"", ""lung function measurements""]","['lung function measur', 'ct lung imag', 'ct imag']"
35690622,"[""RNA-seq""], [""Transcriptomic data""]","[""RNA-seq""]","[""Transcriptomic data""]","['rnaseq', 'transcriptom data']"
35690630,"[""Digital Histopathology""], [""histology images"", ""wavelet features"", ""graph-based features""]","[""Digital Histopathology""]","[""histology images"", ""wavelet features"", ""graph-based features""]","['wavelet featur', 'digit histopatholog', 'graphbas featur', 'histolog imag']"
35694571,"[""image""], [""Image"", ""Biomedical""]","[""image""]","[""Image"", ""Biomedical""]","['biomed', 'imag']"
35694836,"[""Imaging"", ""Clinical status""], [""Urology""]","[""Imaging"", ""Clinical status""]","[""Urology""]","['clinic statu', 'urolog', 'imag']"
35700006,,,"[{""Modality"": ""Biological""}, {""Modality"": ""Healthcare""}]",[]
35701461,"[""Planning-CT""], [""CT images""]","[""Planning-CT""]","[""CT images""]","['ct imag', 'planningct']"
35705626,"[""nasopharyngeal metabolome""], [""Metabolome"", ""Viral load""]","[""nasopharyngeal metabolome""]","[""Metabolome"", ""Viral load""]","['metabolom', 'nasopharyng metabolom', 'viral load']"
35708294,"[""Blood Pressure""], [""Text""]","[""Blood Pressure""]","[""Text""]","['text', 'blood pressur']"
35710638,"[""metabolomics"", ""gas chromatography-liquid chromatography mass spectrometry""], [""Liquid chromatography"", ""Mass spectrometry""]","[""metabolomics"", ""gas chromatography-liquid chromatography mass spectrometry""]","[""Liquid chromatography"", ""Mass spectrometry""]","['mass spectrometri', 'metabolom', 'liquid chromatographi', 'ga chromatographyliquid chromatographi mass spectrometri']"
35710769,"[""Audio"", ""Text""], [""Audio"", ""Text""]","[""Audio"", ""Text""]","[""Audio"", ""Text""]","['text', 'audio']"
35711337,"[""FLAIR""], [""FLAIR""]","[""FLAIR""]","[""FLAIR""]",['flair']
35712881,"[""Visual""], [""Video"", ""Mirror images""]","[""Visual""]","[""Video"", ""Mirror images""]","['mirror imag', 'video', 'visual']"
35717344,"[""Second-harmonic generation"", ""Polarimetric""], [""Polarimetric second-harmonic generation microscopy"", ""Texture analysis""]","[""Second-harmonic generation"", ""Polarimetric""]","[""Polarimetric second-harmonic generation microscopy"", ""Texture analysis""]","['polarimetr', 'textur analysi', 'polarimetr secondharmon gener microscopi', 'secondharmon gener']"
35719689,"[""Text""], [""Text"", ""Image""]","[""Text""]","[""Text"", ""Image""]","['text', 'imag']"
35719866,"[""Electronic Health Records (EHRs)""], [{""name"": ""Natural Language Processing (NLP)""}]","[""Electronic Health Records (EHRs)""]","[{""name"": ""Natural Language Processing (NLP)""}]","['electron health record ehr', 'name natur languag process nlp']"
35720015,"[""Clinical"", ""Pathological""], [{""pathology_data"": true}, {""radiology_data"": true}]","[""Clinical"", ""Pathological""]","[{""pathology_data"": true}, {""radiology_data"": true}]","['pathology_data true', 'clinic', 'radiology_data true', 'patholog']"
35720974,,"[""Sequencing""]",,[]
35724468,"[""Radiation Oncology"", ""Otorhinolaryngology - Head and Neck Surgery"", ""Medical Oncology""], []","[""Radiation Oncology"", ""Otorhinolaryngology - Head and Neck Surgery"", ""Medical Oncology""]",[],"['', 'medic oncolog', 'radiat oncolog', 'otorhinolaryngolog head and neck surgeri']"
35726927,"[""Virtual Reality""], [""Virtual reality"", ""Surgical skills""]","[""Virtual Reality""]","[""Virtual reality"", ""Surgical skills""]","['virtual realiti', 'surgic skill']"
35726954,"[""Flow cytometry""], [""Flow cytometry"", ""Radar plots"", ""Support Vector Machine (SVM)"", ""Principal Component Analysis (PCA)"", ""t-SNE"", ""UMAP""]","[""Flow cytometry""]","[""Flow cytometry"", ""Radar plots"", ""Support Vector Machine (SVM)"", ""Principal Component Analysis (PCA)"", ""t-SNE"", ""UMAP""]","['radar plot', 'princip compon analysi pca', 'flow cytometri', 'tsne', 'umap', 'support vector machin svm']"
35727568,"[""MRI""], [""MRI"", ""Clinical""]","[""MRI""]","[""MRI"", ""Clinical""]","['mri', 'clinic']"
35727872,,"[""Imaging"", ""Nuclear Medicine""]",,[]
35731736,"[""Ultrasound""], [""fetal ultrasound images""]","[""Ultrasound""]","[""fetal ultrasound images""]","['fetal ultrasound imag', 'ultrasound']"
35732856,"[""Ocular Coherence Tomography (OCT) imaging"", ""multifocal Electroretinogram (mfERG)""], [""electroretinogram (mfERG)"", ""ocular coherence tomography (OCT)""]","[""Ocular Coherence Tomography (OCT) imaging"", ""multifocal Electroretinogram (mfERG)""]","[""electroretinogram (mfERG)"", ""ocular coherence tomography (OCT)""]","['electroretinogram mferg', 'ocular coher tomographi oct imag', 'multifoc electroretinogram mferg', 'ocular coher tomographi oct']"
35738052,"[""Functional Connectomes""], [""brain activity"", ""functional connectomes""]","[""Functional Connectomes""]","[""brain activity"", ""functional connectomes""]","['function connectom', 'brain activ']"
35740270,"[""Imaging""], [""MRI""]","[""Imaging""]","[""MRI""]","['mri', 'imag']"
35740780,"[""Movement analysis""], [""Movement"", ""Gestational age"", ""Birthweight""]","[""Movement analysis""]","[""Movement"", ""Gestational age"", ""Birthweight""]","['movement analysi', 'birthweight', 'gestat age', 'movement']"
35746121,"[""oxygen saturation level"", ""body temperature"", ""heart rate"", ""cough sound""], [""oxygen saturation level"", ""body temperature"", ""heart rate"", ""cough sound""]","[""oxygen saturation level"", ""body temperature"", ""heart rate"", ""cough sound""]","[""oxygen saturation level"", ""body temperature"", ""heart rate"", ""cough sound""]","['bodi temperatur', 'cough sound', 'heart rate', 'oxygen satur level']"
35751196,,,[],[]
35753590,"[""Echocardiography""], [""Echocardiographic Data""]","[""Echocardiography""]","[""Echocardiographic Data""]","['echocardiographi', 'echocardiograph data']"
35759039,"[""Surgical Information Management Systems"", ""Hospital records""], [""surgery"", ""anesthesia""]","[""Surgical Information Management Systems"", ""Hospital records""]","[""surgery"", ""anesthesia""]","['surgeri', 'hospit record', 'surgic inform manag system', 'anesthesia']"
35759808,,,,[]
35764770,,,"[""Text""]",[]
35767811,,,"[""text"", ""affiliation information""]",[]
35771564,"[""Edmonton Symptom Assessment System (ESAS) scores""], [""ESAS scores"", ""clinical and demographic factors""]","[""Edmonton Symptom Assessment System (ESAS) scores""]","[""ESAS scores"", ""clinical and demographic factors""]","['esa score', 'clinic and demograph factor', 'edmonton symptom assess system esa score']"
35774480,"[""EEG""], [""EEG"", ""fMRI""]","[""EEG""]","[""EEG"", ""fMRI""]","['fmri', 'eeg']"
35777174,"[""Brain images"", ""YouTube videos"", ""Natural images""], [""images"", ""videos""]","[""Brain images"", ""YouTube videos"", ""Natural images""]","[""images"", ""videos""]","['natur imag', 'youtub video', 'brain imag', 'video', 'imag']"
35778618,"[""T2-weighted MRI""], [""MRI"", ""CT""]","[""T2-weighted MRI""]","[""MRI"", ""CT""]","['mri', 'ct', 't2weight mri']"
35783256,"[""Genomic biomarkers"", ""DNA mutation data""], [{""Modality"": ""Text""}, {""Modality"": ""Images""}]","[""Genomic biomarkers"", ""DNA mutation data""]","[{""Modality"": ""Text""}, {""Modality"": ""Images""}]","['modal imag', 'modal text', 'genom biomark', 'dna mutat data']"
35783851,"[""Cardiovascular magnetic resonance (CMR) imaging"", ""Electronic Health Information""], [""Imaging"", ""Physiological""]","[""Cardiovascular magnetic resonance (CMR) imaging"", ""Electronic Health Information""]","[""Imaging"", ""Physiological""]","['physiolog', 'imag', 'cardiovascular magnet reson cmr imag', 'electron health inform']"
35793625,"[""Neurosciences""], [""Motor cortex output"", ""Inhibitory drive""]","[""Neurosciences""]","[""Motor cortex output"", ""Inhibitory drive""]","['neurosci', 'motor cortex output', 'inhibitori drive']"
35794186,"[""Whole-brain white matter tracts""], [""neurodevelopmental disorders"", ""attention-deficit/hyperactivity disorder (ADHD)"", ""autism spectrum disorder (ASD)""]","[""Whole-brain white matter tracts""]","[""neurodevelopmental disorders"", ""attention-deficit/hyperactivity disorder (ADHD)"", ""autism spectrum disorder (ASD)""]","['attentiondeficithyperact disord adhd', 'autism spectrum disord asd', 'neurodevelopment disord', 'wholebrain white matter tract']"
35795874,"[""2D joint trajectories"", ""3D library""], [""2D"", ""3D""]","[""2D joint trajectories"", ""3D library""]","[""2D"", ""3D""]","['3d librari', '2d', '2d joint trajectori', '3d']"
35809887,"[""Magnetic Resonance Angiography"", ""MR imaging""], [""MRI""]","[""Magnetic Resonance Angiography"", ""MR imaging""]","[""MRI""]","['magnet reson angiographi', 'mri', 'mr imag']"
35810588,"[""Histopathology"", ""Imaging""], [{""Modality"": ""histopathology images""}, {""Modality"": ""functional staining""}]","[""Histopathology"", ""Imaging""]","[{""Modality"": ""histopathology images""}, {""Modality"": ""functional staining""}]","['modal histopatholog imag', 'modal function stain', 'histopatholog', 'imag']"
35814055,"[""Auditory""], [""Auditory""]","[""Auditory""]","[""Auditory""]",['auditori']
35814345,"[""Brain"", ""Environment""], [""Brain imaging"", ""Neuroethics""]","[""Brain"", ""Environment""]","[""Brain imaging"", ""Neuroethics""]","['neuroeth', 'brain', 'environ', 'brain imag']"
35815015,"[""Structural neuroimaging data (T1-weighted)""], [""MRI""]","[""Structural neuroimaging data (T1-weighted)""]","[""MRI""]","['mri', 'structur neuroimag data t1weight']"
35816089,"[""Blood"", ""Serum""], [""blood"", ""ultrasound""]","[""Blood"", ""Serum""]","[""blood"", ""ultrasound""]","['blood', 'ultrasound', 'serum']"
35817777,"[""Video"", ""Motion Capture""], [""Video"", ""Motion capture""]","[""Video"", ""Motion Capture""]","[""Video"", ""Motion capture""]","['video', 'motion captur']"
35819161,,"[""Pathology"", ""Surgery""]",,[]
35820450,"[""T2-weighted magnetic resonance imaging"", ""Diffusion tensor imaging""], [""T2-weighted MRI"", ""Diffusion MRI""]","[""T2-weighted magnetic resonance imaging"", ""Diffusion tensor imaging""]","[""T2-weighted MRI"", ""Diffusion MRI""]","['diffus mri', 'diffus tensor imag', 't2weight magnet reson imag', 't2weight mri']"
35820713,"[""Nursing staff""], [""Software"", ""Nursing Staff""]","[""Nursing staff""]","[""Software"", ""Nursing Staff""]","['softwar', 'nurs staff']"
35821428,"[""MRI"", ""Ultrasound""], [""MRI"", ""ultrasound""]","[""MRI"", ""Ultrasound""]","[""MRI"", ""ultrasound""]","['mri', 'ultrasound']"
35830171,"[""Text"", ""Image""], [""Text"", ""Image""]","[""Text"", ""Image""]","[""Text"", ""Image""]","['text', 'imag']"
35832872,"[""Intracranial EEG""], [""timeseries""]","[""Intracranial EEG""]","[""timeseries""]","['timeseri', 'intracrani eeg']"
35839639,,,"[""text""]",[]
35840566,"[""medical images"", ""computervision""], []","[""medical images"", ""computervision""]",[],"['', 'medic imag', 'computervis']"
35841241,"[""Demographics"", ""Cognitive tests"", ""Imaging"", ""APOE Genotype""], [""demographics"", ""cognitive tests"", ""APOE genotype"", ""brain imaging data""]","[""Demographics"", ""Cognitive tests"", ""Imaging"", ""APOE Genotype""]","[""demographics"", ""cognitive tests"", ""APOE genotype"", ""brain imaging data""]","['apo genotyp', 'brain imag data', 'demograph', 'cognit test', 'imag']"
35842343,"[""Text"", ""Other""], [""Text""]","[""Text"", ""Other""]","[""Text""]","['text', 'other']"
35846158,"[""Amyloid"", ""Fluorodeoxyglucose""], [""positron emission tomography"", ""fluorodeoxyglucose""]","[""Amyloid"", ""Fluorodeoxyglucose""]","[""positron emission tomography"", ""fluorodeoxyglucose""]","['fluorodeoxyglucos', 'amyloid', 'positron emiss tomographi']"
35854145,"[""Text"", ""Image"", ""Video""], [""Medical"", ""Surgical""]","[""Text"", ""Image"", ""Video""]","[""Medical"", ""Surgical""]","['medic', 'video', 'surgic', 'text', 'imag']"
35857830,"[""Microfluidic channels"", ""Ex vivo tissues"", ""In vivo porcine kidneys""], [""Microfluidic Channels"", ""Ex Vivo Tissues"", ""In Vivo Porcine Kidneys""]","[""Microfluidic channels"", ""Ex vivo tissues"", ""In vivo porcine kidneys""]","[""Microfluidic Channels"", ""Ex Vivo Tissues"", ""In Vivo Porcine Kidneys""]","['microfluid channel', 'in vivo porcin kidney', 'ex vivo tissu']"
35859243,"[""Medical images""], [""Medical Images""]","[""Medical images""]","[""Medical Images""]",['medic imag']
35861853,"[""Accelerometer""], [""Accelerometer"", ""Clinical assessment metrics""]","[""Accelerometer""]","[""Accelerometer"", ""Clinical assessment metrics""]","['clinic assess metric', 'acceleromet']"
35862772,"[""Proteomics""], [""Proteins""]","[""Proteomics""]","[""Proteins""]","['protein', 'proteom']"
35866396,"[""Ultrasound Imaging""], [""Ultrasound videos"", ""Processed images""]","[""Ultrasound Imaging""]","[""Ultrasound videos"", ""Processed images""]","['process imag', 'ultrasound video', 'ultrasound imag']"
35867160,"[""Kidney ultrasounds"", ""Clinical data""], [""Ultrasound"", ""MRI""]","[""Kidney ultrasounds"", ""Clinical data""]","[""Ultrasound"", ""MRI""]","['kidney ultrasound', 'mri', 'ultrasound', 'clinic data']"
35868354,,,"[""Imaging""]",[]
35869686,,,,[]
35872359,"[""Cardiac MRI""], [""Short-axis Cardiac MRI""]","[""Cardiac MRI""]","[""Short-axis Cardiac MRI""]","['shortaxi cardiac mri', 'cardiac mri']"
35875052,,,"[""Genomics"", ""Computational""]",[]
35875930,"[""Neuroimaging""], [""Structural Magnetic Resonance Imaging""]","[""Neuroimaging""]","[""Structural Magnetic Resonance Imaging""]","['structur magnet reson imag', 'neuroimag']"
35878565,"[""Nonbrain"", ""Structural MRI"", ""Functional connectivity""], [""non-brain data"", ""structural MRI"", ""functional connectivity""]","[""Nonbrain"", ""Structural MRI"", ""Functional connectivity""]","[""non-brain data"", ""structural MRI"", ""functional connectivity""]","['structur mri', 'nonbrain data', 'nonbrain', 'function connect']"
35879674,"[""Whole-genome De novo somatic point mutations""], [""genomic data""]","[""Whole-genome De novo somatic point mutations""]","[""genomic data""]","['wholegenom de novo somat point mutat', 'genom data']"
35879995,"[""RNA sequencing""], [{""Modality"": ""Text""}, {""Modality"": ""Image""}]","[""RNA sequencing""]","[{""Modality"": ""Text""}, {""Modality"": ""Image""}]","['rna sequenc', 'modal text', 'modal imag']"
35881210,"[""Ultrasound""], [""Ultrasound""]","[""Ultrasound""]","[""Ultrasound""]",['ultrasound']
35927264,,"[""peripheral blood""]",,[]
35885463,"[""Medical images"", ""Patient symptoms""], [""Medical Images"", ""Patient Symptoms""]","[""Medical images"", ""Patient symptoms""]","[""Medical Images"", ""Patient Symptoms""]","['patient symptom', 'medic imag']"
35887329,"[""Proteomic Biomarkers""], [""text"", ""image""]","[""Proteomic Biomarkers""]","[""text"", ""image""]","['text', 'proteom biomark', 'imag']"
35887611,"[""Personal information"", ""Medical history"", ""Genetic variants""], [""text""]","[""Personal information"", ""Medical history"", ""Genetic variants""]","[""text""]","['text', 'medic histori', 'person inform', 'genet variant']"
35891016,"[""Medical Imaging""], [""Image"", ""Robotics""]","[""Medical Imaging""]","[""Image"", ""Robotics""]","['medic imag', 'robot', 'imag']"
35929952,"[""Laboratory data"", ""Demographic data""], [""text"", ""machine learning""]","[""Laboratory data"", ""Demographic data""]","[""text"", ""machine learning""]","['text', 'machin learn', 'demograph data', 'laboratori data']"
35891394,"[""Viral load measurements"", ""Number of cases""], [""Ct"", ""Number of cases""]","[""Viral load measurements"", ""Number of cases""]","[""Ct"", ""Number of cases""]","['number of case', 'ct', 'viral load measur']"
35892186,"[""ICD codes""], [{""Text"": true}]","[""ICD codes""]","[{""Text"": true}]","['text true', 'icd code']"
35892499,,,"[""Imaging"", null]",[]
35894842,,,"[""ECG"", ""Imaging""]",[]
35898852,,,"[""Mult-way Sensitivity Analysis""]",[]
35904529,"[""identification of adverse drug events"", ""adverse drug reactions"", ""processing safety reports"", ""extraction of drug-drug interactions"", ""identification of populations at high risk for drug toxicity or guidance for personalized care"", ""prediction of side effects"", ""simulation of clinical trials""], [""Identification of populations at high risk for drug toxicity or guidance for personalized care"", ""Prediction of side effects"", ""Simulation of clinical trials""]","[""identification of adverse drug events"", ""adverse drug reactions"", ""processing safety reports"", ""extraction of drug-drug interactions"", ""identification of populations at high risk for drug toxicity or guidance for personalized care"", ""prediction of side effects"", ""simulation of clinical trials""]","[""Identification of populations at high risk for drug toxicity or guidance for personalized care"", ""Prediction of side effects"", ""Simulation of clinical trials""]","['extract of drugdrug interact', 'simul of clinic trial', 'predict of side effect', 'identif of popul at high risk for drug toxic or guidanc for person care', 'advers drug reaction', 'identif of advers drug event', 'process safeti report']"
35904877,,,"[""Text""]",[]
35905414,,"[""Hospitalization data""]",,[]
35906315,"[""Cardiorespiratory signals""], [""cardiorespiratory signals""]","[""Cardiorespiratory signals""]","[""cardiorespiratory signals""]",['cardiorespiratori signal']
35908273,"[""Raman spectroscopy""], [""Spectroscopy""]","[""Raman spectroscopy""]","[""Spectroscopy""]","['raman spectroscopi', 'spectroscopi']"
35908308,"[""fMRI""], [""fMRI""]","[""fMRI""]","[""fMRI""]",['fmri']
35912214,"[""MRI""], [""Gadolinium-enhanced T1-weighted MRIs""]","[""MRI""]","[""Gadolinium-enhanced T1-weighted MRIs""]","['gadoliniumenhanc t1weight mri', 'mri']"
35919375,"[""in person"", ""computer vision""], [""behavioral involvement""]","[""in person"", ""computer vision""]","[""behavioral involvement""]","['comput vision', 'in person', 'behavior involv']"
35920839,"[""Continuous glucose monitoring"", ""Short-acting insulin doses"", ""Tracking long-acting insulin doses""], [""Continuous glucose monitoring"", ""Short-acting insulin doses"", ""Long-acting insulin doses""]","[""Continuous glucose monitoring"", ""Short-acting insulin doses"", ""Tracking long-acting insulin doses""]","[""Continuous glucose monitoring"", ""Short-acting insulin doses"", ""Long-acting insulin doses""]","['longact insulin dose', 'shortact insulin dose', 'continu glucos monitor', 'track longact insulin dose']"
35925430,"[""Nociception Level Index values""], [""Nociception score"", ""Fentanyl consumption""]","[""Nociception Level Index values""]","[""Nociception score"", ""Fentanyl consumption""]","['fentanyl consumpt', 'nocicept level index valu', 'nocicept score']"
35931319,"[""Proteomics"", ""Metabolites""], [""Protein"", ""Metabolite""]","[""Proteomics"", ""Metabolites""]","[""Protein"", ""Metabolite""]","['protein', 'metabolit', 'proteom']"
35938254,"[""social media conversations""], [""Text""]","[""social media conversations""]","[""Text""]","['social media convers', 'text']"
35941333,"[""Ultrasound""], [""Ultrasound"", ""Palpation""]","[""Ultrasound""]","[""Ultrasound"", ""Palpation""]","['palpat', 'ultrasound']"
35943774,"[""Administrative Data""], [""Administrative Data"", ""Machine Learning""]","[""Administrative Data""]","[""Administrative Data"", ""Machine Learning""]","['machin learn', 'administr data']"
35944500,,,"[""Histopathology"", ""Molecular data""]",[]
35945505,"[""dermoscopy images""], [""image""]","[""dermoscopy images""]","[""image""]","['dermoscopi imag', 'imag']"
35946086,"[""Optical coherence tomography""], {""Images"": null, ""OCT features"": true}","[""Optical coherence tomography""]","{""Images"": null, ""OCT features"": true}","['optic coher tomographi', 'imag null', 'oct featur true']"
35950762,"[""MS1""], {""Modalities List"": [{""Modality"": ""MS1"", ""Description"": null}, {""Modality"": ""MS/MS"", ""Description"": null}]}","[""MS1""]","{""Modalities List"": [{""Modality"": ""MS1"", ""Description"": null}, {""Modality"": ""MS/MS"", ""Description"": null}]}","['modal msm', 'ms1', 'modal list modal ms1', 'descript null']"
35951085,"[""Endorectal ultrasound""], [""endorectal ultrasound""]","[""Endorectal ultrasound""]","[""endorectal ultrasound""]",['endorect ultrasound']
35951588,"[""Questionnaire"", ""Physical Activity Behaviours"", ""Dietary Behaviours""], [""Survey"", ""Physical activity"", ""Diet"", ""Sleep""]","[""Questionnaire"", ""Physical Activity Behaviours"", ""Dietary Behaviours""]","[""Survey"", ""Physical activity"", ""Diet"", ""Sleep""]","['diet', 'questionnair', 'sleep', 'physic activ behaviour', 'dietari behaviour', 'survey', 'physic activ']"
35953082,,,,[]
35956358,"[""Stool DNA""], [""metagenomic"", ""clinical""]","[""Stool DNA""]","[""metagenomic"", ""clinical""]","['clinic', 'stool dna', 'metagenom']"
35962372,"[""CES-D-10""], None","[""CES-D-10""]",,"['cesd10', 'none']"
35963613,"[""Video""], [""lumbar flexion-extension movements"", ""elbow flexion-extension movements""]","[""Video""]","[""lumbar flexion-extension movements"", ""elbow flexion-extension movements""]","['elbow flexionextens movement', 'lumbar flexionextens movement', 'video']"
35965158,"[""Computed Tomography""], [""Texture-Based CT Lung Radiomic Features""]","[""Computed Tomography""]","[""Texture-Based CT Lung Radiomic Features""]","['comput tomographi', 'texturebas ct lung radiom featur']"
35967110,"[""Laboratory features"", ""Urinalysis""], [{""Modality"": ""Laboratory data""}, {""Modality"": ""Demographics""}]","[""Laboratory features"", ""Urinalysis""]","[{""Modality"": ""Laboratory data""}, {""Modality"": ""Demographics""}]","['modal demograph', 'modal laboratori data', 'urinalysi', 'laboratori featur']"
35968931,"[""3D sensors"", ""SERS""], [""Liquid Biopsy"", ""Nanoengineering""]","[""3D sensors"", ""SERS""]","[""Liquid Biopsy"", ""Nanoengineering""]","['3d sensor', 'nanoengin', 'ser', 'liquid biopsi']"
35970914,"[""Facial phenotyping"", ""Medical records""], [""photos"", ""videos""]","[""Facial phenotyping"", ""Medical records""]","[""photos"", ""videos""]","['facial phenotyp', 'photo', 'medic record', 'video']"
35973231,"[], [""microdroplets"", ""cross-flow tilt angles""]",[],"[""microdroplets"", ""cross-flow tilt angles""]","['', 'crossflow tilt angl', 'microdroplet']"
35978040,"[""Optical Coherence Tomography""], [""Optical coherence tomography""]","[""Optical Coherence Tomography""]","[""Optical coherence tomography""]",['optic coher tomographi']
35980437,"[""intraoral periapical radiographs"", ""CBCT""], [""Image""]","[""intraoral periapical radiographs"", ""CBCT""]","[""Image""]","['imag', 'cbct', 'intraor periap radiograph']"
35981788,"[""ECG""], [""ECG"", ""12-lead Holters""]","[""ECG""]","[""ECG"", ""12-lead Holters""]","['ecg', '12lead holter']"
35983595,"[""Transcriptome""], [""transcriptome analysis"", ""machine learning""]","[""Transcriptome""]","[""transcriptome analysis"", ""machine learning""]","['transcriptom analysi', 'machin learn', 'transcriptom']"
35985186,"[""B-mode"", ""M-mode""], [""M-mode images"", ""B-mode videos""]","[""B-mode"", ""M-mode""]","[""M-mode images"", ""B-mode videos""]","['mmode imag', 'mmode', 'bmode video', 'bmode']"
35990013,,,[],[]
35990802,"[""text""], [""Text"", ""Text"", ""Text"", ""Text"", ""Text"", ""Text"", ""Text"", ""Text"", ""Text""]","[""text""]","[""Text"", ""Text"", ""Text"", ""Text"", ""Text"", ""Text"", ""Text"", ""Text"", ""Text""]",['text']
35995896,"[""Magnetic Resonance Imaging (MRI)""], [""Magnetic Resonance Imaging (MRI)""]","[""Magnetic Resonance Imaging (MRI)""]","[""Magnetic Resonance Imaging (MRI)""]",['magnet reson imag mri']
35998014,"[""Acceleration"", ""Gyroscope"", ""Magnetometer""], [""accelerometer"", ""gyroscope"", ""magnetometer""]","[""Acceleration"", ""Gyroscope"", ""Magnetometer""]","[""accelerometer"", ""gyroscope"", ""magnetometer""]","['acceler', 'gyroscop', 'magnetomet', 'acceleromet']"
35999259,"[""RNA expression""], [""miRNA""]","[""RNA expression""]","[""miRNA""]","['rna express', 'mirna']"
36000351,"[""Imaging""], [""Image data"", ""Radiomics features""]","[""Imaging""]","[""Image data"", ""Radiomics features""]","['radiom featur', 'imag data', 'imag']"
36002969,"[""EEG""], [""EEG""]","[""EEG""]","[""EEG""]",['eeg']
36004538,"[""Clinical"", ""Neuroimaging"", ""Molecular""], [""clinical"", ""neuroimaging"", ""molecular""]","[""Clinical"", ""Neuroimaging"", ""Molecular""]","[""clinical"", ""neuroimaging"", ""molecular""]","['clinic', 'neuroimag', 'molecular']"
36005187,"[""Radiologic"", ""Clinical"", ""Pathologic"", ""Sociodemographic""], [""Clinical"", ""Radiologic"", ""Pathologic""]","[""Radiologic"", ""Clinical"", ""Pathologic"", ""Sociodemographic""]","[""Clinical"", ""Radiologic"", ""Pathologic""]","['radiolog', 'clinic', 'sociodemograph', 'patholog']"
36005841,"[""Text""], [""Embase"", ""MEDLINE""]","[""Text""]","[""Embase"", ""MEDLINE""]","['embas', 'text', 'medlin']"
36007520,"[""ECG"", ""Clinical data""], [""ECG""]","[""ECG"", ""Clinical data""]","[""ECG""]","['ecg', 'clinic data']"
36010953,"[""Intraocular"", ""Neurosurgery""], [""Ophthalmology""]","[""Intraocular"", ""Neurosurgery""]","[""Ophthalmology""]","['ophthalmolog', 'intraocular', 'neurosurgeri']"
36046472,"[""Structural Magnetic Resonance Imaging (MRI)""], [""MRI"", ""Magnetic Resonance Imaging""]","[""Structural Magnetic Resonance Imaging (MRI)""]","[""MRI"", ""Magnetic Resonance Imaging""]","['mri', 'magnet reson imag', 'structur magnet reson imag mri']"
36016703,,[],,[]
36029344,"[""Computed Tomography"", ""Magnetic Resonance Imaging""], [""text""]","[""Computed Tomography"", ""Magnetic Resonance Imaging""]","[""text""]","['comput tomographi', 'text', 'magnet reson imag']"
36029877,,,,[]
36030226,"[""Phone-based"", ""Self-assessment""], [""behavioral data"", ""self-assessment""]","[""Phone-based"", ""Self-assessment""]","[""behavioral data"", ""self-assessment""]","['selfassess', 'phonebas', 'behavior data']"
36040842,"[""blood"", ""tumor""], [""Blood"", ""T cells""]","[""blood"", ""tumor""]","[""Blood"", ""T cells""]","['blood', 't cell', 'tumor']"
36041077,"[""pressure"", ""temperature"", ""moisture""], {""Humidity"": true, ""Temperature"": true, ""Surface_pressure"": true}","[""pressure"", ""temperature"", ""moisture""]","{""Humidity"": true, ""Temperature"": true, ""Surface_pressure"": true}","['pressur', 'humid true', 'surface_pressur true', 'temperatur', 'moistur', 'temperatur true']"
36043477,"[""Computed Tomography"", ""Echocardiogram""], [""CT pulmonary angiography"", ""Echocardiogram""]","[""Computed Tomography"", ""Echocardiogram""]","[""CT pulmonary angiography"", ""Echocardiogram""]","['echocardiogram', 'comput tomographi', 'ct pulmonari angiographi']"
36045491,"[""Raman spectroscopy"", ""Ultrasound""], [""Raman Spectroscopy"", null]","[""Raman spectroscopy"", ""Ultrasound""]","[""Raman Spectroscopy"", null]","['raman spectroscopi', 'ultrasound', 'null']"
36046104,"[""Brain MRI"", ""Sex classification""], [""MRI"", ""T1-weighted""]","[""Brain MRI"", ""Sex classification""]","[""MRI"", ""T1-weighted""]","['mri', 'brain mri', 't1weight', 'sex classif']"
36050434,"[""CT""], [""Computed Tomography""]","[""CT""]","[""Computed Tomography""]","['comput tomographi', 'ct']"
36051317,,,,[]
36052317,"[""Imaging""], [""images"", ""text""]","[""Imaging""]","[""images"", ""text""]","['text', 'imag']"
36055201,"[""Genomics""], [""genomics"", ""single-nucleotide variant""]","[""Genomics""]","[""genomics"", ""single-nucleotide variant""]","['singlenucleotid variant', 'genom']"
36055837,"[""Milk Mid-infrared Reflectance Spectroscopy""], [""Spectroscopy""]","[""Milk Mid-infrared Reflectance Spectroscopy""]","[""Spectroscopy""]","['milk midinfrar reflect spectroscopi', 'spectroscopi']"
36057424,"[""Genomics""], [""expression"", ""methylation""]","[""Genomics""]","[""expression"", ""methylation""]","['methyl', 'express', 'genom']"
36057825,"[""FDG-PET"", ""Metabolic brain features""], [""FDG-PET""]","[""FDG-PET"", ""Metabolic brain features""]","[""FDG-PET""]","['metabol brain featur', 'fdgpet']"
36064040,"[""CT"", ""Imaging""], [""Imaging""]","[""CT"", ""Imaging""]","[""Imaging""]","['ct', 'imag']"
36068275,"[""Raman spectroscopy"", ""Biopsy""], [""spectrum"", ""biopsy""]","[""Raman spectroscopy"", ""Biopsy""]","[""spectrum"", ""biopsy""]","['biopsi', 'spectrum', 'raman spectroscopi']"
36069963,"[""Clinical"", ""Biochemical""], [""Medical Records"", ""Electronic Medical Records""]","[""Clinical"", ""Biochemical""]","[""Medical Records"", ""Electronic Medical Records""]","['clinic', 'medic record', 'electron medic record', 'biochem']"
36071172,,,"[""image"", ""text""]",[]
36072822,"[""Laboratory results"", ""Demographics"", ""Clinical characteristics""], [""Electronic health records"", ""Laboratory results""]","[""Laboratory results"", ""Demographics"", ""Clinical characteristics""]","[""Electronic health records"", ""Laboratory results""]","['demograph', 'laboratori result', 'clinic characterist', 'electron health record']"
36075963,,,"[""mouse"", ""human""]",[]
36081373,,,,[]
36083416,"[""Visual""], [""Visual Object Recognition""]","[""Visual""]","[""Visual Object Recognition""]","['visual object recognit', 'visual']"
36085203,,"[""Text""]",,[]
36085571,"[""Raman Spectroscopy"", ""Multiparametric Magnetic Resonance Images""], [""Raman spectroscopy"", ""Multiparametric magnetic resonance images""]","[""Raman Spectroscopy"", ""Multiparametric Magnetic Resonance Images""]","[""Raman spectroscopy"", ""Multiparametric magnetic resonance images""]","['multiparametr magnet reson imag', 'raman spectroscopi']"
36089183,"[""Neuroimaging""], [""Multimodal imaging data""]","[""Neuroimaging""]","[""Multimodal imaging data""]","['neuroimag', 'multimod imag data']"
36089590,"[""Genetic data""], [""Genomic data"", ""Mitochondrial DNA haplogroups""]","[""Genetic data""]","[""Genomic data"", ""Mitochondrial DNA haplogroups""]","['genom data', 'mitochondri dna haplogroup', 'genet data']"
36093771,"[""Lumbosacral joint efforts"", ""gait""], [""gait disorder""]","[""Lumbosacral joint efforts"", ""gait""]","[""gait disorder""]","['lumbosacr joint effort', 'gait', 'gait disord']"
36093921,,,"[""Image"", ""Text""]",[]
36095953,"[""mp-MRI"", ""Histology""], [""mp-MRI""]","[""mp-MRI"", ""Histology""]","[""mp-MRI""]","['mpmri', 'histolog']"
36103642,"[""Computed Tomography""], [""CT scans""]","[""Computed Tomography""]","[""CT scans""]","['comput tomographi', 'ct scan']"
36103772,"[""4D CT perfusion imaging"", ""Perfusion parameter maps""], [""4D CT perfusion imaging""]","[""4D CT perfusion imaging"", ""Perfusion parameter maps""]","[""4D CT perfusion imaging""]","['perfus paramet map', '4d ct perfus imag']"
36104292,,,"[""text"", ""image""]",[]
36104471,"[""Physiology"", ""Neurology"", ""Neuroscience""], [{""Modality"": ""Physiology""}, {""Modality"": ""Neurology""}]","[""Physiology"", ""Neurology"", ""Neuroscience""]","[{""Modality"": ""Physiology""}, {""Modality"": ""Neurology""}]","['physiolog', 'neurolog', 'neurosci', 'modal physiolog', 'modal neurolog']"
36104854,"[""gray matter volumes"", ""resting-state functional connectivity""], [""Brain_Structure_Function_Relationship"", ""Resting-State_Functional_Connectivity""]","[""gray matter volumes"", ""resting-state functional connectivity""]","[""Brain_Structure_Function_Relationship"", ""Resting-State_Functional_Connectivity""]","['restingst function connect', 'brain_structure_function_relationship', 'restingstate_functional_connect', 'gray matter volum']"
36109720,"[""Functional Magnetic Resonance Imaging (fMRI)"", ""Diffusion Tensor Imaging (DTI)""], [""Imaging"", ""Functional magnetic resonance imaging (fMRI)""]","[""Functional Magnetic Resonance Imaging (fMRI)"", ""Diffusion Tensor Imaging (DTI)""]","[""Imaging"", ""Functional magnetic resonance imaging (fMRI)""]","['function magnet reson imag fmri', 'diffus tensor imag dti', 'imag']"
36119746,"[""Voltage gradient"", ""Photoplethysmographic""], [""Signal"", ""Image""]","[""Voltage gradient"", ""Photoplethysmographic""]","[""Signal"", ""Image""]","['signal', 'voltag gradient', 'imag', 'photoplethysmograph']"
36122214,,,"[""Visual classification task""]",[]
36126124,"[""Imaging""], []","[""Imaging""]",[],"['', 'imag']"
36143197,,,"[""text"", ""affiliation""]",[]
36129754,"[""Speech""], [""Speech"", ""Text""]","[""Speech""]","[""Speech"", ""Text""]","['text', 'speech']"
36133802,,,"[""Images"", ""Text""]",[]
36134028,"[""Transcriptome""], Transcriptome modifications, p53 transcriptional signature","[""Transcriptome""]","Transcriptome modifications, p53 transcriptional signature","['p53 transcript signatur', 'transcriptom modif', 'transcriptom']"
36135395,"[""blood components""], [""Vital blood components""]","[""blood components""]","[""Vital blood components""]","['blood compon', 'vital blood compon']"
36137759,"[""SPECT"", ""CT""], [""SPECT"", ""CT""]","[""SPECT"", ""CT""]","[""SPECT"", ""CT""]","['spect', 'ct']"
36141080,"[""Acoustic""], [""Acoustic"", ""Spectral""]","[""Acoustic""]","[""Acoustic"", ""Spectral""]","['spectral', 'acoust']"
36141457,"[""Chest X-rays""], [""CXR Images""]","[""Chest X-rays""]","[""CXR Images""]","['cxr imag', 'chest xray']"
36146361,"[""Load cell data""], [""Inexpensive load cells"", ""Bed""]","[""Load cell data""]","[""Inexpensive load cells"", ""Bed""]","['inexpens load cell', 'bed', 'load cell data']"
36146592,,,"[""Text""]",[]
36154454,,"[""Surgical video""]",,[]
36155266,"[""Magnetic resonance imaging"", ""Resting-state""], [""Magnetic Resonance Imaging"", ""Functional Homogeneity""]","[""Magnetic resonance imaging"", ""Resting-state""]","[""Magnetic Resonance Imaging"", ""Functional Homogeneity""]","['function homogen', 'restingst', 'magnet reson imag']"
36157589,"[""blood counts""], [""Hematology"", ""Medical Oncology""]","[""blood counts""]","[""Hematology"", ""Medical Oncology""]","['hematolog', 'medic oncolog', 'blood count']"
36159862,"[""Serum""], [""Serum proteome"", ""Autoantibody data""]","[""Serum""]","[""Serum proteome"", ""Autoantibody data""]","['autoantibodi data', 'serum proteom', 'serum']"
36159919,"[""Survey""], [{""Modality"": ""Survey data""}, {""Modality"": ""Questionnaire data""}]","[""Survey""]","[{""Modality"": ""Survey data""}, {""Modality"": ""Questionnaire data""}]","['modal questionnair data', 'modal survey data', 'survey']"
36163349,"[""Imaging features"", ""Clinical features""], [""Relapsing-Remitting MS patients"", ""Primary Progressive MS patients""]","[""Imaging features"", ""Clinical features""]","[""Relapsing-Remitting MS patients"", ""Primary Progressive MS patients""]","['relapsingremit ms patient', 'primari progress ms patient', 'clinic featur', 'imag featur']"
36164267,"[""Stool""], [""Stool samples"", ""Faecal samples""]","[""Stool""]","[""Stool samples"", ""Faecal samples""]","['faecal sampl', 'stool sampl', 'stool']"
36166205,"[""Biomarkers""], [""Exposure"", ""Intelligence Quotient""]","[""Biomarkers""]","[""Exposure"", ""Intelligence Quotient""]","['exposur', 'intellig quotient', 'biomark']"
36167836,,"[""RNA""]",,[]
36168038,"[""Lateral Cephalometric Radiographs""], [""Image""]","[""Lateral Cephalometric Radiographs""]","[""Image""]","['later cephalometr radiograph', 'imag']"
36171426,"[""RNA"", ""Translation""], [""EEG"", ""fMRI""]","[""RNA"", ""Translation""]","[""EEG"", ""fMRI""]","['fmri', 'eeg', 'translat', 'rna']"
36171558,,"[""Administrative Claims Data""]",,[]
36171645,"[""DNA methylation""], Imaging, genomics","[""DNA methylation""]","Imaging, genomics","['dna methyl', 'genom', 'imag']"
36179862,"[""verbal""], [""verbal memory""]","[""verbal""]","[""verbal memory""]","['verbal', 'verbal memori']"
36181463,,,,[]
36183620,"[""X-rays""], [""radiographs""]","[""X-rays""]","[""radiographs""]","['xray', 'radiograph']"
36183654,"[""Serum samples"", ""Latent class models""], [{""Modality"": ""Blood samples""}]","[""Serum samples"", ""Latent class models""]","[{""Modality"": ""Blood samples""}]","['modal blood sampl', 'serum sampl', 'latent class model']"
36189442,,,"[""text""]",[]
36193910,"[""Self-report"", ""Mini-International Neuropsychiatric Interview""], [""self-report"", ""interviews""]","[""Self-report"", ""Mini-International Neuropsychiatric Interview""]","[""self-report"", ""interviews""]","['miniintern neuropsychiatr interview', 'selfreport', 'interview']"
36197944,"[""Text""], [{""Modality"": ""text""}, {""Modality"": null}]","[""Text""]","[{""Modality"": ""text""}, {""Modality"": null}]","['text', 'modal text', 'modal null']"
36206696,,,"[""Image"", ""Text""]",[]
36207536,"[""biomedical data"", ""multi-modal""], multi-modal","[""biomedical data"", ""multi-modal""]",multi-modal,"['multimod', 'biomed data']"
36208225,,[],,[]
36208571,"[""MRI"", ""CT""], [""MRI"", ""CT""]","[""MRI"", ""CT""]","[""MRI"", ""CT""]","['mri', 'ct']"
36211581,"[""Electromechanical""], [""electrical"", ""mechanical""]","[""Electromechanical""]","[""electrical"", ""mechanical""]","['mechan', 'electr', 'electromechan']"
36212148,"[""Genomic""], [""image"", ""genomic""]","[""Genomic""]","[""image"", ""genomic""]","['genom', 'imag']"
36217108,"[""Blood biomarkers""], [""blood biomarkers""]","[""Blood biomarkers""]","[""blood biomarkers""]",['blood biomark']
36217534,"[""CT Scan"", ""X-ray""], [""Image""]","[""CT Scan"", ""X-ray""]","[""Image""]","['xray', 'ct scan', 'imag']"
36217547,"[""Transcriptomics"", ""Glycomic""], [""Transcriptomes"", ""Cell surface glycans""]","[""Transcriptomics"", ""Glycomic""]","[""Transcriptomes"", ""Cell surface glycans""]","['glycom', 'transcriptom', 'cell surfac glycan']"
36217911,"[""Spectroscopy""], [""Spectroscopy"", ""Optical technique""]","[""Spectroscopy""]","[""Spectroscopy"", ""Optical technique""]","['spectroscopi', 'optic techniqu']"
36217916,"[""Electrophysiological Signals""], [""Electrophysiological signals""]","[""Electrophysiological Signals""]","[""Electrophysiological signals""]",['electrophysiolog signal']
36219586,,,"[""X-ray images"", ""CT scans""]",[]
36228649,"[""Endoscopy""], [""Video"", ""Image""]","[""Endoscopy""]","[""Video"", ""Image""]","['imag', 'video', 'endoscopi']"
36229614,,"[""Biological and Environmental Engineering"", ""Surgery"", ""Polymer Science and Engineering""]",,[]
36233593,"[""Text"", ""Nil""], []","[""Text"", ""Nil""]",[],"['', 'text', 'nil']"
36236373,"[""NIRS"", ""Respiratory""], [""Near-Infrared Spectroscopy""]","[""NIRS"", ""Respiratory""]","[""Near-Infrared Spectroscopy""]","['respiratori', 'nearinfrar spectroscopi', 'nir']"
36236422,"[""Electromyography""], [""electromyography""]","[""Electromyography""]","[""electromyography""]",['electromyographi']
36236424,"[""Video"", ""Kinematic"", ""Image""], [""Image"", ""Time-series kinematic data""]","[""Video"", ""Kinematic"", ""Image""]","[""Image"", ""Time-series kinematic data""]","['timeseri kinemat data', 'video', 'kinemat', 'imag']"
36236752,"[""Biometric"", ""Physical Layer""], [""Biometric""]","[""Biometric"", ""Physical Layer""]","[""Biometric""]","['biometr', 'physic layer']"
36238349,"[""EEG""], [""electroencephalography (EEG)"", ""cold thermal pain""]","[""EEG""]","[""electroencephalography (EEG)"", ""cold thermal pain""]","['electroencephalographi eeg', 'eeg', 'cold thermal pain']"
36243959,,,"[""text"", ""image""]",[]
36245949,,,"[""viral RNA kinetics""]",[]
36247426,,"[""Imaging""]",,[]
36248019,"[""CT scans""], [""CT""]","[""CT scans""]","[""CT""]","['ct scan', 'ct']"
36248625,"[""Sensor Data""], [""Sensor data"", ""Self-reported symptoms""]","[""Sensor Data""]","[""Sensor data"", ""Self-reported symptoms""]","['selfreport symptom', 'sensor data']"
36248961,"[""text"", ""network""], {""Text"": [""GO and KEGG"", ""Mutated genes"", ""Protein-protein interaction network""], ""Image"": null, ""Signal"": null}","[""text"", ""network""]","{""Text"": [""GO and KEGG"", ""Mutated genes"", ""Protein-protein interaction network""], ""Image"": null, ""Signal"": null}","['imag null', 'text go and kegg', 'mutat gene', 'signal null', 'text', 'network', 'proteinprotein interact network']"
36253624,,"[""Medical procedures""]",,[]
36254822,"[""Endoscopic"", ""Frames""], [""endoscopic recordings""]","[""Endoscopic"", ""Frames""]","[""endoscopic recordings""]","['endoscop', 'endoscop record', 'frame']"
36258306,"[""Clinical""], [""text"", ""numeric""]","[""Clinical""]","[""text"", ""numeric""]","['text', 'clinic', 'numer']"
36264067,"[], [""Age"", ""Sex"", ""Surgical resection status"", ""Tumor histology and tumor site""]",[],"[""Age"", ""Sex"", ""Surgical resection status"", ""Tumor histology and tumor site""]","['', 'surgic resect statu', 'sex', 'age', 'tumor histolog and tumor site']"
36266993,"[""Computer Vision"", ""Tabular""], [""Tabular"", ""Computer Vision""]","[""Computer Vision"", ""Tabular""]","[""Tabular"", ""Computer Vision""]","['tabular', 'comput vision']"
36274041,,"[""Cardiology"", ""Imaging"", ""Radiology""]",,[]
36280197,,,"[""sleep, mental health""]",[]
36284402,"[""Coronary Calcium Scores""], [""Image""]","[""Coronary Calcium Scores""]","[""Image""]","['coronari calcium score', 'imag']"
36287916,"[""T1-weighted magnetic resonance imaging""], [""T1-weighted magnetic resonance imaging"", null]","[""T1-weighted magnetic resonance imaging""]","[""T1-weighted magnetic resonance imaging"", null]","['t1weight magnet reson imag', 'null']"
36290397,"[""RNA Sequencing""], [""Single-Cell RNA Sequencing Data""]","[""RNA Sequencing""]","[""Single-Cell RNA Sequencing Data""]","['rna sequenc', 'singlecel rna sequenc data']"
36290520,"[""3D kinematics"", ""Foot angles""], [""kinematics""]","[""3D kinematics"", ""Foot angles""]","[""kinematics""]","['3d kinemat', 'kinemat', 'foot angl']"
36291564,"[""Gait analysis"", ""Sensory assays""], [""Gait"", ""Sensory""]","[""Gait analysis"", ""Sensory assays""]","[""Gait"", ""Sensory""]","['sensori', 'sensori assay', 'gait', 'gait analysi']"
36291917,"[""MRI""], [""MRI""]","[""MRI""]","[""MRI""]",['mri']
36292227,"[""physiological data""], [""Physiological data""]","[""physiological data""]","[""Physiological data""]",['physiolog data']
36299540,,,"[""Virtual Reality"", ""In Vivo Exposure""]",[]
36301485,"[""Electronic Health Records""], {""text"": true, ""image"": null}","[""Electronic Health Records""]","{""text"": true, ""image"": null}","['text true', 'imag null', 'electron health record']"
36304318,"[""Methylation"", ""Histone"", ""Human genome"", ""RNA sequences""], [""Methylation"", ""Histone"", ""Human genome"", ""RNA sequences""]","[""Methylation"", ""Histone"", ""Human genome"", ""RNA sequences""]","[""Methylation"", ""Histone"", ""Human genome"", ""RNA sequences""]","['rna sequenc', 'histon', 'methyl', 'human genom']"
36306056,"[""ultrasound""], [""ultrasound"", ""natural images""]","[""ultrasound""]","[""ultrasound"", ""natural images""]","['natur imag', 'ultrasound']"
36307551,"[""MRI""], [""MRI""]","[""MRI""]","[""MRI""]",['mri']
36319708,"[""Blood serum""], [""NlmCategory"", ""blood serum""]","[""Blood serum""]","[""NlmCategory"", ""blood serum""]","['nlmcategori', 'blood serum']"
36320964,"[""Sociodemographic profile"", ""biological, developmental, and environmental risk factors""], [""speech and language delay""]","[""Sociodemographic profile"", ""biological, developmental, and environmental risk factors""]","[""speech and language delay""]","['speech and languag delay', 'and environment risk factor', 'development', 'sociodemograph profil', 'biolog']"
36322739,"[""Image"", ""Object recognition""], [""image""]","[""Image"", ""Object recognition""]","[""image""]","['object recognit', 'imag']"
36324086,"[""Clinical"", ""Registry""], [""Cox regression"", ""Random survival forests"", ""Extreme gradient boosting""]","[""Clinical"", ""Registry""]","[""Cox regression"", ""Random survival forests"", ""Extreme gradient boosting""]","['registri', 'extrem gradient boost', 'clinic', 'random surviv forest', 'cox regress']"
36326618,"[""T2-w"", ""T2-FLAIR"", ""T1-w"", ""T1-Gd""], [""T2-w"", ""T2-FLAIR"", ""T1-w"", ""T1-Gd""]","[""T2-w"", ""T2-FLAIR"", ""T1-w"", ""T1-Gd""]","[""T2-w"", ""T2-FLAIR"", ""T1-w"", ""T1-Gd""]","['t1gd', 't2w', 't2flair', 't1w']"
36327383,"[""Text""], [""Text""]","[""Text""]","[""Text""]",['text']
36329531,"[""microarray gene expression""], [{""Format"": ""microarray"", ""Modality"": ""gene expression""}]","[""microarray gene expression""]","[{""Format"": ""microarray"", ""Modality"": ""gene expression""}]","['format microarray', 'microarray gene express', 'modal gene express']"
36332954,,"[""Self-report questionnaires"", ""Semi-structured qualitative interviews""]",,[]
36336953,"[], [""Text data"", ""Image data""]",[],"[""Text data"", ""Image data""]","['', 'imag data', 'text data']"
36339062,"[""Cardiac CT""], {""countries"": true, ""affiliations"": true}","[""Cardiac CT""]","{""countries"": true, ""affiliations"": true}","['cardiac ct', 'countri true', 'affili true']"
36344655,"[""grey and white matter structure""], [""grey and white matter structure""]","[""grey and white matter structure""]","[""grey and white matter structure""]",['grey and white matter structur']
36347838,"[""Single-nucleotide polymorphisms"", ""Text analysis"", ""Psychometric scales"", ""Hospital records"", ""Resting-state regional cerebral blood flow""], [{""Modality"": ""Psychometric scales""}, {""Modality"": ""Hospital records""}]","[""Single-nucleotide polymorphisms"", ""Text analysis"", ""Psychometric scales"", ""Hospital records"", ""Resting-state regional cerebral blood flow""]","[{""Modality"": ""Psychometric scales""}, {""Modality"": ""Hospital records""}]","['restingst region cerebr blood flow', 'psychometr scale', 'modal psychometr scale', 'text analysi', 'modal hospit record', 'singlenucleotid polymorph', 'hospit record']"
36350138,"[""Radiologic""], [""Radiologic criteria"", ""Patient factors""]","[""Radiologic""]","[""Radiologic criteria"", ""Patient factors""]","['radiolog', 'patient factor', 'radiolog criteria']"
36351912,"[""Echocardiogram""], [""Echocardiogram""]","[""Echocardiogram""]","[""Echocardiogram""]",['echocardiogram']
36355196,"[""CT scans""], [""Computed Tomography (CT) scans""]","[""CT scans""]","[""Computed Tomography (CT) scans""]","['ct scan', 'comput tomographi ct scan']"
36357948,"[""Text""], [""International Classification of Diseases"", ""Canadian Classification of Health Intervention""]","[""Text""]","[""International Classification of Diseases"", ""Canadian Classification of Health Intervention""]","['text', 'intern classif of diseas', 'canadian classif of health intervent']"
36363901,"[""ECG"", ""Breathing"", ""Motion signals""], [""ECG"", ""breathing"", ""motion signals""]","[""ECG"", ""Breathing"", ""Motion signals""]","[""ECG"", ""breathing"", ""motion signals""]","['ecg', 'motion signal', 'breath']"
36366153,"[""Electromyography""], [""Electromyography""]","[""Electromyography""]","[""Electromyography""]",['electromyographi']
36367134,"[""Assessment""], [""EarlyDetect assessment""]","[""Assessment""]","[""EarlyDetect assessment""]","['assess', 'earlydetect assess']"
36367438,"[""Physical activity"", ""Sedentary time""], [""activity"", ""sedentary time""]","[""Physical activity"", ""Sedentary time""]","[""activity"", ""sedentary time""]","['sedentari time', 'physic activ', 'activ']"
36367528,"[""Video"", ""Facial movement""], [""Video"", ""Audio""]","[""Video"", ""Facial movement""]","[""Video"", ""Audio""]","['facial movement', 'audio', 'video']"
36368120,,,"[""MRI"", ""2D slices"", ""3D volume""]",[]
36368560,"[""MRI""], [""MRI images""]","[""MRI""]","[""MRI images""]","['mri imag', 'mri']"
36368616,"[""Imaging""], [""Plasma proteins"", ""Clinical factors""]","[""Imaging""]","[""Plasma proteins"", ""Clinical factors""]","['clinic factor', 'plasma protein', 'imag']"
36371527,"[""Microscopy"", ""Immunohistochemistry"", ""Anatomy"", ""Etiologies"", ""Imaging""], [""Microscopy"", ""Immunohistochemistry"", ""Anatomy""]","[""Microscopy"", ""Immunohistochemistry"", ""Anatomy"", ""Etiologies"", ""Imaging""]","[""Microscopy"", ""Immunohistochemistry"", ""Anatomy""]","['microscopi', 'anatomi', 'immunohistochemistri', 'etiolog', 'imag']"
36372249,"[""Laboratory tests"", ""Cardiac stress test""], [""Demographics"", ""Comorbidities"", ""Laboratory tests"", ""Cardiac stress test data""]","[""Laboratory tests"", ""Cardiac stress test""]","[""Demographics"", ""Comorbidities"", ""Laboratory tests"", ""Cardiac stress test data""]","['demograph', 'laboratori test', 'comorbid', 'cardiac stress test', 'cardiac stress test data']"
36372292,"[""Electronic Medical Record""], [{""Type"": null, ""Modality"": ""Electronic medical records""}]","[""Electronic Medical Record""]","[{""Type"": null, ""Modality"": ""Electronic medical records""}]","['type null', 'electron medic record', 'modal electron medic record']"
36373660,,,"[""text"", ""image""]",[]
36375417,"[""Magnetic Resonance Enterography (MRE)"", ""Biochemical biomarkers"", ""Ileocolonoscopy""], [""Magnetic Resonance Enterography (MRE), biochemical biomarkers""]","[""Magnetic Resonance Enterography (MRE)"", ""Biochemical biomarkers"", ""Ileocolonoscopy""]","[""Magnetic Resonance Enterography (MRE), biochemical biomarkers""]","['ileocolonoscopi', 'magnet reson enterographi mre', 'biochem biomark']"
36375561,"[""MRI""], [""MRI""]","[""MRI""]","[""MRI""]",['mri']
36375781,"[""Electronic address"", ""Hospital name"", ""Department""], [""Arterial lactate value"", ""Intraoperative vasoactive inotropic score""]","[""Electronic address"", ""Hospital name"", ""Department""]","[""Arterial lactate value"", ""Intraoperative vasoactive inotropic score""]","['depart', 'intraop vasoact inotrop score', 'hospit name', 'electron address', 'arteri lactat valu']"
36378672,,,"[{""Tag"": ""USA"", ""Country"": ""United States of America""}, {""Tag"": ""CA"", ""Country"": ""Canada""}]",[]
36382003,,"[""N/A""]",,[]
36388142,"[""Computed Tomography (CT)"", ""Fluorodeoxyglucose Positron Emission Tomography-Computed Tomography (FDG PET-CT)""], [""CT"", ""FDG PET-CT""]","[""Computed Tomography (CT)"", ""Fluorodeoxyglucose Positron Emission Tomography-Computed Tomography (FDG PET-CT)""]","[""CT"", ""FDG PET-CT""]","['fdg petct', 'fluorodeoxyglucos positron emiss tomographycomput tomographi fdg petct', 'ct', 'comput tomographi ct']"
36394258,"[""medical""], [""Text"", ""Image""]","[""medical""]","[""Text"", ""Image""]","['medic', 'text', 'imag']"
36394938,,,"[""text""]",[]
36395096,,"[""Biomarkers"", ""Electronically collected data""]",,[]
36395604,"[""Medical Images""], [""Images""]","[""Medical Images""]","[""Images""]","['medic imag', 'imag']"
36408897,,"[""Machine learning""]",,[]
36396455,,"[""Montreal Neurological Institute"", ""McGill University Research Center for Studies in Aging"", ""University of Gothenburg"", ""Departments of Psychiatry and Neurology, University of Pittsburgh School of Medicine""]",,[]
36396865,"[""Magnetic resonance imaging (MRI)""], [""MRI""]","[""Magnetic resonance imaging (MRI)""]","[""MRI""]","['mri', 'magnet reson imag mri']"
36399579,"[""epigenomic"", ""transcriptomic"", ""proteomic"", ""metabolomic""], [""Epigenomic"", ""Transcriptomic"", ""Proteomic"", ""Metabolomic""]","[""epigenomic"", ""transcriptomic"", ""proteomic"", ""metabolomic""]","[""Epigenomic"", ""Transcriptomic"", ""Proteomic"", ""Metabolomic""]","['metabolom', 'proteom', 'transcriptom', 'epigenom']"
36400939,"[""Images""], [""knee osteoarthritis"", ""cervical cancer screening""]","[""Images""]","[""knee osteoarthritis"", ""cervical cancer screening""]","['cervic cancer screen', 'knee osteoarthr', 'imag']"
36402366,"[""μCT""], {""Computed Tomography (CT)"": null}","[""μCT""]","{""Computed Tomography (CT)"": null}","['comput tomographi ct null', 'μct']"
36413056,,,"[""Clinical notes""]",[]
36413905,"[""Medical Image"", ""Semantic Segmentation""], [""image"", ""pixel-wise annotations""]","[""Medical Image"", ""Semantic Segmentation""]","[""image"", ""pixel-wise annotations""]","['pixelwis annot', 'medic imag', 'semant segment', 'imag']"
36414774,,,"[""text"", ""flags""]",[]
36415053,"[""kinematic""], [""Kinematic"", ""Time-series""]","[""kinematic""]","[""Kinematic"", ""Time-series""]","['timeseri', 'kinemat']"
36418604,"[""Electrocardiogram""], [""Electrocardiogram telemetry""]","[""Electrocardiogram""]","[""Electrocardiogram telemetry""]","['electrocardiogram', 'electrocardiogram telemetri']"
36421112,"[""ECG"", ""RSP""], [""ECG"", ""RSP""]","[""ECG"", ""RSP""]","[""ECG"", ""RSP""]","['ecg', 'rsp']"
36426508,"[""text""], text","[""text""]",text,['text']
36426575,"[""Biofluid markers""], [""biofluid markers"", ""metabolomic or proteomic profiles""]","[""Biofluid markers""]","[""biofluid markers"", ""metabolomic or proteomic profiles""]","['biofluid marker', 'metabolom or proteom profil']"
36426683,,,,[]
36434628,,"[""hospital readmission prediction""]",,[]
36438173,,"[""Clinical""]",,[]
36440975,,"[""DNA methylation"", ""Epigenetic""]",,[]
36442460,"[""Imaging"", ""Clinical""], Clinical variables, imaging features","[""Imaging"", ""Clinical""]","Clinical variables, imaging features","['clinic variabl', 'clinic', 'imag featur', 'imag']"
36444329,"[""Echocardiography"", ""Biomarkers""], [""echocardiography"", ""biomarkers""]","[""Echocardiography"", ""Biomarkers""]","[""echocardiography"", ""biomarkers""]","['echocardiographi', 'biomark']"
36450807,"[""Electromyogram"", ""Hand gesture recognition""], [""electromyogram""]","[""Electromyogram"", ""Hand gesture recognition""]","[""electromyogram""]","['hand gestur recognit', 'electromyogram']"
36451356,,,"[""Imaging"", ""Electrophysiology""]",[]
36460275,"[""3D"", ""2D""], {""Image classification"": true}","[""3D"", ""2D""]","{""Image classification"": true}","['2d', 'imag classif true', '3d']"
36462908,"[""Radiological""], [""Radiology"", ""Medical imaging""]","[""Radiological""]","[""Radiology"", ""Medical imaging""]","['radiolog', 'medic imag']"
36463545,"[""X-ray""], {""X-ray_images"": true}","[""X-ray""]","{""X-ray_images"": true}","['xray', 'xray_imag true']"
36465088,"[""Audio""], [""audio features""]","[""Audio""]","[""audio features""]","['audio', 'audio featur']"
36465898,"[""PET""], [""Image""]","[""PET""]","[""Image""]","['imag', 'pet']"
36469776,,,,[]
36470898,,,"[{""modality"": ""image""}, {""modality"": ""text""}]",[]
36471160,"[""T1w-CE MRI""], [""MRI""]","[""T1w-CE MRI""]","[""MRI""]","['mri', 't1wce mri']"
36472344,"[""Whole blood""], [""gene expression""]","[""Whole blood""]","[""gene expression""]","['gene express', 'whole blood']"
36473647,"[""MRI"", ""T1-weighted MRI"", ""T2-weighted MRI""], [""Image"", ""Text""]","[""MRI"", ""T1-weighted MRI"", ""T2-weighted MRI""]","[""Image"", ""Text""]","['mri', 't1weight mri', 't2weight mri', 'text', 'imag']"
36476715,"[""Ultrasound"", ""Image""], [""Ultrasound""]","[""Ultrasound"", ""Image""]","[""Ultrasound""]","['ultrasound', 'imag']"
36476947,,,"[""video"", ""text""]",[]
36481929,,,,[]
36484420,,,[],[]
36484722,"[""Physical"", ""Balance""], []","[""Physical"", ""Balance""]",[],"['', 'physic', 'balanc']"
36494770,,,"[{""Modality"": ""mobility measures""}, {""Modality"": ""ICF ontology""}]",[]
36496303,,,"[""text"", ""image""]",[]
36497479,"[""Affymetrix gene expression"", ""FDG-PET signals""], [""gene expression"", ""FDG-PET signals""]","[""Affymetrix gene expression"", ""FDG-PET signals""]","[""gene expression"", ""FDG-PET signals""]","['fdgpet signal', 'gene express', 'affymetrix gene express']"
36499143,"[""Optic nerve""], [""Immunostaining"", ""Deep Learning""]","[""Optic nerve""]","[""Immunostaining"", ""Deep Learning""]","['deep learn', 'immunostain', 'optic nerv']"
36502696,"[""Electroencephalography""], [""EEG""]","[""Electroencephalography""]","[""EEG""]","['electroencephalographi', 'eeg']"
36508026,"[""PET""], [""PET imaging"", ""Computational model""]","[""PET""]","[""PET imaging"", ""Computational model""]","['comput model', 'pet imag', 'pet']"
36508223,"[], [""Orthopedic Surgery"", ""Hand, Upper Limb, Peripheral Nerve, Brachial Plexus and Microsurgery Unit""]",[],"[""Orthopedic Surgery"", ""Hand, Upper Limb, Peripheral Nerve, Brachial Plexus and Microsurgery Unit""]","['', 'brachial plexu and microsurgeri unit', 'upper limb', 'hand', 'peripher nerv', 'orthoped surgeri']"
36508692,,,"[""Department of Radiology and Nuclear Medicine, Oslo University Hospital""]",[]
36509776,"[""RNA-Seq""], [""RNA-Sequence""]","[""RNA-Seq""]","[""RNA-Sequence""]","['rnasequ', 'rnaseq']"
36512526,"[""Brain Imaging""], [""Imaging"", ""Genetic data""]","[""Brain Imaging""]","[""Imaging"", ""Genetic data""]","['imag', 'genet data', 'brain imag']"
36516913,"[""Functional Near-Infrared Spectroscopy""], [""neuroanatomical areas""]","[""Functional Near-Infrared Spectroscopy""]","[""neuroanatomical areas""]","['function nearinfrar spectroscopi', 'neuroanatom area']"
36517749,"[""Coherent Anti-Stokes Raman Scattering (CARS) microscopy"", ""Non-linear Optical Imaging Modality (NLOM)""], [""CARS microscopy"", ""Coherent anti-stokes Raman scattering""]","[""Coherent Anti-Stokes Raman Scattering (CARS) microscopy"", ""Non-linear Optical Imaging Modality (NLOM)""]","[""CARS microscopy"", ""Coherent anti-stokes Raman scattering""]","['car microscopi', 'nonlinear optic imag modal nlom', 'coher antistok raman scatter', 'coher antistok raman scatter car microscopi']"
36520580,,,"[""Extracellular vesicles"", ""Biomarkers""]",[]
36520785,,"[""Computed Tomography (CT)""]",,[]
36523641,"[""Medical Imaging"", ""Radiology""], []","[""Medical Imaging"", ""Radiology""]",[],"['', 'radiolog', 'medic imag']"
36524810,"[""Verbal""], [""Language use"", ""Pain relief""]","[""Verbal""]","[""Language use"", ""Pain relief""]","['verbal', 'pain relief', 'languag use']"
36525893,"[""EEG""], [""EEG""]","[""EEG""]","[""EEG""]",['eeg']
36526308,"[""Video""], [""videos"", ""human pose-estimation libraries""]","[""Video""]","[""videos"", ""human pose-estimation libraries""]","['video', 'human poseestim librari']"
36528631,,"[""Administrative data""]",,[]
36530359,,,,[]
36530391,"[""Immune biomarkers""], [""blood biomarkers""]","[""Immune biomarkers""]","[""blood biomarkers""]","['blood biomark', 'immun biomark']"
36530667,"[""Text""], [""Text""]","[""Text""]","[""Text""]",['text']
36537516,"[], [""Text""]",[],"[""Text""]","['', 'text']"
36537541,,[],,[]
36538363,"[""Natural Language Processing""], [""Medical Image Description Text Mining""]","[""Natural Language Processing""]","[""Medical Image Description Text Mining""]","['natur languag process', 'medic imag descript text mine']"
36540986,,,[],[]
36542249,"[""Medical records""], [""text""]","[""Medical records""]","[""text""]","['text', 'medic record']"
36544398,"[""Singleton pregnancies"", ""Cervical status"", ""Body Mass Index"", ""Maternal age"", ""Comorbidities""], [""Text""]","[""Singleton pregnancies"", ""Cervical status"", ""Body Mass Index"", ""Maternal age"", ""Comorbidities""]","[""Text""]","['cervic statu', 'matern age', 'singleton pregnanc', 'comorbid', 'text', 'bodi mass index']"
36545250,"[""Electronic Health Record""], [""Electronic Health Records""]","[""Electronic Health Record""]","[""Electronic Health Records""]",['electron health record']
36551273,,,"[""text""]",[]
36553079,"[""DECT""], [""DECT"", ""Images""]","[""DECT""]","[""DECT"", ""Images""]","['dect', 'imag']"
36561835,"[""EEG""], [""EEG"", ""images""]","[""EEG""]","[""EEG"", ""images""]","['eeg', 'imag']"
36568544,"[""Age"", ""Sex"", ""Diseases developed during 9 years""], [""Age"", ""Sex"", ""Diseases""]","[""Age"", ""Sex"", ""Diseases developed during 9 years""]","[""Age"", ""Sex"", ""Diseases""]","['age', 'diseas develop dure 9 year', 'sex', 'diseas']"
36569558,,"[""Health""]",,[]
36569803,"[""ECG""], [""ECG"", ""stress questionnaire data""]","[""ECG""]","[""ECG"", ""stress questionnaire data""]","['ecg', 'stress questionnair data']"
36572484,,,"[""Spirometry"", ""Plethysmography""]",[]
36574245,,"[""Administrative health data""]",,[]
36575159,"[""MRI""], [""MRI""]","[""MRI""]","[""MRI""]",['mri']
36575304,"[""neuroimaging""], [""Functional MRI"", ""Structural MRI""]","[""neuroimaging""]","[""Functional MRI"", ""Structural MRI""]","['structur mri', 'neuroimag', 'function mri']"
36576153,"[""Text""], [""Text""]","[""Text""]","[""Text""]",['text']
36580997,"[""Clinical"", ""Demographic""], [""Villalta scale""]","[""Clinical"", ""Demographic""]","[""Villalta scale""]","['villalta scale', 'demograph', 'clinic']"
36581457,,,"[""Text""]",[]
36584158,"[""Raman spectroscopy""], [""spectroscopy""]","[""Raman spectroscopy""]","[""spectroscopy""]","['raman spectroscopi', 'spectroscopi']"
36585083,"[""Thermography""], [""Thermal Images""]","[""Thermography""]","[""Thermal Images""]","['thermal imag', 'thermographi']"
36588667,"[""chest X-ray images""], [""Images""]","[""chest X-ray images""]","[""Images""]","['chest xray imag', 'imag']"
36612994,,,,[]
36588902,"[""Brain MRI"", ""Magnetic Resonance Angiography""], [{""Label"": ""Multimodal"", ""Modality"": [""MRI"", ""MRA""]}]","[""Brain MRI"", ""Magnetic Resonance Angiography""]","[{""Label"": ""Multimodal"", ""Modality"": [""MRI"", ""MRA""]}]","['label multimod', 'modal mri', 'mra', 'magnet reson angiographi', 'brain mri']"
36590098,"[""MRI""], [""MRI""]","[""MRI""]","[""MRI""]",['mri']
36591527,"[""Image""], [""multimodal""]","[""Image""]","[""multimodal""]","['multimod', 'imag']"
36593280,,,"[""Machine learning""]",[]
36595257,"[""Medical imaging""], [""Radiomics"", ""Clinical""]","[""Medical imaging""]","[""Radiomics"", ""Clinical""]","['clinic', 'medic imag', 'radiom']"
36595510,"[""Vestibular""], [""vestibular"", ""sensor data""]","[""Vestibular""]","[""vestibular"", ""sensor data""]","['sensor data', 'vestibular']"
36597110,,"[""mobilization""]",,[]
36597699,,,"[""survival analysis""]",[]
36598686,"[""Cine cardiac magnetic resonance imaging""], [""Magnetic Resonance Imaging""]","[""Cine cardiac magnetic resonance imaging""]","[""Magnetic Resonance Imaging""]","['cine cardiac magnet reson imag', 'magnet reson imag']"
36599223,"[""Finite Element Methods"", ""Physics-Guided Loss Function""], [""Image"", ""Simulation Data""]","[""Finite Element Methods"", ""Physics-Guided Loss Function""]","[""Image"", ""Simulation Data""]","['physicsguid loss function', 'simul data', 'finit element method', 'imag']"
36603288,"[""Pathology""], [""Pathology"", ""Imaging""]","[""Pathology""]","[""Pathology"", ""Imaging""]","['imag', 'patholog']"
36603372,"[""Image""], [""Image"", ""Segmentation""]","[""Image""]","[""Image"", ""Segmentation""]","['segment', 'imag']"
36604821,"[""Motor Imagery"", ""Brain-Computer Interface""], [""Electroencephalography""]","[""Motor Imagery"", ""Brain-Computer Interface""]","[""Electroencephalography""]","['motor imageri', 'electroencephalographi', 'braincomput interfac']"
36605114,"[""image""], [""image""]","[""image""]","[""image""]",['imag']
36607506,"[""MRI"", ""CT""], [""NCCT"", ""FLAIR MRI""]","[""MRI"", ""CT""]","[""NCCT"", ""FLAIR MRI""]","['mri', 'ct', 'flair mri', 'ncct']"
36624107,"[""Imaging"", ""Text""], [""Functional""]","[""Imaging"", ""Text""]","[""Functional""]","['function', 'text', 'imag']"
36627280,,,,[]
36628172,"[""Signal on graph""], [""graph signals""]","[""Signal on graph""]","[""graph signals""]","['signal on graph', 'graph signal']"
36629921,,"[""Text""]",,[]
36630722,"[""CT"", ""PET/CT""], [""PET/CT"", ""Ultrasound-guided needle biopsy""]","[""CT"", ""PET/CT""]","[""PET/CT"", ""Ultrasound-guided needle biopsy""]","['petct', 'ct', 'ultrasoundguid needl biopsi']"
36631694,,,"[""Medical test"", ""Model prediction mechanism""]",[]
36632188,"[""Anatomical features"", ""Histological and molecular features""], [""histopathologic"", ""molecular""]","[""Anatomical features"", ""Histological and molecular features""]","[""histopathologic"", ""molecular""]","['histopatholog', 'molecular', 'histolog and molecular featur', 'anatom featur']"
36632859,"[""Audio""], [""audio""]","[""Audio""]","[""audio""]",['audio']
36635575,"[""Metabolomics"", ""Microbiome""], [""Metabolomics"", ""Microbiome sequencing""]","[""Metabolomics"", ""Microbiome""]","[""Metabolomics"", ""Microbiome sequencing""]","['microbiom sequenc', 'metabolom', 'microbiom']"
36635594,"[""Computed Tomography Angiography (CTA)""], [""CTA"", ""MIPs""]","[""Computed Tomography Angiography (CTA)""]","[""CTA"", ""MIPs""]","['comput tomographi angiographi cta', 'mip', 'cta']"
36641503,,,,[]
36641812,"[""Nailfold video capillaroscopy""], [""Images""]","[""Nailfold video capillaroscopy""]","[""Images""]","['nailfold video capillaroscopi', 'imag']"
36645143,"[""image""], [""Image"", ""Fractal dimension""]","[""image""]","[""Image"", ""Fractal dimension""]","['fractal dimens', 'imag']"
36649068,,,"{""Text"": [""Department of Psychology, University of Toronto"", ""Centre for Addiction and Mental Health""], ""Audio"": [""Department of Psychology, University of Toronto"", ""Centre for Addiction and Mental Health""], ""Image"": null}",[]
36649481,,"[""Clinical Notes"", ""Diagnosis Codes"", ""Procedure Codes"", ""Chart Events""]",,[]
36652661,"[""Computed Tomography"", ""Stereotactic Body Radiotherapy""], [""CT Imaging""]","[""Computed Tomography"", ""Stereotactic Body Radiotherapy""]","[""CT Imaging""]","['comput tomographi', 'ct imag', 'stereotact bodi radiotherapi']"
36661231,"[""verbal memory""], [""Verbal memory functions"", ""Lesion location""]","[""verbal memory""]","[""Verbal memory functions"", ""Lesion location""]","['verbal memori function', 'verbal memori', 'lesion locat']"
36697450,"[""X-rays"", ""Visual annotation""], [""X-ray images"", ""text (AI advice)""]","[""X-rays"", ""Visual annotation""]","[""X-ray images"", ""text (AI advice)""]","['xray', 'visual annot', 'text ai advic', 'xray imag']"
36661454,"[""Lung Ultrasound""], {""Ultrasound"": ""Lung"", ""Deep Learning Model"": ""Classification""}","[""Lung Ultrasound""]","{""Ultrasound"": ""Lung"", ""Deep Learning Model"": ""Classification""}","['lung ultrasound', 'deep learn model classif', 'ultrasound lung']"
36662732,,,"[""Image"", ""Text""]",[]
36669727,"[""Qualitative"", ""Quantitative""], [""Gait training"", ""Functional clinical therapy""]","[""Qualitative"", ""Quantitative""]","[""Gait training"", ""Functional clinical therapy""]","['gait train', 'quantit', 'function clinic therapi', 'qualit']"
36679747,"[""Inertial Sensors""], [""Wrist posture"", ""Flexion/extension"", ""Radial/ulnar deviation""]","[""Inertial Sensors""]","[""Wrist posture"", ""Flexion/extension"", ""Radial/ulnar deviation""]","['radialulnar deviat', 'wrist postur', 'flexionextens', 'inerti sensor']"
36681776,"[""Colonoscopy images""], [""Image""]","[""Colonoscopy images""]","[""Image""]","['colonoscopi imag', 'imag']"
36681813,"[""Flow cytometry""], [{""text"": null}]","[""Flow cytometry""]","[{""text"": null}]","['flow cytometri', 'text null']"
36688707,,,"[""text""]",[]
36691875,"[""Fluoroscopy""], [""Fluoroscopy""]","[""Fluoroscopy""]","[""Fluoroscopy""]",['fluoroscopi']
36695623,"[""Harmonized"", ""Individual""], [""Machine learning"", ""Statistics""]","[""Harmonized"", ""Individual""]","[""Machine learning"", ""Statistics""]","['harmon', 'individu', 'statist', 'machin learn']"
36697455,,,"[""Time-varying covariates"", ""Machine learning""]",[]
36700900,"[""Medical""], [""physiological measurements""]","[""Medical""]","[""physiological measurements""]","['medic', 'physiolog measur']"
36703133,"[""location specific virus dynamics""], [""Text"", ""Mathematics""]","[""location specific virus dynamics""]","[""Text"", ""Mathematics""]","['text', 'locat specif viru dynam', 'mathemat']"
36711754,,,"[""Images"", ""Text""]",[]
36706617,"[""Computer Vision"", ""Timeseries""], [""video"", ""timeseries""]","[""Computer Vision"", ""Timeseries""]","[""video"", ""timeseries""]","['timeseri', 'comput vision', 'video']"
36707080,"[], [{""Modality"": ""Medical Imaging""}, {""Modality"": ""Physiological Signals""}]",[],"[{""Modality"": ""Medical Imaging""}, {""Modality"": ""Physiological Signals""}]","['', 'modal physiolog signal', 'modal medic imag']"
36707535,"[""Raman spectroscopy""], [""Raman spectra""]","[""Raman spectroscopy""]","[""Raman spectra""]","['raman spectra', 'raman spectroscopi']"
36707846,"[""Kinematic""], [""Kinematic parameters""]","[""Kinematic""]","[""Kinematic parameters""]","['kinemat paramet', 'kinemat']"
36709079,"[""Genotype"", ""Phenotype""], [""Text""]","[""Genotype"", ""Phenotype""]","[""Text""]","['genotyp', 'text', 'phenotyp']"
36709519,"[""Computed Tomography (CT)""], [""Images"", ""Text""]","[""Computed Tomography (CT)""]","[""Images"", ""Text""]","['text', 'imag', 'comput tomographi ct']"
36709788,"[""Blood oxygen level-dependent (BOLD) signal"", ""Respiratory measurements""], [""BOLD signal time series""]","[""Blood oxygen level-dependent (BOLD) signal"", ""Respiratory measurements""]","[""BOLD signal time series""]","['respiratori measur', 'blood oxygen leveldepend bold signal', 'bold signal time seri']"
36711055,"[""wearable wireless sensor"", ""Internet of Things"", ""big data""], [""Health management""]","[""wearable wireless sensor"", ""Internet of Things"", ""big data""]","[""Health management""]","['big data', 'internet of thing', 'health manag', 'wearabl wireless sensor']"
36711952,,,"[""genetic"", ""protein""]",[]
36712317,"[""Natural Language""], {""text"": true}","[""Natural Language""]","{""text"": true}","['text true', 'natur languag']"
36712571,"[""Radiology""], [""Imaging"", ""Genomics""]","[""Radiology""]","[""Imaging"", ""Genomics""]","['radiolog', 'genom', 'imag']"
36714544,"[""Survey"", ""Questionnaire""], [""self-reported"", ""mental health""]","[""Survey"", ""Questionnaire""]","[""self-reported"", ""mental health""]","['mental health', 'questionnair', 'selfreport', 'survey']"
36716998,,"[""Text""]",,[]
36720585,"[""Retinal Fundus Photographs"", ""Image""], [""Images""]","[""Retinal Fundus Photographs"", ""Image""]","[""Images""]","['retin fundu photograph', 'imag']"
36720962,"[""X-ray computed tomography""], X-rays","[""X-ray computed tomography""]",X-rays,"['xray', 'xray comput tomographi']"
36721408,"[""CT"", ""MRI""], [""Imaging"", ""Pathology""]","[""CT"", ""MRI""]","[""Imaging"", ""Pathology""]","['mri', 'patholog', 'ct', 'imag']"
36724157,,,"[""Subjective and objective social deprivation""]",[]
36724551,"[""MRI"", ""Clinical dose distributions""], [""3D dose distributions""]","[""MRI"", ""Clinical dose distributions""]","[""3D dose distributions""]","['mri', 'clinic dose distribut', '3d dose distribut']"
36725934,"[""Spatial""], [""Medical"", ""Health""]","[""Spatial""]","[""Medical"", ""Health""]","['medic', 'spatial', 'health']"
36729231,"[""Endoscopic Video"", ""Kinematic Data""], [""Video"", ""Audio""]","[""Endoscopic Video"", ""Kinematic Data""]","[""Video"", ""Audio""]","['audio', 'kinemat data', 'endoscop video', 'video']"
36732110,"[""audio""], [""audio"", ""text""]","[""audio""]","[""audio"", ""text""]","['text', 'audio']"
36733294,"[""Visual""], [""Visual"", ""Conscious pathway""]","[""Visual""]","[""Visual"", ""Conscious pathway""]","['consciou pathway', 'visual']"
36735333,,,"[""ECG"", ""Imaging""]",[]
36737625,"[], [""Sociodemographic characteristics"", ""Healthcare service use"", ""Chronic diseases""]",[],"[""Sociodemographic characteristics"", ""Healthcare service use"", ""Chronic diseases""]","['', 'healthcar servic use', 'sociodemograph characterist', 'chronic diseas']"
36737711,"[""heart rate"", ""systolic blood pressure"", ""coronary computed tomography angiography""], [""heart rate"", ""systolic blood pressure""]","[""heart rate"", ""systolic blood pressure"", ""coronary computed tomography angiography""]","[""heart rate"", ""systolic blood pressure""]","['heart rate', 'systol blood pressur', 'coronari comput tomographi angiographi']"
36738990,"[""PET""], [""PET"", ""MRI""]","[""PET""]","[""PET"", ""MRI""]","['mri', 'pet']"
36740609,"[""MRI""], [""MRI reports""]","[""MRI""]","[""MRI reports""]","['mri', 'mri report']"
36744277,"[""Music""], [""Music-based digital therapeutic""]","[""Music""]","[""Music-based digital therapeutic""]","['musicbas digit therapeut', 'music']"
36747065,"[""ECG""], [""ECG""]","[""ECG""]","[""ECG""]",['ecg']
36749957,"[""3-dimensional Cartesian coordinates"", ""Internal coordinates""], [""Internal Coordinates"", ""Cartesian Coordinates""]","[""3-dimensional Cartesian coordinates"", ""Internal coordinates""]","[""Internal Coordinates"", ""Cartesian Coordinates""]","['intern coordin', '3dimension cartesian coordin', 'cartesian coordin']"
36750489,"[""MRI"", ""CT""], [""MRI"", ""CT images""]","[""MRI"", ""CT""]","[""MRI"", ""CT images""]","['mri', 'ct', 'ct imag']"
36756643,,,"[""Digital""]",[]
36758326,"[""Histopathological"", ""Cytological""], [""histopathological images"", ""cytological biopsy specimens""]","[""Histopathological"", ""Cytological""]","[""histopathological images"", ""cytological biopsy specimens""]","['cytolog biopsi specimen', 'cytolog', 'histopatholog', 'histopatholog imag']"
36759533,,,"[""Medical Imaging""]",[]
36764023,"[""T1-weighted MRI"", ""Pulse Amplitude Tonometry""], [""MRI"", ""Tonometry""]","[""T1-weighted MRI"", ""Pulse Amplitude Tonometry""]","[""MRI"", ""Tonometry""]","['puls amplitud tonometri', 'tonometri', 'mri', 't1weight mri']"
36764677,"[""Structural MRI"", ""Functional MRI""], [""Functional""]","[""Structural MRI"", ""Functional MRI""]","[""Functional""]","['structur mri', 'function mri', 'function']"
36765644,"[""Peptide-signatures""], [""Mass spectrometry imaging""]","[""Peptide-signatures""]","[""Mass spectrometry imaging""]","['mass spectrometri imag', 'peptidesignatur']"
36765908,"[""MRI"", ""MR""], [{""Modality"": ""MRI""}, {""Modality"": ""T1-weighted and T2-FLAIR images""}]","[""MRI"", ""MR""]","[{""Modality"": ""MRI""}, {""Modality"": ""T1-weighted and T2-FLAIR images""}]","['modal t1weight and t2flair imag', 'mri', 'modal mri', 'mr']"
36768092,"[""Electronic Health Records"", ""Social Determinants of Health""], []","[""Electronic Health Records"", ""Social Determinants of Health""]",[],"['', 'social determin of health', 'electron health record']"
36794205,,,"[""Text""]",[]
36772246,"[""Videos""], [""vision"", ""video""]","[""Videos""]","[""vision"", ""video""]","['video', 'vision']"
36772451,"[""Gyroscope"", ""Wearable sensors""], [""Gyroscope data""]","[""Gyroscope"", ""Wearable sensors""]","[""Gyroscope data""]","['gyroscop data', 'wearabl sensor', 'gyroscop']"
36772710,"[""Brightness mode (B-mode) ultrasound""], [""ultrasound""]","[""Brightness mode (B-mode) ultrasound""]","[""ultrasound""]","['bright mode bmode ultrasound', 'ultrasound']"
36775056,"[""Cell Lines""], [""Text"", ""Gene Expression""]","[""Cell Lines""]","[""Text"", ""Gene Expression""]","['cell line', 'text', 'gene express']"
36775719,"[""Medical Images"", ""Time Series Data""], [{""type"": ""machine learning"", ""modal"": ""renal scans""}]","[""Medical Images"", ""Time Series Data""]","[{""type"": ""machine learning"", ""modal"": ""renal scans""}]","['modal renal scan', 'time seri data', 'medic imag', 'type machin learn']"
36777157,"[""Self-reported"", ""Substance use indicators""], [""text""]","[""Self-reported"", ""Substance use indicators""]","[""text""]","['text', 'substanc use indic', 'selfreport']"
36824286,"[""RNA-seq""], [""RNA-seq data""]","[""RNA-seq""]","[""RNA-seq data""]","['rnaseq', 'rnaseq data']"
36786111,"[""Positron Emission Tomography"", ""Diffusional kurtosis imaging"", ""neurite orientation dispersion and density imaging""], [""neuroimaging"", ""PET""]","[""Positron Emission Tomography"", ""Diffusional kurtosis imaging"", ""neurite orientation dispersion and density imaging""]","[""neuroimaging"", ""PET""]","['neurit orient dispers and densiti imag', 'positron emiss tomographi', 'neuroimag', 'pet', 'diffusion kurtosi imag']"
36787672,,"[""Self-reported symptom change""]",,[]
36788215,"[""Metagenomic sequencing""], [""metagenomics""]","[""Metagenomic sequencing""]","[""metagenomics""]","['metagenom sequenc', 'metagenom']"
36788319,"[""ECG"", ""Pulse Oximeter"", ""Arterial Waveforms""], [""ECG"", ""Pulse oximeter""]","[""ECG"", ""Pulse Oximeter"", ""Arterial Waveforms""]","[""ECG"", ""Pulse oximeter""]","['ecg', 'arteri waveform', 'puls oximet']"
36793418,"[""Wearable sensor devices"", ""Internet of Medical Things""], [""wearable sensor devices"", ""Internet of Medical Things (IoMT)""]","[""Wearable sensor devices"", ""Internet of Medical Things""]","[""wearable sensor devices"", ""Internet of Medical Things (IoMT)""]","['internet of medic thing iomt', 'wearabl sensor devic', 'internet of medic thing']"
36802687,"[""Smartphones""], [""Mobile application"", ""Artificial intelligence""]","[""Smartphones""]","[""Mobile application"", ""Artificial intelligence""]","['artifici intellig', 'smartphon', 'mobil applic']"
36808151,"[""Imaging data""], [""Electronic laboratory and clinical data""]","[""Imaging data""]","[""Electronic laboratory and clinical data""]","['imag data', 'electron laboratori and clinic data']"
36809921,"[""Proteomic"", ""Natural Language Processing""], [""Blood proteins"", ""Proteomics""]","[""Proteomic"", ""Natural Language Processing""]","[""Blood proteins"", ""Proteomics""]","['proteom', 'blood protein', 'natur languag process']"
36809996,"[""EEG"", ""Multi-channel EEG""], [""EEG"", ""iEEG""]","[""EEG"", ""Multi-channel EEG""]","[""EEG"", ""iEEG""]","['multichannel eeg', 'eeg', 'ieeg']"
36810139,"[""Blastocyst images"", ""Patient couple's clinical features""], [""Images"", ""Clinical features""]","[""Blastocyst images"", ""Patient couple's clinical features""]","[""Images"", ""Clinical features""]","['blastocyst imag', 'imag', 'clinic featur', 'patient coupl clinic featur']"
36812626,"[""Cardiovascular Magnetic Resonance"", ""Late Gadolinium Enhancement""], [""MRI images""]","[""Cardiovascular Magnetic Resonance"", ""Late Gadolinium Enhancement""]","[""MRI images""]","['mri imag', 'cardiovascular magnet reson', 'late gadolinium enhanc']"
36812632,,"[""Electronic Health Records""]",,[]
36812648,"[""Physiological"", ""Activity""], [""Wristband""]","[""Physiological"", ""Activity""]","[""Wristband""]","['physiolog', 'wristband', 'activ']"
36812932,,"[""Clinical""]",,[]
36813095,"[""Diagnostic images""], [""Image analysis"", ""Biomarker discovery""]","[""Diagnostic images""]","[""Image analysis"", ""Biomarker discovery""]","['imag analysi', 'biomark discoveri', 'diagnost imag']"
36817429,"[""Genomic"", ""Quantitative""], [""genomics""]","[""Genomic"", ""Quantitative""]","[""genomics""]","['quantit', 'genom']"
36818579,"[""EEG""], [""visual inspection of power modulation spectrograms"", ""power modulation spectrogram inputs""]","[""EEG""]","[""visual inspection of power modulation spectrograms"", ""power modulation spectrogram inputs""]","['eeg', 'visual inspect of power modul spectrogram', 'power modul spectrogram input']"
36819295,,,,[]
36819938,"[""EEG""], [""EEG""]","[""EEG""]","[""EEG""]",['eeg']
36821110,,"[""X-ray"", ""MRI"", ""CT Scan""]",,[]
36822878,"[""Eye Tracking""], [""Eye-tracking data"", ""Machine Learning""]","[""Eye Tracking""]","[""Eye-tracking data"", ""Machine Learning""]","['eyetrack data', 'machin learn', 'eye track']"
36826129,,,"[""Text"", ""Values-Based Guide""]",[]
36831393,"[""Mass spectrometry""], [""mass spectrometry"", ""machine learning""]","[""Mass spectrometry""]","[""mass spectrometry"", ""machine learning""]","['mass spectrometri', 'machin learn']"
36831803,"[""Resting-state functional MRI"", ""Structural magnetic resonance imaging""], [""MRI"", ""fMRI""]","[""Resting-state functional MRI"", ""Structural magnetic resonance imaging""]","[""MRI"", ""fMRI""]","['fmri', 'structur magnet reson imag', 'restingst function mri', 'mri']"
36836230,"[""CGM data points""], [""Blood Glucose Risk Score Formula"", ""Root Mean Squared Error (RMSE)""]","[""CGM data points""]","[""Blood Glucose Risk Score Formula"", ""Root Mean Squared Error (RMSE)""]","['root mean squar error rmse', 'cgm data point', 'blood glucos risk score formula']"
36848339,,"[""Longitudinal Data""]",,[]
36849211,,"[""Health administrative data"", ""Community-level social deprivation and marginalisation""]",,[]
36849828,"[""Transcriptomes""], [""pre-infusion transcriptomes""]","[""Transcriptomes""]","[""pre-infusion transcriptomes""]","['preinfus transcriptom', 'transcriptom']"
36850407,"[""Physiological Signals""], [""physiological signals""]","[""Physiological Signals""]","[""physiological signals""]",['physiolog signal']
36857033,"[""Text""], [""Text""]","[""Text""]","[""Text""]",['text']
36857952,"[""Magnetic Resonance Imaging""], [""Image"", ""k-space""]","[""Magnetic Resonance Imaging""]","[""Image"", ""k-space""]","['kspace', 'magnet reson imag', 'imag']"
36857967,"[""Echocardiography""], [""Image"", ""Text""]","[""Echocardiography""]","[""Image"", ""Text""]","['echocardiographi', 'text', 'imag']"
36861368,"[""Magnetic Resonance Imaging"", ""Electroencephalography""], [""image"", ""signal""]","[""Magnetic Resonance Imaging"", ""Electroencephalography""]","[""image"", ""signal""]","['electroencephalographi', 'signal', 'magnet reson imag', 'imag']"
36864136,,,"[""image"", ""genomics""]",[]
36864252,,,,[]
36867224,,,,[]
36867596,"[""Cognitive Tests""], [""sociodemographic"", ""social engagement"", ""health"", ""physical functioning"", ""psychological"", ""health-related behaviors"", ""baseline cognitive tests""]","[""Cognitive Tests""]","[""sociodemographic"", ""social engagement"", ""health"", ""physical functioning"", ""psychological"", ""health-related behaviors"", ""baseline cognitive tests""]","['sociodemograph', 'baselin cognit test', 'cognit test', 'physic function', 'psycholog', 'health', 'social engag', 'healthrel behavior']"
36869377,"[""Audio""], [{""Modality"": ""Acoustic Features""}, {""Modality"": ""Linguistic Features""}]","[""Audio""]","[{""Modality"": ""Acoustic Features""}, {""Modality"": ""Linguistic Features""}]","['audio', 'modal acoust featur', 'modal linguist featur']"
36871598,"[""Histological""], [""Pathology"", ""Gastroenterology""]","[""Histological""]","[""Pathology"", ""Gastroenterology""]","['gastroenterolog', 'histolog', 'patholog']"
36872936,,"[""Specific cannabinoid recommendations"", ""Diagnosis information""]",,[]
36873304,"[""Neck-Attached Sensors"", ""Machine Learning""], [""Audio""]","[""Neck-Attached Sensors"", ""Machine Learning""]","[""Audio""]","['neckattach sensor', 'audio', 'machin learn']"
36877086,"[""Sequencing""], [{""ModalityName"": ""16S rRNA data""}, {""ModalityName"": ""Human stool samples""}]","[""Sequencing""]","[{""ModalityName"": ""16S rRNA data""}, {""ModalityName"": ""Human stool samples""}]","['modalitynam human stool sampl', 'modalitynam 16 rrna data', 'sequenc']"
36877673,"[""Clinical"", ""Metabolomic""], [""Clinical"", ""Metabolomic""]","[""Clinical"", ""Metabolomic""]","[""Clinical"", ""Metabolomic""]","['metabolom', 'clinic']"
36880253,"[""Transaction data"", ""Betting behaviour"", ""Demographics"", ""Responsible gambling tools""], [""text""]","[""Transaction data"", ""Betting behaviour"", ""Demographics"", ""Responsible gambling tools""]","[""text""]","['demograph', 'transact data', 'bet behaviour', 'text', 'respons gambl tool']"
36889611,"[], []",[],[],['']
36893934,"[""medical""], [""text"", ""numeric""]","[""medical""]","[""text"", ""numeric""]","['medic', 'text', 'numer']"
36894697,"[""Magnetic Resonance Imaging (MRI)"", ""Computed Tomography (CT)""], [""MRI"", ""CT""]","[""Magnetic Resonance Imaging (MRI)"", ""Computed Tomography (CT)""]","[""MRI"", ""CT""]","['mri', 'ct', 'magnet reson imag mri', 'comput tomographi ct']"
36898486,"[""X-Ray""], [""Image""]","[""X-Ray""]","[""Image""]","['xray', 'imag']"
36899501,"[""Ultrasound""], [""Ultrasound""]","[""Ultrasound""]","[""Ultrasound""]",['ultrasound']
36900023,"[""Audio""], [""Audio""]","[""Audio""]","[""Audio""]",['audio']
36900077,"[""CXR Images"", ""Lung Fields""], [""Image"", ""Text""]","[""CXR Images"", ""Lung Fields""]","[""Image"", ""Text""]","['cxr imag', 'text', 'lung field', 'imag']"
36904634,"[""images"", ""videos""], [""Image"", ""Video""]","[""images"", ""videos""]","[""Image"", ""Video""]","['video', 'imag']"
36908403,"[""Magnetic Resonance Imaging"", ""Ultrasound""], [""magnetic resonance imaging"", ""ultrasound""]","[""Magnetic Resonance Imaging"", ""Ultrasound""]","[""magnetic resonance imaging"", ""ultrasound""]","['ultrasound', 'magnet reson imag']"
36909463,"[""Digital Images""], [""images""]","[""Digital Images""]","[""images""]","['digit imag', 'imag']"
36910911,"[""free-text progress and consult notes""], [""text""]","[""free-text progress and consult notes""]","[""text""]","['text', 'freetext progress and consult note']"
36910915,"[""Images""], [""Images"", ""Skin lesion taxonomy""]","[""Images""]","[""Images"", ""Skin lesion taxonomy""]","['skin lesion taxonomi', 'imag']"
36912861,"["" null""], [""text"", ""numeric""]","["" null""]","[""text"", ""numeric""]","['text', 'null', 'numer']"
36913619,"[""Cadaveric""], [""Cadaveric Study""]","[""Cadaveric""]","[""Cadaveric Study""]","['cadaver studi', 'cadaver']"
36917868,"[""Text"", ""Electronic address""], []","[""Text"", ""Electronic address""]",[],"['', 'text', 'electron address']"
36920391,"[""Text""], [{""modality"": ""text""}]","[""Text""]","[{""modality"": ""text""}]","['text', 'modal text']"
36921072,"[""Health"", ""Employment"", ""Social assistance"", ""Police contacts""], [""Text (Abstract)"", ""Text (Affiliations)""]","[""Health"", ""Employment"", ""Social assistance"", ""Police contacts""]","[""Text (Abstract)"", ""Text (Affiliations)""]","['polic contact', 'text abstract', 'text affili', 'social assist', 'health', 'employ']"
36921404,"[""functional magnetic resonance imaging"", ""cognitive assessment battery""], [""image"", ""text""]","[""functional magnetic resonance imaging"", ""cognitive assessment battery""]","[""image"", ""text""]","['cognit assess batteri', 'function magnet reson imag', 'text', 'imag']"
36921979,,"[""medical""]",,[]
36929810,"[""MRI""], [""Multimodal"", ""Physiological""]","[""MRI""]","[""Multimodal"", ""Physiological""]","['multimod', 'mri', 'physiolog']"
36932241,"[""medical"", ""genetic""], [""text"", ""image""]","[""medical"", ""genetic""]","[""text"", ""image""]","['medic', 'text', 'genet', 'imag']"
36935753,"[""PPG"", ""BP""], Photoplethysmography (PPG)","[""PPG"", ""BP""]",Photoplethysmography (PPG),"['photoplethysmographi ppg', 'ppg', 'bp']"
36935854,"[""Image guidance""], [""Imaging biomarkers"", ""Clinical data""]","[""Image guidance""]","[""Imaging biomarkers"", ""Clinical data""]","['imag guidanc', 'imag biomark', 'clinic data']"
36935935,,,"[""Text"", ""Numbers""]",[]
36938350,,,"[""linear"", ""logistic"", ""neural networks""]",[]
36938737,"[""Plasma biomarkers"", ""Driving behavior""], [""Driving"", ""Blood""]","[""Plasma biomarkers"", ""Driving behavior""]","[""Driving"", ""Blood""]","['drive behavior', 'blood', 'plasma biomark', 'drive']"
36939638,"[""Imaging""], [""Imaging""]","[""Imaging""]","[""Imaging""]",['imag']
36944631,"[""Magnetic resonance imaging""], [""Cardiovascular""]","[""Magnetic resonance imaging""]","[""Cardiovascular""]","['cardiovascular', 'magnet reson imag']"
36946533,"[""Language""], [""Speech""]","[""Language""]","[""Speech""]","['languag', 'speech']"
36948210,"[""Nanomolar""], [{""tag"": ""Ontario Institute for Cancer Research"", ""country"": ""Canada""}, {""tag"": ""Structural Genomics Consortium, University of Toronto"", ""country"": ""Canada""}]","[""Nanomolar""]","[{""tag"": ""Ontario Institute for Cancer Research"", ""country"": ""Canada""}, {""tag"": ""Structural Genomics Consortium, University of Toronto"", ""country"": ""Canada""}]","['tag structur genom consortium', 'tag ontario institut for cancer research', 'countri canada', 'nanomolar', 'univers of toronto']"
36948537,,,"[""Image"", ""Audio""]",[]
36949169,"[""Whole slide images"", ""RNA-seq""], [{""Type"": ""Glass slide image"", ""Modality"": ""Whole slide image""}, {""Type"": ""Molecular features"", ""Modality"": ""RNA-seq data""}]","[""Whole slide images"", ""RNA-seq""]","[{""Type"": ""Glass slide image"", ""Modality"": ""Whole slide image""}, {""Type"": ""Molecular features"", ""Modality"": ""RNA-seq data""}]","['whole slide imag', 'modal rnaseq data', 'type glass slide imag', 'modal whole slide imag', 'rnaseq', 'type molecular featur']"
36950264,"[""Clinical variables""], [""Clinical variables""]","[""Clinical variables""]","[""Clinical variables""]",['clinic variabl']
36958708,"[""Echocardiography""], [""Echocardiography""]","[""Echocardiography""]","[""Echocardiography""]",['echocardiographi']
36959273,"[""Robotic manipulandum"", ""Kinesthetic""], [""Sensorimotor control"", ""Upper-limb movements""]","[""Robotic manipulandum"", ""Kinesthetic""]","[""Sensorimotor control"", ""Upper-limb movements""]","['robot manipulandum', 'sensorimotor control', 'upperlimb movement', 'kinesthet']"
36959630,,,"[""text""]",[]
36962677,"[""hospital beds"", ""ventilators""], [""Text""]","[""hospital beds"", ""ventilators""]","[""Text""]","['hospit bed', 'text', 'ventil']"
36962760,"[""Metabolites"", ""Ultrasound""], [""Metabolite data"", ""Ultrasound images""]","[""Metabolites"", ""Ultrasound""]","[""Metabolite data"", ""Ultrasound images""]","['metabolit data', 'metabolit', 'ultrasound', 'ultrasound imag']"
36969221,"[""Biomarkers""], [""Biomarkers""]","[""Biomarkers""]","[""Biomarkers""]",['biomark']
36970046,"[""MRI""], null","[""MRI""]",,"['mri', 'null']"
36970634,,,"[""Weighted Sparse Decision Trees""]",[]
36973382,"[""Body composition analyzer InBody 270"", ""Fibroscan""], [""text"", ""image""]","[""Body composition analyzer InBody 270"", ""Fibroscan""]","[""text"", ""image""]","['fibroscan', 'text', 'bodi composit analyz inbodi 270', 'imag']"
36975097,"[""Omicron BA.4/5 spike protein""], [""text""]","[""Omicron BA.4/5 spike protein""]","[""text""]","['text', 'omicron ba45 spike protein']"
36980531,"[""Biopsy"", ""Surgical Sample""], [""Text""]","[""Biopsy"", ""Surgical Sample""]","[""Text""]","['biopsi', 'text', 'surgic sampl']"
36980637,"[""Positron emission tomography"", ""Ultrafast Doppler"", ""Computed Tomography""], [""positron emission tomography"", ""ultrafast Doppler"", ""computed tomography""]","[""Positron emission tomography"", ""Ultrafast Doppler"", ""Computed Tomography""]","[""positron emission tomography"", ""ultrafast Doppler"", ""computed tomography""]","['ultrafast doppler', 'comput tomographi', 'positron emiss tomographi']"
36993597,"[""Functional MRI"", ""Diffusion tractography"", ""Cortical morphometry"", ""Positron emission tomography""], [""fMRI"", ""diffusion tractography"", ""cortical morphometry"", ""PET""]","[""Functional MRI"", ""Diffusion tractography"", ""Cortical morphometry"", ""Positron emission tomography""]","[""fMRI"", ""diffusion tractography"", ""cortical morphometry"", ""PET""]","['positron emiss tomographi', 'diffus tractographi', 'cortic morphometri', 'pet', 'fmri', 'function mri']"
36995714,"[""Wearable device""], [""wearable device"", ""participant retention""]","[""Wearable device""]","[""wearable device"", ""participant retention""]","['wearabl devic', 'particip retent']"
36998022,"[""Pressure"", ""Flow""], [""pressure and flow waveforms""]","[""Pressure"", ""Flow""]","[""pressure and flow waveforms""]","['pressur and flow waveform', 'pressur', 'flow']"
36998700,"[""MRI"", ""CT""], [""MR images"", ""Tissue labels""]","[""MRI"", ""CT""]","[""MR images"", ""Tissue labels""]","['mri', 'ct', 'tissu label', 'mr imag']"
37001040,"[""Natural Language Processing""], [""Natural Language Processing""]","[""Natural Language Processing""]","[""Natural Language Processing""]",['natur languag process']
37002267,"[""anatomical lesion patterns"", ""language performance""], [""Anatomical lesion patterns""]","[""anatomical lesion patterns"", ""language performance""]","[""Anatomical lesion patterns""]","['anatom lesion pattern', 'languag perform']"
37004526,"[""Flow Cytometry"", ""Angiography""], [""Serum concentration"", ""Inflammatory cytokines""]","[""Flow Cytometry"", ""Angiography""]","[""Serum concentration"", ""Inflammatory cytokines""]","['serum concentr', 'flow cytometri', 'inflammatori cytokin', 'angiographi']"
37012019,,"[""electronic records"", ""blood pressure"", ""heart rate"", ""medical history""]",,[]
37013671,"[""Video""], [{""Visual"": true}]","[""Video""]","[{""Visual"": true}]","['video', 'visual true']"
37014363,"[""Multiple""], [""Medical""]","[""Multiple""]","[""Medical""]","['medic', 'multipl']"
37019866,"[""fecal"", ""whole gut transit time""], [""Probiotic intake"", ""Whole gut transit time""]","[""fecal"", ""whole gut transit time""]","[""Probiotic intake"", ""Whole gut transit time""]","['whole gut transit time', 'probiot intak', 'fecal']"
37021166,"[""Neurological""], [""Imaging data""]","[""Neurological""]","[""Imaging data""]","['neurolog', 'imag data']"
37021933,"[""Gene expression profile"", ""Differential expression signature""], [""Gene Expression Profile"", ""Differential Expression Signature""]","[""Gene expression profile"", ""Differential expression signature""]","[""Gene Expression Profile"", ""Differential Expression Signature""]","['differenti express signatur', 'gene express profil']"
37031755,"[""Neuroimaging""], [""Brain images"", ""Demographic data""]","[""Neuroimaging""]","[""Brain images"", ""Demographic data""]","['demograph data', 'neuroimag', 'brain imag']"
37032376,"[""Optical coherence tomography (OCT)""], [""Imaging""]","[""Optical coherence tomography (OCT)""]","[""Imaging""]","['optic coher tomographi oct', 'imag']"
37037147,"[""PET/CT""], [""PET/CT""]","[""PET/CT""]","[""PET/CT""]",['petct']
37037153,"[""Porcine knee specimens""], [{""modality"": ""Cartilage properties""}, {""modality"": ""Indentation-relaxation maps""}]","[""Porcine knee specimens""]","[{""modality"": ""Cartilage properties""}, {""modality"": ""Indentation-relaxation maps""}]","['porcin knee specimen', 'modal indentationrelax map', 'modal cartilag properti']"
37045997,,,"[""Radiology and Nuclear Medicine"", ""Department of Radiation Oncology""]",[]
37046533,"[""Biomedical"", ""Radiology"", ""Mathematics""], [""Biomedical imaging"", ""Machine learning""]","[""Biomedical"", ""Radiology"", ""Mathematics""]","[""Biomedical imaging"", ""Machine learning""]","['radiolog', 'biomed', 'biomed imag', 'mathemat', 'machin learn']"
37059110,"[""Computed Tomography""], [""CT"", ""MC""]","[""Computed Tomography""]","[""CT"", ""MC""]","['comput tomographi', 'ct', 'mc']"
37059267,"[""Image""], [""Images""]","[""Image""]","[""Images""]",['imag']
37051059,,,"{""type"": ""string"", ""label"": null, ""value"": [null]}",[]
37051835,"[""Inertial""], [""inertial data""]","[""Inertial""]","[""inertial data""]","['inerti', 'inerti data']"
37051847,"[""patient and injury characteristics""], [""text"", ""statistics""]","[""patient and injury characteristics""]","[""text"", ""statistics""]","['patient and injuri characterist', 'text', 'statist']"
37052589,"[""Sequencing"", ""Microbiome""], [""Microbiome diversity data"", ""SNVs""]","[""Sequencing"", ""Microbiome""]","[""Microbiome diversity data"", ""SNVs""]","['microbiom divers data', 'microbiom', 'sequenc', 'snv']"
37063449,"[""Plasma metabolomics""], [""amino acids""]","[""Plasma metabolomics""]","[""amino acids""]","['amino acid', 'plasma metabolom']"
37063642,"[""online"", ""help-seeking""], [""Text""]","[""online"", ""help-seeking""]","[""Text""]","['text', 'onlin', 'helpseek']"
37064531,"[""dMRI"", ""iEEG""], [""functional iEEG"", ""structural connectivity abnormalities""]","[""dMRI"", ""iEEG""]","[""functional iEEG"", ""structural connectivity abnormalities""]","['structur connect abnorm', 'dmri', 'function ieeg', 'ieeg']"
37068084,"[""MRI"", ""CT"", ""PET""], [""2D"", ""3D""]","[""MRI"", ""CT"", ""PET""]","[""2D"", ""3D""]","['mri', 'pet', '3d', '2d', 'ct']"
37070145,"[""Clinical""], [""text"", ""numeric data""]","[""Clinical""]","[""text"", ""numeric data""]","['text', 'clinic', 'numer data']"
37070854,"[""Computed Tomography"", ""Non-Contrast Computed Tomography""], [""radiomics""]","[""Computed Tomography"", ""Non-Contrast Computed Tomography""]","[""radiomics""]","['comput tomographi', 'noncontrast comput tomographi', 'radiom']"
37070957,"[""Medical Imaging""], [""text"", ""numeric""]","[""Medical Imaging""]","[""text"", ""numeric""]","['text', 'medic imag', 'numer']"
37076338,,,"[""text"", ""image""]",[]
37076833,"[""variables""], {""audio_data"": false, ""image_data"": false}","[""variables""]","{""audio_data"": false, ""image_data"": false}","['image_data fals', 'variabl', 'audio_data fals']"
37078508,"[""Speech""], [""Audio""]","[""Speech""]","[""Audio""]","['audio', 'speech']"
37079936,"[""T1-weighted magnetic resonance imaging""], [""MRI""]","[""T1-weighted magnetic resonance imaging""]","[""MRI""]","['mri', 't1weight magnet reson imag']"
37084275,"[""Gene expression"", ""miRNA expression""], {""gene expression data"": true}","[""Gene expression"", ""miRNA expression""]","{""gene expression data"": true}","['gene express data true', 'gene express', 'mirna express']"
37084389,"[{""Modality"": ""Genomic""}], [""Genomic"", ""Clinical""]","[{""Modality"": ""Genomic""}]","[""Genomic"", ""Clinical""]","['modal genom', 'clinic', 'genom']"
37093561,"[""SERS"", ""T cells""], [""SERS data"", ""Cocultured T cells""]","[""SERS"", ""T cells""]","[""SERS data"", ""Cocultured T cells""]","['cocultur t cell', 'ser data', 't cell', 'ser']"
37084548,"[""Foot progression angle""], [""inertial sensing""]","[""Foot progression angle""]","[""inertial sensing""]","['foot progress angl', 'inerti sens']"
37085289,"[""Longitudinal University""], [""electronic""]","[""Longitudinal University""]","[""electronic""]","['longitudin univers', 'electron']"
37087135,"[""Medical Imaging""], [""Imaging""]","[""Medical Imaging""]","[""Imaging""]","['medic imag', 'imag']"
37090433,"[""Tryptic peptides""], [""Spatial Features"", ""Real-World Physicochemical Properties""]","[""Tryptic peptides""]","[""Spatial Features"", ""Real-World Physicochemical Properties""]","['tryptic peptid', 'realworld physicochem properti', 'spatial featur']"
37178071,"[""Echocardi""], [""cardiology"", ""France""]","[""Echocardi""]","[""cardiology"", ""France""]","['cardiolog', 'echocardi', 'franc']"
37095223,"[""Tumor histology"", ""Clinicopathologic factors""], [""histology"", ""images""]","[""Tumor histology"", ""Clinicopathologic factors""]","[""histology"", ""images""]","['imag', 'clinicopatholog factor', 'tumor histolog', 'histolog']"
37095759,"[""chest X-ray""], [""X-ray""]","[""chest X-ray""]","[""X-ray""]","['xray', 'chest xray']"
37098650,"[""Magnetic resonance enterography (MRE)"", ""T1-weighted""], [""Magnetic Resonance Enterography"", ""Computed Tomography""]","[""Magnetic resonance enterography (MRE)"", ""T1-weighted""]","[""Magnetic Resonance Enterography"", ""Computed Tomography""]","['comput tomographi', 'magnet reson enterographi mre', 't1weight', 'magnet reson enterographi']"
37101866,"[""Text""], [""Text""]","[""Text""]","[""Text""]",['text']
37103727,"[""MR""], [""MR"", ""MRI"", ""T1-weighted images"", ""Contrast-enhanced images""]","[""MR""]","[""MR"", ""MRI"", ""T1-weighted images"", ""Contrast-enhanced images""]","['t1weight imag', 'mri', 'contrastenhanc imag', 'mr']"
37114183,"[""clinical"", ""imaging""], [""clinical"", ""imaging""]","[""clinical"", ""imaging""]","[""clinical"", ""imaging""]","['clinic', 'imag']"
37125033,,,"[""Plasma metabolite levels"", ""Immune-metabolic clinical parameters""]",[]
37126349,"[""Nil""], [""Health data"", ""Clinical AI trials""]","[""Nil""]","[""Health data"", ""Clinical AI trials""]","['health data', 'clinic ai trial', 'nil']"
37128461,"[""Laboratory tests""], [{""Modality"": ""Image""}, {""Modality"": ""Text""}]","[""Laboratory tests""]","[{""Modality"": ""Image""}, {""Modality"": ""Text""}]","['modal text', 'modal imag', 'laboratori test']"
37129936,,,"[""Text""]",[]
37130342,"[""Clinical""], [""Text"", ""Structured medical data""]","[""Clinical""]","[""Text"", ""Structured medical data""]","['text', 'clinic', 'structur medic data']"
37131691,"[""Digital Pathology"", ""Clinical""], [""Image"", ""Clinical""]","[""Digital Pathology"", ""Clinical""]","[""Image"", ""Clinical""]","['digit patholog', 'clinic', 'imag']"
37132542,"[""Computed Tomography""], [{""Type"": ""Affiliations""}]","[""Computed Tomography""]","[{""Type"": ""Affiliations""}]","['type affili', 'comput tomographi']"
37134017,"[""Raman spectroscopy"", ""Machine learning""], [""DNA methylation"", ""machine learning""]","[""Raman spectroscopy"", ""Machine learning""]","[""DNA methylation"", ""machine learning""]","['raman spectroscopi', 'dna methyl', 'machin learn']"
37147083,"[""Wearable vital signs sensors""], [""physiological"", ""immunological""]","[""Wearable vital signs sensors""]","[""physiological"", ""immunological""]","['immunolog', 'physiolog', 'wearabl vital sign sensor']"
37147305,"[""RNA sequencing""], [""RNA"", ""Imaging""]","[""RNA sequencing""]","[""RNA"", ""Imaging""]","['rna sequenc', 'rna', 'imag']"
37148227,"[""Structural MRI"", ""Voxel-based morphometry""], [""MRI"", ""cognitive assessment""]","[""Structural MRI"", ""Voxel-based morphometry""]","[""MRI"", ""cognitive assessment""]","['structur mri', 'voxelbas morphometri', 'cognit assess', 'mri']"
37148709,"[""fMRI""], [""fMRI"", ""self-report measures""]","[""fMRI""]","[""fMRI"", ""self-report measures""]","['fmri', 'selfreport measur']"
37150505,,,"[""Electronic address""]",[]
37158213,"[""MRI""], [{""modality"": ""MRI""}]","[""MRI""]","[{""modality"": ""MRI""}]","['mri', 'modal mri']"
37158607,"[""time series data""], [{""category"": ""text"", ""subcategory"": null}, {""category"": ""bacterial_abundance_data"", ""subcategory"": null}]","[""time series data""]","[{""category"": ""text"", ""subcategory"": null}, {""category"": ""bacterial_abundance_data"", ""subcategory"": null}]","['time seri data', 'subcategori null', 'categori bacterial_abundance_data', 'categori text']"
37207565,"[""audible serious illness communication"", ""virtual reality"", ""augmented reality""], [""audible"", ""virtual- and augmented reality"", ""videoconferences""]","[""audible serious illness communication"", ""virtual reality"", ""augmented reality""]","[""audible"", ""virtual- and augmented reality"", ""videoconferences""]","['audibl seriou ill commun', 'augment realiti', 'virtual and augment realiti', 'virtual realiti', 'videoconfer', 'audibl']"
37158946,"[""Salivary flow rates"", ""Dose-volume histograms""], [""Head and neck cancer""]","[""Salivary flow rates"", ""Dose-volume histograms""]","[""Head and neck cancer""]","['salivari flow rate', 'head and neck cancer', 'dosevolum histogram']"
37161168,,,"[""text""]",[]
37162823,"[""Structural MRI"", ""Diffusion tensor imaging"", ""Task and rest functional MRI""], [""structural MRI"", ""diffusion tensor imaging"", ""task and rest functional MRI""]","[""Structural MRI"", ""Diffusion tensor imaging"", ""Task and rest functional MRI""]","[""structural MRI"", ""diffusion tensor imaging"", ""task and rest functional MRI""]","['structur mri', 'diffus tensor imag', 'task and rest function mri']"
37163297,"[""Video"", ""Echocardiogram""], [""Video"", ""Images""]","[""Video"", ""Echocardiogram""]","[""Video"", ""Images""]","['echocardiogram', 'video', 'imag']"
37164024,"[""CT""], [""CT""]","[""CT""]","[""CT""]",['ct']
37164489,,,"[""text""]",[]
37166304,,"[""smartphone app"", ""questionnaires""]",,[]
37167750,"[""B-mode ultrasound"", ""contrast-enhanced ultrasound""], [""B-mode ultrasound"", ""Contrast-enhanced ultrasound""]","[""B-mode ultrasound"", ""contrast-enhanced ultrasound""]","[""B-mode ultrasound"", ""Contrast-enhanced ultrasound""]","['contrastenhanc ultrasound', 'bmode ultrasound']"
37169366,"[""PET""], [""positron emission tomography""]","[""PET""]","[""positron emission tomography""]","['positron emiss tomographi', 'pet']"
37170067,"[""Breath"", ""Visual stimuli""], [""Neuroimaging""]","[""Breath"", ""Visual stimuli""]","[""Neuroimaging""]","['visual stimuli', 'neuroimag', 'breath']"
37173594,,"[""Surgical""]",,[]
37177432,"[""Body mass index"", ""Diastolic and systolic blood pressure"", ""Fasting glucose"", ""Glycated hemoglobin"", ""Low-density lipoproteins"", ""High-density lipoproteins"", ""Total cholesterol"", ""Triglycerides""], [""Blood biomarkers"", ""ECG""]","[""Body mass index"", ""Diastolic and systolic blood pressure"", ""Fasting glucose"", ""Glycated hemoglobin"", ""Low-density lipoproteins"", ""High-density lipoproteins"", ""Total cholesterol"", ""Triglycerides""]","[""Blood biomarkers"", ""ECG""]","['triglycerid', 'diastol and systol blood pressur', 'total cholesterol', 'fast glucos', 'ecg', 'lowdens lipoprotein', 'glycat hemoglobin', 'highdens lipoprotein', 'blood biomark', 'bodi mass index']"
37178234,"[""Capnography""], [""capnography""]","[""Capnography""]","[""capnography""]",['capnographi']
37185650,"[""Electronic Health Records (EHRs)""], [""Text""]","[""Electronic Health Records (EHRs)""]","[""Text""]","['text', 'electron health record ehr']"
37186582,"[""Gene expression"", ""DNA methylation"", ""Genotyping""], [""Gene expression"", ""DNA methylation"", ""Genotyping""]","[""Gene expression"", ""DNA methylation"", ""Genotyping""]","[""Gene expression"", ""DNA methylation"", ""Genotyping""]","['genotyp', 'gene express', 'dna methyl']"
37187130,"[""Wearable sensor""], [""Sensor data"", ""Gait surface classification""]","[""Wearable sensor""]","[""Sensor data"", ""Gait surface classification""]","['wearabl sensor', 'gait surfac classif', 'sensor data']"
37189726,"[""FDG-PET"", ""Machine Learning""], [""FDG-PET""]","[""FDG-PET"", ""Machine Learning""]","[""FDG-PET""]","['machin learn', 'fdgpet']"
37192289,,"[""registry""]",,[]
37192786,"[""three-dimensional rotational angiography""], [""angiography"", ""three-dimensional rotational angiography""]","[""three-dimensional rotational angiography""]","[""angiography"", ""three-dimensional rotational angiography""]","['threedimension rotat angiographi', 'angiographi']"
37193803,"[""Photoacoustic spectroscopy""], [""Mid-infrared spectroscopy""]","[""Photoacoustic spectroscopy""]","[""Mid-infrared spectroscopy""]","['photoacoust spectroscopi', 'midinfrar spectroscopi']"
37197011,"[""Smartphone"", ""Artificial Intelligence""], [""Smartphone-based""]","[""Smartphone"", ""Artificial Intelligence""]","[""Smartphone-based""]","['artifici intellig', 'smartphon', 'smartphonebas']"
37198203,"[""Visual"", ""Neural""], [""visual"", ""calcium imaging""]","[""Visual"", ""Neural""]","[""visual"", ""calcium imaging""]","['neural', 'visual', 'calcium imag']"
37199779,"[""Heart rate"", ""Percent heart rate reserve"", ""Estimated minute ventilation"", ""Breathing frequency"", ""Work rate""], [""Heart Rate"", ""Respiratory Rate""]","[""Heart rate"", ""Percent heart rate reserve"", ""Estimated minute ventilation"", ""Breathing frequency"", ""Work rate""]","[""Heart Rate"", ""Respiratory Rate""]","['breath frequenc', 'heart rate', 'work rate', 'respiratori rate', 'estim minut ventil', 'percent heart rate reserv']"
37199873,"["" Hospital Resources""], [""Ward-level forecasting""]","["" Hospital Resources""]","[""Ward-level forecasting""]","['hospit resourc', 'wardlevel forecast']"
37202037,"[""Dietary intake"", ""Anthropometric measurements""], [""Food Frequency Questionnaire"", null]","[""Dietary intake"", ""Anthropometric measurements""]","[""Food Frequency Questionnaire"", null]","['food frequenc questionnair', 'anthropometr measur', 'null', 'dietari intak']"
37202113,"[""Intracranial""], [""Computed Tomography""]","[""Intracranial""]","[""Computed Tomography""]","['intracrani', 'comput tomographi']"
37203546,"[""standardised psychometric measures""], [""Digital cognitive behavioural therapy intervention""]","[""standardised psychometric measures""]","[""Digital cognitive behavioural therapy intervention""]","['standardis psychometr measur', 'digit cognit behaviour therapi intervent']"
37205528,"[""saliva"", ""blood""], [""saliva"", ""serum cytokines""]","[""saliva"", ""blood""]","[""saliva"", ""serum cytokines""]","['serum cytokin', 'saliva', 'blood']"
37207379,"[""Chest X-rays""], [""X-ray images""]","[""Chest X-rays""]","[""X-ray images""]","['xray imag', 'chest xray']"
37209758,"[""EEG""], [""EEG"", ""anesthesia""]","[""EEG""]","[""EEG"", ""anesthesia""]","['eeg', 'anesthesia']"
37210150,"[""Electronic health records"", ""Vital measurements""], [""EHR"", ""MIMIC-III dataset""]","[""Electronic health records"", ""Vital measurements""]","[""EHR"", ""MIMIC-III dataset""]","['mimiciii dataset', 'vital measur', 'ehr', 'electron health record']"
37210229,,"[""Text"", ""Image""]",,[]
37211142,"[""Text"", ""Image""], [""image"", ""text""]","[""Text"", ""Image""]","[""image"", ""text""]","['text', 'imag']"
37211455,"[""Text"", ""Image""], [""text""]","[""Text"", ""Image""]","[""text""]","['text', 'imag']"
37217768,"[""Ultrasound""], [""Micro-ultrasound""]","[""Ultrasound""]","[""Micro-ultrasound""]","['microultrasound', 'ultrasound']"
37218376,,,"[""image"", ""text""]",[]
37219403,"[""Arm"", ""Hand""], [""arm"", ""hand""]","[""Arm"", ""Hand""]","[""arm"", ""hand""]","['hand', 'arm']"
37219619,"[""MRI""], [""radiology"", ""rheumatology""]","[""MRI""]","[""radiology"", ""rheumatology""]","['radiolog', 'mri', 'rheumatolog']"
37222660,"[""Proteomics""], [""proteomics"", ""computational biology""]","[""Proteomics""]","[""proteomics"", ""computational biology""]","['proteom', 'comput biolog']"
37224994,"[""Voice""], [""Voice"", ""Text""]","[""Voice""]","[""Voice"", ""Text""]","['voic', 'text']"
37226006,"[""SPECT""], [""Planar Visual Grade"", ""Heart-to-Contralateral Ratio"", ""Quantitative Analysis of SPECT Imaging""]","[""SPECT""]","[""Planar Visual Grade"", ""Heart-to-Contralateral Ratio"", ""Quantitative Analysis of SPECT Imaging""]","['spect', 'hearttocontralater ratio', 'quantit analysi of spect imag', 'planar visual grade']"
37228387,"[""Microbiome profiles""], [""Microbiome"", ""Time series""]","[""Microbiome profiles""]","[""Microbiome"", ""Time series""]","['microbiom', 'time seri', 'microbiom profil']"
37231069,"[""MRI""], [""MRI""]","[""MRI""]","[""MRI""]",['mri']
37231073,"[""Laboratory results"", ""Clinical data""], [""Time-series"", ""Multimodal""]","[""Laboratory results"", ""Clinical data""]","[""Time-series"", ""Multimodal""]","['timeseri', 'laboratori result', 'multimod', 'clinic data']"
37231096,"[""genetics"", ""single-cell""], [""Text"", ""Image""]","[""genetics"", ""single-cell""]","[""Text"", ""Image""]","['text', 'genet', 'singlecel', 'imag']"
37233646,"[""H NMR spectroscopy"", ""Clinical measures""], [""blood""]","[""H NMR spectroscopy"", ""Clinical measures""]","[""blood""]","['h nmr spectroscopi', 'blood', 'clinic measur']"
37234042,"[""Structured data"", ""Clinical and geographical data sets""], [""Clinical data"", ""Geographical data""]","[""Structured data"", ""Clinical and geographical data sets""]","[""Clinical data"", ""Geographical data""]","['geograph data', 'clinic and geograph data set', 'structur data', 'clinic data']"
37237101,"[""Free text""], [""Text""]","[""Free text""]","[""Text""]","['text', 'free text']"
37238175,"[""Single-photon emission computed tomography (DAT-SPECT)"", ""Clinical features""], [""Single-photon emission computed tomography (DAT-SPECT) images"", ""Clinical features""]","[""Single-photon emission computed tomography (DAT-SPECT)"", ""Clinical features""]","[""Single-photon emission computed tomography (DAT-SPECT) images"", ""Clinical features""]","['singlephoton emiss comput tomographi datspect imag', 'singlephoton emiss comput tomographi datspect', 'clinic featur']"
37238180,"[""PET"", ""CT""], [""Computed Tomography (CT)"", ""Positron Emission Tomography (PET)""]","[""PET"", ""CT""]","[""Computed Tomography (CT)"", ""Positron Emission Tomography (PET)""]","['positron emiss tomographi pet', 'comput tomographi ct', 'ct', 'pet']"
37239203,"[""EEG""], [""High-density electroencephalography (EEG)"", ""Visuospatial performance""]","[""EEG""]","[""High-density electroencephalography (EEG)"", ""Visuospatial performance""]","['visuospati perform', 'eeg', 'highdens electroencephalographi eeg']"
37240971,"[""Verbal""], [""text""]","[""Verbal""]","[""text""]","['verbal', 'text']"
37243350,"[""Radiologic"", ""Clinical""], [""radiologic"", ""clinical""]","[""Radiologic"", ""Clinical""]","[""radiologic"", ""clinical""]","['radiolog', 'clinic']"
37246053,"[""Chest Computed Tomography""], [""CT scans""]","[""Chest Computed Tomography""]","[""CT scans""]","['ct scan', 'chest comput tomographi']"
37247186,"[""DNA Methylation""], DNA methylation data","[""DNA Methylation""]",DNA methylation data,"['dna methyl', 'dna methyl data']"
37252342,"[""RNA sequencing""], [""RNA""]","[""RNA sequencing""]","[""RNA""]","['rna sequenc', 'rna']"
37257456,"[""MR""], [""MRI"", ""MR Contrast""]","[""MR""]","[""MRI"", ""MR Contrast""]","['mri', 'mr', 'mr contrast']"
37257824,"[""Histopathology""], [""Histopathology"", ""Whole slide images""]","[""Histopathology""]","[""Histopathology"", ""Whole slide images""]","['whole slide imag', 'histopatholog']"
37257844,"[""gait"", ""posture"", ""speech""], [""speech"", ""gait"", ""posture""]","[""gait"", ""posture"", ""speech""]","[""speech"", ""gait"", ""posture""]","['speech', 'gait', 'postur']"
37263307,,,[],[]
37264564,"[""Computed Tomography""], [""CT"", ""MRI""]","[""Computed Tomography""]","[""CT"", ""MRI""]","['comput tomographi', 'ct', 'mri']"
37264917,"[""Computed Tomography"", ""Magnetic Resonance Imaging""], [""Computed Tomography"", ""Magnetic Resonance Imaging""]","[""Computed Tomography"", ""Magnetic Resonance Imaging""]","[""Computed Tomography"", ""Magnetic Resonance Imaging""]","['comput tomographi', 'magnet reson imag']"
37268414,"[""Pulmonary emphysema""], [""Imaging""]","[""Pulmonary emphysema""]","[""Imaging""]","['pulmonari emphysema', 'imag']"
37271958,,"[""Health Care Data""]",,[]
37273970,,,"[""Text"", ""Number""]",[]
37277740,"[""smartphone app""], [""Text""]","[""smartphone app""]","[""Text""]","['smartphon app', 'text']"
37286559,"[""Ultrasound""], [""ultrasound""]","[""Ultrasound""]","[""ultrasound""]",['ultrasound']
37287484,"[""Healthcare""], [""Clinical data"", ""Medical imaging""]","[""Healthcare""]","[""Clinical data"", ""Medical imaging""]","['medic imag', 'healthcar', 'clinic data']"
37287542,"[""CT""], [""Computed Tomography""]","[""CT""]","[""Computed Tomography""]","['comput tomographi', 'ct']"
37291713,"[""unsupervised machine learning clustering algorithm""], [""donor characteristics""]","[""unsupervised machine learning clustering algorithm""]","[""donor characteristics""]","['unsupervis machin learn cluster algorithm', 'donor characterist']"
37292380,"[""Demographic"", ""Medical history"", ""Adverse exposures""], []","[""Demographic"", ""Medical history"", ""Adverse exposures""]",[],"['', 'demograph', 'medic histori', 'advers exposur']"
37292770,"[""image"", ""quantitative""], [""Medical Images"", ""Medical Text Reports""]","[""image"", ""quantitative""]","[""Medical Images"", ""Medical Text Reports""]","['medic text report', 'medic imag', 'quantit', 'imag']"
37294539,"[""Exercise"", ""Glucose""], [""exercise""]","[""Exercise"", ""Glucose""]","[""exercise""]","['glucos', 'exercis']"
37294610,"[""Text""], [{""Type"": ""online support groups"", ""Modality"": ""text""}]","[""Text""]","[{""Type"": ""online support groups"", ""Modality"": ""text""}]","['text', 'modal text', 'type onlin support group']"
37296806,"[""Radiology"", ""Cardiology"", ""Surgery"", ""Physiology"", ""Biomedical Engineering""], [{""ForeName"": ""Jasjit S"", ""Initials"": ""JS"", ""LastName"": ""Suri""}, {""ForeName"": ""Inder M"", ""Initials"": ""IM"", ""LastName"": ""Singh""}]","[""Radiology"", ""Cardiology"", ""Surgery"", ""Physiology"", ""Biomedical Engineering""]","[{""ForeName"": ""Jasjit S"", ""Initials"": ""JS"", ""LastName"": ""Suri""}, {""ForeName"": ""Inder M"", ""Initials"": ""IM"", ""LastName"": ""Singh""}]","['radiolog', 'surgeri', 'biomed engin', 'physiolog', 'cardiolog', 'initi im', 'lastnam singh', 'forenam jasjit s', 'lastnam suri', 'initi js', 'forenam inder m']"
37304014,"[""Structural magnetic resonance imaging""], [""structural magnetic resonance imaging""]","[""Structural magnetic resonance imaging""]","[""structural magnetic resonance imaging""]",['structur magnet reson imag']
37305516,"[""Brain Signals"", ""Rabi Antenna""], [""human brain behavior and activity""]","[""Brain Signals"", ""Rabi Antenna""]","[""human brain behavior and activity""]","['brain signal', 'human brain behavior and activ', 'rabi antenna']"
37308534,"[""Proteomic""], [""Text""]","[""Proteomic""]","[""Text""]","['text', 'proteom']"
37313631,,"[""TEXT""]",,[]
37329212,"[""microflow"", ""clinical""], [""Blood""]","[""microflow"", ""clinical""]","[""Blood""]","['blood', 'clinic', 'microflow']"
37314985,"[""Fluorescence quenching""], [""immunoglobulin antibodies"", ""virus nucleocapsid protein""]","[""Fluorescence quenching""]","[""immunoglobulin antibodies"", ""virus nucleocapsid protein""]","['immunoglobulin antibodi', 'viru nucleocapsid protein', 'fluoresc quench']"
37315499,"[""Musculoskeletal pain"", ""Cold-pressure test""], [""Pressure pain thresholds"", ""Cold water test""]","[""Musculoskeletal pain"", ""Cold-pressure test""]","[""Pressure pain thresholds"", ""Cold water test""]","['pressur pain threshold', 'cold water test', 'coldpressur test', 'musculoskelet pain']"
37322132,"[""Biomedical"", ""Health""], [""cancer image platform linked to biological and health data""]","[""Biomedical"", ""Health""]","[""cancer image platform linked to biological and health data""]","['health', 'cancer imag platform link to biolog and health data', 'biomed']"
37322550,,"[""Cognitive assessment""]",,[]
37323123,"[""Functional Magnetic Resonance Imaging""], [""fMRI images""]","[""Functional Magnetic Resonance Imaging""]","[""fMRI images""]","['function magnet reson imag', 'fmri imag']"
37323348,"[""Text""], [""Text""]","[""Text""]","[""Text""]",['text']
37326960,,,"[""Multilayer Perceptron"", ""Random Forest""]",[]
37330052,,,"[{""Tags"": [""Department of Urologic Sciences, Vancouver Prostate Centre, University of British Columbia, Vancouver, Canada""], ""Modality"": ""Text""}, {""Tags"": [""Michael Smith Genome Sciences Centre, BC Cancer, Vancouver, Canada""], ""Modality"": ""Image""}]",[]
37332645,"[""Imaging"", ""Biospecimen"", ""Clinical""], [{""modalities"": [""clinical"", ""imaging"", ""biospecimen""]}, {""modalities"": [""text""]}]","[""Imaging"", ""Biospecimen"", ""Clinical""]","[{""modalities"": [""clinical"", ""imaging"", ""biospecimen""]}, {""modalities"": [""text""]}]","['modal text', 'clinic', 'modal clinic', 'biospecimen', 'imag']"
37334615,"[""verbatim responses""], [{""name"": ""Verbatim responses""}]","[""verbatim responses""]","[{""name"": ""Verbatim responses""}]","['verbatim respons', 'name verbatim respons']"
37339175,"[""Clinical"", ""Cardiovascular magnetic resonance imaging""], [""Cardiovascular Magnetic Resonance Imaging"", ""Electronic Health Record""]","[""Clinical"", ""Cardiovascular magnetic resonance imaging""]","[""Cardiovascular Magnetic Resonance Imaging"", ""Electronic Health Record""]","['clinic', 'cardiovascular magnet reson imag', 'electron health record']"
37339200,"[""EEG"", ""Polysomnography""], [""polysomnography"", ""stereoelectroencephalography""]","[""EEG"", ""Polysomnography""]","[""polysomnography"", ""stereoelectroencephalography""]","['polysomnographi', 'stereoelectroencephalographi', 'eeg']"
37343696,,"[""Proteomic Dynamics""]",,[]
37352806,"[""Electrocardiogram"", ""Respiration"", ""Photoplethysmography"", ""Galvanic Skin Response""], [""electrocardiogram"", ""respiration"", ""photoplethysmography"", ""galvanic skin response""]","[""Electrocardiogram"", ""Respiration"", ""Photoplethysmography"", ""Galvanic Skin Response""]","[""electrocardiogram"", ""respiration"", ""photoplethysmography"", ""galvanic skin response""]","['photoplethysmographi', 'electrocardiogram', 'galvan skin respons', 'respir']"
37344804,,,"[""Endotoxin levels"", ""Clinical outcomes""]",[]
37345819,,,"[""Blood Urea Nitrogen"", ""Oxygen Saturation"", ""Systolic Blood Pressure""]",[]
37346816,"[""Photoplethysmography""], [""photoplethysmography (PPG)""]","[""Photoplethysmography""]","[""photoplethysmography (PPG)""]","['photoplethysmographi', 'photoplethysmographi ppg']"
37350279,"[""Image""], [""image""]","[""Image""]","[""image""]",['imag']
37355674,"[""Protein-protein interaction""], [""Transcriptomes"", ""Proteomes""]","[""Protein-protein interaction""]","[""Transcriptomes"", ""Proteomes""]","['proteinprotein interact', 'proteom', 'transcriptom']"
37357974,"[""Imaging""], [""Hippocampal volume"", ""SNIPE grading""]","[""Imaging""]","[""Hippocampal volume"", ""SNIPE grading""]","['snipe grade', 'hippocamp volum', 'imag']"
37358938,"[""T1w contrast-enhanced MRI""], [""MRI"", ""follow-up MRI""]","[""T1w contrast-enhanced MRI""]","[""MRI"", ""follow-up MRI""]","['mri', 't1w contrastenhanc mri', 'followup mri']"
37365266,"[""US"", ""CEUS""], [""US"", ""CEUS""]","[""US"", ""CEUS""]","[""US"", ""CEUS""]","['us', 'ceu']"
37365652,,,,[]
37371150,"[""rcSO2"", ""SpO2""], [""Cerebral NIRS signal"", ""SpO2""]","[""rcSO2"", ""SpO2""]","[""Cerebral NIRS signal"", ""SpO2""]","['spo2', 'rcso2', 'cerebr nir signal']"
37377405,"[""PET""], [""Weather"", ""Image""]","[""PET""]","[""Weather"", ""Image""]","['imag', 'weather', 'pet']"
37377859,"[""NCCT"", ""DWI"", ""FLAIR""], [""NCCT"", ""DWI"", ""FLAIR""]","[""NCCT"", ""DWI"", ""FLAIR""]","[""NCCT"", ""DWI"", ""FLAIR""]","['dwi', 'flair', 'ncct']"
37377903,,,"[""Image"", ""Text""]",[]
37380110,"[""psychological"", ""non-psychological""], [""psychological scales"", ""socioeconomic"", ""environmental"", ""health"", ""lifestyle"", ""cognitive function"", ""personality""]","[""psychological"", ""non-psychological""]","[""psychological scales"", ""socioeconomic"", ""environmental"", ""health"", ""lifestyle"", ""cognitive function"", ""personality""]","['environment', 'health', 'person', 'psycholog scale', 'lifestyl', 'cognit function', 'nonpsycholog', 'psycholog', 'socioeconom']"
37384382,"[""Text"", ""API""], [""text"", ""image""]","[""Text"", ""API""]","[""text"", ""image""]","['text', 'api', 'imag']"
37385392,,"[null, null]",,[]
37386246,"[""ECG""], [""ECG""]","[""ECG""]","[""ECG""]",['ecg']
37386964,"[], [""self-rated health""]",[],"[""self-rated health""]","['', 'selfrat health']"
37389890,,"[""Medical"", ""Surgical""]",,[]
37391321,"[""computed tomography""], [""Computed tomography"", ""Digital reconstruction""]","[""computed tomography""]","[""Computed tomography"", ""Digital reconstruction""]","['comput tomographi', 'digit reconstruct']"
37391692,"[""Neuroimaging"", ""Genetic""], [""Imaging"", ""Genetic""]","[""Neuroimaging"", ""Genetic""]","[""Imaging"", ""Genetic""]","['genet', 'neuroimag', 'imag']"
37396030,,,,[]
37396600,"[""MRI"", ""CT Scan""], [""Images"", ""Videos""]","[""MRI"", ""CT Scan""]","[""Images"", ""Videos""]","['mri', 'imag', 'video', 'ct scan']"
37397861,"[""Medical""], [""Images"", ""Clinical Data""]","[""Medical""]","[""Images"", ""Clinical Data""]","['medic', 'clinic data', 'imag']"
37400574,"[""Diffusion Tensor Imaging"", ""T1-Weighted Imaging""], [""diffusion tensor imaging"", ""T1-weighted imaging""]","[""Diffusion Tensor Imaging"", ""T1-Weighted Imaging""]","[""diffusion tensor imaging"", ""T1-weighted imaging""]","['t1weight imag', 'diffus tensor imag']"
37400746,"[""Inertial Measurement Unit (IMU)"", ""Optoelectronic system""], [""Inertial Measurement Unit (IMU)"", ""Optoelectronic System""]","[""Inertial Measurement Unit (IMU)"", ""Optoelectronic system""]","[""Inertial Measurement Unit (IMU)"", ""Optoelectronic System""]","['optoelectron system', 'inerti measur unit imu']"
37403567,"[""Digital pathology images""], [""image"", ""text""]","[""Digital pathology images""]","[""image"", ""text""]","['text', 'digit patholog imag', 'imag']"
37410009,"[""computed tomographic angiography""], [""CT""]","[""computed tomographic angiography""]","[""CT""]","['comput tomograph angiographi', 'ct']"
37414359,"[""text""], [""text""]","[""text""]","[""text""]",['text']
37414927,"[""fMRI""], [""fMRI"", ""EEG""]","[""fMRI""]","[""fMRI"", ""EEG""]","['fmri', 'eeg']"
37418109,"[""Chest CT scans""], [""CT scans"", ""Image-based""]","[""Chest CT scans""]","[""CT scans"", ""Image-based""]","['imagebas', 'ct scan', 'chest ct scan']"
37419881,"[""Neural"", ""Surface EMG""], [""EMG"", ""vision""]","[""Neural"", ""Surface EMG""]","[""EMG"", ""vision""]","['vision', 'surfac emg', 'neural', 'emg']"
37420758,"[""One-dimensional (1D) Convolutional Neural Network (CNN) classification models"", ""Tissue hemodynamic responses""], [""Breathing Patterns"", ""Tissue Hemodynamic Responses""]","[""One-dimensional (1D) Convolutional Neural Network (CNN) classification models"", ""Tissue hemodynamic responses""]","[""Breathing Patterns"", ""Tissue Hemodynamic Responses""]","['tissu hemodynam respons', 'onedimension 1d convolut neural network cnn classif model', 'breath pattern']"
37420778,"[""Physiological"", ""Visual""], [""Electrodermal Activity"", ""Electrocardiogram""]","[""Physiological"", ""Visual""]","[""Electrodermal Activity"", ""Electrocardiogram""]","['physiolog', 'electroderm activ', 'electrocardiogram', 'visual']"
37420927,"[""Optical"", ""Imaging""], [""optical"", ""breast imaging""]","[""Optical"", ""Imaging""]","[""optical"", ""breast imaging""]","['imag', 'breast imag', 'optic']"
37421974,"[""CT Imaging""], [""CT imaging"", ""spirometry""]","[""CT Imaging""]","[""CT imaging"", ""spirometry""]","['ct imag', 'spirometri']"
37422576,"[""CT scans""], [""CT scans""]","[""CT scans""]","[""CT scans""]",['ct scan']
37428478,,"[""General Internal Medicine"", ""Li Ka Shing Knowledge Institute"", ""St Michael's Hospital"", ""Unity Health Toronto""]",,[]
37428780,"[""pet demographic"", ""clinical data""], [""Ordinal Logistic Regression"", ""Mixed Logistic Regression"", ""Lasso Logistic Regression""]","[""pet demographic"", ""clinical data""]","[""Ordinal Logistic Regression"", ""Mixed Logistic Regression"", ""Lasso Logistic Regression""]","['lasso logist regress', 'clinic data', 'pet demograph', 'mix logist regress', 'ordin logist regress']"
37430838,"[""Sensor Data""], [""Wearable Sensor""]","[""Sensor Data""]","[""Wearable Sensor""]","['wearabl sensor', 'sensor data']"
37431995,"[""Sequences"", ""Text""], [""Peptides"", ""Escherichia coli""]","[""Sequences"", ""Text""]","[""Peptides"", ""Escherichia coli""]","['text', 'sequenc', 'peptid', 'escherichia coli']"
37432728,,,[],[]
37433439,"[""Medical Imaging"", ""EHR""], [""Text"", ""Electronic Medical Records""]","[""Medical Imaging"", ""EHR""]","[""Text"", ""Electronic Medical Records""]","['electron medic record', 'text', 'medic imag', 'ehr']"
37434131,,,"[""Genomic"", ""Microbial""]",[]
37440630,"[""Computer vision"", ""Medical image analysis"", ""Haptics"", ""Navigation"", ""Precise manipulation""], [""Medical Image Analysis"", ""Machine Learning (ML)"", ""Computer Vision""]","[""Computer vision"", ""Medical image analysis"", ""Haptics"", ""Navigation"", ""Precise manipulation""]","[""Medical Image Analysis"", ""Machine Learning (ML)"", ""Computer Vision""]","['navig', 'haptic', 'machin learn ml', 'comput vision', 'medic imag analysi', 'precis manipul']"
37441799,"[""Virtual Reality""], [""text"", ""3D data""]","[""Virtual Reality""]","[""text"", ""3D data""]","['text', 'virtual realiti', '3d data']"
37442671,"[""Lateral spine images""], [""Imaging""]","[""Lateral spine images""]","[""Imaging""]","['imag', 'later spine imag']"
37454499,"[""Demographic"", ""Clinical""], [""age"", ""sex"", ""reason for performing test"", ""medications"", ""blood pressure"", ""heart rate"", ""resting electrocardiogram""]","[""Demographic"", ""Clinical""]","[""age"", ""sex"", ""reason for performing test"", ""medications"", ""blood pressure"", ""heart rate"", ""resting electrocardiogram""]","['medic', 'heart rate', 'rest electrocardiogram', 'demograph', 'clinic', 'reason for perform test', 'sex', 'blood pressur', 'age']"
37454952,"[""Medical""], [""Image"", ""Text""]","[""Medical""]","[""Image"", ""Text""]","['medic', 'text', 'imag']"
37455354,"[""EEG"", ""MRI""], [""EEG"", ""MRI""]","[""EEG"", ""MRI""]","[""EEG"", ""MRI""]","['mri', 'eeg']"
37459715,"[""Magnetic Resonance Imaging""], [""MRI""]","[""Magnetic Resonance Imaging""]","[""MRI""]","['mri', 'magnet reson imag']"
37463063,"[""gene expression""], [""gene expression""]","[""gene expression""]","[""gene expression""]",['gene express']
37463773,,,"[""diabetic retinopathy"", ""ophthalmologic education"", ""fungal keratitis detection"", ""paediatric cataract diagnosis""]",[]
37465748,"[""Medical imaging"", ""ECGs"", ""Diagnostic imaging"", ""Dermatologic findings""], [""ECGs"", ""Diagnostic imaging"", ""Dermatologic findings""]","[""Medical imaging"", ""ECGs"", ""Diagnostic imaging"", ""Dermatologic findings""]","[""ECGs"", ""Diagnostic imaging"", ""Dermatologic findings""]","['ecg', 'dermatolog find', 'medic imag', 'diagnost imag']"
37468182,"[""RNA Sequences""], [""Website""]","[""RNA Sequences""]","[""Website""]","['rna sequenc', 'websit']"
37473589,"[""Positron Emission Tomography (PET)"", ""Computed Tomography (CT)""], [""PET"", ""CT""]","[""Positron Emission Tomography (PET)"", ""Computed Tomography (CT)""]","[""PET"", ""CT""]","['positron emiss tomographi pet', 'ct', 'pet', 'comput tomographi ct']"
37473656,"[""growth measures""], [""Growth trajectories""]","[""growth measures""]","[""Growth trajectories""]","['growth trajectori', 'growth measur']"
37476415,"[""Microarray""], [""Gene Expression Omnibus (GEO)""]","[""Microarray""]","[""Gene Expression Omnibus (GEO)""]","['gene express omnibu geo', 'microarray']"
37488168,,,"[""Immunoglobulin genes""]",[]
37491804,,"[""Text""]",,[]
37492678,"[""Chest radiographs""], [""radiographs"", ""numerical information""]","[""Chest radiographs""]","[""radiographs"", ""numerical information""]","['numer inform', 'chest radiograph', 'radiograph']"
37804954,,,[],[]
37494602,"[""Genetic"", ""Expression""], [{""count"": 1, ""modality"": ""text""}, {""count"": null, ""modality"": ""image""}]","[""Genetic"", ""Expression""]","[{""count"": 1, ""modality"": ""text""}, {""count"": null, ""modality"": ""image""}]","['count null', 'genet', 'express', 'modal text', 'count 1', 'modal imag']"
37501197,"[""Computed Tomography""], [""medical imaging""]","[""Computed Tomography""]","[""medical imaging""]","['comput tomographi', 'medic imag']"
37503015,"[""Neural population recordings""], [""monkey"", ""mouse"", ""human motor cortex"", ""mouse striatum""]","[""Neural population recordings""]","[""monkey"", ""mouse"", ""human motor cortex"", ""mouse striatum""]","['monkey', 'human motor cortex', 'mous', 'neural popul record', 'mous striatum']"
37507558,"[""Administrative data"", ""ICD10 codes""], [""Text""]","[""Administrative data"", ""ICD10 codes""]","[""Text""]","['text', 'icd10 code', 'administr data']"
37507581,"[""MRI"", ""Quantum""], [{""Modality Name"": ""CE-T1"", ""Modality Type"": ""MRI""}]","[""MRI"", ""Quantum""]","[{""Modality Name"": ""CE-T1"", ""Modality Type"": ""MRI""}]","['mri', 'modal name cet1', 'quantum', 'modal type mri']"
37509214,"[""SPECT/CT""], [""SPECT/CT""]","[""SPECT/CT""]","[""SPECT/CT""]",['spectct']
37510865,,,"[{""Modality"": null}, {""Modality"": null}, {""Modality"": null}, {""Modality"": null}, {""Modality"": null}]",[]
37514736,"[""Sensor""], [""Sensory data""]","[""Sensor""]","[""Sensory data""]","['sensor', 'sensori data']"
37516693,"[""video""], [{""count"": null, ""modality"": ""image""}, {""count"": null, ""modality"": ""text""}]","[""video""]","[{""count"": null, ""modality"": ""image""}, {""count"": null, ""modality"": ""text""}]","['count null', 'modal text', 'modal imag', 'video']"
37516990,"[""Speech""], [""Speech""]","[""Speech""]","[""Speech""]",['speech']
37517600,"[""Magnetic Resonance Imaging"", ""Radiation Therapy""], [""magnetic resonance imaging"", ""radiation oncology""]","[""Magnetic Resonance Imaging"", ""Radiation Therapy""]","[""magnetic resonance imaging"", ""radiation oncology""]","['radiat therapi', 'radiat oncolog', 'magnet reson imag']"
37522430,"[], [""Time-varying variables""]",[],"[""Time-varying variables""]","['', 'timevari variabl']"
37523890,"[""subjective"", ""objective"", ""clinical""], [""subjective mood state/anhedonia"", ""neurovegetative symptoms""]","[""subjective"", ""objective"", ""clinical""]","[""subjective mood state/anhedonia"", ""neurovegetative symptoms""]","['subject mood stateanhedonia', 'clinic', 'subject', 'neuroveget symptom', 'object']"
37532986,,[],,[]
37535591,"[""Fundus images""], [""Images""]","[""Fundus images""]","[""Images""]","['fundu imag', 'imag']"
37536152,"[""electronic health records"", ""vital statistics data""], [""Electronic health records""]","[""electronic health records"", ""vital statistics data""]","[""Electronic health records""]","['vital statist data', 'electron health record']"
37537362,"[""CT scans"", ""Mass spectrometry imaging""], [""Imaging"", ""Mass Spectrometry""]","[""CT scans"", ""Mass spectrometry imaging""]","[""Imaging"", ""Mass Spectrometry""]","['mass spectrometri', 'ct scan', 'mass spectrometri imag', 'imag']"
37542101,"[""EEG""], [""EEG""]","[""EEG""]","[""EEG""]",['eeg']
37543994,,"[""Medical""]",,[]
37544502,"[""CT"", ""MRI"", ""Histopathology""], [""Pathology Informatics"", ""Surgical Oncology""]","[""CT"", ""MRI"", ""Histopathology""]","[""Pathology Informatics"", ""Surgical Oncology""]","['mri', 'histopatholog', 'surgic oncolog', 'patholog informat', 'ct']"
37544983,"[""Mammographic""], []","[""Mammographic""]",[],"['', 'mammograph']"
37545768,,[],,[]
37546315,"[""Wearable sensor-enabled 6-min walk test (6MWT)"", ""Comprehensive geriatric assessment (CGA)""], [""gait"", ""cognitive""]","[""Wearable sensor-enabled 6-min walk test (6MWT)"", ""Comprehensive geriatric assessment (CGA)""]","[""gait"", ""cognitive""]","['cognit', 'gait', 'wearabl sensoren 6min walk test 6mwt', 'comprehens geriatr assess cga']"
37550531,,,,[]
37555143,"[""Diffusion MRI""], [""DWI"", ""T1-weighted""]","[""Diffusion MRI""]","[""DWI"", ""T1-weighted""]","['dwi', 't1weight', 'diffus mri']"
37555156,"[""T1-weighted"", ""T2-weighted fluid-attenuated inversion recovery""], [""MRI""]","[""T1-weighted"", ""T2-weighted fluid-attenuated inversion recovery""]","[""MRI""]","['t2weight fluidattenu invers recoveri', 't1weight', 'mri']"
37555513,"[""Electronic Medical Record Data""], [""electronic medical record"", ""COPD""]","[""Electronic Medical Record Data""]","[""electronic medical record"", ""COPD""]","['electron medic record data', 'electron medic record', 'copd']"
37556769,"[""chemical structures (fingerprints)"", ""hepatotoxicity information""], [""chemical structures"", ""fingerprints""]","[""chemical structures (fingerprints)"", ""hepatotoxicity information""]","[""chemical structures"", ""fingerprints""]","['chemic structur', 'chemic structur fingerprint', 'fingerprint', 'hepatotox inform']"
37558674,,,,[]
37559105,,,,[]
37564037,"[""Clinical"", ""Demographic"", ""Genetic""], []","[""Clinical"", ""Demographic"", ""Genetic""]",[],"['', 'demograph', 'clinic', 'genet']"
37568646,"[""CT scans""], [""CT scans"", ""Clinical variables""]","[""CT scans""]","[""CT scans"", ""Clinical variables""]","['clinic variabl', 'ct scan']"
37572657,,,"[""Medical"", ""Oncology""]",[]
37573418,"[""nervous system"", ""lumbar spinal tissue"", ""psychosocial factors""], [""nervous system"", ""lumbar spinal tissue"", ""psychosocial factors""]","[""nervous system"", ""lumbar spinal tissue"", ""psychosocial factors""]","[""nervous system"", ""lumbar spinal tissue"", ""psychosocial factors""]","['nervou system', 'psychosoci factor', 'lumbar spinal tissu']"
37573646,"[""T1-weighted"", ""R2*"", ""FLAIR""], [""T1-weighted"", ""R2*"", ""FLAIR""]","[""T1-weighted"", ""R2*"", ""FLAIR""]","[""T1-weighted"", ""R2*"", ""FLAIR""]","['t1weight', 'flair', 'r2']"
37574164,,,,[]
37574600,"[""intrasnal""], [""Text"", ""Image""]","[""intrasnal""]","[""Text"", ""Image""]","['text', 'imag', 'intrasn']"
37579523,"[""SPECT images"", ""DAT-SPECT images""], [""SPECT images""]","[""SPECT images"", ""DAT-SPECT images""]","[""SPECT images""]","['spect imag', 'datspect imag']"
37580407,"[""clinical test scores"", ""cerebrospinal fluid biomarkers"", ""brain volumes"", ""genetic variants""], [""Clinical test scores"", ""Cerebrospinal fluid biomarkers"", ""Brain volumes"", ""Genetic variants""]","[""clinical test scores"", ""cerebrospinal fluid biomarkers"", ""brain volumes"", ""genetic variants""]","[""Clinical test scores"", ""Cerebrospinal fluid biomarkers"", ""Brain volumes"", ""Genetic variants""]","['clinic test score', 'cerebrospin fluid biomark', 'brain volum', 'genet variant']"
37580751,"[""arm motor function""], [""Visual data""]","[""arm motor function""]","[""Visual data""]","['arm motor function', 'visual data']"
37582371,"[""Histopathology""], [""image"", ""text""]","[""Histopathology""]","[""image"", ""text""]","['text', 'histopatholog', 'imag']"
37582731,"[""Histologic"", ""Imaging""], [""Hematoxylin and eosin (HE)-stained normal breast biopsy specimens""]","[""Histologic"", ""Imaging""]","[""Hematoxylin and eosin (HE)-stained normal breast biopsy specimens""]","['hematoxylin and eosin hestain normal breast biopsi specimen', 'histolog', 'imag']"
37582862,"[""MRIs""], [""T2-weighted images"", ""Segmented MRIs""]","[""MRIs""]","[""T2-weighted images"", ""Segmented MRIs""]","['segment mri', 'mri', 't2weight imag']"
37582966,"[""low-frequency electromagnetic fields"", ""metasurface"", ""X-ray mammography""], [""Electromagnetic fields"", ""Metasurface""]","[""low-frequency electromagnetic fields"", ""metasurface"", ""X-ray mammography""]","[""Electromagnetic fields"", ""Metasurface""]","['lowfrequ electromagnet field', 'xray mammographi', 'metasurfac', 'electromagnet field']"
37584559,"[""Text""], [""text""]","[""Text""]","[""text""]",['text']
37589944,"[""text""], [""text""]","[""text""]","[""text""]",['text']
37591010,,"[""Administrative health data""]",,[]
37594523,"[""MRI"", ""CT""], [""MRI""]","[""MRI"", ""CT""]","[""MRI""]","['mri', 'ct']"
37594786,"[""Ultrasonography"", ""Diuretic renogram""], [""Ultrasonography"", ""Diuretic renogram""]","[""Ultrasonography"", ""Diuretic renogram""]","[""Ultrasonography"", ""Diuretic renogram""]","['ultrasonographi', 'diuret renogram']"
37595684,"[""Imaging""], {""0"": null, ""1"": null}","[""Imaging""]","{""0"": null, ""1"": null}","['0 null', '1 null', 'imag']"
37598472,"[""3D shape interpolation"", ""CFD simulation""], [""3D shape interpolation"", ""CFD simulation""]","[""3D shape interpolation"", ""CFD simulation""]","[""3D shape interpolation"", ""CFD simulation""]","['cfd simul', '3d shape interpol']"
37607340,"[""Plasma""], [""microRNA""]","[""Plasma""]","[""microRNA""]","['microrna', 'plasma']"
37607796,,"[""Administrative health data""]",,[]
37608251,"[""Neuroimaging""], [""neuroimaging""]","[""Neuroimaging""]","[""neuroimaging""]",['neuroimag']
37608469,,,"[""Serum Metabolites""]",[]
37612309,"[""Image"", ""Photograph""], [""Image""]","[""Image"", ""Photograph""]","[""Image""]","['photograph', 'imag']"
37612646,,,"[""Vital signs, physical examination""]",[]
37614303,"[""blood mononuclear cell"", ""RNA-Seq""], [""text""]","[""blood mononuclear cell"", ""RNA-Seq""]","[""text""]","['text', 'rnaseq', 'blood mononuclear cell']"
37615058,"[""video""], [""Video"", ""Motion Tracking""]","[""video""]","[""Video"", ""Motion Tracking""]","['video', 'motion track']"
37616228,,,"[""Text"", ""NlmCategory""]",[]
37616243,"[""Magnetic Resonance Imaging""], [""FLAIR-weighted"", ""3D FLAIR-weighted""]","[""Magnetic Resonance Imaging""]","[""FLAIR-weighted"", ""3D FLAIR-weighted""]","['flairweight', '3d flairweight', 'magnet reson imag']"
37620051,"[""Medical Imaging"", ""Nuclear Medicine""], [""Medical Imaging"", ""Nuclear Medicine""]","[""Medical Imaging"", ""Nuclear Medicine""]","[""Medical Imaging"", ""Nuclear Medicine""]","['medic imag', 'nuclear medicin']"
37624384,"[""MR"", ""PET"", ""Nuclear Medicine"", ""Radiology""], [{""Modality"": ""PET"", ""Description"": null}, {""Modality"": ""Nuclear Medicine"", ""Description"": null}]","[""MR"", ""PET"", ""Nuclear Medicine"", ""Radiology""]","[{""Modality"": ""PET"", ""Description"": null}, {""Modality"": ""Nuclear Medicine"", ""Description"": null}]","['radiolog', 'nuclear medicin', 'descript null', 'mr', 'modal nuclear medicin', 'pet', 'modal pet']"
37625418,"[""Magnetic Resonance Imaging (MRI)"", ""Positron Emission Tomography (PET)""], [""Magnetic Resonance Imaging (MRI)"", ""Positron Emission Tomography (PET)""]","[""Magnetic Resonance Imaging (MRI)"", ""Positron Emission Tomography (PET)""]","[""Magnetic Resonance Imaging (MRI)"", ""Positron Emission Tomography (PET)""]","['positron emiss tomographi pet', 'magnet reson imag mri']"
37629214,,,"[""text""]",[]
37634621,"[""Text"", ""Multimodal""], []","[""Text"", ""Multimodal""]",[],"['multimod', 'text', '']"
37634658,"[""Gait"", ""Motor tasks""], [""Motor"", ""Cognitive""]","[""Gait"", ""Motor tasks""]","[""Motor"", ""Cognitive""]","['motor task', 'gait', 'motor', 'cognit']"
37635181,"[""NIRS"", ""ICP""], [""intracranial pressure"", ""rSO2-based""]","[""NIRS"", ""ICP""]","[""intracranial pressure"", ""rSO2-based""]","['icp', 'intracrani pressur', 'rso2bas', 'nir']"
37639620,"[""Electronic Health Records (EHR)""], [""Text"", ""Numeric""]","[""Electronic Health Records (EHR)""]","[""Text"", ""Numeric""]","['text', 'electron health record ehr', 'numer']"
37639641,"[""computed tomography imaging""], [""Image"", ""Geometry""]","[""computed tomography imaging""]","[""Image"", ""Geometry""]","['geometri', 'comput tomographi imag', 'imag']"
37641619,"[""Registry Data"", ""Machine Learning Methods""], [""annualized relapse rates"", ""time to first relapse""]","[""Registry Data"", ""Machine Learning Methods""]","[""annualized relapse rates"", ""time to first relapse""]","['time to first relaps', 'annual relaps rate', 'registri data', 'machin learn method']"
37644372,"[""Vaginal""], [""qPCR assay"", ""Microbiological Data""]","[""Vaginal""]","[""qPCR assay"", ""Microbiological Data""]","['vagin', 'qpcr assay', 'microbiolog data']"
37645200,"[""Medical"", ""Cardiovascular""], [""data sharing platforms""]","[""Medical"", ""Cardiovascular""]","[""data sharing platforms""]","['medic', 'cardiovascular', 'data share platform']"
37651262,,"[""Intensive Care Unit""]",,[]
37654790,,"[""transcriptome""]",,[]
37655432,"[""Histology""], [""Histology Images""]","[""Histology""]","[""Histology Images""]","['histolog', 'histolog imag']"
37658409,,"[""Administrative data"", ""Electronic medical records (EMR) free text data""]",,[]
37658890,"[""MRI"", ""Ultrasound""], [""MRI"", ""Ultrasound""]","[""MRI"", ""Ultrasound""]","[""MRI"", ""Ultrasound""]","['mri', 'ultrasound']"
37658963,"[""Clinical Notes""], [""Text""]","[""Clinical Notes""]","[""Text""]","['text', 'clinic note']"
37659911,"[""Raw dataset""], [""feed intake"", ""growth"", ""environmental impact""]","[""Raw dataset""]","[""feed intake"", ""growth"", ""environmental impact""]","['environment impact', 'raw dataset', 'feed intak', 'growth']"
37659991,,,"[""Bayesian regression modeling"", ""Accelerated failure time modeling""]",[]
37661875,"[""Image"", ""Audio""], [""Image"", ""Audio""]","[""Image"", ""Audio""]","[""Image"", ""Audio""]","['audio', 'imag']"
37662586,"[""Computed Tomography"", ""Electrocardiogram""], [""electrocardiogram-gated multiphase computed tomography"", ""intra-luminal thrombus thickness""]","[""Computed Tomography"", ""Electrocardiogram""]","[""electrocardiogram-gated multiphase computed tomography"", ""intra-luminal thrombus thickness""]","['comput tomographi', 'intralumin thrombu thick', 'electrocardiogramg multiphas comput tomographi', 'electrocardiogram']"
37665382,"[""Functional magnetic resonance imaging""], [""fMRI data""]","[""Functional magnetic resonance imaging""]","[""fMRI data""]","['function magnet reson imag', 'fmri data']"
37665551,"[""ECG""], [""Electrocardiogram""]","[""ECG""]","[""Electrocardiogram""]","['ecg', 'electrocardiogram']"
37666072,"[""MRI""], [""MRI""]","[""MRI""]","[""MRI""]",['mri']
37666535,,,,[]
37669321,"[""Genomics"", ""Transcriptomics"", ""Methylomics""], [""genomics"", ""transcriptomics"", ""methylomics""]","[""Genomics"", ""Transcriptomics"", ""Methylomics""]","[""genomics"", ""transcriptomics"", ""methylomics""]","['methylom', 'transcriptom', 'genom']"
37670733,,"[""Healthcare records"", ""Unsupervised learning""]",,[]
37671028,"[""scRNA"", ""scATAC"", ""CITE-seq""], [""scRNA"", ""scATAC"", ""CITE-seq""]","[""scRNA"", ""scATAC"", ""CITE-seq""]","[""scRNA"", ""scATAC"", ""CITE-seq""]","['scrna', 'citeseq', 'scatac']"
37672526,,"[""Pathogen genomic data""]",,[]
37673932,,,"[""unknown"", ""unknown"", ""EEG, EMG, ECoG"", ""EEG, EMG, ECoG"", ""unknown"", ""unknown"", ""unknown"", ""unknown""]",[]
37675000,"[""digital pathology images""], [""Image"", ""Pathology""]","[""digital pathology images""]","[""Image"", ""Pathology""]","['patholog', 'digit patholog imag', 'imag']"
37680625,"[""blood""], [""RNA-seq""]","[""blood""]","[""RNA-seq""]","['blood', 'rnaseq']"
37681970,"[""Sensor Data""], [{""modality"": ""driving difficulty""}, {""modality"": ""collision avoidance""}]","[""Sensor Data""]","[{""modality"": ""driving difficulty""}, {""modality"": ""collision avoidance""}]","['modal drive difficulti', 'modal collis avoid', 'sensor data']"
37693419,,,[],[]
37695706,,,,[]
37695797,"[""Microscopy""], [""Image""]","[""Microscopy""]","[""Image""]","['microscopi', 'imag']"
37706067,"[""Raman Spectra""], [""Raman spectroscopy""]","[""Raman Spectra""]","[""Raman spectroscopy""]","['raman spectra', 'raman spectroscopi']"
37710397,,,"[""Surgical"", ""Vascular""]",[]
37711756,"[""Speech""], [""speech""]","[""Speech""]","[""speech""]",['speech']
37717070,"[""blood samples""], [""RNA expression data""]","[""blood samples""]","[""RNA expression data""]","['rna express data', 'blood sampl']"
37718151,"[""Radiation Therapy""], [{""data_type"": ""time"", ""modality_name"": ""radiation therapy""}]","[""Radiation Therapy""]","[{""data_type"": ""time"", ""modality_name"": ""radiation therapy""}]","['radiat therapi', 'data_typ time', 'modality_nam radiat therapi']"
37720416,"[""Computed Tomography (CT) scans""], [""Computed Tomography (CT) scans""]","[""Computed Tomography (CT) scans""]","[""Computed Tomography (CT) scans""]",['comput tomographi ct scan']
37725432,"[""Text""], [""text"", ""image""]","[""Text""]","[""text"", ""image""]","['text', 'imag']"
37725932,"[""Blood test data""], [""easily accessible blood test data""]","[""Blood test data""]","[""easily accessible blood test data""]","['easili access blood test data', 'blood test data']"
37729423,"[""Endoscopic""], [""Robotics"", ""Neurosurgery""]","[""Endoscopic""]","[""Robotics"", ""Neurosurgery""]","['endoscop', 'neurosurgeri', 'robot']"
37730717,"[""Thermal images""], [""Image"", ""Thermal""]","[""Thermal images""]","[""Image"", ""Thermal""]","['thermal', 'thermal imag', 'imag']"
37730990,,,,[]
37732325,,,"[""Text""]",[]
37737132,"[""Magnetic Resonance Imaging (MRI)"", ""Computed Tomography (CT) Scan""], [{""modality"": ""CT""}, {""modality"": ""MRI""}]","[""Magnetic Resonance Imaging (MRI)"", ""Computed Tomography (CT) Scan""]","[{""modality"": ""CT""}, {""modality"": ""MRI""}]","['comput tomographi ct scan', 'modal ct', 'magnet reson imag mri', 'modal mri']"
37737222,"[""Cardiac"", ""Respiratory""], [""heart rate variability"", ""respiration rate variability""]","[""Cardiac"", ""Respiratory""]","[""heart rate variability"", ""respiration rate variability""]","['respiratori', 'heart rate variabl', 'cardiac', 'respir rate variabl']"
37741065,"[""Intracranial recordings""], [""EEG"", ""MRI""]","[""Intracranial recordings""]","[""EEG"", ""MRI""]","['intracrani record', 'eeg', 'mri']"
37745329,"[""MRI"", ""iUS"", ""iMRI""], [""MRI"", ""iUS"", ""iMRI""]","[""MRI"", ""iUS"", ""iMRI""]","[""MRI"", ""iUS"", ""iMRI""]","['mri', 'iu', 'imri']"
37745558,"[""Face""], [""radiology"", ""oncology""]","[""Face""]","[""radiology"", ""oncology""]","['face', 'radiolog', 'oncolog']"
37745656,"[""Eye movement""], [""Eye movement"", ""Clinical outcome measures""]","[""Eye movement""]","[""Eye movement"", ""Clinical outcome measures""]","['clinic outcom measur', 'eye movement']"
37745926,"[""Semi-structured individual interviews"", ""Focus groups""], [""Robot technology"", ""Photographing/videotaping""]","[""Semi-structured individual interviews"", ""Focus groups""]","[""Robot technology"", ""Photographing/videotaping""]","['robot technolog', 'semistructur individu interview', 'focu group', 'photographingvideotap']"
37746328,"[""Imaging"", ""Visual""], {""Image"": true}","[""Imaging"", ""Visual""]","{""Image"": true}","['imag true', 'visual', 'imag']"
37746786,"[""Radiographs""], [""X-ray""]","[""Radiographs""]","[""X-ray""]","['xray', 'radiograph']"
37748776,"[""Ultrasound""], [""Ultrasound imaging"", ""B-mode ultrasound imaging""]","[""Ultrasound""]","[""Ultrasound imaging"", ""B-mode ultrasound imaging""]","['ultrasound', 'bmode ultrasound imag', 'ultrasound imag']"
37749202,,"[""Surgical outcomes data"", null]",,[]
37749258,,,"[{""Count"": 2, ""Value"": ""Imaging""}, {""Count"": 0, ""Value"": ""Surveys""}, {""Count"": 1, ""Value"": ""Questionnaires""}, {""Count"": 5, ""Value"": null}]",[]
37750465,"[""Histopathological image""], [""Histopathology Images""]","[""Histopathological image""]","[""Histopathology Images""]",['histopatholog imag']
37751102,"[""MRI""], [""Magnetic Resonance Imaging (MRI)""]","[""MRI""]","[""Magnetic Resonance Imaging (MRI)""]","['mri', 'magnet reson imag mri']"
37761350,"[""Invasive mechanical ventilation""], [""Mechanical Invasive Ventilation""]","[""Invasive mechanical ventilation""]","[""Mechanical Invasive Ventilation""]","['invas mechan ventil', 'mechan invas ventil']"
37761472,"[""Text"", ""Video""], [{""modality"": ""Social Robot""}]","[""Text"", ""Video""]","[{""modality"": ""Social Robot""}]","['text', 'video', 'modal social robot']"
37761908,"[""Text"", ""Clinical data""], [""text"", ""no multimodal""]","[""Text"", ""Clinical data""]","[""text"", ""no multimodal""]","['no multimod', 'text', 'clinic data']"
37768107,"[""bioimaging""], [{""ForeName"": ""Foram"", ""Initials"": ""F"", ""LastName"": ""Vyas""}, {""ForeName"": ""Niklas"", ""Initials"": ""N"", ""LastName"": ""Krebs""}]","[""bioimaging""]","[{""ForeName"": ""Foram"", ""Initials"": ""F"", ""LastName"": ""Vyas""}, {""ForeName"": ""Niklas"", ""Initials"": ""N"", ""LastName"": ""Krebs""}]","['lastnam vya', 'initi f', 'lastnam kreb', 'bioimag', 'forenam foram', 'forenam nikla', 'initi n']"
37769627,"[""Physiological""], [""physiologically relevant stimuli""]","[""Physiological""]","[""physiologically relevant stimuli""]","['physiolog', 'physiolog relev stimuli']"
37769635,,,"[""Machine Learning"", ""Algorithms""]",[]
37770008,,"[""Text""]",,[]
37772080,"[""Genomic""], [{""count"": 1, ""modalities"": [""genomic"", ""clinical""]}]","[""Genomic""]","[{""count"": 1, ""modalities"": [""genomic"", ""clinical""]}]","['count 1', 'modal genom', 'clinic', 'genom']"
37774465,,"[""Microwave planar sensing platform""]",,[]
37774678,,,"[""transcriptomics"", ""epigenomics""]",[]
37774680,"[""ATAC-QTL"", ""peak-to-gene links""], [""Epigenomic profiles"", ""Transcriptional regulators"", ""Co-accessibility modules""]","[""ATAC-QTL"", ""peak-to-gene links""]","[""Epigenomic profiles"", ""Transcriptional regulators"", ""Co-accessibility modules""]","['atacqtl', 'epigenom profil', 'transcript regul', 'peaktogen link', 'coaccess modul']"
37774704,,,[],[]
37776331,"[""Computed Tomography (CT)"", ""Image""], [""kidney stone"", ""uric acid stones""]","[""Computed Tomography (CT)"", ""Image""]","[""kidney stone"", ""uric acid stones""]","['kidney stone', 'uric acid stone', 'imag', 'comput tomographi ct']"
37778213,"[""Medical Images""], [""Image"", ""Latent space""]","[""Medical Images""]","[""Image"", ""Latent space""]","['medic imag', 'latent space', 'imag']"
37778424,"[""Optical"", ""Infrared""], [""Optical"", ""Infrared""]","[""Optical"", ""Infrared""]","[""Optical"", ""Infrared""]","['infrar', 'optic']"
37778881,"[""Text""], [""Occupational Science and Occupational Therapy"", ""Plastic and Reconstructive Surgery""]","[""Text""]","[""Occupational Science and Occupational Therapy"", ""Plastic and Reconstructive Surgery""]","['text', 'occup scienc and occup therapi', 'plastic and reconstruct surgeri']"
37780837,"[""Electrical Impedance""], [""Electrical Impedance""]","[""Electrical Impedance""]","[""Electrical Impedance""]",['electr imped']
37782668,"[""gene expression""], [""gene expression""]","[""gene expression""]","[""gene expression""]",['gene express']
37783548,"[""Location Data""], [""walking path images""]","[""Location Data""]","[""walking path images""]","['locat data', 'walk path imag']"
37787286,"[""Auditory Brain Stem Responses"", ""Computed Tomography""], [{""Modality"": ""Computed Tomography""}]","[""Auditory Brain Stem Responses"", ""Computed Tomography""]","[{""Modality"": ""Computed Tomography""}]","['comput tomographi', 'modal comput tomographi', 'auditori brain stem respons']"
37787678,"[""Radiology"", ""Pathology""], [""text"", ""image""]","[""Radiology"", ""Pathology""]","[""text"", ""image""]","['radiolog', 'imag', 'text', 'patholog']"
37789055,"[""Oropharyngeal samples"", ""spirometry""], [""Oropharyngeal microbiome""]","[""Oropharyngeal samples"", ""spirometry""]","[""Oropharyngeal microbiome""]","['oropharyng microbiom', 'spirometri', 'oropharyng sampl']"
37789357,,[],,[]
37792435,,"[""Text""]",,[]
37798157,"[""Imaging"", ""Pathology""], [{""Modality"": ""MRI""}, {""Modality"": ""CT Scan""}]","[""Imaging"", ""Pathology""]","[{""Modality"": ""MRI""}, {""Modality"": ""CT Scan""}]","['patholog', 'modal mri', 'modal ct scan', 'imag']"
37798700,"[""Electronic medical records""], [""Text"", ""Code""]","[""Electronic medical records""]","[""Text"", ""Code""]","['text', 'code', 'electron medic record']"
37803212,"[""Imaging""], [{""Text"": null, ""Label"": null, ""NlmCategory"": null}, {""Text"": null, ""Label"": null, ""NlmCategory"": null}]","[""Imaging""]","[{""Text"": null, ""Label"": null, ""NlmCategory"": null}, {""Text"": null, ""Label"": null, ""NlmCategory"": null}]","['label null', 'nlmcategori null', 'text null', 'imag']"
37804197,"[""Preoperative demographic/clinical variables""], [""Text""]","[""Preoperative demographic/clinical variables""]","[""Text""]","['text', 'preoper demographicclin variabl']"
37804585,"[""Medical Images"", ""Labels""], [""Medical Image Synthesis"", ""Generative Adversarial Network""]","[""Medical Images"", ""Labels""]","[""Medical Image Synthesis"", ""Generative Adversarial Network""]","['label', 'medic imag', 'gener adversari network', 'medic imag synthesi']"
37805012,"[""X-ray"", ""DXA""], [""x-ray""]","[""X-ray"", ""DXA""]","[""x-ray""]","['xray', 'dxa']"
37806020,"[""Medical"", ""Computer""], [""Images"", ""Text""]","[""Medical"", ""Computer""]","[""Images"", ""Text""]","['medic', 'text', 'comput', 'imag']"
37807084,"[""MRI""], [{""Modality"": ""Imaging""}, {""Modality"": ""Questionnaires""}]","[""MRI""]","[{""Modality"": ""Imaging""}, {""Modality"": ""Questionnaires""}]","['mri', 'modal imag', 'modal questionnair']"
37809738,"[""CT angiography""], [""CT angiography""]","[""CT angiography""]","[""CT angiography""]",['ct angiographi']
37873443,"[""Structural Biology""], []","[""Structural Biology""]",[],"['', 'structur biolog']"
37812784,"[""Continuous glucose monitoring"", ""Physical activity data""], [""Continuous glucose monitoring"", ""Physical activity data""]","[""Continuous glucose monitoring"", ""Physical activity data""]","[""Continuous glucose monitoring"", ""Physical activity data""]","['physic activ data', 'continu glucos monitor']"
37813086,"[""Imaging""], Imaging","[""Imaging""]",Imaging,['imag']
37813920,"[""Clinical"", ""Biochemical""], [""Clinical data"", ""Biochemical data""]","[""Clinical"", ""Biochemical""]","[""Clinical data"", ""Biochemical data""]","['clinic data', 'clinic', 'biochem data', 'biochem']"
37814311,"[""sCr"", ""serum creatinine""], [""Serum creatinine (sCr)""]","[""sCr"", ""serum creatinine""]","[""Serum creatinine (sCr)""]","['scr', 'serum creatinin scr', 'serum creatinin']"
37816141,"[""Genomic""], [""genomic""]","[""Genomic""]","[""genomic""]",['genom']
37817816,,,"[""Questionnaires"", ""Surveys""]",[]
37817825,"[""Clinical Notes""], [""text""]","[""Clinical Notes""]","[""text""]","['text', 'clinic note']"
37819748,"[""Facial""], Facial metrics","[""Facial""]",Facial metrics,"['facial', 'facial metric']"
37819878,"[""Video""], [""video""]","[""Video""]","[""video""]",['video']
37819932,"[""EMG"", ""EEG""], [""EMG"", ""EEG""]","[""EMG"", ""EEG""]","[""EMG"", ""EEG""]","['eeg', 'emg']"
37820417,"[""MR images""], [""images""]","[""MR images""]","[""images""]","['mr imag', 'imag']"
37821970,"[""Proprioceptive"", ""Visual feedback""], [{""Type"": ""Proprioceptive Feedback"", ""Visual Feedback"": null}, {""Type"": ""Rapid Feedback Processing"", ""Related to Stroke"": null}]","[""Proprioceptive"", ""Visual feedback""]","[{""Type"": ""Proprioceptive Feedback"", ""Visual Feedback"": null}, {""Type"": ""Rapid Feedback Processing"", ""Related to Stroke"": null}]","['visual feedback', 'type propriocept feedback', 'propriocept', 'relat to stroke null', 'type rapid feedback process', 'visual feedback null']"
37823574,"[""Salivary"", ""Blood""], [""blood"", ""saliva""]","[""Salivary"", ""Blood""]","[""blood"", ""saliva""]","['blood', 'salivari', 'saliva']"
37823606,"[""DXA""], [""Image"", ""Text""]","[""DXA""]","[""Image"", ""Text""]","['text', 'imag', 'dxa']"
37828064,"[""Neuroimaging""], [""fMRI""]","[""Neuroimaging""]","[""fMRI""]","['fmri', 'neuroimag']"
37832707,"[""Functional magnetic resonance imaging (fMRI)""], [""fMRI""]","[""Functional magnetic resonance imaging (fMRI)""]","[""fMRI""]","['fmri', 'function magnet reson imag fmri']"
37835496,"[""Gene expression levels""], [""gene expression levels""]","[""Gene expression levels""]","[""gene expression levels""]",['gene express level']
37837726,"[""Whole Slide Images""], [""Image"", ""Cell features""]","[""Whole Slide Images""]","[""Image"", ""Cell features""]","['whole slide imag', 'cell featur', 'imag']"
37839909,,,"[""Text"", ""Multimedia""]",[]
37840934,"[""Computed Tomography""], [""Computed Tomography"", ""Magnetic Resonance Imaging""]","[""Computed Tomography""]","[""Computed Tomography"", ""Magnetic Resonance Imaging""]","['comput tomographi', 'magnet reson imag']"
37841702,"[""IoT sensor data"", ""Medical staff reports""], [""video"", ""audio""]","[""IoT sensor data"", ""Medical staff reports""]","[""video"", ""audio""]","['audio', 'medic staff report', 'video', 'iot sensor data']"
37843893,"[""Text""], [""text""]","[""Text""]","[""text""]",['text']
37847539,"[""text""], [""Text""]","[""text""]","[""Text""]",['text']
37847731,"[""video"", ""face""], [""Video"", ""Image""]","[""video"", ""face""]","[""Video"", ""Image""]","['face', 'video', 'imag']"
37848633,"[""miRNA"", ""clinical parameters""], [""miRNA"", ""clinical features""]","[""miRNA"", ""clinical parameters""]","[""miRNA"", ""clinical features""]","['clinic paramet', 'mirna', 'clinic featur']"
37849805,"[""Ultrasound""], [""Ultrasound""]","[""Ultrasound""]","[""Ultrasound""]",['ultrasound']
37853045,"[""Administrative""], [""text""]","[""Administrative""]","[""text""]","['text', 'administr']"
37854097,"[""Chest X-rays""], [""Image"", ""Segmentation""]","[""Chest X-rays""]","[""Image"", ""Segmentation""]","['segment', 'chest xray', 'imag']"
37855075,"[""Functional Magnetic Resonance Imaging""], [""functional magnetic resonance imaging""]","[""Functional Magnetic Resonance Imaging""]","[""functional magnetic resonance imaging""]",['function magnet reson imag']
37856226,"[""intravenous systemic therapy"", ""laboratory tests""], [""Patient-Reported Symptoms"", ""Laboratory Values""]","[""intravenous systemic therapy"", ""laboratory tests""]","[""Patient-Reported Symptoms"", ""Laboratory Values""]","['laboratori valu', 'patientreport symptom', 'intraven system therapi', 'laboratori test']"
37856414,,,"[""Text"", ""Image""]",[]
37858907,"[""MRI"", ""EEG"", ""Behavioral""], [""Questionnaire"", ""Survey Data""]","[""MRI"", ""EEG"", ""Behavioral""]","[""Questionnaire"", ""Survey Data""]","['behavior', 'mri', 'questionnair', 'survey data', 'eeg']"
37859278,"[""Computed Tomography (CT)"", ""Three-Dimensional CAD""], [""3D model"", ""Finite element analysis""]","[""Computed Tomography (CT)"", ""Three-Dimensional CAD""]","[""3D model"", ""Finite element analysis""]","['threedimension cad', '3d model', 'finit element analysi', 'comput tomographi ct']"
37861272,,"[""Blood inventory"", ""recipient demographics"", ""laboratory test results""]",,[]
37864248,"[""Medical""], [""prescriptions"", ""diabetes drugs""]","[""Medical""]","[""prescriptions"", ""diabetes drugs""]","['medic', 'diabet drug', 'prescript']"
37872467,"[""Echocardiographic""], [""echocardiography""]","[""Echocardiographic""]","[""echocardiography""]","['echocardiographi', 'echocardiograph']"
37872563,,,"[""None""]",[]
37872889,"[""Headache"", ""Medical Imaging""], [null, null, null, null, null, null, null, ""Medical Imaging"", ""Medical Imaging"", null]","[""Headache"", ""Medical Imaging""]","[null, null, null, null, null, null, null, ""Medical Imaging"", ""Medical Imaging"", null]","['medic imag', 'headach', 'null']"
37873296,"[""Neurostructural""], [""Imaging"", ""Neuroimaging""]","[""Neurostructural""]","[""Imaging"", ""Neuroimaging""]","['neurostructur', 'neuroimag', 'imag']"
37876820,,[],,[]
37877849,"[""Hospital Records"", ""Outpatient Records""], [{""Modality"": ""Text""}]","[""Hospital Records"", ""Outpatient Records""]","[{""Modality"": ""Text""}]","['modal text', 'hospit record', 'outpati record']"
37880365,,,,[]
37882681,"[""Video""], [""Video"", ""Audio""]","[""Video""]","[""Video"", ""Audio""]","['audio', 'video']"
37884442,"[""Electronic health records""], [""Minimally Invasive Approach"", ""Open Approach""]","[""Electronic health records""]","[""Minimally Invasive Approach"", ""Open Approach""]","['open approach', 'minim invas approach', 'electron health record']"
37884627,,"[""Health""]",,[]
37884940,,,"[{""Type"": ""Interviews"", ""Modality"": ""Surveys""}, {""Type"": ""Social media-based"", ""Modality"": ""In-person""}]",[]
37888789,"[""Ultrasound""], [""Medical Imaging"", ""Oncology""]","[""Ultrasound""]","[""Medical Imaging"", ""Oncology""]","['oncolog', 'medic imag', 'ultrasound']"
37889210,,,,[]
37889992,"[""myocardial perfusion"", ""coronary calcium""], [{""Modality"": ""Imaging""}]","[""myocardial perfusion"", ""coronary calcium""]","[{""Modality"": ""Imaging""}]","['myocardi perfus', 'modal imag', 'coronari calcium']"
37890388,,"[""Blood""]",,[]
37890487,"[""proteome"", ""metabolome"", ""cytokines""], [""Cytokines"", ""Proteome"", ""Metabolome""]","[""proteome"", ""metabolome"", ""cytokines""]","[""Cytokines"", ""Proteome"", ""Metabolome""]","['metabolom', 'proteom', 'cytokin']"
37890570,"[""Electronic medical records""], [""text""]","[""Electronic medical records""]","[""text""]","['text', 'electron medic record']"
37891565,,,"[""HbA1c"", ""Cardiovascular Outcomes""]",[]
37894979,"[""Liquid chromatography-mass spectrometry""], [""serum metabolites""]","[""Liquid chromatography-mass spectrometry""]","[""serum metabolites""]","['serum metabolit', 'liquid chromatographymass spectrometri']"
37896809,,,,[]
37897548,"[""Clinical"", ""Imaging"", ""Neuropathology""], [""Imaging"", ""Neuropathology""]","[""Clinical"", ""Imaging"", ""Neuropathology""]","[""Imaging"", ""Neuropathology""]","['clinic', 'neuropatholog', 'imag']"
37898711,"[""Ultrasound""], [""ultrasound"", ""echocardiogram""]","[""Ultrasound""]","[""ultrasound"", ""echocardiogram""]","['echocardiogram', 'ultrasound']"
37900603,"[""Demographics"", ""Injury characteristics"", ""Functional Independence Measure (FIM) motor score""], [""demographic data (age, and body mass index)"", ""location of the injury"", ""severity of the injury"", ""Functional Independence Measure (FIM) motor""]","[""Demographics"", ""Injury characteristics"", ""Functional Independence Measure (FIM) motor score""]","[""demographic data (age, and body mass index)"", ""location of the injury"", ""severity of the injury"", ""Functional Independence Measure (FIM) motor""]","['and bodi mass index', 'injuri characterist', 'demograph', 'locat of the injuri', 'demograph data age', 'sever of the injuri', 'function independ measur fim motor', 'function independ measur fim motor score']"
37903504,"[""Pathologic Response Assessment""], [""text"", ""image""]","[""Pathologic Response Assessment""]","[""text"", ""image""]","['text', 'patholog respons assess', 'imag']"
37905407,"[""Imaging""], [""MRI"", ""ECG""]","[""Imaging""]","[""MRI"", ""ECG""]","['ecg', 'mri', 'imag']"
37914210,"[""medical""], [""ultrasound""]","[""medical""]","[""ultrasound""]","['medic', 'ultrasound']"
37918343,"[""Ultrasound""], [""Ultrasound images"", ""Video""]","[""Ultrasound""]","[""Ultrasound images"", ""Video""]","['video', 'ultrasound', 'ultrasound imag']"
37927443,"[""Digital learning health system""], [""Clinical"", ""Research""]","[""Digital learning health system""]","[""Clinical"", ""Research""]","['research', 'clinic', 'digit learn health system']"
37930726,"[""Structural MRI"", ""Functional MRI""], [""MRI"", ""fALFFs""]","[""Structural MRI"", ""Functional MRI""]","[""MRI"", ""fALFFs""]","['structur mri', 'mri', 'falff', 'function mri']"
37931751,"[""Histopathologic"", ""Serologic"", ""Molecular"", ""Quantitative image analysis of chest computerized tomography""], [""chest computerized tomography""]","[""Histopathologic"", ""Serologic"", ""Molecular"", ""Quantitative image analysis of chest computerized tomography""]","[""chest computerized tomography""]","['serolog', 'histopatholog', 'molecular', 'chest computer tomographi', 'quantit imag analysi of chest computer tomographi']"
37934767,"[""Medical""], [""Text""]","[""Medical""]","[""Text""]","['medic', 'text']"
37937365,"[], [""Interval Censored Data""]",[],"[""Interval Censored Data""]","['', 'interv censor data']"
37940854,"[""Video""], [""video""]","[""Video""]","[""video""]",['video']
37951822,"[""ECG""], [""ECG""]","[""ECG""]","[""ECG""]",['ecg']
37952175,"[""Metabolite concentrations""], [""Metabolite concentrations""]","[""Metabolite concentrations""]","[""Metabolite concentrations""]",['metabolit concentr']
37952286,"[""Fluid-attenuated inversion recovery (FLAIR) MRI""], [""MRI""]","[""Fluid-attenuated inversion recovery (FLAIR) MRI""]","[""MRI""]","['mri', 'fluidattenu invers recoveri flair mri']"
37953279,,,"[{""Modality"": ""Text""}, {""Modality"": ""Image""}]",[]
37953324,,,"[null, null, null, null, null, null, null]",[]
37956346,"[""Image"", ""Measurement""], [""image"", ""text""]","[""Image"", ""Measurement""]","[""image"", ""text""]","['text', 'measur', 'imag']"
37957596,"[""Clinical""], [""Text""]","[""Clinical""]","[""Text""]","['text', 'clinic']"
37960359,"[""Motion Capture"", ""Kinematics""], [""Biomechanical model"", ""Fuzzy logic""]","[""Motion Capture"", ""Kinematics""]","[""Biomechanical model"", ""Fuzzy logic""]","['fuzzi logic', 'biomechan model', 'kinemat', 'motion captur']"
37963517,"[""EEG""], [""EEG""]","[""EEG""]","[""EEG""]",['eeg']
37964440,,"[""medical claims"", ""PAP usage data""]",,[]
37970100,"[""Echocardiograms""], [""EchoNet-Dynamic""]","[""Echocardiograms""]","[""EchoNet-Dynamic""]","['echocardiogram', 'echonetdynam']"
37972608,"[""Medical records"", ""Surveys""], {""modality1"": ""text data"", ""modality2"": ""image data""}","[""Medical records"", ""Surveys""]","{""modality1"": ""text data"", ""modality2"": ""image data""}","['modality2 imag data', 'medic record', 'modality1 text data', 'survey']"
37975292,"[""Clinical Data"", ""Urinary Stone Composition""], []","[""Clinical Data"", ""Urinary Stone Composition""]",[],"['', 'urinari stone composit', 'clinic data']"
37975666,,,"[""Text""]",[]
37979921,"[""Imaging mass cytometry""], [""histopathology"", ""immunofluorescence""]","[""Imaging mass cytometry""]","[""histopathology"", ""immunofluorescence""]","['imag mass cytometri', 'immunofluoresc', 'histopatholog']"
37980216,"[""stool sample""], [""blood"", ""gut bacteria""]","[""stool sample""]","[""blood"", ""gut bacteria""]","['gut bacteria', 'blood', 'stool sampl']"
37996509,"[""Mouse data"", ""Synthetically-generated tumours""], [""Imaging""]","[""Mouse data"", ""Synthetically-generated tumours""]","[""Imaging""]","['imag', 'syntheticallygener tumour', 'mous data']"
37999128,,"[""Photon Absorption Remote Sensing"", ""Histologic Assessment""]",,[]
37999728,"[""CT""], [""MRI"", ""CT scans""]","[""CT""]","[""MRI"", ""CT scans""]","['mri', 'ct', 'ct scan']"
38001260,"[""Clinical"", ""MR images""], [""MRI"", ""Clinical""]","[""Clinical"", ""MR images""]","[""MRI"", ""Clinical""]","['mri', 'clinic', 'mr imag']"
38004422,"[""Retinal"", ""Brain""], [""Text"", ""Multimedia""]","[""Retinal"", ""Brain""]","[""Text"", ""Multimedia""]","['text', 'brain', 'retin', 'multimedia']"
38005535,"[""RGB""], [""RGB"", ""Video""]","[""RGB""]","[""RGB"", ""Video""]","['rgb', 'video']"
38006509,"[""PET""], [""PET""]","[""PET""]","[""PET""]",['pet']
38009418,"[""Magnetic Resonance Imaging"", ""Computed Tomography""], []","[""Magnetic Resonance Imaging"", ""Computed Tomography""]",[],"['', 'comput tomographi', 'magnet reson imag']"
38011214,,,"{""ethics, theory and application"": null, ""communication for clinical decision-making"": null}",[]
38011843,"[""Adaptive Optics"", ""Intravenous Fluorescein Angiography""], [{""Type"": ""Medical images""}, {""Type"": ""Artificial intelligence""}]","[""Adaptive Optics"", ""Intravenous Fluorescein Angiography""]","[{""Type"": ""Medical images""}, {""Type"": ""Artificial intelligence""}]","['adapt optic', 'type medic imag', 'type artifici intellig', 'intraven fluorescein angiographi']"
38014004,"[""MRI""], [""T1-weighted MRI""]","[""MRI""]","[""T1-weighted MRI""]","['mri', 't1weight mri']"
38014199,"[""Functional MRI""], [""fMRI""]","[""Functional MRI""]","[""fMRI""]","['fmri', 'function mri']"
38014537,,,"[{""ECG"": true}, {""Echo"": true}]",[]
38016372,"[""Text""], [""Text""]","[""Text""]","[""Text""]",['text']
38016622,,"[""patient characteristics"", ""intraoperative decisions""]",,[]
38017055,"[""Magnetic Resonance Imaging""], [""magnetic resonance imaging (MRI), radiomics""]","[""Magnetic Resonance Imaging""]","[""magnetic resonance imaging (MRI), radiomics""]","['magnet reson imag mri', 'magnet reson imag', 'radiom']"
38019168,"[""Demographic"", ""Clinical""], [{""Modality"": ""demographics""}, {""Modality"": ""clinical indicators""}]","[""Demographic"", ""Clinical""]","[{""Modality"": ""demographics""}, {""Modality"": ""clinical indicators""}]","['demograph', 'clinic', 'modal demograph', 'modal clinic indic']"
38021248,,,"[""Video teletherapy"", ""Digital messaging""]",[]
38027579,"[""EHR"", ""Medical""], [""Text"", ""Structured data""]","[""EHR"", ""Medical""]","[""Text"", ""Structured data""]","['medic', 'text', 'structur data', 'ehr']"
38028629,"[""RNASeq""], [""RNASeq"", ""Single cell data""]","[""RNASeq""]","[""RNASeq"", ""Single cell data""]","['singl cell data', 'rnaseq']"
38029530,"[""Genomics"", ""Gene expression"", ""Single-cell RNA-sequencing""], [""Genomics"", ""Gene expression data""]","[""Genomics"", ""Gene expression"", ""Single-cell RNA-sequencing""]","[""Genomics"", ""Gene expression data""]","['singlecel rnasequenc', 'gene express', 'genom', 'gene express data']"
38030046,"[""Serum"", ""Liquid Chromatography Mass Spectrometry""], [""serum"", ""plasma""]","[""Serum"", ""Liquid Chromatography Mass Spectrometry""]","[""serum"", ""plasma""]","['plasma', 'liquid chromatographi mass spectrometri', 'serum']"
38030063,"[""Nasal epithelial cells"", ""Whole-transcriptome sequencing""], genomic and clinical","[""Nasal epithelial cells"", ""Whole-transcriptome sequencing""]",genomic and clinical,"['nasal epitheli cell', 'wholetranscriptom sequenc', 'genom and clinic']"
38033002,"[""Principal Component Analysis"", ""UMAP"", ""t-SNE"", ""heatmaps"", ""boxplots""], [{""Count"": 1, ""Modality"": ""Visual interaction tool""}, {""Count"": 1, ""Modality"": ""Principal Component Analysis (PCA)""}, {""Count"": 1, ""Modality"": ""UMAP""}, {""Count"": 1, ""Modality"": ""t-SNE""}, {""Count"": 1, ""Modality"": ""heatmaps""}, {""Count"": 1, ""Modality"": ""boxplots""}]","[""Principal Component Analysis"", ""UMAP"", ""t-SNE"", ""heatmaps"", ""boxplots""]","[{""Count"": 1, ""Modality"": ""Visual interaction tool""}, {""Count"": 1, ""Modality"": ""Principal Component Analysis (PCA)""}, {""Count"": 1, ""Modality"": ""UMAP""}, {""Count"": 1, ""Modality"": ""t-SNE""}, {""Count"": 1, ""Modality"": ""heatmaps""}, {""Count"": 1, ""Modality"": ""boxplots""}]","['modal visual interact tool', 'modal princip compon analysi pca', 'modal umap', 'boxplot', 'princip compon analysi', 'tsne', 'umap', 'modal boxplot', 'modal tsne', 'modal heatmap', 'heatmap', 'count 1']"
38035372,"[""X-ray""], [""Radiation therapy"", ""Medical Imaging""]","[""X-ray""]","[""Radiation therapy"", ""Medical Imaging""]","['radiat therapi', 'xray', 'medic imag']"
38036778,"[""DNA sequence"", ""Gene expression""], [""DNA sequence"", ""gene expression""]","[""DNA sequence"", ""Gene expression""]","[""DNA sequence"", ""gene expression""]","['gene express', 'dna sequenc']"
38040450,"[""Text"", ""Image""], Cardiology","[""Text"", ""Image""]",Cardiology,"['text', 'cardiolog', 'imag']"
38040769,"[""task"", ""resting-state""], [""neural signatures"", ""cognition"", ""depression""]","[""task"", ""resting-state""]","[""neural signatures"", ""cognition"", ""depression""]","['cognit', 'depress', 'neural signatur', 'restingst', 'task']"
38041522,"[""Pathology""], [""text"", ""UNASSIGNED""]","[""Pathology""]","[""text"", ""UNASSIGNED""]","['text', 'unassign', 'patholog']"
38050002,"[""MRI""], [{""value"": ""2D MR imaging""}, {""value"": ""3D reconstructed MR imaging""}]","[""MRI""]","[{""value"": ""2D MR imaging""}, {""value"": ""3D reconstructed MR imaging""}]","['mri', 'valu 3d reconstruct mr imag', 'valu 2d mr imag']"
38050032,"[""MRI""], [""MRI""]","[""MRI""]","[""MRI""]",['mri']
38051671,"[""Electronic Health Record"", ""Clinical Data""], [""Text"", ""Image""]","[""Electronic Health Record"", ""Clinical Data""]","[""Text"", ""Image""]","['clinic data', 'imag', 'text', 'electron health record']"
38059716,"[], [""Medical Imaging"", ""Electronic Health Records""]",[],"[""Medical Imaging"", ""Electronic Health Records""]","['', 'medic imag', 'electron health record']"
38062194,"[""Face images""], [""Image"", ""Geometric descriptors""]","[""Face images""]","[""Image"", ""Geometric descriptors""]","['geometr descriptor', 'face imag', 'imag']"
38062509,"[""Electrophysiology""], [""Electrophysiology""]","[""Electrophysiology""]","[""Electrophysiology""]",['electrophysiolog']
38064562,"[""Mouse models""], [""text""]","[""Mouse models""]","[""text""]","['text', 'mous model']"
38066031,"[""Clinical"", ""Multimodal""], [""Image"", ""Text""]","[""Clinical"", ""Multimodal""]","[""Image"", ""Text""]","['multimod', 'text', 'clinic', 'imag']"
38066735,"[""Metabolomics""], [""Metabolites""]","[""Metabolomics""]","[""Metabolites""]","['metabolom', 'metabolit']"
38075554,"[""Electronic Health Records""], [""Electronic Health Records""]","[""Electronic Health Records""]","[""Electronic Health Records""]",['electron health record']
38077502,"[""Polarized light imaging"", ""Collagenous stroma""], [""Imaging"", ""Light microscopy""]","[""Polarized light imaging"", ""Collagenous stroma""]","[""Imaging"", ""Light microscopy""]","['light microscopi', 'collagen stroma', 'polar light imag', 'imag']"
38079600,"[""Visual""], [""Vision""]","[""Visual""]","[""Vision""]","['visual', 'vision']"
38081777,"[""Imaging"", ""Endoscopy""], [{""Text"": ""Inflammatory bowel diseases (IBD) are immune-mediated conditions that are increasing in incidence and prevalence worldwide."", ""Label"": ""INTRODUCTION""}, {""Text"": ""We will search electronic databases, including Medline, Embase, Cochrane CENTRAL, CINAHL Complete, Web of Science and IEEE Xplore."", ""Label"": ""METHODS AND ANALYSIS""}, {""Text"": ""Considering the nature of the project, ethical review by an institutional review board is not required."", ""Label"": ""ETHICS AND DISSEMINATION""}]","[""Imaging"", ""Endoscopy""]","[{""Text"": ""Inflammatory bowel diseases (IBD) are immune-mediated conditions that are increasing in incidence and prevalence worldwide."", ""Label"": ""INTRODUCTION""}, {""Text"": ""We will search electronic databases, including Medline, Embase, Cochrane CENTRAL, CINAHL Complete, Web of Science and IEEE Xplore."", ""Label"": ""METHODS AND ANALYSIS""}, {""Text"": ""Considering the nature of the project, ethical review by an institutional review board is not required."", ""Label"": ""ETHICS AND DISSEMINATION""}]","['ethic review by an institut review board is not requir', 'web of scienc and ieee xplore', 'text we will search electron databas', 'cinahl complet', 'text inflammatori bowel diseas ibd are immunemedi condit that are increas in incid and preval worldwid', 'label introduct', 'text consid the natur of the project', 'includ medlin', 'endoscopi', 'embas', 'cochran central', 'label ethic and dissemin', 'label method and analysi', 'imag']"
38082277,"[""Vision""], [""video""]","[""Vision""]","[""video""]","['video', 'vision']"
38082372,"[""Multi-modal frailty indicators"", ""Memory"", ""Leisure"", ""Lymphocyte count"", ""Neutrophil count"", ""Quality of life"", ""Olfaction"", ""Sex"", ""Dependence in activities of daily living"", ""Visual contrast""], [""Cognitive Characteristics"", ""Biomarkers"", ""Clinical Symptoms""]","[""Multi-modal frailty indicators"", ""Memory"", ""Leisure"", ""Lymphocyte count"", ""Neutrophil count"", ""Quality of life"", ""Olfaction"", ""Sex"", ""Dependence in activities of daily living"", ""Visual contrast""]","[""Cognitive Characteristics"", ""Biomarkers"", ""Clinical Symptoms""]","['multimod frailti indic', 'leisur', 'cognit characterist', 'memori', 'depend in activ of daili live', 'visual contrast', 'qualiti of life', 'clinic symptom', 'olfact', 'biomark', 'sex', 'neutrophil count', 'lymphocyt count']"
38087983,"[""voice""], {""Text"": null, ""Audio"": null, ""Other"": null, ""Video"": null}","[""voice""]","{""Text"": null, ""Audio"": null, ""Other"": null, ""Video"": null}","['video null', 'voic', 'text null', 'other null', 'audio null']"
38088993,"[""Lung Ultrasound""], [""Ultrasound""]","[""Lung Ultrasound""]","[""Ultrasound""]","['lung ultrasound', 'ultrasound']"
38089001,"[""Radiographs""], [""radiograph""]","[""Radiographs""]","[""radiograph""]",['radiograph']
38092777,"[""Transcriptomic"", ""Proteomic"", ""DNA Methylation"", ""Calcium Reuptake""], [""transcriptomic"", ""proteomic"", ""DNA methylation""]","[""Transcriptomic"", ""Proteomic"", ""DNA Methylation"", ""Calcium Reuptake""]","[""transcriptomic"", ""proteomic"", ""DNA methylation""]","['calcium reuptak', 'dna methyl', 'proteom', 'transcriptom']"
38100260,"[""CT"", ""MRI""], [""Image"", ""Clinical""]","[""CT"", ""MRI""]","[""Image"", ""Clinical""]","['mri', 'clinic', 'ct', 'imag']"
38103765,"[""ECG"", ""Medical imaging""], [""Medical Imaging"", ""Clinical Data""]","[""ECG"", ""Medical imaging""]","[""Medical Imaging"", ""Clinical Data""]","['ecg', 'medic imag', 'clinic data']"
38106259,"[""Computed Tomography"", ""Positron Emission Tomography-Computed Tomography"", ""Magnetic Resonance Imaging""], [{""text"": ""Computed Tomography (CT)""}, {""text"": ""Positron Emission Tomography-Computed Tomography (PET-CT)""}, {""text"": ""Magnetic Resonance Imaging (MRI)""}]","[""Computed Tomography"", ""Positron Emission Tomography-Computed Tomography"", ""Magnetic Resonance Imaging""]","[{""text"": ""Computed Tomography (CT)""}, {""text"": ""Positron Emission Tomography-Computed Tomography (PET-CT)""}, {""text"": ""Magnetic Resonance Imaging (MRI)""}]","['text positron emiss tomographycomput tomographi petct', 'comput tomographi', 'text comput tomographi ct', 'magnet reson imag', 'text magnet reson imag mri', 'positron emiss tomographycomput tomographi']"
38106308,"[""Diffusion Weighted Imaging"", ""Contrast Enhanced-T1"", ""Apparent Diffusion Coefficient""], [""Diffusion weighted imaging (DWI), Radiomics""]","[""Diffusion Weighted Imaging"", ""Contrast Enhanced-T1"", ""Apparent Diffusion Coefficient""]","[""Diffusion weighted imaging (DWI), Radiomics""]","['appar diffus coeffici', 'radiom', 'diffus weight imag', 'contrast enhancedt1', 'diffus weight imag dwi']"
38108259,"[""Computed Tomography Angiography"", ""Nuclear Medicine""], [""Image"", ""Text""]","[""Computed Tomography Angiography"", ""Nuclear Medicine""]","[""Image"", ""Text""]","['text', 'nuclear medicin', 'comput tomographi angiographi', 'imag']"
38110045,"[""MRI""], [{""Modality"": ""MRI""}]","[""MRI""]","[{""Modality"": ""MRI""}]","['mri', 'modal mri']"
38112748,"[""in vivo calcium imaging""], [{""Count"": 1, ""Modality"": ""calcium imaging""}]","[""in vivo calcium imaging""]","[{""Count"": 1, ""Modality"": ""calcium imaging""}]","['in vivo calcium imag', 'modal calcium imag', 'count 1']"
38114526,"[""Imaging"", ""Pathology""], [""Ultrasound"", ""Texture analysis""]","[""Imaging"", ""Pathology""]","[""Ultrasound"", ""Texture analysis""]","['textur analysi', 'patholog', 'ultrasound', 'imag']"
38116648,,,"[""electronic_health_records"", ""clinical_data""]",[]
38123557,"[""Mass Spectrometry""], {""Modality1"": 0.7, ""Modality2"": 0.3}","[""Mass Spectrometry""]","{""Modality1"": 0.7, ""Modality2"": 0.3}","['mass spectrometri', 'modality1 07', 'modality2 03']"
38124790,"[""Computed Tomography scans"", ""Clinical variables""], [""computed tomography scans""]","[""Computed Tomography scans"", ""Clinical variables""]","[""computed tomography scans""]","['clinic variabl', 'comput tomographi scan']"
38126807,"[""Images""], [""2D color images""]","[""Images""]","[""2D color images""]","['2d color imag', 'imag']"
38128123,"[""Medical Imaging"", ""Clinical Data""], [{""version"": null, ""modality"": ""text""}, {""version"": null, ""modality"": ""image""}]","[""Medical Imaging"", ""Clinical Data""]","[{""version"": null, ""modality"": ""text""}, {""version"": null, ""modality"": ""image""}]","['modal text', 'medic imag', 'clinic data', 'modal imag', 'version null']"
38129433,,,,[]
38130696,"[""Voice""], [""speech"", ""Mel-spectrogram""]","[""Voice""]","[""speech"", ""Mel-spectrogram""]","['voic', 'melspectrogram', 'speech']"
38131193,"[""Neurostimulation"", ""Physiological responses""], [""Physiological responses"", ""Neural responses""]","[""Neurostimulation"", ""Physiological responses""]","[""Physiological responses"", ""Neural responses""]","['neurostimul', 'physiolog respons', 'neural respons']"
38132077,"[""Virtual encounters""], [""Hybrid teleneurology"", ""Artificial intelligence (AI)-assisted teleneurology""]","[""Virtual encounters""]","[""Hybrid teleneurology"", ""Artificial intelligence (AI)-assisted teleneurology""]","['artifici intellig aiassist teleneurolog', 'hybrid teleneurolog', 'virtual encount']"
38133915,,,"[""Image""]",[]
38134011,,,"[""Genetic data"", ""Biomarkers""]",[]
38136606,,,"[""Human Therapeutics""]",[]
38138887,"[""Verbatims""], [""verbatims"", ""immersive sessions""]","[""Verbatims""]","[""verbatims"", ""immersive sessions""]","['immers session', 'verbatim']"
38139721,"[""US""], [""B-mode Ultrasound""]","[""US""]","[""B-mode Ultrasound""]","['us', 'bmode ultrasound']"
38149177,"[""Sleep-EVAL system""], Sleep and medical data","[""Sleep-EVAL system""]",Sleep and medical data,"['sleep and medic data', 'sleepev system']"
38153706,"[""audio"", ""text""], []","[""audio"", ""text""]",[],"['', 'text', 'audio']"
38155015,"[""Cone beam computed tomography (CBCT)""], [""CT"", ""CBCT""]","[""Cone beam computed tomography (CBCT)""]","[""CT"", ""CBCT""]","['ct', 'cone beam comput tomographi cbct', 'cbct']"
38156628,"[""Images"", ""Dermoscopic Images""], [""Macroscopic images"", ""Dermoscopic images""]","[""Images"", ""Dermoscopic Images""]","[""Macroscopic images"", ""Dermoscopic images""]","['macroscop imag', 'dermoscop imag', 'imag']"
38156913,"[""N/A""], [""Text""]","[""N/A""]","[""Text""]","['text', 'na']"
38159275,"[""brain imaging""], [""Functional magnetic resonance imaging"", ""Structural magnetic resonance imaging""]","[""brain imaging""]","[""Functional magnetic resonance imaging"", ""Structural magnetic resonance imaging""]","['function magnet reson imag', 'structur magnet reson imag', 'brain imag']"
38161089,"[""CT"", ""MRI""], [""CT"", ""MRI""]","[""CT"", ""MRI""]","[""CT"", ""MRI""]","['mri', 'ct']"
38219499,"[""White matter""], [""MRI""]","[""White matter""]","[""MRI""]","['white matter', 'mri']"
38161988,"[""Electronic Medical Records""], [""text"", ""numeric""]","[""Electronic Medical Records""]","[""text"", ""numeric""]","['text', 'electron medic record', 'numer']"
38166332,,"[""Cardiology"", ""Pediatrics"", ""Radiology""]",,[]
38168587,"[""Nuclear Cardiology""], []","[""Nuclear Cardiology""]",[],"['', 'nuclear cardiolog']"
38170208,,,"[""images"", ""text""]",[]
38172326,,,,[]
38174138,"[""Text""], []","[""Text""]",[],"['', 'text']"
38177502,"[""RNA""], [""transcriptome"", ""expression""]","[""RNA""]","[""transcriptome"", ""expression""]","['express', 'transcriptom', 'rna']"
38180398,"[""ED visit date and time"", ""patient age"", ""sex"", ""reason for visit"", ""presenting complaint"", ""patient-reported pain score""], [{""sex"": true, ""pain_score"": true, ""patient_age"": true, ""reason_for_visit"": true, ""presenting_complaint"": true, ""ED_visit_date_and_time"": true}]","[""ED visit date and time"", ""patient age"", ""sex"", ""reason for visit"", ""presenting complaint"", ""patient-reported pain score""]","[{""sex"": true, ""pain_score"": true, ""patient_age"": true, ""reason_for_visit"": true, ""presenting_complaint"": true, ""ED_visit_date_and_time"": true}]","['reason_for_visit true', 'pain_scor true', 'patientreport pain score', 'reason for visit', 'sex', 'ed visit date and time', 'sex true', 'present complaint', 'presenting_complaint true', 'patient age', 'patient_ag true', 'ed_visit_date_and_tim true']"
38181606,"[""sMRI""], [""anatomical features"", ""deep convolutional features""]","[""sMRI""]","[""anatomical features"", ""deep convolutional features""]","['smri', 'deep convolut featur', 'anatom featur']"
38183029,,,"[""No-shows to medical appointments""]",[]
38183082,"[""Genomic"", ""Electronic health records""], [""Genomic data"", ""Electronic health records""]","[""Genomic"", ""Electronic health records""]","[""Genomic data"", ""Electronic health records""]","['genom data', 'genom', 'electron health record']"
38185409,"[""Positron Emission Tomography (PET)"", ""Rubidium-82""], [""Myocardial Blood Flow (MBF)"", ""Rubidium-82 PET""]","[""Positron Emission Tomography (PET)"", ""Rubidium-82""]","[""Myocardial Blood Flow (MBF)"", ""Rubidium-82 PET""]","['rubidium82 pet', 'positron emiss tomographi pet', 'myocardi blood flow mbf', 'rubidium82']"
38185882,"[""PET"", ""MRI"", ""ASL""], [""PET"", ""MRI""]","[""PET"", ""MRI"", ""ASL""]","[""PET"", ""MRI""]","['asl', 'mri', 'pet']"
38186562,"[""healthcare data""], [""Electronic health records"", ""Administrative data""]","[""healthcare data""]","[""Electronic health records"", ""Administrative data""]","['electron health record', 'administr data', 'healthcar data']"
38186943,"[""Wearable sensor""], [{""Modality"": ""multimodal"", ""Data_Source"": ""wearable sensor data""}]","[""Wearable sensor""]","[{""Modality"": ""multimodal"", ""Data_Source"": ""wearable sensor data""}]","['modal multimod', 'wearabl sensor', 'data_sourc wearabl sensor data']"
38187647,"[""Biological"", ""Genetic""], [{""Modality"": ""Gene expression""}, {""Modality"": ""Genetic mapping""}]","[""Biological"", ""Genetic""]","[{""Modality"": ""Gene expression""}, {""Modality"": ""Genetic mapping""}]","['modal genet map', 'biolog', 'genet', 'modal gene express']"
38188047,,"[""Online""]",,[]
38189265,"[""Chest Radiograph""], [""Chest radiograph (CXR)""]","[""Chest Radiograph""]","[""Chest radiograph (CXR)""]","['chest radiograph cxr', 'chest radiograph']"
38193866,"[""Pathology data""], [""histological tumour type"", ""lymphovascular invasion"", ""tumour grade""]","[""Pathology data""]","[""histological tumour type"", ""lymphovascular invasion"", ""tumour grade""]","['tumour grade', 'patholog data', 'lymphovascular invas', 'histolog tumour type']"
38195418,"[""Magnetic Resonance Imaging""], [""MRI""]","[""Magnetic Resonance Imaging""]","[""MRI""]","['mri', 'magnet reson imag']"
38195644,"[""CT""], [""CT""]","[""CT""]","[""CT""]",['ct']
38197796,"[], [{""Name"": ""Image"", ""Value"": [""Computed Tomography""]}, {""Name"": ""Text"", ""Value"": [""Surveys""]}]",[],"[{""Name"": ""Image"", ""Value"": [""Computed Tomography""]}, {""Name"": ""Text"", ""Value"": [""Surveys""]}]","['', 'name text', 'name imag', 'valu survey', 'valu comput tomographi']"
38199138,"[""accelerometry""], [""Acceleration"", ""Gait speed""]","[""accelerometry""]","[""Acceleration"", ""Gait speed""]","['acceler', 'gait speed', 'accelerometri']"
38199790,"[""Voice""], [""Voice-based""]","[""Voice""]","[""Voice-based""]","['voic', 'voicebas']"
38200511,"[""Imaging""], [{""Name"": ""images""}]","[""Imaging""]","[{""Name"": ""images""}]","['name imag', 'imag']"
38202942,"[""EEG"", ""EOG""], [""Electroencephalography"", ""Electrooculography""]","[""EEG"", ""EOG""]","[""Electroencephalography"", ""Electrooculography""]","['electrooculographi', 'eog', 'eeg', 'electroencephalographi']"
38206515,"[""text""], [""Text""]","[""text""]","[""Text""]",['text']
38212349,,,"[""Text"", ""Image""]",[]
38212387,"[""Non-biological and non-genetic information""], [""non-genetic"", ""non-biological""]","[""Non-biological and non-genetic information""]","[""non-genetic"", ""non-biological""]","['nonbiolog', 'nongenet', 'nonbiolog and nongenet inform']"
38214624,"[""fMRI""], [""fMRI""]","[""fMRI""]","[""fMRI""]",['fmri']
38215455,"[""text""], [""Text""]","[""text""]","[""Text""]",['text']
38215710,"[""Ventilation""], [""Mechanical Ventilation"", ""Anesthesia""]","[""Ventilation""]","[""Mechanical Ventilation"", ""Anesthesia""]","['ventil', 'anesthesia', 'mechan ventil']"
38222038,"[""Diagnostic codes"", ""Socio-demographic factors""], [""diagnostic codes"", ""socio-demographic factors""]","[""Diagnostic codes"", ""Socio-demographic factors""]","[""diagnostic codes"", ""socio-demographic factors""]","['diagnost code', 'sociodemograph factor']"
38226736,"[""Clinical""], [""Text""]","[""Clinical""]","[""Text""]","['text', 'clinic']"
38228634,,,"[null, null, null, null, null, null]",[]
38228640,"[""kinematic"", ""kinetic""], [""Kinematic"", ""Kinetic""]","[""kinematic"", ""kinetic""]","[""Kinematic"", ""Kinetic""]","['kinet', 'kinemat']"
38228979,,,"{""Multimodal"": 2, ""Single Modality"": 8}",[]
38229001,"[""Cardiovascular Magnetic Resonance""], [""cardiovascular magnetic resonance images""]","[""Cardiovascular Magnetic Resonance""]","[""cardiovascular magnetic resonance images""]","['cardiovascular magnet reson', 'cardiovascular magnet reson imag']"
38234469,"[""EEG"", ""EOG"", ""ECG"", ""Head movement data""], [""EEG"", ""EOG"", ""ECG"", ""head movement""]","[""EEG"", ""EOG"", ""ECG"", ""Head movement data""]","[""EEG"", ""EOG"", ""ECG"", ""head movement""]","['eog', 'head movement', 'ecg', 'head movement data', 'eeg']"
38234807,,"[""Whole-Genome Sequencing""]",,[]
38234857,,,"[""Image"", ""Text""]",[]
38236221,"[""Multimodal""], Multimodal","[""Multimodal""]",Multimodal,['multimod']
38241250,,"[""Text"", ""Spatial""]",,[]
38243313,"[""RNA""], [""Graph convolution network""]","[""RNA""]","[""Graph convolution network""]","['graph convolut network', 'rna']"
38245498,"[""Eye Movement""], [""Eye Movement""]","[""Eye Movement""]","[""Eye Movement""]",['eye movement']
38246898,"[""CT"", ""MRI"", ""X-ray"", ""US""], [""Radiology""]","[""CT"", ""MRI"", ""X-ray"", ""US""]","[""Radiology""]","['xray', 'radiolog', 'us', 'mri', 'ct']"
38249735,,"[""Text"", ""Questionnaire""]",,[]
38253577,"[""brain networks""], [""connectome"", ""artificial neural networks""]","[""brain networks""]","[""connectome"", ""artificial neural networks""]","['connectom', 'brain network', 'artifici neural network']"
38259140,"[""Radiology""], [""Radiology""]","[""Radiology""]","[""Radiology""]",['radiolog']
38260512,"[""Brain signals"", ""Stimulus""], [""single-neuron activity"", ""stimulus-driven activity"", ""local signals""]","[""Brain signals"", ""Stimulus""]","[""single-neuron activity"", ""stimulus-driven activity"", ""local signals""]","['brain signal', 'stimulusdriven activ', 'stimulu', 'local signal', 'singleneuron activ']"
38260634,"[""Cardiac CT"", ""MRI""], [""CT"", ""MRI""]","[""Cardiac CT"", ""MRI""]","[""CT"", ""MRI""]","['cardiac ct', 'ct', 'mri']"
38260713,,,"[""Graph theory"", ""Systems biology""]",[]
38263439,"[""Immunofluorescence microscopy""], [""Immunofluorescence microscopy"", ""Pixel-based thresholding methods""]","[""Immunofluorescence microscopy""]","[""Immunofluorescence microscopy"", ""Pixel-based thresholding methods""]","['pixelbas threshold method', 'immunofluoresc microscopi']"
38265444,"[""Pre-hospital"", ""Emergency department""], [""Pre-hospital data"", ""Emergency department data""]","[""Pre-hospital"", ""Emergency department""]","[""Pre-hospital data"", ""Emergency department data""]","['emerg depart data', 'prehospit data', 'prehospit', 'emerg depart']"
38266105,"[""Medical""], []","[""Medical""]",[],"['medic', '']"
38266466,"[""MR scans""], [""Magnetic Resonance Imaging (MRI)""]","[""MR scans""]","[""Magnetic Resonance Imaging (MRI)""]","['mr scan', 'magnet reson imag mri']"
38267475,"[""text""], [""Text""]","[""text""]","[""Text""]",['text']
38267481,,,"[""Neural activity"", ""Causal contribution""]",[]
38267619,"[""Lipid analysis"", ""Serum samples""], [""lipid analysis""]","[""Lipid analysis"", ""Serum samples""]","[""lipid analysis""]","['serum sampl', 'lipid analysi']"
38267686,"[""SPECT"", ""CT""], [""SPECT"", ""CT""]","[""SPECT"", ""CT""]","[""SPECT"", ""CT""]","['spect', 'ct']"
38268052,"[""self-reported symptoms and contributing factors""], [""text"", ""network""]","[""self-reported symptoms and contributing factors""]","[""text"", ""network""]","['text', 'selfreport symptom and contribut factor', 'network']"
38269937,,,"[""Multiple machine learning methods""]",[]
38269938,,"[""Multicenter"", ""Prospective""]",,[]
38273986,,"[""Central Nervous System"", ""Electronic Health Records""]",,[]
38274429,"[""Biological"", ""Psychological"", ""Sociological""], [""Biological"", ""Psychological"", ""Social""]","[""Biological"", ""Psychological"", ""Sociological""]","[""Biological"", ""Psychological"", ""Social""]","['psycholog', 'biolog', 'social', 'sociolog']"
38279813,"[""Computed Tomography"", ""Clinical Data""], [""Computed Tomography scans""]","[""Computed Tomography"", ""Clinical Data""]","[""Computed Tomography scans""]","['comput tomographi', 'comput tomographi scan', 'clinic data']"
38282158,"[""Ultrasound""], [""Ultrasound""]","[""Ultrasound""]","[""Ultrasound""]",['ultrasound']
38282906,"[""Images"", ""Text""], [""Images"", ""Text Data""]","[""Images"", ""Text""]","[""Images"", ""Text Data""]","['text data', 'text', 'imag']"
38285722,"[], [""neural networks"", ""non-linear sparse neural networks""]",[],"[""neural networks"", ""non-linear sparse neural networks""]","['', 'nonlinear spars neural network', 'neural network']"
38287324,"[""RGB"", ""Thermal"", ""Depth""], [""RGB"", ""Thermal"", ""Depth""]","[""RGB"", ""Thermal"", ""Depth""]","[""RGB"", ""Thermal"", ""Depth""]","['thermal', 'rgb', 'depth']"
38289643,"[""electronic medical records"", ""administrative data""], [""Notes""]","[""electronic medical records"", ""administrative data""]","[""Notes""]","['administr data', 'note', 'electron medic record']"
38291362,"[""Structural""], [""Structural information""]","[""Structural""]","[""Structural information""]","['structur', 'structur inform']"
38292239,"[""RNA expression array""], [""genomics"", ""machine learning""]","[""RNA expression array""]","[""genomics"", ""machine learning""]","['machin learn', 'rna express array', 'genom']"
38300671,,,"[{""value"": ""Virtual Reality""}]",[]
38302323,"[""Digital Path""], [{""Modality"": ""Audio""}, {""Modality"": ""Video""}]","[""Digital Path""]","[{""Modality"": ""Audio""}, {""Modality"": ""Video""}]","['modal audio', 'modal video', 'digit path']"
38303097,,"[""Imaging"", ""Other""]",,[]
38304411,"[""Medical Imaging"", ""Clinical Data""], [{""Modality Type"": ""None""}]","[""Medical Imaging"", ""Clinical Data""]","[{""Modality Type"": ""None""}]","['medic imag', 'modal type none', 'clinic data']"
38306213,"[""Fecal microbial composition"", ""Gene expression profiles""], [""Jejunum intestinal barrier""]","[""Fecal microbial composition"", ""Gene expression profiles""]","[""Jejunum intestinal barrier""]","['fecal microbi composit', 'gene express profil', 'jejunum intestin barrier']"
38308231,"[""Electronic Health Data"", ""Administrative Databases""], [""diagnosis codes"", ""prescription medication codes""]","[""Electronic Health Data"", ""Administrative Databases""]","[""diagnosis codes"", ""prescription medication codes""]","['administr databas', 'prescript medic code', 'diagnosi code', 'electron health data']"
38310657,"[""Medical Imaging"", ""Lab Tests"", ""Patient Reports""], []","[""Medical Imaging"", ""Lab Tests"", ""Patient Reports""]",[],"['patient report', 'lab test', 'medic imag', '']"
38314558,"[""Intravascular Ultrasound""], [""intravascular ultrasound""]","[""Intravascular Ultrasound""]","[""intravascular ultrasound""]",['intravascular ultrasound']
38316811,"[""Pre-operative demographic/clinical variables""], [""demographic/clinical variables""]","[""Pre-operative demographic/clinical variables""]","[""demographic/clinical variables""]","['preoper demographicclin variabl', 'demographicclin variabl']"
38316895,"[""HM"", ""head circumference"", ""demographic, health, dietary and home environment data""], [""human milk (HM) data"", ""maternal and infant demographic, health, dietary and home environment data""]","[""HM"", ""head circumference"", ""demographic, health, dietary and home environment data""]","[""human milk (HM) data"", ""maternal and infant demographic, health, dietary and home environment data""]","['head circumfer', 'hm', 'demograph', 'dietari and home environ data', 'human milk hm data', 'matern and infant demograph', 'health']"
38320143,"[""Medical Imaging"", ""Genomics""], [{""Tags"": [""Computed Tomography""], ""Modality"": ""Images""}, {""Tags"": [], ""Modality"": ""Audio""}, {""Tags"": [], ""Modality"": ""Text""}]","[""Medical Imaging"", ""Genomics""]","[{""Tags"": [""Computed Tomography""], ""Modality"": ""Images""}, {""Tags"": [], ""Modality"": ""Audio""}, {""Tags"": [], ""Modality"": ""Text""}]","['modal audio', 'tag', 'tag comput tomographi', 'modal text', 'medic imag', 'genom', 'modal imag']"
38321027,"[""CT""], [""CT scan"", ""segmentations""]","[""CT""]","[""CT scan"", ""segmentations""]","['ct scan', 'ct', 'segment']"
38322813,,,"[""Text""]",[]
38324597,,,"[[""X-Ray""], [""MRI"", ""CT Scan""], null, [""X-Ray"", ""MRI""], [""ECG"", ""EEG""], [""Speech"", ""Text""], [""Video"", ""Audio""], null, null, null, null, null]",[]
38325929,"[""MRI""], [""image"", ""text""]","[""MRI""]","[""image"", ""text""]","['mri', 'text', 'imag']"
38326559,,,"[""Imaging"", ""Psychiatry""]",[]
38330168,"[""PSG"", ""PG"", ""MJM-based technology""], [""PSG/PG""]","[""PSG"", ""PG"", ""MJM-based technology""]","[""PSG/PG""]","['pg', 'psg', 'psgpg', 'mjmbase technolog']"
38331204,"[""Endoscopy"", ""Optical Diagnosis""], None","[""Endoscopy"", ""Optical Diagnosis""]",,"['optic diagnosi', 'none', 'endoscopi']"
38331816,"[""Electronic Health Record""], [""Text"", ""Graph""]","[""Electronic Health Record""]","[""Text"", ""Graph""]","['text', 'graph', 'electron health record']"
38332374,,"[""brain structural neuroimaging""]",,[]
38332528,,[],,[]
38341999,,"[""Clinical""]",,[]
38340117,"[""PPG""], [""photoplethysmography"", ""electrocardiography""]","[""PPG""]","[""photoplethysmography"", ""electrocardiography""]","['photoplethysmographi', 'electrocardiographi', 'ppg']"
38340881,"[""diffusion magnetic resonance imaging""], [""Diffusion MRI""]","[""diffusion magnetic resonance imaging""]","[""Diffusion MRI""]","['diffus magnet reson imag', 'diffus mri']"
38342041,"[""biopsy"", ""histology"", ""serum CA-125""], [""image data""]","[""biopsy"", ""histology"", ""serum CA-125""]","[""image data""]","['biopsi', 'serum ca125', 'imag data', 'histolog']"
38343230,"[""CT Imaging"", ""Pathology-Supported Diagnostic Labels""], [""Imaging"", ""Pathology""]","[""CT Imaging"", ""Pathology-Supported Diagnostic Labels""]","[""Imaging"", ""Pathology""]","['pathologysupport diagnost label', 'patholog', 'ct imag', 'imag']"
38349734,"[""Affiliation""], [{""modality"": ""text""}, {""modality"": ""image""}, {""modality"": ""audio""}]","[""Affiliation""]","[{""modality"": ""text""}, {""modality"": ""image""}, {""modality"": ""audio""}]","['affili', 'modal text', 'modal imag', 'modal audio']"
38351686,"[""Python's Scikit-Learn Library""], [""Text"", ""Python""]","[""Python's Scikit-Learn Library""]","[""Text"", ""Python""]","['text', 'python', 'python scikitlearn librari']"
38352035,"[], [""text"", ""image""]",[],"[""text"", ""image""]","['', 'text', 'imag']"
38353022,"[""Metagenomics"", ""Metabolomics""], [""Clinical"", ""Metabolomics""]","[""Metagenomics"", ""Metabolomics""]","[""Clinical"", ""Metabolomics""]","['metabolom', 'clinic', 'metagenom']"
38355486,"[""Medical Codes""], [""Text"", null]","[""Medical Codes""]","[""Text"", null]","['text', 'medic code', 'null']"
38356654,"[""health"", ""education"", ""social wellbeing"", ""empowerment"", ""livelihood""], [""audio"", ""video""]","[""health"", ""education"", ""social wellbeing"", ""empowerment"", ""livelihood""]","[""audio"", ""video""]","['livelihood', 'empower', 'video', 'audio', 'social wellb', 'educ', 'health']"
38361633,"[""plasma""], [""Protein panel""]","[""plasma""]","[""Protein panel""]","['plasma', 'protein panel']"
38362943,"[""computed tomography (CT)""], [""Computed Tomography (CT)""]","[""computed tomography (CT)""]","[""Computed Tomography (CT)""]",['comput tomographi ct']
38364600,"[""Computed Tomography""], [""non-contrast computed tomography""]","[""Computed Tomography""]","[""non-contrast computed tomography""]","['comput tomographi', 'noncontrast comput tomographi']"
38370787,"[""Electronic Health Records"", ""Medical Claims Data""], [{""Modality"": [""Electronic Health Records""]}, {""Modality"": [""Medical Images""]}, null]","[""Electronic Health Records"", ""Medical Claims Data""]","[{""Modality"": [""Electronic Health Records""]}, {""Modality"": [""Medical Images""]}, null]","['modal electron health record', 'null', 'modal medic imag', 'medic claim data', 'electron health record']"
38370846,,"[""Structural brain""]",,[]
38371495,"[""EEG""], [""EEG"", ""Multiple-subject modeling""]","[""EEG""]","[""EEG"", ""Multiple-subject modeling""]","['multiplesubject model', 'eeg']"
38372303,"[""Digital health tools"", ""Artificial intelligence""], [""digital health tools""]","[""Digital health tools"", ""Artificial intelligence""]","[""digital health tools""]","['artifici intellig', 'digit health tool']"
38372309,,,"[{""text"": ""The Centre for Addiction and Mental Health has implemented mechanisms to standardize routine data collection with the vision of a Learning Health System.""}, {""text"": ""To improve clinical decision-making and patient outcomes, a clinical dashboard was implemented to provide a real-time visualization of data from patient self-assessments and other physical and mental health indicators.""}]",[]
38372317,"[""Healthcare""], [""Text""]","[""Healthcare""]","[""Text""]","['text', 'healthcar']"
38373289,"[""Computed Tomography (CT)""], [""CT"", ""MRI""]","[""Computed Tomography (CT)""]","[""CT"", ""MRI""]","['mri', 'ct', 'comput tomographi ct']"
38374450,"[""omics""], [""Physiological Signals""]","[""omics""]","[""Physiological Signals""]","['omic', 'physiolog signal']"
38374829,,,,[]
38377795,"[""Electronic health records"", ""Single-cell human genomes"", ""Chest radiology images""], [""Images"", ""Genomics""]","[""Electronic health records"", ""Single-cell human genomes"", ""Chest radiology images""]","[""Images"", ""Genomics""]","['singlecel human genom', 'chest radiolog imag', 'genom', 'electron health record', 'imag']"
38388500,,"[""Nil""]",,[]
38382095,"[""Breath samples""], [""volatile organic compounds"", ""LAS-spectra""]","[""Breath samples""]","[""volatile organic compounds"", ""LAS-spectra""]","['volatil organ compound', 'lasspectra', 'breath sampl']"
38382816,,,[],[]
38383177,"[""Ultrasound"", ""Operative""], [""Text"", ""Ultrasound reports""]","[""Ultrasound"", ""Operative""]","[""Text"", ""Ultrasound reports""]","['text', 'ultrasound report', 'ultrasound', 'oper']"
38384277,"[""3D medical images""], [""Medical Images""]","[""3D medical images""]","[""Medical Images""]","['medic imag', '3d medic imag']"
38384497,,,,[]
38387384,"[""Respiratory Sounds""], [""audio""]","[""Respiratory Sounds""]","[""audio""]","['audio', 'respiratori sound']"
38387816,"[""Vascular Quality Initiative database""], [{""type"": null}, {""type"": ""text""}]","[""Vascular Quality Initiative database""]","[{""type"": null}, {""type"": ""text""}]","['vascular qualiti initi databas', 'type null', 'type text']"
38388497,,,"[""Text"", ""Image""]",[]
38390855,,,"[""Heart rate"", ""Glucose levels""]",[]
38390963,"[""RNA-seq""], [""gene_expression""]","[""RNA-seq""]","[""gene_expression""]","['gene_express', 'rnaseq']"
38391311,"[""Radiation""], [""Imaging Data""]","[""Radiation""]","[""Imaging Data""]","['imag data', 'radiat']"
38395016,"[""Medical events"", ""Past medical events""], [""administrative data"", ""healthcare""]","[""Medical events"", ""Past medical events""]","[""administrative data"", ""healthcare""]","['past medic event', 'administr data', 'healthcar', 'medic event']"
38397935,"[""Stool Proteome""], [""Proteome profiles"", ""machine learning""]","[""Stool Proteome""]","[""Proteome profiles"", ""machine learning""]","['proteom profil', 'machin learn', 'stool proteom']"
38400281,"[""accelerometer""], [""Accelerometer"", null]","[""accelerometer""]","[""Accelerometer"", null]","['null', 'acceleromet']"
38402362,"[""EHR"", ""Lab data""], [""text"", ""image""]","[""EHR"", ""Lab data""]","[""text"", ""image""]","['text', 'lab data', 'ehr', 'imag']"
38404286,"[""Metabolites""], [""Metabolites""]","[""Metabolites""]","[""Metabolites""]",['metabolit']
38405815,"[""MRI""], [""MRI"", ""CT""]","[""MRI""]","[""MRI"", ""CT""]","['mri', 'ct']"
38407537,"[""Flow cytometry"", ""Digital data""], [""Digital data"", ""Hematologic malignancies""]","[""Flow cytometry"", ""Digital data""]","[""Digital data"", ""Hematologic malignancies""]","['flow cytometri', 'digit data', 'hematolog malign']"
38412888,"[""text""], [""Text""]","[""text""]","[""Text""]",['text']
38417411,"[""hematological indicators"", ""intestinal flora abundance""], [""blood indicators"", ""intestinal flora""]","[""hematological indicators"", ""intestinal flora abundance""]","[""blood indicators"", ""intestinal flora""]","['blood indic', 'intestin flora', 'hematolog indic', 'intestin flora abund']"
38417587,"[""Text"", ""Image""], [{""Modality"": ""Images""}, {""Modality"": ""Audio""}]","[""Text"", ""Image""]","[{""Modality"": ""Images""}, {""Modality"": ""Audio""}]","['text', 'modal imag', 'modal audio', 'imag']"
38418018,"[""Imaging"", ""Surgical""], [""Acetabular cup"", ""Femoral head"", ""Femoral stem""]","[""Imaging"", ""Surgical""]","[""Acetabular cup"", ""Femoral head"", ""Femoral stem""]","['femor stem', 'surgic', 'acetabular cup', 'femor head', 'imag']"
38418276,,,"[""text""]",[]
38418825,,,,[]
38418987,"[""X-ray"", ""Computed Tomography (CT) scan""], [""X-ray and CT scan images""]","[""X-ray"", ""Computed Tomography (CT) scan""]","[""X-ray and CT scan images""]","['xray', 'comput tomographi ct scan', 'xray and ct scan imag']"
38421670,"[""OCTCases"", ""Multimodal imaging""], [""image"", ""text""]","[""OCTCases"", ""Multimodal imaging""]","[""image"", ""text""]","['text', 'multimod imag', 'octcas', 'imag']"
38421684,"[""Text"", ""Image""], {""Text Data"": [""Aiforia Inc., Cambridge, Massachusetts.""], ""Image Data"": null}","[""Text"", ""Image""]","{""Text Data"": [""Aiforia Inc., Cambridge, Massachusetts.""], ""Image Data"": null}","['cambridg', 'imag data null', 'text data aiforia inc', 'text', 'massachusett', 'imag']"
38422727,"[""Magnetic Resonance Imaging""], [""MRI""]","[""Magnetic Resonance Imaging""]","[""MRI""]","['mri', 'magnet reson imag']"
38423450,"[""Clinical""], [""Text""]","[""Clinical""]","[""Text""]","['text', 'clinic']"
38424096,"[""X-rays"", ""Medical Imaging""], [""X-rays""]","[""X-rays"", ""Medical Imaging""]","[""X-rays""]","['xray', 'medic imag']"
38428251,"[""Medical Imaging""], {""3D aortic model"": true, ""2D eccentric stenosis model"": true, ""1D advection-diffusion problem"": true}","[""Medical Imaging""]","{""3D aortic model"": true, ""2D eccentric stenosis model"": true, ""1D advection-diffusion problem"": true}","['2d eccentr stenosi model true', 'medic imag', '1d advectiondiffus problem true', '3d aortic model true']"
38429418,"[""Text""], []","[""Text""]",[],"['', 'text']"
38429796,"[""Magnetic resonance imaging"", ""Multi-omic""], [""MRI"", ""multi-omic data""]","[""Magnetic resonance imaging"", ""Multi-omic""]","[""MRI"", ""multi-omic data""]","['multiom', 'multiom data', 'mri', 'magnet reson imag']"
38430856,"[""EEG""], [""EEG""]","[""EEG""]","[""EEG""]",['eeg']
38431422,"[""Motion""], [""handwritten numeral recognition"", ""motion monitoring""]","[""Motion""]","[""handwritten numeral recognition"", ""motion monitoring""]","['motion monitor', 'motion', 'handwritten numer recognit']"
38432285,"[""Radiation therapy"", ""Brain""], [""Radiation Medicine""]","[""Radiation therapy"", ""Brain""]","[""Radiation Medicine""]","['radiat therapi', 'brain', 'radiat medicin']"
38435711,"[""MRI"", ""T2-weighted MRI"", ""Diffusion Weighted Imaging (DWI)"", ""Apparent Diffusion Coefficient (ADC)""], [""MRI"", ""localizer images""]","[""MRI"", ""T2-weighted MRI"", ""Diffusion Weighted Imaging (DWI)"", ""Apparent Diffusion Coefficient (ADC)""]","[""MRI"", ""localizer images""]","['appar diffus coeffici adc', 'mri', 't2weight mri', 'local imag', 'diffus weight imag dwi']"
38436242,"[], [""genomic""]",[],"[""genomic""]","['', 'genom']"
38438281,,,"[""Text""]",[]
38441539,"[""Multimodal""], [{""Modality"": ""Cognitive phenotypes""}, {""Modality"": ""Familial and neighborhood socioeconomic status (SES)""}, {""Modality"": ""Supportive environment""}]","[""Multimodal""]","[{""Modality"": ""Cognitive phenotypes""}, {""Modality"": ""Familial and neighborhood socioeconomic status (SES)""}, {""Modality"": ""Supportive environment""}]","['multimod', 'modal cognit phenotyp', 'modal famili and neighborhood socioeconom statu se', 'modal support environ']"
38442128,"[""Auditory""], [""auditory"", ""visuo-spatial""]","[""Auditory""]","[""auditory"", ""visuo-spatial""]","['auditori', 'visuospati']"
38443276,"[""RGB-D camera"", ""Optical Motion Capture""], [""RGB"", ""Depth""]","[""RGB-D camera"", ""Optical Motion Capture""]","[""RGB"", ""Depth""]","['depth', 'rgbd camera', 'rgb', 'optic motion captur']"
38444851,"[""Immunology""], [""text"", ""image""]","[""Immunology""]","[""text"", ""image""]","['immunolog', 'text', 'imag']"
38446445,"[""ECG""], [""ECG"", ""Text""]","[""ECG""]","[""ECG"", ""Text""]","['ecg', 'text']"
38446766,,,,[]
38469689,,,"[""Medical Images"", ""Clinical Data""]",[]
38450221,"[""Physiology"", ""Neurology"", ""Radiology""], []","[""Physiology"", ""Neurology"", ""Radiology""]",[],"['radiolog', 'physiolog', '', 'neurolog']"
38453413,"[""Radiology"", ""Electrical Engineering""], {""John Conklin"": [""Department of Radiology"", ""Harvard Medical School"", ""Massachusetts General Hospital""], ""Berkin Bilgic"": [""Harvard-MIT Health Sciences and Technology"", ""Massachusetts Institute of Technology""], ""Michael H Lev"": [""Department of Radiology"", ""Harvard Medical School"", ""Massachusetts General Hospital""], ""Otto Rapalino"": [""Department of Radiology"", ""Harvard Medical School"", ""Massachusetts General Hospital""], ""Susie Y Huang"": [""Department of Radiology"", ""Harvard Medical School"", ""Massachusetts General Hospital"", ""Harvard-MIT Health Sciences and Technology"", ""Massachusetts Institute of Technology""], ""Kawin Setsompop"": [""Departments of Radiology and Electrical Engineering""], ""Pamela W Schaefer"": [""Department of Radiology"", ""Harvard Medical School"", ""Massachusetts General Hospital""], ""Thorsten Feiweier"": [""Siemens Healthcare GmbH""]}","[""Radiology"", ""Electrical Engineering""]","{""John Conklin"": [""Department of Radiology"", ""Harvard Medical School"", ""Massachusetts General Hospital""], ""Berkin Bilgic"": [""Harvard-MIT Health Sciences and Technology"", ""Massachusetts Institute of Technology""], ""Michael H Lev"": [""Department of Radiology"", ""Harvard Medical School"", ""Massachusetts General Hospital""], ""Otto Rapalino"": [""Department of Radiology"", ""Harvard Medical School"", ""Massachusetts General Hospital""], ""Susie Y Huang"": [""Department of Radiology"", ""Harvard Medical School"", ""Massachusetts General Hospital"", ""Harvard-MIT Health Sciences and Technology"", ""Massachusetts Institute of Technology""], ""Kawin Setsompop"": [""Departments of Radiology and Electrical Engineering""], ""Pamela W Schaefer"": [""Department of Radiology"", ""Harvard Medical School"", ""Massachusetts General Hospital""], ""Thorsten Feiweier"": [""Siemens Healthcare GmbH""]}","['radiolog', 'otto rapalino depart of radiolog', 'pamela w schaefer depart of radiolog', 'berkin bilgic harvardmit health scienc and technolog', 'michael h lev depart of radiolog', 'thorsten feiweier siemen healthcar gmbh', 'electr engin', 'kawin setsompop depart of radiolog and electr engin', 'harvard medic school', 'susi y huang depart of radiolog', 'john conklin depart of radiolog', 'massachusett gener hospit', 'massachusett institut of technolog', 'harvardmit health scienc and technolog']"
38454423,"[""Biomarkers"", ""Clinical Data""], [""blood biomarkers"", ""plasma biomarker concentrations""]","[""Biomarkers"", ""Clinical Data""]","[""blood biomarkers"", ""plasma biomarker concentrations""]","['blood biomark', 'plasma biomark concentr', 'biomark', 'clinic data']"
38456877,"[""Computed Tomography"", ""Single-photon emission computed tomography""], {""text"": [""survey""], ""image"": [""CT scan""]}","[""Computed Tomography"", ""Single-photon emission computed tomography""]","{""text"": [""survey""], ""image"": [""CT scan""]}","['text survey', 'comput tomographi', 'imag ct scan', 'singlephoton emiss comput tomographi']"
38468224,"[""Rich Text Format text"", ""plain text format""], [""Rich Text Format text conversion"", ""Syntax and Lexical analyses""]","[""Rich Text Format text"", ""plain text format""]","[""Rich Text Format text conversion"", ""Syntax and Lexical analyses""]","['plain text format', 'rich text format text', 'rich text format text convers', 'syntax and lexic analys']"
38459106,"[""3D vector mapping""], [""3D vector mapping"", ""Shape analysis""]","[""3D vector mapping""]","[""3D vector mapping"", ""Shape analysis""]","['shape analysi', '3d vector map']"
38459338,,,,[]
38467853,"[""MRI"", ""Clinical""], [""MRI"", ""clinical data""]","[""MRI"", ""Clinical""]","[""MRI"", ""clinical data""]","['mri', 'clinic', 'clinic data']"
38470880,"[""Time series""], [""multi-channel nerve cuff recordings"", ""time series classification""]","[""Time series""]","[""multi-channel nerve cuff recordings"", ""time series classification""]","['time seri classif', 'multichannel nerv cuff record', 'time seri']"
38479730,,,,[]
38480766,"[""Ultrasonography"", ""Vowel articulation""], [""Ultrasound"", ""Audio""]","[""Ultrasonography"", ""Vowel articulation""]","[""Ultrasound"", ""Audio""]","['ultrasonographi', 'audio', 'vowel articul', 'ultrasound']"
38483388,,"[""Medical Imaging""]",,[]
38484398,"[""3D dose volumes"", ""Prostate anatomy""], [""medical images"", ""patient geometry""]","[""3D dose volumes"", ""Prostate anatomy""]","[""medical images"", ""patient geometry""]","['3d dose volum', 'patient geometri', 'medic imag', 'prostat anatomi']"
38486013,"[""Electroencephalography""], [""iEEG""]","[""Electroencephalography""]","[""iEEG""]","['electroencephalographi', 'ieeg']"
38486268,,,text,[]
38487766,"[""Surface Electromyography (sEMG)""], [""surface electromyography""]","[""Surface Electromyography (sEMG)""]","[""surface electromyography""]","['surfac electromyographi', 'surfac electromyographi semg']"
38531844,"[""Imaging"", ""Genomics""], []","[""Imaging"", ""Genomics""]",[],"['', 'genom', 'imag']"
38492206,"[""Pharmacokinetic profiles""], [""Pharmacokinetic Parameters"", ""World Health Organization (WHO) Growth Curve""]","[""Pharmacokinetic profiles""]","[""Pharmacokinetic Parameters"", ""World Health Organization (WHO) Growth Curve""]","['world health organ who growth curv', 'pharmacokinet profil', 'pharmacokinet paramet']"
38493562,"[""Acoustic""], [""Mechanical properties of ear tissues""]","[""Acoustic""]","[""Mechanical properties of ear tissues""]","['acoust', 'mechan properti of ear tissu']"
38494468,"[""Medical Records"", ""Clinical""], [{""Modality"": ""text""}, {""Modality"": ""image""}, {""Modality"": ""speech""}]","[""Medical Records"", ""Clinical""]","[{""Modality"": ""text""}, {""Modality"": ""image""}, {""Modality"": ""speech""}]","['modal speech', 'medic record', 'modal text', 'clinic', 'modal imag']"
38497716,"[""MALDI-TOF""], [""Text"", ""Image""]","[""MALDI-TOF""]","[""Text"", ""Image""]","['text', 'malditof', 'imag']"
38502860,"[""proteomics"", ""metabolomics""], [""Proteomics"", ""Metabolomics""]","[""proteomics"", ""metabolomics""]","[""Proteomics"", ""Metabolomics""]","['metabolom', 'proteom']"
38505008,"[""CT scans""], [""CT scans""]","[""CT scans""]","[""CT scans""]",['ct scan']
38505491,,,,[]
38509230,,"[""Sensorimotor"", ""Cognitive"", ""Global Functioning""]",,[]
38510201,"[""Electrical Engineering and Computer Science"", ""Computer Science"", ""Cardiovascular Medicine"", ""Molecular Medicine"", ""Surgical Oncology"", ""Medicine"", ""Epidemiology and Public Health""], [""Medical""]","[""Electrical Engineering and Computer Science"", ""Computer Science"", ""Cardiovascular Medicine"", ""Molecular Medicine"", ""Surgical Oncology"", ""Medicine"", ""Epidemiology and Public Health""]","[""Medical""]","['medic', 'molecular medicin', 'electr engin and comput scienc', 'medicin', 'surgic oncolog', 'comput scienc', 'epidemiolog and public health', 'cardiovascular medicin']"
38510280,,,"[""Mild Cognitive Impairment"", ""digital biomarkers""]",[]
38511261,"[""Three-dimensional kinematics"", ""Gas exchange""], [""three-dimensional kinematics""]","[""Three-dimensional kinematics"", ""Gas exchange""]","[""three-dimensional kinematics""]","['threedimension kinemat', 'ga exchang']"
38512423,,,"[""questionnaire""]",[]
38519152,,"[""health system"", ""demographic"", ""clinical""]",,[]
38520921,"[""RNA-sequencing""], [""Transcriptomics""]","[""RNA-sequencing""]","[""Transcriptomics""]","['transcriptom', 'rnasequenc']"
38532015,"[""Cell""], [""Image"", ""Text""]","[""Cell""]","[""Image"", ""Text""]","['text', 'imag', 'cell']"
38532639,"[""Audio""], [""text""]","[""Audio""]","[""text""]","['text', 'audio']"
38534937,"[""Text""], [""text""]","[""Text""]","[""text""]",['text']
38537130,"[""single-cell immune repertoire sequencing"", ""mass cytometry"", ""multiplex immunofluorescence""], [""Single-cell data"", ""Mass cytometry"", ""Multiplex immunofluorescence""]","[""single-cell immune repertoire sequencing"", ""mass cytometry"", ""multiplex immunofluorescence""]","[""Single-cell data"", ""Mass cytometry"", ""Multiplex immunofluorescence""]","['singlecel data', 'multiplex immunofluoresc', 'mass cytometri', 'singlecel immun repertoir sequenc']"
38537536,"[""CT""], [""CT perfusion imaging"", ""MRI"", ""Ultrasound""]","[""CT""]","[""CT perfusion imaging"", ""MRI"", ""Ultrasound""]","['mri', 'ct', 'ct perfus imag', 'ultrasound']"
38538415,"[""MRI""], [{""Modality"": ""MRI""}, {""Modality"": ""Dosimetry Data""}]","[""MRI""]","[{""Modality"": ""MRI""}, {""Modality"": ""Dosimetry Data""}]","['mri', 'modal mri', 'modal dosimetri data']"
38538559,,"[""Biopsy"", ""Plasma""]",,[]
38538619,"[""Radiographs""], [""Radiograph"", ""Manual measurement""]","[""Radiographs""]","[""Radiograph"", ""Manual measurement""]","['manual measur', 'radiograph']"
38539074,,,"[""Age"", ""Health Instability"", ""Functional and Cognitive Status""]",[]
38539236,"[""Video""], [""Ultrasound"", ""ECG""]","[""Video""]","[""Ultrasound"", ""ECG""]","['ecg', 'video', 'ultrasound']"
38539425,"[""Imaging""], [{""Name"": ""Image""}, {""Name"": ""Text""}, {""Name"": ""Video""}]","[""Imaging""]","[{""Name"": ""Image""}, {""Name"": ""Text""}, {""Name"": ""Video""}]","['name video', 'name imag', 'name text', 'imag']"
38544181,"[""Video"", ""Audio""], [""video"", ""audio"", ""physiological data""]","[""Video"", ""Audio""]","[""video"", ""audio"", ""physiological data""]","['audio', 'video', 'physiolog data']"
38547927,"[""Endoscopy videos""], [""Video"", ""Text""]","[""Endoscopy videos""]","[""Video"", ""Text""]","['text', 'video', 'endoscopi video']"
38549046,,,"[""microarray"", ""RNAseq""]",[]
38549146,"[""DNA methylation""], [""Methylation""]","[""DNA methylation""]","[""Methylation""]","['methyl', 'dna methyl']"
38552452,"[""Chest X-Ray images""], [""X-Ray""]","[""Chest X-Ray images""]","[""X-Ray""]","['xray', 'chest xray imag']"
38552566,"[""Static oocyte images""], [""Image""]","[""Static oocyte images""]","[""Image""]","['imag', 'static oocyt imag']"
38557148,"[""Colorimetric information"", ""Imaging""], [""Imaging application"", ""Colorimetric information""]","[""Colorimetric information"", ""Imaging""]","[""Imaging application"", ""Colorimetric information""]","['colorimetr inform', 'imag applic', 'imag']"
38563386,"[""Cardiology""], [""Cardiology"", ""Surgery""]","[""Cardiology""]","[""Cardiology"", ""Surgery""]","['surgeri', 'cardiolog']"
38563856,"[""Intracranial metastases""], [{""modality"": ""image""}, {""modality"": ""text""}]","[""Intracranial metastases""]","[{""modality"": ""image""}, {""modality"": ""text""}]","['modal text', 'modal imag', 'intracrani metastas']"
38564199,"[""Virtual Reality""], [""Virtual Reality"", ""Simulation""]","[""Virtual Reality""]","[""Virtual Reality"", ""Simulation""]","['simul', 'virtual realiti']"
38564508,"[""Video""], {""sagittal_plane_gait_patterns"": null}","[""Video""]","{""sagittal_plane_gait_patterns"": null}","['video', 'sagittal_plane_gait_pattern null']"
38564847,"[""MRI""], [""CST hyperintensity"", ""Grey matter degeneration""]","[""MRI""]","[""CST hyperintensity"", ""Grey matter degeneration""]","['mri', 'cst hyperintens', 'grey matter degener']"
38567100,"[""Histopathology""], [""High-Resolution Histopathological Images""]","[""Histopathology""]","[""High-Resolution Histopathological Images""]","['highresolut histopatholog imag', 'histopatholog']"
38568987,"[""administrative data""], [""health administrative data""]","[""administrative data""]","[""health administrative data""]","['health administr data', 'administr data']"
38569898,"[""Microbiome""], [""microbiome data""]","[""Microbiome""]","[""microbiome data""]","['microbiom', 'microbiom data']"
38573752,"[""text""], [""text""]","[""text""]","[""text""]",['text']
38574545,"[""Medical Image""], [""Image""]","[""Medical Image""]","[""Image""]","['medic imag', 'imag']"
38574756,,,,[]
38575814,"[""PET""], [""PET imaging""]","[""PET""]","[""PET imaging""]","['pet imag', 'pet']"
38578872,"[""web-based"", ""video""], [""Text""]","[""web-based"", ""video""]","[""Text""]","['text', 'webbas', 'video']"
38582538,"[""Neuropsychological assessments"", ""structural and functional MRI"", ""electroencephalography""], [{""Category"": ""Multimodal""}]","[""Neuropsychological assessments"", ""structural and functional MRI"", ""electroencephalography""]","[{""Category"": ""Multimodal""}]","['structur and function mri', 'categori multimod', 'electroencephalographi', 'neuropsycholog assess']"
38582770,"[""Electrochemical"", ""Urine""], [""urine samples""]","[""Electrochemical"", ""Urine""]","[""urine samples""]","['urin', 'urin sampl', 'electrochem']"
38585855,"[""Audio""], [""sound""]","[""Audio""]","[""sound""]","['audio', 'sound']"
38588794,"[""Electrocardiogram""], [""ECGs""]","[""Electrocardiogram""]","[""ECGs""]","['ecg', 'electrocardiogram']"
38589545,"[""text""], [""Text""]","[""text""]","[""Text""]",['text']
38589775,,,"[{""Name"": ""Department of Mathematics and Statistics"", ""Location"": ""University of Victoria, Victoria, BC, Canada""}, {""Name"": ""Department of Mathematics and Statistics"", ""Location"": ""University of Saskatchewan, Saskatoon, SK, Canada""}]",[]
38589815,"[""EEG"", ""Auditory""], [""EEG"", ""vocal and musical""]","[""EEG"", ""Auditory""]","[""EEG"", ""vocal and musical""]","['vocal and music', 'auditori', 'eeg']"
38591838,,,"{""Text"": true, ""Audio"": false, ""Image"": false}",[]
38592752,"[""Text""], [{""name"": ""Text""}, {""name"": ""Image""}]","[""Text""]","[{""name"": ""Text""}, {""name"": ""Image""}]","['text', 'name imag', 'name text']"
38598077,,,,[]
38598191,"[""CT scans"", ""Electronic Health Records""], [""Multislice abdominal CT scans""]","[""CT scans"", ""Electronic Health Records""]","[""Multislice abdominal CT scans""]","['ct scan', 'multislic abdomin ct scan', 'electron health record']"
38599293,,"[""Plasma concentrations of three biomarkers (N-terminal pro-B-type natriuretic peptide [NT-proBNP], fatty acid binding protein 3 [FABP3], and FABP4)""]",,[]
38600209,"[""Medication dosage"", ""Unified Parkinson's Disease Rating Scale"", ""Activities of Daily Living"", ""Hoehn and Yahr scale""], [""Text""]","[""Medication dosage"", ""Unified Parkinson's Disease Rating Scale"", ""Activities of Daily Living"", ""Hoehn and Yahr scale""]","[""Text""]","['medic dosag', 'hoehn and yahr scale', 'activ of daili live', 'unifi parkinson diseas rate scale', 'text']"
38604185,"[""Computed tomography"", ""Monte Carlo simulations""], [""CT scans""]","[""Computed tomography"", ""Monte Carlo simulations""]","[""CT scans""]","['mont carlo simul', 'comput tomographi', 'ct scan']"
38604227,"[""Text"", ""Medical""], [""text"", ""image""]","[""Text"", ""Medical""]","[""text"", ""image""]","['medic', 'text', 'imag']"
38604736,"[""MR""], {""size"": {""count"": 1}, ""type"": {""count"": null}}","[""MR""]","{""size"": {""count"": 1}, ""type"": {""count"": null}}","['type count null', 'size count 1', 'mr']"
38605059,,,"[""X-ray""]",[]
38605172,"[""neuroimaging"", ""behavioral data""], [""hippocampal-cortical connectivity"", ""episodic memory"", ""social cognition""]","[""neuroimaging"", ""behavioral data""]","[""hippocampal-cortical connectivity"", ""episodic memory"", ""social cognition""]","['episod memori', 'social cognit', 'behavior data', 'neuroimag', 'hippocampalcort connect']"
38605799,"[""CT-scan""], [""CT scan""]","[""CT-scan""]","[""CT scan""]","['ctscan', 'ct scan']"
38607662,,,"[""text""]",[]
38607809,,,[],[]
38610443,,"[""Upper limb rehabilitation"", ""Human-robot interface"", ""Kinematic models""]",,[]
38611631,"[""Photoplethysmogram"", ""Voltage Gradient Signals""], [""photoplethysmogram"", ""orthogonal voltage gradient signals""]","[""Photoplethysmogram"", ""Voltage Gradient Signals""]","[""photoplethysmogram"", ""orthogonal voltage gradient signals""]","['photoplethysmogram', 'orthogon voltag gradient signal', 'voltag gradient signal']"
38615432,"[""Image"", ""3D""], [""skin"", ""image""]","[""Image"", ""3D""]","[""skin"", ""image""]","['skin', '3d', 'imag']"
38617584,"[""Saliva"", ""Blood""], [""microbiome, salivary cytokines, systemic cytokines""]","[""Saliva"", ""Blood""]","[""microbiome, salivary cytokines, systemic cytokines""]","['blood', 'salivari cytokin', 'saliva', 'system cytokin', 'microbiom']"
38618957,,,,[]
38619825,"[""Raman Spectroscopy""], [""Spectroscopic data""]","[""Raman Spectroscopy""]","[""Spectroscopic data""]","['spectroscop data', 'raman spectroscopi']"
38620047,,,,[]
38621801,"[""Electronic medical records"", ""Albuminuria""], [""Electronic medical records""]","[""Electronic medical records"", ""Albuminuria""]","[""Electronic medical records""]","['albuminuria', 'electron medic record']"
38622115,,,"[""Medical""]",[]
38625728,"[""Medical Images""], [""Image""]","[""Medical Images""]","[""Image""]","['medic imag', 'imag']"
38626440,"[""Demographic data"", ""Clinical data""], [""Text""]","[""Demographic data"", ""Clinical data""]","[""Text""]","['text', 'demograph data', 'clinic data']"
38630042,,,,[]
38630178,"[""Text""], [""text""]","[""Text""]","[""text""]",['text']
38630732,,,"[""muscle mass measurement""]",[]
38631818,"[""Electronic medical charts""], [""Electronic Medical Records""]","[""Electronic medical charts""]","[""Electronic Medical Records""]","['electron medic chart', 'electron medic record']"
38632526,"[""Proteomics""], [""Proteinomics data""]","[""Proteomics""]","[""Proteinomics data""]","['proteinom data', 'proteom']"
38636329,,,,[]
38637239,"[""MRI""], [""MRI""]","[""MRI""]","[""MRI""]",['mri']
38637627,"[""brain morphology"", ""behavioral""], [{""modality"": ""MRI""}]","[""brain morphology"", ""behavioral""]","[{""modality"": ""MRI""}]","['behavior', 'modal mri', 'brain morpholog']"
38720073,,,,[]
38638495,"[""2D-3D"", ""Video""], [""2D-3D Convolutional Neural Networks"", ""Videos""]","[""2D-3D"", ""Video""]","[""2D-3D Convolutional Neural Networks"", ""Videos""]","['2d3d', 'video', '2d3d convolut neural network']"
38638805,"[""EEG""], [""EEG""]","[""EEG""]","[""EEG""]",['eeg']
38639373,,"[""Clinical Data"", ""Imaging Data""]",,[]
38642296,"[""Ultrasound""], Ultrasound images","[""Ultrasound""]",Ultrasound images,"['ultrasound', 'ultrasound imag']"
38642704,,,"[{""Type"": ""Machine Learning"", ""Model"": ""Feedforward and Recurrent Neural Networks""}]",[]
38643691,"[""brain magnetic resonance imaging""], [""MRI""]","[""brain magnetic resonance imaging""]","[""MRI""]","['mri', 'brain magnet reson imag']"
38647339,"[""serum concentrations of 9 biomarkers""], [""Blood-based biomarkers""]","[""serum concentrations of 9 biomarkers""]","[""Blood-based biomarkers""]","['bloodbas biomark', 'serum concentr of 9 biomark']"
38650940,"[""Cytokine"", ""Health""], [{""Modality"": ""cytokine profiling""}, {""Modality"": ""multimodal health data""}]","[""Cytokine"", ""Health""]","[{""Modality"": ""cytokine profiling""}, {""Modality"": ""multimodal health data""}]","['cytokin', 'health', 'modal cytokin profil', 'modal multimod health data']"
38651539,"[""Oral""], [""Text""]","[""Oral""]","[""Text""]","['oral', 'text']"
38652720,"[""Time series"", ""Clinical data""], [{""modality"": ""Text""}, {""modality"": ""Image""}]","[""Time series"", ""Clinical data""]","[{""modality"": ""Text""}, {""modality"": ""Image""}]","['clinic data', 'modal text', 'modal imag', 'time seri']"
38654924,,,[],[]
38657971,,,"[""Mathematics"", ""Physics""]",[]
38662370,"[""Text""], [""symptoms"", ""sleep difficulties"", ""cognitive difficulties"", ""disabling fatigue""]","[""Text""]","[""symptoms"", ""sleep difficulties"", ""cognitive difficulties"", ""disabling fatigue""]","['symptom', 'sleep difficulti', 'cognit difficulti', 'text', 'disabl fatigu']"
38664377,"[""Structural MRI"", ""Clinical"", ""Sociodemographic"", ""Genetic""], [""MRI"", ""clinical data""]","[""Structural MRI"", ""Clinical"", ""Sociodemographic"", ""Genetic""]","[""MRI"", ""clinical data""]","['structur mri', 'sociodemograph', 'mri', 'genet', 'clinic', 'clinic data']"
38668049,"[""Text""], [""Text""]","[""Text""]","[""Text""]",['text']
38668064,"[""Electronic Health Records""], [""text""]","[""Electronic Health Records""]","[""text""]","['text', 'electron health record']"
38669487,"[""Medical Records"", ""Medical Imaging""], [""musculoskeletal""]","[""Medical Records"", ""Medical Imaging""]","[""musculoskeletal""]","['musculoskelet', 'medic imag', 'medic record']"
38671083,,,,[]
38671486,"[""optical coherence tomography (OCT) videos and fovea-centered images""], [""videos"", ""images""]","[""optical coherence tomography (OCT) videos and fovea-centered images""]","[""videos"", ""images""]","['optic coher tomographi oct video and foveacent imag', 'video', 'imag']"
38672211,,,"[""miRNA sequencing""]",[]
38674204,"[""Hemodynamic traces"", ""Arterial pressure""], [""Arterial Pressure Wave""]","[""Hemodynamic traces"", ""Arterial pressure""]","[""Arterial Pressure Wave""]","['hemodynam trace', 'arteri pressur wave', 'arteri pressur']"
38678058,"[""EEG""], [""EEG"", ""motor task""]","[""EEG""]","[""EEG"", ""motor task""]","['motor task', 'eeg']"
38678144,"[""Ultrasound"", ""Angiography""], [{""name"": ""MR""}, {""name"": ""CT""}]","[""Ultrasound"", ""Angiography""]","[{""name"": ""MR""}, {""name"": ""CT""}]","['name ct', 'name mr', 'ultrasound', 'angiographi']"
38678567,"[""plasma"", ""omics""], [""multi-omics""]","[""plasma"", ""omics""]","[""multi-omics""]","['plasma', 'omic', 'multiom']"
38679324,"[""brain imaging""], [""Text"", ""Image""]","[""brain imaging""]","[""Text"", ""Image""]","['text', 'imag', 'brain imag']"
38722452,,,[],[]
38688297,"[""Accelerometer""], [""accelerometer""]","[""Accelerometer""]","[""accelerometer""]",['acceleromet']
38692744,,,,[]
38693326,"[""Anthropometric measurements""], [""image"", ""tissue mass""]","[""Anthropometric measurements""]","[""image"", ""tissue mass""]","['tissu mass', 'anthropometr measur', 'imag']"
38693328,"[""Mammography"", ""Ultrasound""], [""mammography (DM)"", ""ultrasound (US)""]","[""Mammography"", ""Ultrasound""]","[""mammography (DM)"", ""ultrasound (US)""]","['ultrasound us', 'mammographi dm', 'ultrasound', 'mammographi']"
38696609,"[""MRI""], [""image""]","[""MRI""]","[""image""]","['mri', 'imag']"
38697028,"[""Planning CT"", ""Last synthetic CT""], [""radiomic"", ""dosiomic""]","[""Planning CT"", ""Last synthetic CT""]","[""radiomic"", ""dosiomic""]","['plan ct', 'dosiom', 'last synthet ct', 'radiom']"
38699676,"[""Structural T1-weighted magnetic resonance imaging""], [""MRI"", ""Cognitive assessments""]","[""Structural T1-weighted magnetic resonance imaging""]","[""MRI"", ""Cognitive assessments""]","['mri', 'cognit assess', 'structur t1weight magnet reson imag']"
38699950,"[""Medical images""], [""Images""]","[""Medical images""]","[""Images""]","['medic imag', 'imag']"
38701342,"[""electrophysiology"", ""imaging""], [""MRI"", ""EEG""]","[""electrophysiology"", ""imaging""]","[""MRI"", ""EEG""]","['mri', 'eeg', 'electrophysiolog', 'imag']"
38704793,"[""Micro-ultrasound""], [""micro-ultrasound"", ""convolutional neural network models""]","[""Micro-ultrasound""]","[""micro-ultrasound"", ""convolutional neural network models""]","['convolut neural network model', 'microultrasound']"
38705190,,,,[]
38706611,"[""Ultrasound""], [""ultrasound""]","[""Ultrasound""]","[""ultrasound""]",['ultrasound']
38706783,"[""Clinical""], [""unsupervised dimensionality reduction and clustering"", ""supervised analysis""]","[""Clinical""]","[""unsupervised dimensionality reduction and clustering"", ""supervised analysis""]","['supervis analysi', 'clinic', 'unsupervis dimension reduct and cluster']"
38707712,"[""Visual"", ""Auditory"", ""Cognitive""], [""Language"", ""Executive control""]","[""Visual"", ""Auditory"", ""Cognitive""]","[""Language"", ""Executive control""]","['cognit', 'execut control', 'languag', 'auditori', 'visual']"
38709069,,,,[]
38709554,,,[],[]
38710744,"[""THz image""], [""THz imaging"", ""Wearable devices""]","[""THz image""]","[""THz imaging"", ""Wearable devices""]","['thz imag', 'wearabl devic']"
38712184,"[""Sequence""], [""Proportionalized Split Amino Acid Composition"", ""Conventional sequence-based features""]","[""Sequence""]","[""Proportionalized Split Amino Acid Composition"", ""Conventional sequence-based features""]","['sequenc', 'proportion split amino acid composit', 'convent sequencebas featur']"
38714895,"[""neural networks"", ""fully-connected feedforward""], [{""Label"": ""Biomedical"", ""Affiliation"": [""Department of Biomedical Engineering, Schulich School of Engineering, University of Calgary, Calgary, Alberta, Canada.""]}, {""Label"": ""Healthcare"", ""Affiliation"": [""Data Intelligence for Health Lab, Cumming School of Medicine, University of Calgary, Alberta, Canada.""]}]","[""neural networks"", ""fully-connected feedforward""]","[{""Label"": ""Biomedical"", ""Affiliation"": [""Department of Biomedical Engineering, Schulich School of Engineering, University of Calgary, Calgary, Alberta, Canada.""]}, {""Label"": ""Healthcare"", ""Affiliation"": [""Data Intelligence for Health Lab, Cumming School of Medicine, University of Calgary, Alberta, Canada.""]}]","['label biomed', 'affili depart of biomed engin', 'alberta', 'canada', 'fullyconnect feedforward', 'affili data intellig for health lab', 'univers of calgari', 'label healthcar', 'calgari', 'schulich school of engin', 'cum school of medicin', 'neural network']"
38715445,,,"[""Text""]",[]
38717399,,,"[""Neuronal activity"", ""Behavioral dynamics""]",[]
38718518,,,,[]
38723886,"[""Echocardiography"", ""Single-photon emission computed tomography (SPECT)""], [""SPECT"", ""Echocardiography""]","[""Echocardiography"", ""Single-photon emission computed tomography (SPECT)""]","[""SPECT"", ""Echocardiography""]","['spect', 'echocardiographi', 'singlephoton emiss comput tomographi spect']"
38724761,"[""Tree-based"", ""Clinical""], [""XgBoost""]","[""Tree-based"", ""Clinical""]","[""XgBoost""]","['treebas', 'clinic', 'xgboost']"
38727827,"[""Survey"", ""Electronic Health Records""], []","[""Survey"", ""Electronic Health Records""]",[],"['', 'electron health record', 'survey']"
38734697,"[""Ultrasound""], [""Ultrasound""]","[""Ultrasound""]","[""Ultrasound""]",['ultrasound']
38739557,"[""Electromyography""], [""Myoelectric Prosthesis Control"", ""User Experience""]","[""Electromyography""]","[""Myoelectric Prosthesis Control"", ""User Experience""]","['electromyographi', 'myoelectr prosthesi control', 'user experi']"
38746371,"[""MRI"", ""Other""], [""MRI"", ""CT""]","[""MRI"", ""Other""]","[""MRI"", ""CT""]","['mri', 'other', 'ct']"
38747464,"[""Imaging"", ""Fluorescence""], [{""name"": ""Medical Images""}, {""name"": ""Medical Signals""}]","[""Imaging"", ""Fluorescence""]","[{""name"": ""Medical Images""}, {""name"": ""Medical Signals""}]","['name medic imag', 'fluoresc', 'name medic signal', 'imag']"
38747976,,,,[]
38748882,"[""single-cell"", ""multi-omics""], [""single-cell multi-omics data""]","[""single-cell"", ""multi-omics""]","[""single-cell multi-omics data""]","['singlecel multiom data', 'singlecel', 'multiom']"
38751214,,"[""Cortical""]",,[]
38753317,"[""text""], [""text""]","[""text""]","[""text""]",['text']
38753973,"[""medical""], [""Text"", ""Image""]","[""medical""]","[""Text"", ""Image""]","['medic', 'text', 'imag']"
38754135,"[""Medical Records""], [""Text""]","[""Medical Records""]","[""Text""]","['text', 'medic record']"
38755563,"[""chest X-ray images""], [""X-ray""]","[""chest X-ray images""]","[""X-ray""]","['xray', 'chest xray imag']"
38756834,,,"[""Health Services Research""]",[]
38760690,"[""Proteomic""], [""Proteomics""]","[""Proteomic""]","[""Proteomics""]",['proteom']
38762552,"[""Robot"", ""Clinical""], [""Proprioception"", ""Visuomotor adaptation""]","[""Robot"", ""Clinical""]","[""Proprioception"", ""Visuomotor adaptation""]","['visuomotor adapt', 'clinic', 'robot', 'propriocept']"
38763356,"[""MR""], [""MRI""]","[""MR""]","[""MRI""]","['mri', 'mr']"
38763972,"[""Hot Flush Rating Scale""], [""Hot Flush Rating Scale (HFRS)""]","[""Hot Flush Rating Scale""]","[""Hot Flush Rating Scale (HFRS)""]","['hot flush rate scale', 'hot flush rate scale hfr']"
38765850,"[""Text""], [""Transcranial Direct Current Stimulation""]","[""Text""]","[""Transcranial Direct Current Stimulation""]","['text', 'transcrani direct current stimul']"
38765887,"[""EEG""], [""Ear-EEG"", ""Scalp EEG""]","[""EEG""]","[""Ear-EEG"", ""Scalp EEG""]","['eareeg', 'eeg', 'scalp eeg']"
38767799,,,"[""physicochemical properties"", ""drug encapsulation efficiency""]",[]
38769334,,"[""Medical"", ""Pharmacology""]",,[]
38772191,"[""CT""], [""image"", ""text""]","[""CT""]","[""image"", ""text""]","['text', 'ct', 'imag']"
38774366,"[""breath-by-breath""], [""breath-by-breath data""]","[""breath-by-breath""]","[""breath-by-breath data""]","['breathbybreath', 'breathbybreath data']"
38774435,,,"[""text"", ""dialogue""]",[]
38774466,"[""Radiology"", ""Urology""], []","[""Radiology"", ""Urology""]",[],"['', 'radiolog', 'urolog']"
38774832,"[""digital biomarkers"", ""environmental biomarkers""], [""text"", ""multimedia""]","[""digital biomarkers"", ""environmental biomarkers""]","[""text"", ""multimedia""]","['digit biomark', 'text', 'environment biomark', 'multimedia']"
38790952,"[""Metabolic"", ""Transcriptomic""], [""None of the above""]","[""Metabolic"", ""Transcriptomic""]","[""None of the above""]","['none of the abov', 'transcriptom', 'metabol']"
38777894,"[], [""Surgical Data""]",[],"[""Surgical Data""]","['', 'surgic data']"
38779704,,,"[""text""]",[]
38780375,"[""ECG"", ""ACC""], [""ECG"", ""accelerometric""]","[""ECG"", ""ACC""]","[""ECG"", ""accelerometric""]","['ecg', 'acc', 'accelerometr']"
38781279,,,,[]
38784249,"[""Laboratory Tests"", ""Age"", ""ICU Admission""], [""Hematological"", ""Clinical chemistry""]","[""Laboratory Tests"", ""Age"", ""ICU Admission""]","[""Hematological"", ""Clinical chemistry""]","['hematolog', 'laboratori test', 'icu admiss', 'clinic chemistri', 'age']"
38784688,"[""MRI"", ""Clinical""], [""MRI"", ""clinical_features""]","[""MRI"", ""Clinical""]","[""MRI"", ""clinical_features""]","['mri', 'clinic', 'clinical_featur']"
38786284,"[""Photoplethysmographic"", ""Orthogonal voltage gradient""], [""Photoplethysmographic"", ""Orthogonal Voltage Gradient""]","[""Photoplethysmographic"", ""Orthogonal voltage gradient""]","[""Photoplethysmographic"", ""Orthogonal Voltage Gradient""]","['orthogon voltag gradient', 'photoplethysmograph']"
38786731,"[""Serum metabolites""], [""Serum"", ""Clinical variables""]","[""Serum metabolites""]","[""Serum"", ""Clinical variables""]","['serum metabolit', 'clinic variabl', 'serum']"
38787428,"[""Imaging""], [""Imaging"", ""Urology""]","[""Imaging""]","[""Imaging"", ""Urology""]","['urolog', 'imag']"
38788286,,,"[{""value"": ""text""}, {""value"": ""image""}]",[]
38794775,"[""Metabolomics""], [""metabolites""]","[""Metabolomics""]","[""metabolites""]","['metabolom', 'metabolit']"
38795358,"[""electrophysiological"", ""high-density""], [""High-density electrophysiological recordings"", ""Deep neural networks""]","[""electrophysiological"", ""high-density""]","[""High-density electrophysiological recordings"", ""Deep neural networks""]","['highdens electrophysiolog record', 'deep neural network', 'highdens', 'electrophysiolog']"
38800454,"[""Brain activity"", ""Behavioral data""], [""Brain activity data"", ""Behavioral data""]","[""Brain activity"", ""Behavioral data""]","[""Brain activity data"", ""Behavioral data""]","['brain activ data', 'behavior data', 'brain activ']"
38807510,"[""Laboratory data""], [""Laboratory data"", ""Electronic medical records""]","[""Laboratory data""]","[""Laboratory data"", ""Electronic medical records""]","['electron medic record', 'laboratori data']"
38807993,"[""Text""], [""text""]","[""Text""]","[""text""]",['text']
38809561,,,"[""Text"", ""Numbers""]",[]
38820562,"[""Visual""], [""Visual Stimuli"", ""Spatial Frequency""]","[""Visual""]","[""Visual Stimuli"", ""Spatial Frequency""]","['spatial frequenc', 'visual', 'visual stimuli']"
38827949,,,"[""Scopus"", ""PubMed"", ""Wiley"", ""Google Scholar""]",[]
38831298,,,,[]
38831517,"[""Text""], [""image"", ""clinical""]","[""Text""]","[""image"", ""clinical""]","['text', 'clinic', 'imag']"
38834975,,,,[]
38836600,,,"[{""name"": ""text""}, {""name"": ""image""}]",[]
38838843,"[""Text""], []","[""Text""]",[],"['', 'text']"
38838989,"[""radiation therapy"", ""image analysis"", ""volume segmentation"", ""treatment planning""], [""image analysis"", ""volume segmentation"", ""treatment planning""]","[""radiation therapy"", ""image analysis"", ""volume segmentation"", ""treatment planning""]","[""image analysis"", ""volume segmentation"", ""treatment planning""]","['radiat therapi', 'treatment plan', 'imag analysi', 'volum segment']"
38839785,"[""Sequence"", ""Composition""], [""Text""]","[""Sequence"", ""Composition""]","[""Text""]","['composit', 'text', 'sequenc']"
38839884,,"[""medical""]",,[]
38840185,"[""Gene expression"", ""Protein-protein interactions""], [""gene expression"", ""immunohistochemistry""]","[""Gene expression"", ""Protein-protein interactions""]","[""gene expression"", ""immunohistochemistry""]","['proteinprotein interact', 'immunohistochemistri', 'gene express']"
38842257,"[""Serum metabolites"", ""Magnetic resonance enterography"", ""Ileocolonoscopy""], [""Serum metabolites""]","[""Serum metabolites"", ""Magnetic resonance enterography"", ""Ileocolonoscopy""]","[""Serum metabolites""]","['serum metabolit', 'magnet reson enterographi', 'ileocolonoscopi']"
38842593,"[""Metabolomics""], [""Metabolomic"", ""Xenobiotic""]","[""Metabolomics""]","[""Metabolomic"", ""Xenobiotic""]","['xenobiot', 'metabolom']"
38846536,"[""EEG"", ""Near-infrared spectroscopy"", ""Visual""], [""visual"", ""auditory""]","[""EEG"", ""Near-infrared spectroscopy"", ""Visual""]","[""visual"", ""auditory""]","['auditori', 'eeg', 'nearinfrar spectroscopi', 'visual']"
38848770,"[""Computed Tomography""], [""Image data""]","[""Computed Tomography""]","[""Image data""]","['comput tomographi', 'imag data']"
38850215,"[""MRI""], [""Structural connectivity data""]","[""MRI""]","[""Structural connectivity data""]","['mri', 'structur connect data']"
38852813,"[""Image""], [""immunostaining""]","[""Image""]","[""immunostaining""]","['immunostain', 'imag']"
38854972,"[""Text""], [""happiness"", ""depressive symptoms""]","[""Text""]","[""happiness"", ""depressive symptoms""]","['happi', 'text', 'depress symptom']"
38855036,"[""MRI""], [""MRI""]","[""MRI""]","[""MRI""]",['mri']
38857186,"[""Proteomics""], [""Ontology"", ""Text""]","[""Proteomics""]","[""Ontology"", ""Text""]","['ontolog', 'text', 'proteom']"
38857990,,,"[""text""]",[]
38858500,"[""B-mode US images""], [""B-mode US images""]","[""B-mode US images""]","[""B-mode US images""]",['bmode us imag']
38861067,"[""CT""], [""CT"", ""high-frequency kernel""]","[""CT""]","[""CT"", ""high-frequency kernel""]","['ct', 'highfrequ kernel']"
38862487,"[""single-cell""], [{""value"": [""Text"", ""Image""]}, {""value"": [""Audio"", ""Video""]}]","[""single-cell""]","[{""value"": [""Text"", ""Image""]}, {""value"": [""Audio"", ""Video""]}]","['valu audio', 'valu text', 'video', 'singlecel', 'imag']"
38862516,"[""Single-cell multi-ome""], [""Medical Imaging"", ""Physiological Signals""]","[""Single-cell multi-ome""]","[""Medical Imaging"", ""Physiological Signals""]","['singlecel multiom', 'medic imag', 'physiolog signal']"
38866253,"[""symptoms""], [""symptoms"", ""ratings""]","[""symptoms""]","[""symptoms"", ""ratings""]","['symptom', 'rate']"
38866367,"[""Fundus images""], [""Fundus images""]","[""Fundus images""]","[""Fundus images""]",['fundu imag']
38872030,"[""Phenotypes""], [""Genome-wide association studies""]","[""Phenotypes""]","[""Genome-wide association studies""]","['genomewid associ studi', 'phenotyp']"
38872128,,,"[""Audio"", ""Text""]",[]
38875068,"[""Electromyography"", ""Heart rate monitors"", ""Cameras"", ""Motion detectors"", ""Software""], [""electromyography"", ""heart rate monitors"", ""cameras"", ""motion detectors""]","[""Electromyography"", ""Heart rate monitors"", ""Cameras"", ""Motion detectors"", ""Software""]","[""electromyography"", ""heart rate monitors"", ""cameras"", ""motion detectors""]","['electromyographi', 'heart rate monitor', 'motion detector', 'softwar', 'camera']"
38875552,,,"[""Text""]",[]
38875561,,"[""Text""]",,[]
38875572,"[""Computed Tomography""], [{""modality1"": ""Computed Tomography (CT) Images"", ""modality2"": ""Radiation Oncology Consultation Notes""}]","[""Computed Tomography""]","[{""modality1"": ""Computed Tomography (CT) Images"", ""modality2"": ""Radiation Oncology Consultation Notes""}]","['comput tomographi', 'modality1 comput tomographi ct imag', 'modality2 radiat oncolog consult note']"
38875685,"[""Audio"", ""Text""], [""Audio""]","[""Audio"", ""Text""]","[""Audio""]","['text', 'audio']"
38875686,"[""Interviews""], [""Audio"", ""Video""]","[""Interviews""]","[""Audio"", ""Video""]","['audio', 'video', 'interview']"
38881482,,,"[""Healthcare""]",[]
38886757,"[""single-cell RNA-seq""], [""single-cell RNA-sequencing""]","[""single-cell RNA-seq""]","[""single-cell RNA-sequencing""]","['singlecel rnaseq', 'singlecel rnasequenc']"
38888478,,"[""medical imaging"", ""radiology""]",,[]
38892107,"[""Single-cell RNA sequencing""], [""single-cell transcriptomics"", ""machine learning""]","[""Single-cell RNA sequencing""]","[""single-cell transcriptomics"", ""machine learning""]","['singlecel transcriptom', 'machin learn', 'singlecel rna sequenc']"
38893608,"[""Lung ultrasound (LUS)""], [""ultrasound""]","[""Lung ultrasound (LUS)""]","[""ultrasound""]","['lung ultrasound lu', 'ultrasound']"
38894557,"[""Cancer""], [""Survival outcomes"", ""Covariates""]","[""Cancer""]","[""Survival outcomes"", ""Covariates""]","['covari', 'cancer', 'surviv outcom']"
38897481,,[null],,[]
38900978,"[""Hematoxylin and eosin- stained histopathology images"", ""Ki-67-stained histopathology images""], [""Images"", ""Ki-67-stained histopathology images""]","[""Hematoxylin and eosin- stained histopathology images"", ""Ki-67-stained histopathology images""]","[""Images"", ""Ki-67-stained histopathology images""]","['ki67stain histopatholog imag', 'hematoxylin and eosin stain histopatholog imag', 'imag']"
38902526,"[""Blood-based biomarkers"", ""Clinical Biomarker Data""], [""blood test"", ""clinical data""]","[""Blood-based biomarkers"", ""Clinical Biomarker Data""]","[""blood test"", ""clinical data""]","['bloodbas biomark', 'blood test', 'clinic biomark data', 'clinic data']"
38906883,"[""Clinical""], [""21 clinical and sociodemographic features""]","[""Clinical""]","[""21 clinical and sociodemographic features""]","['clinic', '21 clinic and sociodemograph featur']"
38914299,"[""Text""], [""Text""]","[""Text""]","[""Text""]",['text']
38918900,"[""Images""], [""Image"", ""Clinical assessment""]","[""Images""]","[""Image"", ""Clinical assessment""]","['clinic assess', 'imag']"
38921945,"[""functional Magnetic Resonance Imaging""], [""Functional Magnetic Resonance Imaging"", ""Logistic Regression""]","[""functional Magnetic Resonance Imaging""]","[""Functional Magnetic Resonance Imaging"", ""Logistic Regression""]","['function magnet reson imag', 'logist regress']"
38924670,"[], [""Text""]",[],"[""Text""]","['', 'text']"
38926172,"[""radiographs""], [""X-ray"", ""biplanar radiograph""]","[""radiographs""]","[""X-ray"", ""biplanar radiograph""]","['biplanar radiograph', 'xray', 'radiograph']"
38926357,"[""Histopathology images"", ""Whole genome sequencing""], [""Histopathology images""]","[""Histopathology images"", ""Whole genome sequencing""]","[""Histopathology images""]","['whole genom sequenc', 'histopatholog imag']"
38928241,"[""Molecular Dynamics Simulations"", ""Binding Free Energy Calculation""], [""Spike Protein"", ""Human ACE2""]","[""Molecular Dynamics Simulations"", ""Binding Free Energy Calculation""]","[""Spike Protein"", ""Human ACE2""]","['molecular dynam simul', 'human ace2', 'bind free energi calcul', 'spike protein']"
38929614,"[""Blood samples""], {""blood plasma concentrations"": true}","[""Blood samples""]","{""blood plasma concentrations"": true}","['blood plasma concentr true', 'blood sampl']"
38929789,"[""Text""], [""Image"", ""Text""]","[""Text""]","[""Image"", ""Text""]","['text', 'imag']"
38930089,,,"[""text""]",[]
38930112,"[""Plasma IL-7 levels""], [""Clinical Features"", ""Plasma IL-7 levels""]","[""Plasma IL-7 levels""]","[""Clinical Features"", ""Plasma IL-7 levels""]","['plasma il7 level', 'clinic featur']"
38937550,"[""Electronic Health Records (EHR)""], [""structured EHR data""]","[""Electronic Health Records (EHR)""]","[""structured EHR data""]","['electron health record ehr', 'structur ehr data']"
38938360,"[""Tissue"", ""Scans""], [""echocardiogram""]","[""Tissue"", ""Scans""]","[""echocardiogram""]","['echocardiogram', 'tissu', 'scan']"
38939385,"[""Claims data"", ""Hospitalization data""], [""Claims data""]","[""Claims data"", ""Hospitalization data""]","[""Claims data""]","['hospit data', 'claim data']"
38939983,,"[""Cardiovascular""]",,[]
38944904,"[""Virtual Reality"", ""Augmented Reality""], [""Virtual Reality"", ""Augmented Reality""]","[""Virtual Reality"", ""Augmented Reality""]","[""Virtual Reality"", ""Augmented Reality""]","['augment realiti', 'virtual realiti']"
38945043,"[""Computed Tomography""], [""CT scan""]","[""Computed Tomography""]","[""CT scan""]","['comput tomographi', 'ct scan']"
38946948,"[""RNA""], {""text"": null, ""image"": null}","[""RNA""]","{""text"": null, ""image"": null}","['imag null', 'rna', 'text null']"
38951965,"[""Medical""], [""Image"", ""Text""]","[""Medical""]","[""Image"", ""Text""]","['medic', 'text', 'imag']"
38960508,"[""Cardiovascular""], [""text""]","[""Cardiovascular""]","[""text""]","['text', 'cardiovascular']"
38960798,,"[""University Health Network"", ""Princess Margaret Cancer Centre"", ""Ontario Institute for Cancer Research""]",,[]
38962264,"[""Spectroscopy""], [""Raman spectra""]","[""Spectroscopy""]","[""Raman spectra""]","['raman spectra', 'spectroscopi']"
38962394,"[""Neurology"", ""Parkinson's Disease""], [{""Modality_Name"": ""Speech""}, {""Modality_Name"": ""Text""}]","[""Neurology"", ""Parkinson's Disease""]","[{""Modality_Name"": ""Speech""}, {""Modality_Name"": ""Text""}]","['modality_nam speech', 'neurolog', 'parkinson diseas', 'modality_nam text']"
38966539,,,"[""Tree-based models"", ""Non-tree-based models""]",[]
38968776,"[""Clinical"", ""Neurological""], [""Nurick score"", ""NDI (neck disability index)"", ""neck pain""]","[""Clinical"", ""Neurological""]","[""Nurick score"", ""NDI (neck disability index)"", ""neck pain""]","['ndi neck disabl index', 'neurolog', 'clinic', 'nurick score', 'neck pain']"
38970585,,"[""Cardiology""]",,[]
38971530,"[""Text""], [""Nutrigenomics"", ""Microbiome analysis""]","[""Text""]","[""Nutrigenomics"", ""Microbiome analysis""]","['text', 'nutrigenom', 'microbiom analysi']"
38973606,"[""Histopathology"", ""Radiomics""], [""histopathology"", ""radiomics""]","[""Histopathology"", ""Radiomics""]","[""histopathology"", ""radiomics""]","['histopatholog', 'radiom']"
38977181,"[""Sociodemographic"", ""Medical""], [""Text""]","[""Sociodemographic"", ""Medical""]","[""Text""]","['medic', 'sociodemograph', 'text']"
38980209,"[""electron microscopy""], [""Images""]","[""electron microscopy""]","[""Images""]","['electron microscopi', 'imag']"
38980984,"[""Electrocardiography"", ""Respiratory"", ""Accelerometry""], [""electrocardiography"", ""respiratory"", ""accelerometry""]","[""Electrocardiography"", ""Respiratory"", ""Accelerometry""]","[""electrocardiography"", ""respiratory"", ""accelerometry""]","['respiratori', 'electrocardiographi', 'accelerometri']"
38981282,"[""X-Ray"", ""MRI"", ""CT Scan""], []","[""X-Ray"", ""MRI"", ""CT Scan""]",[],"['', 'xray', 'mri', 'ct scan']"
38981435,"[""Magnetic Resonance Imaging""], [""magnetic resonance imaging""]","[""Magnetic Resonance Imaging""]","[""magnetic resonance imaging""]",['magnet reson imag']
38981579,,,"[""Journal"", ""Medical""]",[]
38986153,"[""Text""], [""text""]","[""Text""]","[""text""]",['text']
38986613,"[""single-cell RNA sequencing""], [""scRNA-seq""]","[""single-cell RNA sequencing""]","[""scRNA-seq""]","['scrnaseq', 'singlecel rna sequenc']"
38987512,"[""3D spinal ultrasonographs""], [""Ultrasonography""]","[""3D spinal ultrasonographs""]","[""Ultrasonography""]","['ultrasonographi', '3d spinal ultrasonograph']"
38987588,,,"[""Pathology"", ""Imaging""]",[]
38987940,"[""Speech""], [""text""]","[""Speech""]","[""text""]","['text', 'speech']"
38988787,"[""OCT"", ""OCT angiography""], [""Autofluorescence Imaging"", ""Angiography""]","[""OCT"", ""OCT angiography""]","[""Autofluorescence Imaging"", ""Angiography""]","['oct angiographi', 'autofluoresc imag', 'oct', 'angiographi']"
39001096,"[""Heart Rate Variability""], [""RR interval (RRI)""]","[""Heart Rate Variability""]","[""RR interval (RRI)""]","['rr interv rri', 'heart rate variabl']"
39001410,"[""T2-weighted"", ""diffusion-weighted imaging/apparent diffusion coefficient"", ""T1-weighted contrast-enhanced""], [""multi-parametric MRI""]","[""T2-weighted"", ""diffusion-weighted imaging/apparent diffusion coefficient"", ""T1-weighted contrast-enhanced""]","[""multi-parametric MRI""]","['t1weight contrastenhanc', 't2weight', 'multiparametr mri', 'diffusionweight imagingappar diffus coeffici']"
39002043,"[""Text""], [""Electronic Health Records""]","[""Text""]","[""Electronic Health Records""]","['text', 'electron health record']"
39012781,"[{""text"": true}, {""environmental"": true}], [""Text"", ""Image""]","[{""text"": true}, {""environmental"": true}]","[""Text"", ""Image""]","['text true', 'text', 'environment true', 'imag']"
39013639,"[""phone-based technologies"", ""digital pillboxes"", ""ingestible sensors"", ""artificial intelligence-based video-observed therapy"", ""multifunctional mobile applications""], [""Audio"", ""Text"", ""Video""]","[""phone-based technologies"", ""digital pillboxes"", ""ingestible sensors"", ""artificial intelligence-based video-observed therapy"", ""multifunctional mobile applications""]","[""Audio"", ""Text"", ""Video""]","['ingest sensor', 'artifici intelligencebas videoobserv therapi', 'phonebas technolog', 'multifunct mobil applic', 'text', 'video', 'audio', 'digit pillbox']"
39013848,,"[""Magnetic Resonance"", ""Brain Imaging""]",,[]
39013867,"[""Single-cell sequencing"", ""Bulk sequencing""], [""single-cell sequencing"", ""bulk sequencing data""]","[""Single-cell sequencing"", ""Bulk sequencing""]","[""single-cell sequencing"", ""bulk sequencing data""]","['singlecel sequenc', 'bulk sequenc', 'bulk sequenc data']"
39015268,,,,[]
38877116,,"[""Plasma-based"", ""Medical Oncology""]",,[]
34493871,,,,[]
37975229,,,,[]
33169409,,,,[]
37203150,,"[""Clinical data"", ""Machine learning""]",,[]
31981624,,,,[]
38035457,,"[""MRI"", null]",,[]
35173041,,"[""Histopathologic""]",,[]
34861493,,,,[]
38542033,,"[""medical""]",,[]
35568690,,"[""Computer Science""]",,[]
36693044,,"[""Text"", ""Image""]",,[]
34743558,,"[""retina""]",,[]
38783119,,,,[]
34694234,,"[""Clinical""]",,[]
37332567,,,,[]
36472248,,"[""MRI""]",,[]
31926806,,"[null, null, null, null, null]",,[]
38783089,,"[""cervical extension traction (CET)""]",,[]
38783054,,,,[]
37829182,,"[""Medical Imaging"", ""Electronic Health Records""]",,[]
36280681,,"[""Ultrasound"", ""Clinical""]",,[]
36415883,,,,[]
31919503,,,,[]
34095712,,"[""Genomics""]",,[]
38290583,,,,[]
37795140,,,,[]
37546399,,,,[]
