"pid","num_of_countries","country"
28651909,"2","[[""China""], [""Canada""], [""China""], [""China""], [""Canada""], [""China""]]"
28726811,"4","[[""Canada""], [""Canada""], [""Switzerland""], [""Canada""], [""Germany""], [""Canada""], [""Netherlands""]]"
28756487,"3","[[""France""], [""France""], [""France""], [""France""], [""United Kingdom""], [""Canada""]]"
28771699,"3","[[""Brazil""], [""Israel""], [""Israel""], [""Canada""]]"
28853237,"2","[[""Russia""], [""Russia""], [""Russia""], [""Canada""], [""Canada""]]"
28952798,"2","[[""United States""], [""United States""], [""United States""], [""United States""], [""Canada""], [""United States""], [""Canada""], [""United States""]]"
28968847,"3","[[""Canada""], [""Germany""], [""United States""], [""United States""], [""United States""]]"
28981875,"4","[[""Germany""], [""Turkey""], [""Germany""], [""Germany""], [""Germany""], [""Germany""], [""Germany""], [""Germany""], [""Germany""], [""Germany""], [""Germany""], [""United States""], [""Canada""], [""Turkey""]]"
29043544,"3","[[""United Kingdom""], [""Canada""], [""Canada""], [""United Kingdom""], [""United Kingdom""], [""United Kingdom""], [""United Kingdom""], [""United Kingdom""], [""Poland""]]"
29066576,"4","[[""Canada""], [""Canada""], [""Canada""], [""Argentina""], [""Ireland""], [""Ireland""], [""United States""]]"
29069413,"3","[[""United States""], [""United Kingdom""], [""Canada""], [""United Kingdom""], [""United States""]]"
29094375,"2","[[""Canada""], [""United States""]]"
29095574,"3","[[""France""], [""Ukraine""], [""Canada""]]"
29098645,"3","[[""China""], [""China""], [""Canada""], [""Netherlands""], [""China""], [""Canada""], [""China""], [""China""]]"
29128490,"2","[[""Australia""], [""Australia""], [""Australia""], [""Canada""], [""Australia""]]"
29145629,"4","[[""United Kingdom""], [""United Kingdom""], [""United States""], [""Canada""], [""United States""], [""United States""], [""Canada""], [""China""]]"
29152876,"2","[[""Hong Kong""], [""Hong Kong""], [""Canada""]]"
29187508,"3","[[""Switzerland""], [""Switzerland""], [""Switzerland""], [""Switzerland""], [""Switzerland""], [""Canada""], [""Canada""], [""United Kingdom""], [""Canada""]]"
29194610,"3","[[""Canada""], [""United States""], [""Georgia""], [""United States""], [""United States""]]"
29226512,"2","[[""Greece""], [""Canada""], [""Greece""]]"
29251172,"3","[[""Russia""], [""Russia""], [""United States""], [""Russia""], [""Russia""], [""Canada""], [""Canada""], [""United States""], [""United States""]]"
29254878,"2","[[""United States""], [""Canada""], [""United States""], [""United States""], [""United States""], [""United States""], [""United States""], [""United States""], [""United States""], [""United States""], [""United States""]]"
29268169,"5","[[""France""], [""France""], [""China""], [""United States""], [""France""], [""Poland""], [""Poland""], [""France""], [""Canada""], [""France""]]"
29272464,"5","[[""Canada""], [""Turkey""], [""Germany""], [""Czechia""], [""Canada""], [""United States""]]"
29274736,"3","[[""Canada""], [""Canada""], [""Canada""], [""Canada""], [""Mexico""], [""Canada""], [""Canada""], [""United Kingdom"", ""Canada""], [""Canada""]]"
29288983,"3","[[""Canada""], [""Canada""], [""United States""], [""Canada""], [""France""], [""Canada""], [""France""]]"
29321174,"2","[[""France""], [""Canada""], [""France""], [""France""], [""France""], [""France""], [""Canada""], [""Canada""]]"
29321970,"2","[[""Canada""], [""Japan"", ""Canada""], [""Canada""]]"
29332401,"2","[[""Canada""], [""Canada""], [""United States""], [""United States""], [""Canada""], [""Canada""], [""Canada""]]"
29339407,"2","[[""Canada""], [""China""], [""China""], [""Canada""]]"
29340580,"6","[[""United States""], [""United Kingdom""], [""Russia""], [""Canada""], [""United Kingdom""], [""Canada""], [""South Korea""], [""Canada""], [""Canada""], [""Denmark""]]"
29356281,"2","[[""Canada""], [""Canada""], [""United States""], [""United States""], [""United States""]]"
29356346,"2","[[""China""], [""China""], [""Canada""]]"
29377156,"3","[[""United States""], [""Korea, Republic of""], [""Canada""], [""Canada""], [""Canada""]]"
29379444,"2","[[""Canada""], [""United States""], [""Canada""], [""Canada""]]"
29380275,"5","[[""Thailand""], [""Canada""], [""Canada""], [""France""], [""France""], [""Thailand""], [""Bulgaria""], [""Australia""]]"
29391513,"2","[[""Pakistan""], [""Pakistan""], [""Canada""], [""Canada""], [""Canada""], [""Canada""]]"
29398207,"3","[[""Canada""], [""United States""], [""United States""], [""United Kingdom""], [""United Kingdom""]]"
29432581,"2","[[""Canada""], [""Canada""], [""United States""], [""United States""]]"
29441527,"3","[[""Canada""], [""Canada""], [""United States""], [""United States""], [""Spain""]]"
29450848,"2","[[""China""], [""China""], [""Canada""], [""Canada""], [""China""], [""China""], [""Canada""], [""Canada""]]"
29454222,"4","[[""Czechia""], [""Germany""], [""Czechia""], [""Czechia""], [""Canada""], [""Canada""], [""Canada""], [""Turkey""], [""Canada""]]"
29539596,"3","[[""Canada"", ""China""], [""Canada""], [""China""]]"
29542855,"2","[[""Canada""], [""Canada""], [""Canada""], [""Canada""], [""Canada""], [""France""], [""Canada""], [""Canada""]]"
29543895,"2","[[""Canada""], [""Switzerland""], [""Canada""], [""Canada""], [""Canada""], [""Canada""]]"
29546805,"2","[[""United States""], [""Canada""], [""United States""]]"
29548746,"2","[[""United States""], [""United States""], [""Canada""], [""United States""], [""United States""], [""United States""], [""Canada""]]"
29550305,"4","[[""United States""], [""Israel""], [""United States""], [""United States""], [""Canada""], [""Switzerland""], [""United States""], [""United States""], [""United States""], [""United States""]]"
29558208,"3","[[""United States""], [""Norway""], [""Norway""], [""Canada""], [""United States""]]"
29581092,"3","[[""United States""], [""Spain""], [""Spain""], [""United States""], [""United States""], [""Spain""], [""Spain""], [""Spain""], [""Canada""], [""Spain""], [""United States""], [""Spain""]]"
29603092,"2","[[""Canada""], [""Canada""], [""Canada""], [""Canada""], [""Canada""], [""United States""], [""Canada""], [""Canada""], [""Canada""]]"
29603869,"2","[[""Canada""], [""Canada""], [""Australia""]]"
29633474,"2","[[""Canada""], [""Canada""], [""Finland""]]"
29636016,"4","[[""Germany""], [""Czechia""], [""Turkey""], [""Czechia""], [""Czechia""], [""Czechia""], [""Turkey""], [""Canada""]]"
29648604,"2","[[""Canada""], [""Serbia""]]"
29660939,"2","[[""Canada""], [""United States""], [""Canada""]]"
29662628,"2","[[""United States""], [""United States""], [""United States""], [""United States""], [""United States""], [""United States""], [""United States""], [""United States""], [""Canada""], [""United States""]]"
29672063,"3","[[""United States""], [""United States""], [""United States"", ""Jersey""], [""Canada""], [""United States""], [""United States""], [""United States"", ""Jersey""], [""United States"", ""Jersey""]]"
29673341,"2","[[""Canada""], [""Brazil""], [""Canada""], [""Canada""], [""Canada""], [""Brazil""], [""Canada""], [""Canada""]]"
29674371,"2","[[""Canada""], [""Canada""], [""Canada""], [""Canada""], [""Canada""], [""China""], [""Canada""], [""Canada""]]"
29688388,"2","[[""Canada""], [""Canada""], [""United States""], [""Canada""], [""Canada""], [""United States""], [""Canada""], [""Canada""], [""Canada""]]"
29693792,"4","[[""United States""], [""United States""], [""China""], [""Brazil""], [""United States""], [""United States""], [""United States""], [""United States""], [""United States""], [""Canada""], [""Canada""], [""United States""], [""United States""], [""United States""]]"
29708944,"3","[[""Canada""], [""Canada""], [""United States""], [""United States""], [""Turkey""], [""Canada""]]"
29747532,"4","[[""Belgium""], [""Belgium""], [""Netherlands""], [""Canada""], [""Belgium""], [""Belgium""], [""United Kingdom""]]"
29762023,"3","[[""United States""], [""United States""], [""Russia""], [""United States""], [""Canada""], [""United States""]]"
29764796,"2","[[""Canada""], [""United States""]]"
29766558,"2","[[""Canada""], [""Canada""], [""United States""], [""United States""], [""United States""], [""United States""]]"
29779671,"3","[[""Canada""], [""United States""], [""Canada""], [""Canada""], [""Canada""], [""United States""], [""Georgia""], [""Canada""], [""Canada""]]"
29780871,"2","[[""Canada""], [""Mexico""], [""Mexico""]]"
29801696,"2","[[""Canada""], [""China""], [""China""], [""China""], [""Canada""]]"
29843092,"2","[[""Iran""], [""Iran""], [""Iran""], [""Iran""], [""Canada""], [""Iran""]]"
29844507,"3","[[""South Korea""], [""Canada""], [""United States""], [""United States""], [""United States""]]"
29844511,"2","[[""China""], [""Canada""]]"
29847723,"2","[[""Georgia"", ""United States""], [""Canada""]]"
29869321,"4","[[""United States""], [""Portugal""], [""Canada""], [""United States""], [""Japan""], [""United States""], [""Portugal""], [""Portugal""], [""United States""], [""United States""]]"
29886268,"2","[[""United States""], [""Canada""], [""Canada""]]"
29886760,"2","[[""Canada""], [""United States""], [""Canada""], [""Canada""], [""United States""], [""United States""]]"
29900478,"3","[[""Iran""], [""Iran""], [""Canada""], [""Georgia""]]"
29902277,"3","[[""Canada""], [""United States""], [""Canada""], [""Canada""], [""Canada""], [""Canada""], [""Canada""], [""Canada""], [""Canada""], [""Sweden""]]"
29905656,"2","[[""Canada""], [""Canada""], [""United States""], [""Canada""]]"
29921920,"3","[[""Canada""], [""United States""], [""United States""], [""China""], [""China""], [""China""]]"
29923104,"4","[[""United States""], [""United States""], [""Taiwan""], [""Israel""], [""United States""], [""United States""], [""Canada""], [""United States""], [""United States""], [""United States""]]"
29941415,"2","[[""United States""], [""United States""], [""United States""], [""Canada""], [""Canada""], [""Canada""]]"
29949021,"2","[[""Canada""], [""Mexico""], [""Canada""], [""Canada""]]"
29971330,"4","[[""United States""], [""Canada""], [""United States""], [""United States""], [""United States""], [""United States""], [""United States""], [""United States""], [""United States""], [""Israel""], [""United States""], [""Georgia""], [""United States""]]"
29980214,"3","[[""China""], [""United States""], [""Canada""], [""United States""], [""China""], [""United States""], [""China""]]"
30005591,"2","[[""Japan""], [""Canada""], [""Canada""], [""Canada""], [""Japan""], [""Japan""]]"
30018362,"2","[[""Germany""], [""Canada""], [""Canada""], [""Germany""]]"
30021866,"2","[[""United States""], [""Canada""], [""United States""], [""United States""]]"
30046955,"2","[[""China""], [""China""], [""Canada""], [""Canada""], [""China""], [""China""]]"
30064477,"2","[[""Canada""], [""Canada""], [""Canada""], [""Italy""], [""Canada""], [""Canada""]]"
30080747,"7","[[""United States""], [""United States""], [""United Kingdom""], [""Turkey""], [""Denmark""], [""United States""], [""Italy""], [""Germany""], [""Denmark""], [""United Kingdom""], [""United States""], [""Canada""], [""Turkey""]]"
30089110,"3","[[""United States""], [""United States""], [""Georgia"", ""United States""], [""United States""], [""United States""], [""United States""], [""United States""], [""Georgia"", ""United States""], [""Canada""], [""United States""]]"
30089915,"3","[[""Finland""], [""Finland""], [""Finland""], [""Canada""], [""United States""]]"
30091677,"3","[[""United Kingdom""], [""Canada""], [""Canada""], [""United Kingdom""], [""Poland""]]"
30098706,"4","[[""Ghana""], [""Canada""], [""United States""], [""United States""], [""Australia""], [""Ghana""], [""Australia""]]"
30099076,"8","[[""United States""], [""United States""], [""United States""], [""Mexico""], [""Australia""], [""Denmark""], [""Denmark""], [""Canada""], [""Japan""], [""Spain""], [""France""], [""Canada""], [""United States""], [""United States""], [""United States""], [""United States""], [""United States""], [""United States""], [""United States""]]"
30099077,"3","[[""France"", ""Canada""], [""Canada""], [""France""]]"
30103261,"2","[[""Canada""], [""United Kingdom""], [""Canada""]]"
30104567,"21","[[""United States""], [""Canada""], [""Canada""], [""United States""], [""United States""], [""United States""], [""Canada""], [""United States""], [""France""], [""United States""], [""United States""], [""Denmark""], [""Denmark""], [""Denmark""], [""United States""], [""Germany""], [""United States""], [""United States""], [""Spain""], [""Spain""], [""Israel""], [""Israel""], [""United States""], [""United Kingdom""], [""United Kingdom""], [""Netherlands""], [""United States""], [""Norway""], [""Canada""], [""United States""], [""United States""], [""China""], [""Korea, Republic of""], [""United States""], [""Italy""], [""Italy""], [""Canada""], [""Denmark""], [""United States""], [""Korea, Republic of""], [""Sweden""], [""Sweden""], [""United Kingdom""], [""Greece""], [""Italy""], [""United States""], [""United States""], [""United Kingdom""], [""Germany""], [""Germany""], [""Germany""], [""Austria""], [""Sweden""], [""Sweden""], [""Canada""], [""United States""], [""United States""], [""Romania""], [""Czechia""], [""Serbia""], [""Poland""], [""United States""], [""Serbia""], [""Poland""], [""Poland""], [""Norway""], [""Spain""], [""Singapore""], [""Singapore""], [""China""], [""United Kingdom""], [""Canada""], [""United States""], [""United States""], [""Canada""], [""Netherlands""], [""United Kingdom""], [""United Kingdom""], [""Canada""], [""Canada""], [""Canada""], [""United States""], [""United States""], [""United States""]]"
30114914,"2","[[""United States""], [""Canada""]]"
30128624,"2","[[""Canada""], [""Germany""], [""Canada""], [""Canada""]]"
30132040,"3","[[""Canada""], [""Switzerland""], [""Switzerland""], [""Canada""], [""United States""], [""United States""], [""United States""], [""United States""]]"
30153635,"5","[[""Canada""], [""Canada""], [""Canada""], [""Canada""], [""Canada""], [""Canada""], [""Canada"", ""Brazil""], [""Hong Kong"", ""China""], [""Taiwan""], [""Singapore""], [""Canada""]]"
30155789,"7","[[""Switzerland""], [""Germany""], [""Switzerland""], [""Switzerland""], [""Netherlands""], [""United Kingdom""], [""Switzerland""], [""United Kingdom""], [""Germany""], [""Germany""], [""France""], [""Canada""], [""Spain""], [""Germany""], [""Germany""]]"
30170769,"2","[[""Bangladesh""], [""Bangladesh""], [""Canada""]]"
30172227,"2","[[""Australia""], [""Australia""], [""Canada""], [""Australia""]]"
30185806,"2","[[""Canada""], [""Canada""], [""Canada""], [""Canada""], [""South Korea""], [""South Korea""], [""South Korea""], [""Canada""], [""Canada""]]"
30186761,"3","[[""United States""], [""Israel""], [""United States""], [""Israel""], [""United States""], [""Canada""], [""United States""]]"
30187575,"2","[[""Canada""], [""Canada""], [""Austria""]]"
30207594,"2","[[""Canada""], [""Italy""], [""Canada""]]"
30218110,"2","[[""Canada""], [""Canada""], [""Germany""], [""Canada""]]"
30229903,"8","[[""Spain""], [""Spain""], [""Spain""], [""Germany""], [""Germany""], [""Spain""], [""Spain""], [""Spain""], [""Sweden""], [""Spain""], [""United Kingdom""], [""United Kingdom""], [""Spain""], [""Germany""], [""Spain""], [""United Kingdom""], [""Spain""], [""Spain""], [""Spain""], [""Germany""], [""Ireland""], [""Italy""], [""Sweden""], [""Spain""], [""Israel""], [""United Kingdom""], [""Spain""], [""Spain""], [""Spain""], [""Canada""]]"
30252978,"3","[[""China""], [""China""], [""China""], [""China""], [""China""], [""Canada""], [""United States""], [""China""]]"
30255819,"3","[[""United States""], [""United States""], [""United States""], [""United States""], [""Canada""], [""United States""], [""United States""], [""Hong Kong"", ""China""], [""United States""]]"
30262516,"2","[[""United States""], [""United States""], [""United States""], [""Canada""], [""United States""], [""United States""], [""United States""]]"
30279435,"2","[[""United States""], [""Canada""], [""Canada""], [""United States""], [""United States""], [""United States""], [""United States""], [""United States""], [""Canada""]]"
30284322,"5","[[""Japan""], [""United Kingdom""], [""Canada""], [""Canada""], [""Japan""], [""South Africa""], [""Japan""], [""Spain""]]"
30290728,"3","[[""Australia""], [""Canada""], [""Turkey""], [""Canada""], [""Canada""], [""Canada""]]"
30300751,"9","[[""Canada""], [""Canada""], [""Canada""], [""United States""], [""China""], [""China""], [""Sweden""], [""Japan""], [""Japan""], [""France"", ""Japan""], [""France""], [""France""], [""France""], [""France""], [""France""], [""France""], [""Italy""], [""United States""], [""United Kingdom""], [""United Kingdom""], [""United States""], [""United States""], [""United States""], [""Canada""], [""Canada""], [""United States""], [""Canada""]]"
30328624,"2","[[""Canada""], [""China""], [""China""]]"
30336070,"2","[[""United States""], [""United States""], [""Canada""]]"
30336363,"2","[[""Canada""], [""Mexico""], [""Canada""]]"
30337065,"5","[[""Canada""], [""Netherlands""], [""Turkey""], [""Canada""], [""United States""], [""United States""], [""Turkey""], [""Turkey""], [""Turkey""], [""Spain""], [""Turkey""], [""Turkey""], [""Canada""]]"
30337678,"13","[[""United States""], [""Spain""], [""Italy""], [""Canada""], [""United States""], [""Switzerland""], [""Germany""], [""Germany""], [""South Africa""], [""United Kingdom""], [""Switzerland""], [""Sweden""], [""India""], [""Spain""], [""United States""], [""Jersey""], [""Belgium""], [""Germany""], [""South Africa""], [""Pakistan""], [""South Africa""], [""United States""], [""Switzerland""], [""United States""]]"
30340027,"2","[[""Canada""], [""Canada""], [""Canada""], [""Canada""], [""Canada""], [""United States""], [""Canada""]]"
30348771,"4","[[""United States""], [""Canada""], [""United States""], [""United States""], [""United States""], [""United States""], [""United States""], [""Turkey""], [""United Kingdom""], [""United States""]]"
30352604,"2","[[""Brazil""], [""Brazil""], [""Brazil""], [""Canada""]]"
30354090,"2","[[""Canada""], [""United States""], [""Canada""]]"
30354561,"2","[[""United States""], [""Canada""]]"
30356211,"3","[[""United States""], [""United States""], [""Canada""], [""France""], [""United States""], [""United States""]]"
30367117,"2","[[""United States""], [""United States""], [""United States""], [""United States""], [""Canada""], [""United States""], [""United States""], [""United States""], [""United States""], [""United States""], [""United States""], [""United States""], [""United States""]]"
30370539,"2","[[""United States""], [""Canada""], [""Canada""], [""Canada""]]"
30373211,"2","[[""China""], [""China""], [""Canada""], [""Canada""], [""Canada""], [""Canada""]]"
30381005,"5","[[""Canada""], [""Canada""], [""Canada""], [""India""], [""Italy""], [""Italy""], [""United States""], [""Mexico""], [""Mexico""], [""Canada""], [""Canada""]]"
30381856,"2","[[""United States""], [""United States""], [""United States""], [""United States""], [""United States""], [""Canada""]]"
30407550,"2","[[""United States""], [""Canada""], [""United States""], [""United States""]]"
30409057,"3","[[""Turkey""], [""United States""], [""Canada""], [""United States""], [""United States""]]"
30417539,"2","[[""Canada""], [""Canada""], [""United States""], [""United States""]]"
30427892,"2","[[""Mexico""], [""Mexico""], [""Mexico""], [""Canada""], [""Mexico""]]"
30459321,"4","[[""Canada""], [""Canada""], [""United States""], [""Canada""], [""Canada""], [""United States""], [""Canada""], [""Canada""], [""Canada""], [""Australia""], [""Canada""], [""Canada""], [""Canada""], [""Netherlands""], [""United States""], [""Canada""], [""Canada""]]"
30461117,"2","[[""Canada""], [""Australia""], [""Canada""]]"
30464478,"2","[[""South Korea""], [""South Korea""], [""South Korea""], [""South Korea""], [""South Korea""], [""Canada""], [""South Korea""]]"
30468970,"12","[[""France""], [""France""], [""France""], [""Canada""], [""Hong Kong"", ""China""], [""Lithuania""], [""United Kingdom""], [""Germany""], [""China""], [""Germany""], [""Germany""], [""Portugal""], [""Portugal""], [""Korea, Republic of""], [""India""], [""Georgia""], [""Japan""], [""Germany""], [""Germany""], [""United Kingdom""], [""France""], [""France""]]"
30481208,"2","[[""Canada""], [""Israel""], [""Canada""], [""Canada""], [""Israel""]]"
30497186,"3","[[], [""Canada""], [""Turkey""], [""Turkey""], [""Canada""]]"
30498017,"3","[[""Canada""], [""South Korea""], [""Turkey""], [""Canada""], [""Canada""], [""Canada""]]"
30499697,"2","[[""United States""], [""Canada""], [""Canada""], [""United States""]]"
30503831,"2","[[""United States""], [""Canada""], [""United States""], [""United States""]]"
30504922,"2","[[""Canada""], [""Canada""], [""United States""], [""Canada""], [""Canada""], [""Canada""]]"
30517157,"3","[[""Brazil""], [""Brazil""], [""Canada""], [""United States""]]"
30518697,"2","[[""Canada""], [""Canada""], [""Canada""], [""Australia""], [""Canada""]]"
30522594,"2","[[""Canada""], [""Canada""], [""United States""], [""Canada""]]"
30523141,"4","[[""Turkey""], [], [""Canada""], [""United States""], [""United States""], [""Turkey""], [""United States""], [""Canada""], [""United States""], [""United States""], [""Turkey""], [""United States""]]"
30535394,"7","[[""United States""], [""United States""], [""United Kingdom""], [""United Kingdom""], [""Spain""], [""United States""], [""Denmark""], [""Georgia""], [""United States""], [""United States""], [""China""], [""Canada""], [""Canada""], [""United States""]]"
30558608,"2","[[""Italy""], [""Italy""], [""Italy""], [""Canada""]]"
30560362,"2","[[""Canada""], [""Canada""], [""Canada""], [""Canada""], [""Canada""], [""Iran""], [""Canada""], [""Canada""], [""Canada""], [""Canada""]]"
30563267,"5","[[""Romania""], [""Kuwait""], [""Canada""], [""Jordan""], [""United Kingdom""]]"
30573458,"3","[[""Turkey""], [""Canada""], [""Canada""], [], [""Canada""], [""Canada""], [""Turkey""]]"
30576389,"3","[[""Canada""], [""United States""], [""Switzerland""], [""Canada""]]"
30587458,"5","[[""Netherlands""], [""Netherlands""], [""Netherlands""], [""United States""], [""United States""], [""Canada""], [""Netherlands""], [""United States""], [""Sweden"", ""Netherlands""], [""Germany""], [""Netherlands""]]"
30594138,"6","[[""Greece""], [""Greece""], [""Spain""], [""Spain""], [""Canada""], [""Spain""], [""Spain""], [""Germany""], [""Spain""], [""Switzerland""], [""Australia""], [""Greece""], [""Greece""], [""Australia""]]"
30595082,"2","[[""Canada""], [""Canada""], [""Canada""], [""United States""]]"
30598532,"8","[[""Canada""], [""Israel""], [""Israel""], [""Canada""], [""United States""], [""Germany""], [""United States""], [""United States""], [""Australia""], [""United States""], [""United States""], [""Georgia""], [""United States""], [""South Africa""], [""France""]]"
30615702,"2","[[""Canada""], [""Canada""], [""Canada""], [""United States""], [""Canada""], [""Canada""], [""Canada""], [""Canada""]]"
30620412,"3","[[""Italy""], [""Italy""], [""Canada""], [""Italy""], [""Italy""], [""United States""]]"
30622691,"2","[[""China""], [""Canada""]]"
30625395,"2","[[""China""], [""China""], [""China""], [""China""], [""China""], [""China""], [""Canada""], [""China""]]"
30627654,"2","[[""Switzerland""], [""Switzerland""], [""Switzerland""], [""Canada""]]"
30644411,"4","[[""United States""], [""Canada""], [""United Kingdom""], [""Russia""], [""United Kingdom""], [""Canada""], [""Canada""], [""United States""], [""Canada""], [""Canada""], [""United States""], [""Canada""], [""United Kingdom""], [""United States""]]"
30659193,"2","[[""Canada""], [""Canada""], [""Canada""], [""India""], [""India""], [""India""], [""India""]]"
30661193,"3","[[""China""], [""United States""], [""United States""], [""United States""], [""United States""], [""United States""], [""Canada""], [""China""], [""United States""]]"
30661578,"2","[[""Taiwan""], [""Taiwan""], [""Taiwan""], [""Taiwan""], [""Taiwan""], [""Taiwan""], [""Canada""], [""Taiwan""]]"
30689359,"2","[[""Canada""], [""Canada""], [""Canada""], [""Egypt""], [""Canada""], [""Canada""], [""Canada""]]"
30692945,"2","[[""Canada""], [""Canada""], [""Canada""], [""Egypt""]]"
30697246,"5","[[""United States""], [""Netherlands""], [""Germany""], [""Canada""], [""Canada""], [""Poland""]]"
30700040,"2","[[""China""], [""China""], [""China""], [""China""], [""China""], [""Canada""], [""China""], [""China""]]"
30704470,"2","[[""Canada""], [""Canada""], [""Canada""], [""Canada""], [""Sweden""], [""Canada""]]"
30713485,"2","[[""United States""], [""Canada""], [""United States""], [""United States""], [""United States""], [""United States""]]"
30724079,"2","[[""Canada""], [""Germany""], [""Germany""], [""Canada""]]"
30734176,"2","[[""Canada""], [""United States""]]"
30739657,"2","[[""Canada""], [""United States""], [""United States""]]"
30745169,"3","[[""Canada"", ""China""], [""Canada""], [""China""], [""China""], [""China""], [""Canada""], [""China""]]"
30755250,"2","[[""Canada""], [""Canada""], [""Turkey""], [""Canada""], [""Turkey""]]"
30767173,"4","[[""United States""], [""France""], [""France""], [""France""], [""France""], [""Sweden""], [""Canada""], [""United States""], [""United States""], [""United States""]]"
30767528,"2","[[""Canada""], [""United States""], [""United States""]]"
30768159,"2","[[""United States""], [""Canada""], [""Canada""], [""United States""], [""United States""]]"
30768971,"2","[[""China""], [""China""], [""China""], [""China""], [""Canada""], [""China""]]"
30773443,"5","[[""Canada""], [""Canada""], [""United States""], [""Australia""], [""United States""], [""France""], [""Canada""], [""Austria""], [""Canada""]]"
30779585,"2","[[""Canada""], [""Russia""]]"
30782022,"4","[[""Spain""], [""Canada""], [""Canada""], [""Cyprus""], [""United Kingdom""]]"
30789386,"3","[[""Turkey""], [""Turkey""], [""Turkey""], [], [""Canada""]]"
30794536,"2","[[""United States""], [""Canada""], [""Canada""]]"
30794559,"2","[[""France""], [""Canada""], [""France""]]"
30795962,"7","[[""Canada""], [""Austria""], [""United States""], [""Spain""], [""United States""], [""France""], [""Australia""], [""Italy""], [""Canada""]]"
30807586,"2","[[""Canada""], [""Canada""], [""Canada""], [""United Kingdom""], [""Canada""], [""Canada""], [""Canada""], [""Canada""], [""Canada""]]"
30814523,"2","[[""China""], [""Canada""], [""Canada""], [""China""], [""China""]]"
30833286,"2","[[""Canada""], [""United States""], [""United States""]]"
30833926,"2","[[""United States""], [""Canada""], [""United States""], [""United States""], [""Canada""], [""United States""]]"
30835551,"3","[[""Russia""], [""Canada""], [""Hong Kong"", ""China""], [""Russia""], [""Russia""]]"
30838178,"2","[[""Canada""], [""Netherlands""], [""Canada""]]"
30847388,"3","[[""Canada""], [""Germany""], [""Canada""], [""Canada""], [""Turkey""], [""Canada""]]"
30847821,"3","[[""United States""], [""United States""], [""Canada""], [""Canada""], [""United States""], [""China""], [""Canada""]]"
30865701,"2","[[""Canada""], [""France""]]"
30870597,"2","[[""Canada""], [""United States""], [""United States""], [""United States""], [""United States""], [""United States""]]"
30885044,"4","[[""China""], [""Canada""], [""Canada""], [""Canada""], [""Canada""], [""United States""], [""Israel""], [""United States""], [""United States""], [""United States""]]"
30895278,"2","[[""United States""], [""United States""], [""Canada""], [""United States""], [""United States""]]"
30909014,"4","[[""China""], [""United States""], [""Canada""], [""United Kingdom""], [""China""], [""United States""]]"
30914296,"2","[[""United States""], [""United States""], [""United States""], [""Canada""]]"
30932474,"2","[[""Canada""], [""Canada""], [""Canada""], [""United States""], [""United States""]]"
30935504,"2","[[""Sweden""], [""Sweden""], [""Sweden""], [""Sweden""], [""Sweden""], [""Sweden""], [""Canada""]]"
30948811,"4","[[""United States""], [""United States""], [""Korea, Republic of""], [""China""], [""Korea, Republic of""], [""United States""], [""Canada""], [""United States""], [""United States""], [""United States""], [""United States""], [""United States""], [""United States""], [""United States""]]"
30956924,"2","[[""United States""], [""Canada""]]"
30958743,"2","[[""United States""], [""United States""], [""United States""], [""United States""], [""Canada""], [""United States""]]"
30959435,"2","[[""Oman""], [""Canada""]]"
30962703,"2","[[""United States""], [""United States""], [""United States""], [""United States""], [""United States""], [""Canada""], [""United States""], [""United States""]]"
30972686,"2","[[""Canada""], [""France""], [""Canada""]]"
30980127,"3","[[""Canada""], [""Canada""], [""Canada""], [""Canada""], [""Canada""], [""Canada""], [""Canada""], [""Canada""], [""Spain""], [""Japan""], [""Canada""], [""Canada""]]"
30992063,"4","[[""Italy""], [""United States""], [""United States""], [""United States""], [""United States""], [""Canada""], [""Finland""], [""Italy""], [""United States""]]"
30999580,"2","[[""China""], [""China""], [""China""], [""China""], [""China""], [""China""], [""Canada""], [""China""], [""China""], [""China""]]"
31000803,"2","[[""United States""], [""United States""], [""United States""], [""United States""], [""United States""], [""Canada""]]"
31000909,"4","[[""United States""], [""Turkey""], [""Portugal""], [""United States""], [""Canada""], [""United States""], [""Turkey""], [""United States""]]"
31004711,"3","[[""France"", ""Canada""], [""United States""], [""Canada""]]"
31005213,"2","[[""France"", ""Canada""], [""Canada""]]"
31009356,"3","[[""Germany""], [""Germany""], [""Germany""], [""Germany""], [""Germany""], [""Germany""], [""Germany""], [""Switzerland""], [""Germany""], [""Germany""], [""Germany""], [""Canada""]]"
31026016,"2","[[""United States""], [""Canada""]]"
31048199,"2","[[""China""], [""China""], [""Canada""], [""China""], [""Canada""]]"
31055684,"2","[[""Canada""], [""United States""], [""United States""], [""United States""]]"
31060214,"2","[[""Mexico""], [""Mexico""], [""Canada""], [""Mexico""], [""Mexico""], [""Mexico""]]"
31062050,"3","[[""China""], [""Canada""], [""Singapore""], [""Singapore""], [""China""], [""China""]]"
31076475,"4","[[""Canada""], [""Switzerland""], [""Madagascar""], [""United States""], [""Madagascar""], [""Canada""], [""Canada""]]"
31093956,"2","[[""South Korea""], [""Canada""], [""Canada""], [""Canada""], [""South Korea""], [""South Korea""], [""South Korea""]]"
31104700,"2","[[""United States""], [""Canada""], [""United States""], [""United States""]]"
31105571,"4","[[""United States""], [""United Kingdom""], [""United Kingdom""], [""Turkey""], [""Canada""], [""Canada""], [""Canada""], [""United States""]]"
31108670,"2","[[""China""], [""Canada""], [""China""]]"
31115734,"2","[[""India""], [""India""], [""Canada""]]"
31117509,"3","[[""Malta""], [""United States""], [""Canada""], [""United States""]]"
31123099,"2","[[""United States""], [""United States""], [""United States""], [""United States""], [""United States""], [""Canada""], [""United States""], [""United States""]]"
31133249,"2","[[""Canada""], [""United States""]]"
31133613,"2","[[""United States""], [""United States""], [""United States""], [""United States""], [""Canada""], [""Canada""], [""United States""], [""United States""], [""United States""]]"
31138084,"5","[[""United States""], [""Ireland""], [""Turkey""], [""United Kingdom""], [""Canada""], [""Turkey""], [""United States""], [""United States""], [""Canada""], [""Turkey""], [""Turkey""], [""United States""]]"
31150083,"2","[[""United States""], [""United States""], [""United States""], [""United States""], [""United States""], [""United States""], [""United States""], [""Canada""], [""United States""]]"
31150956,"3","[[""United States""], [""Canada""], [""United States""], [""United States""], [""United States""], [""United States""], [""United States""], [""United States""], [""United States"", ""Israel""], [""United States""], [""United States""], [""United States""]]"
31167504,"2","[[""United States""], [""United States""], [""United States""], [""Canada""]]"
31171447,"11","[[""Netherlands""], [""Netherlands""], [""Germany""], [""United States""], [""United States""], [""United States""], [""Netherlands""], [""United States""], [""United States""], [""United States""], [""Germany""], [""United States""], [""South Korea""], [""Germany""], [""United Kingdom""], [""Netherlands""], [""Switzerland"", ""Italy""], [""United States""], [""United Kingdom""], [""Germany""], [""Italy""], [""Spain""], [""Netherlands""], [""United States""], [""Switzerland""], [""United States""], [""United States""], [""United States""], [""United States""], [""United States""], [""Singapore""], [""Canada""], [""United Kingdom""], [""Netherlands""], [""Netherlands""]]"
31173905,"7","[[""Germany"", ""Ireland""], [""France""], [""Germany""], [""United Kingdom""], [""France""], [""France""], [""Canada""], [""United States""], [""Ireland""]]"
31175462,"5","[[""Canada""], [""Indonesia""], [""India""], [""Australia""], [""Poland""], [""Canada""]]"
31176387,"2","[[""United States""], [""United States""], [""Canada""], [""United States""]]"
31179487,"4","[[""Singapore""], [""Singapore""], [""Singapore""], [""Canada""], [""Philippines""], [""Singapore""], [""Tunisia""], [""Singapore""]]"
31194627,"2","[[""Turkey""], [""Canada""], [""Turkey""]]"
31195975,"3","[[""Ireland""], [""Canada""], [""Algeria""], [""Ireland""]]"
31197188,"2","[[""Canada""], [""United States""], [""United States""], [""Canada""]]"
31211469,"3","[[""Spain""], [""Spain""], [""Canada""], [""Spain""], [""United States""], [""United States""], [""United States""], [""Spain""], [""Spain""], [""Spain""], [""Spain""], [""Spain""], [""United States""]]"
31226518,"2","[[""Canada""], [""Canada""], [""United Kingdom""], [""Canada""], [""Canada""], [""Canada""], [""Canada""], [""Canada""], [""Canada""]]"
31227653,"2","[[""Canada""], [""Canada""], [""United States""], [""Canada""]]"
31227879,"2","[[""Iran""], [""Iran""], [""Iran""], [""Canada""], [""Canada""], [""Iran""], [""Iran""]]"
31228556,"2","[[""Canada""], [""Canada""], [""Canada""], [""Brazil""], [""Canada""], [""Canada""]]"
31242238,"2","[[""Australia""], [""Canada""], [""Australia""], [""Australia""]]"
31245818,"2","[[""Canada""], [""Argentina""], [""Argentina""], [""Canada""]]"
31249104,"2","[[""Canada""], [""Canada""], [""United States""], [""Canada""], [""Canada""], [""Canada""], [""Canada""]]"
31267266,"2","[[""Canada""], [""Canada""], [""United States""], [""Canada""], [""Canada""]]"
31268541,"2","[[""United States""], [""United States""], [""Canada""]]"
31283673,"3","[[""Turkey""], [""Jersey""], [""Turkey""], [""Canada""], [""Turkey""]]"
31284154,"2","[[""Iran""], [""Iran""], [""Canada""], [""Canada""]]"
31287020,"2","[[""Canada""], [""United Kingdom""], [""Canada""], [""United Kingdom""]]"
31301636,"2","[[""China""], [""China""], [""China""], [""Canada""], [""Canada""], [""China""]]"
31305529,"2","[[""Canada""], [""Canada""], [""Canada""], [""Canada""], [""Turkey""], [""Canada""], [""Canada""]]"
31317178,"5","[[""United States""], [""Taiwan""], [""Israel""], [""Israel""], [""United States""], [""United States""], [""United States""], [""Canada""], [""Switzerland""], [""United States""], [""United States""], [""United States""]]"
31320025,"9","[[""United Kingdom""], [""United Kingdom"", ""Japan""], [""United Kingdom""], [""Switzerland""], [""Canada""], [""Australia""], [""United States""], [""Japan""], [""Japan""], [""Japan""], [""Japan""], [""Japan""], [""Japan""], [""Japan""], [""Japan"", ""Spain""], [""Japan""], [""Japan""], [""United Kingdom""], [""United Kingdom""], [""Spain""], [""United Kingdom""]]"
31324151,"2","[[""China""], [""China""], [""China""], [""Canada""], [""China""], [""China""]]"
31326191,"11","[[""Italy""], [""Italy""], [""United States""], [""Turkey""], [""Romania""], [""Portugal""], [""Italy""], [""Turkey""], [""Australia""], [""United States""], [""China""], [""Turkey""], [""France""], [""Canada""], [""Netherlands""], [""Japan""], [""United States""]]"
31328849,"2","[[""United States""], [""United States""], [""United States""], [""United States""], [""Canada""], [""United States""]]"
31332903,"3","[[""Australia""], [""Australia""], [""Australia""], [""Australia""], [""Canada""], [""United States""], [""United States""], [""Australia""]]"
31334309,"2","[[""Chile""], [""Canada""]]"
31337542,"2","[[""Canada""], [""United States""], [""Canada""], [""Canada""], [""Canada""]]"
31338374,"2","[[""United States""], [""United States""], [""United States""], [""Canada""], [""United States""]]"
31338709,"3","[[""China""], [""United States""], [""United States""], [""China""], [""Canada""], [""Canada""], [""China""]]"
31342622,"2","[[""United States""], [""Canada""]]"
31348088,"5","[[""Canada""], [""United States""], [""Canada""], [""United States""], [""Canada""], [""Canada""], [""United Kingdom""], [], [""Canada""], [""Canada""], [""United States""], [""France""], [], [""Canada""], [""Canada""]]"
31352179,"3","[[""Canada""], [""China""], [""China""], [""China""], [""Australia""], [""Canada""]]"
31352417,"2","[[""Netherlands""], [""Netherlands""], [""Netherlands""], [""Netherlands""], [""Canada""], [""Netherlands""]]"
31361300,"2","[[""United States""], [""Canada""], [""Canada""], [""Canada""]]"
31369690,"2","[[""United States""], [""Canada""], [""Canada""]]"
31369994,"2","[[""Canada""], [""China""], [""Canada""]]"
31373651,"2","[[""Canada""], [""Canada""], [""Iran""]]"
31376633,"2","[[""China""], [""China""], [""Canada""]]"
31381573,"4","[[""United States""], [""United States""], [""Canada""], [""Madagascar""], [""Madagascar""], [""Switzerland""], [""United States""]]"
31382766,"2","[[""China""], [""Canada""], [""Canada""], [""China""], [""China""]]"
31390016,"2","[[""United States""], [""Canada""], [""United States""]]"
31393626,"2","[[""Canada""], [""Canada""], [""Turkey""], [""Turkey""], [""Canada""], [""Canada""], [""Canada""]]"
31399127,"2","[[""Canada""], [""Canada""], [""Canada""], [""Canada""], [""United States""], [""United States""], [""Canada""], [""Canada""]]"
31404220,"2","[[""United States""], [""Canada""], [""Canada""], [""Canada""]]"
31406557,"2","[[""Canada""], [""Canada""], [""Canada""], [""Germany""], [""Canada""], [""Canada""], [""Canada""]]"
31414853,"2","[[""Turkey""], [""Canada""], [""Turkey""]]"
31417602,"14","[[""United Kingdom""], [""United Kingdom""], [""Saudi Arabia""], [""Australia""], [""Australia""], [""Australia""], [""United States""], [""Canada""], [""United States""], [""Canada""], [""Netherlands""], [""United Kingdom""], [""France""], [""Australia""], [""Turkey""], [""Australia""], [""Australia""], [""United States""], [""United States""], [""South Africa""], [""United Kingdom""], [""United Kingdom""], [""Australia""], [""Australia""], [""United States""], [""United Kingdom""], [""United Kingdom""], [""United States""], [""Netherlands""], [""Germany""], [""United Kingdom""], [""United Kingdom""], [""Belgium""], [""Germany""], [""United Kingdom""], [""United States""], [""France""], [""Czechia""], [""Argentina""], [""Australia""], [""United Kingdom""], [""Netherlands""], [""United States""], [""Italy""], [""Australia""], [""United Kingdom""], [""United States""], [""Belgium""], [""Belgium""], [""United Kingdom""]]"
31427959,"2","[[""Canada""], [""Sweden""], [""Sweden""]]"
31434533,"2","[[""Canada""], [""United States""], [""Canada""]]"
31444624,"3","[[""United States""], [""United States""], [""Portugal""], [""Canada""], [""United States""], [""United States""]]"
31444660,"2","[[""Canada""], [""United States""], [""United States""]]"
31445619,"2","[[""Canada""], [""Canada""], [""Canada""], [""Turkey""], [""Canada""]]"
31446127,"4","[[""Portugal""], [""Canada""], [""United States""], [""United States""], [""Japan""], [""Portugal""], [""Portugal""], [""Portugal""], [""United States""], [""United States""], [""United States""]]"
31448366,"4","[[""United States""], [""Turkey""], [""Canada""], [""Australia""]]"
31452008,"2","[[""United States""], [""Canada""]]"
31462275,"2","[[""United States""], [""United States""], [""United States""], [""Canada""], [""Canada""], [""United States""], [""United States""]]"
31469648,"3","[[""Tunisia""], [""France""], [""France""], [""Canada""]]"
31479590,"6","[[""Germany""], [], [""Germany""], [""Canada""], [""Australia""], [""United Kingdom""], [""United States""], [""United States""], [""United States""], [""United States""]]"
31505292,"4","[[""Iran""], [""Switzerland""], [""Iran""], [""Canada""], [""Iran""], [""Iran""], [""Iran"", ""Canada""]]"
31508207,"2","[[""Canada""], [""Canada""], [""United States""], [""United States""], [""Canada""], [""Canada""], [""Canada""], [""Canada""]]"
31508367,"2","[[""France""], [""France""], [""France""], [""Canada""], [""France""], [""France""]]"
31510700,"2","[[""Canada""], [""Germany""]]"
31519923,"2","[[""Germany""], [""Canada""], [""Canada""], [""Canada""], [""Canada""]]"
31521248,"2","[[""Canada""], [""South Korea""], [""South Korea""]]"
31521252,"2","[[""Brazil""], [""Canada""], [""Brazil""]]"
31537760,"2","[[""Canada"", ""China""], [""Canada""], [""Canada""]]"
31537911,"2","[[""United States""], [""United States""], [""United States""], [""United States""], [""United States""], [""Canada""], [""United States""], [""United States""], [""United States""], [""United States""], [""United States""], [""Canada""], [""Canada""], [""Canada""], [""Canada""]]"
31539798,"3","[[""Canada""], [""Belgium""], [""United States""], [""United States""], [""Canada""], [""United States""]]"
31546048,"3","[[""Canada""], [""Canada""], [""Germany""], [""United States""], [""United States""], [""Canada""]]"
31546227,"3","[[""France"", ""China""], [""France"", ""China""], [""China""], [""China""], [""Canada""]]"
31550008,"6","[[""Brazil""], [""United States""], [""Australia""], [""Australia""], [""South Africa""], [""Australia""], [""United States""], [""Canada""], [""United States""], [""United States""], [""United States""], [""United States""], [""Brazil""], [""France""]]"
31551457,"2","[[""Pakistan""], [""Pakistan""], [""Canada""], [""Canada""], [""Canada""]]"
31558433,"2","[[""Saudi Arabia""], [""Saudi Arabia""], [""Saudi Arabia""], [""Canada""], [""Canada""], [""Canada""]]"
31570096,"3","[[""China""], [""Canada""], [""China""], [""China""], [""China""], [""China""], [""Japan"", ""China""], [""China""], [""China""]]"
31586416,"2","[[""Canada""], [""Canada""], [""Canada""], [""Mexico""], [""Canada""]]"
31591579,"3","[[""United States""], [""United States""], [""United States""], [""United States""], [""United States""], [""India""], [""United States""], [""Canada""], [""Canada""], [""United States""], [""United States""]]"
31610776,"2","[[""Canada""], [""Canada""], [""Canada""], [""United States""]]"
31619130,"2","[[""Canada""], [""Canada""], [""Canada""], [""Poland""]]"
31622838,"2","[[""Canada""], [""China""], [""Canada""]]"
31631618,"2","[[""China""], [""China""], [""China""], [""Canada""]]"
31633740,"4","[[""Singapore""], [""United States""], [""Georgia""], [""Canada""], [""United States""]]"
31636101,"3","[[""United States""], [""United States""], [""United States""], [""United States""], [""United States""], [""United States""], [""United States""], [""United States""], [""United States""], [""China""], [""United States""], [""United States""], [""Canada""], [""United States""], [""United States""], [""United States""]]"
31636261,"2","[[""Canada""], [""Canada""], [""Spain""], [""Canada""]]"
31640560,"2","[[""Thailand""], [""Canada""], [""Thailand""], [""Canada""], [""Thailand""], [""Thailand""]]"
31655198,"2","[[""Canada""], [""Canada""], [""Netherlands""]]"
31656049,"3","[[""Switzerland""], [""Switzerland""], [""Switzerland""], [""Switzerland""], [""Switzerland""], [""Switzerland""], [""Switzerland""], [""Switzerland""], [""Canada""], [""United Kingdom""], [""Switzerland""]]"
31661761,"2","[[""Canada""], [""India""], [""Canada""], [""India""], [""Canada""]]"
31663066,"3","[[""United States""], [""Canada""], [""United States""], [""Turkey""], [""United States""], [""United States""]]"
31667829,"6","[[""Italy""], [""Germany""], [""Italy""], [""Canada""], [""Germany""], [""Italy""], [""Poland""], [""Poland""], [""Czechia""], [""Canada""], [""Poland""], [""United States""]]"
31671333,"5","[[""Iran""], [""Iran""], [""Iran""], [""Switzerland""], [""Canada""], [""Iran"", ""Canada""], [""Belgium""]]"
31679176,"3","[[""United States""], [""Australia""], [""United States""], [""United States""], [""United States""], [""Canada""]]"
31691273,"2","[[""United Kingdom""], [""United Kingdom""], [""United Kingdom""], [""Canada""]]"
31712272,"2","[[""Australia""], [""Canada""]]"
31724862,"2","[[""Singapore""], [""Canada""], [""Canada""]]"
31731092,"2","[[""China""], [""Canada""]]"
31733815,"2","[[""United States""], [""United States""], [""United States""], [""United States""], [""Canada""], [""United States""], [""United States""]]"
31736698,"3","[[""Canada""], [""Canada""], [""France""], [""France""], [""United States""], [""France""], [""France""]]"
31737026,"3","[[""China""], [""United States""], [""Canada""], [""United States""]]"
31743880,"2","[[""South Korea""], [""Canada""], [""South Korea""], [""South Korea""]]"
31754634,"2","[[""United States""], [""Canada""], [""United States""], [""United States""], [""United States""], [""Canada""], [""United States""], [""United States""]]"
31755665,"2","[[""Australia""], [""Australia""], [""Australia""], [""Canada""], [""Canada""], [""Australia""]]"
31760210,"3","[[""India"", ""Canada""], [""Japan"", ""Canada""], [""Japan"", ""Canada""], [""Canada""]]"
31769622,"3","[[""Spain""], [""United States""], [""United States""], [""United States""], [""Spain""], [""Spain""], [""United States""], [""Spain""], [""Spain""], [""Canada""], [""Spain""]]"
31772171,"2","[[""Canada""], [""Canada""], [""Canada""], [""Canada""], [""Canada""], [""Canada""], [""Canada""], [""Canada""], [""Canada""], [""United Kingdom""]]"
31780395,"2","[[""South Korea""], [""South Korea""], [""Canada""], [""South Korea""]]"
31785402,"4","[[""Canada""], [""Canada""], [""United States""], [""China""], [""Korea, Republic of"", ""United States""], [""Canada""]]"
31787309,"4","[[""Finland""], [""Finland""], [""Iran""], [""Canada""], [""Australia""]]"
31795060,"2","[[""Taiwan""], [""Taiwan""], [""Taiwan""], [""Canada""], [""Taiwan""]]"
31795095,"3","[[""Pakistan""], [""Canada""], [""Qatar""], [""Qatar""]]"
31795510,"2","[[""China""], [""China""], [""China""], [""Canada""]]"
31797142,"2","[[""Iran""], [""Iran""], [""Iran""], [""Iran""], [""Iran""], [""Canada""], [""Canada""], [""Canada""], [""Canada""]]"
31797611,"2","[[""United States""], [""Canada""]]"
31805020,"6","[[""Uganda""], [""Canada""], [""United States""], [""Rwanda""], [""United States""], [""Turkey""], [""Turkey""], [""Turkey""], [""Austria""]]"
31815574,"3","[[""United States""], [""United States""], [""Turkey""], [""Turkey""], [""United States""], [""Turkey""], [""Canada""]]"
31821865,"2","[[""Canada""], [""Canada""], [""Canada""], [""Canada""], [""Canada""], [""Saudi Arabia""], [""Canada""], [""Canada""], [""Canada""], [""Canada""]]"
31829640,"2","[[], [""Canada""]]"
31835700,"2","[[""Canada""], [""Canada""], [""Canada""], [""Canada""], [""United States""]]"
31838210,"2","[[""United States""], [""United States""], [""Canada""], [""United States""]]"
31839319,"2","[[""China""], [""China""], [""Canada""], [""China""], [""China""]]"
31845024,"2","[[""United Kingdom""], [""United Kingdom""], [""United Kingdom""], [""United Kingdom""], [""United Kingdom""], [""United Kingdom""], [""United Kingdom""], [""United Kingdom""], [""United Kingdom""], [""Canada""]]"
31852412,"6","[[""Canada""], [""Canada""], [""Czechia""], [""Canada""], [""Spain""], [""South Korea""], [""Spain""], [""Canada""], [""Turkey""], [""United States""], [""Canada""], [""Canada""]]"
31856806,"4","[[""United States""], [""Georgia""], [""China""], [""Canada""], [""United States""]]"
31866804,"4","[[""China""], [""Cuba""], [""Canada""], [""United States""]]"
31868580,"3","[[""United Kingdom""], [""Italy""], [""Canada""]]"
31871069,"7","[[""Netherlands""], [""Netherlands""], [""Netherlands""], [""Netherlands""], [""Netherlands""], [""Netherlands""], [""Netherlands""], [""Netherlands""], [""Canada""], [""Canada""], [""Australia""], [""United States""], [""Spain""], [""Australia""], [""Australia""], [""United States""], [""Netherlands""], [""United Kingdom""], [""United Kingdom""], [""United Kingdom""], [""France""], [""Netherlands""]]"
31872289,"2","[[""France""], [""France""], [""Canada""], [""France""], [""France""]]"
31882597,"2","[[""Canada""], [""Canada""], [""Canada""], [""Canada""], [""Canada""], [""Poland""], [""Canada""], [""Canada""], [""Canada""], [""Canada""]]"
31884486,"2","[[""United States""], [""Canada""], [""United States""]]"
31885041,"3","[[""China""], [""China""], [""China""], [""Turkey""], [""Canada""]]"
31887617,"5","[[""Hong Kong""], [""Netherlands""], [""Denmark"", ""Netherlands""], [""Canada""], [""Iran"", ""Canada""], [""Hong Kong""]]"
31899530,"3","[[""Canada""], [""Canada""], [""Canada""], [""Canada""], [""Canada""], [""Canada""], [""Canada""], [""Canada""], [""Canada""], [""Canada""], [""United States""], [""Canada""], [""United States""], [""Canada""], [""Canada""], [""Canada""], [""United Kingdom""]]"
31900980,"2","[[""Finland""], [""Canada""]]"
31901611,"2","[[""China""], [""Canada""], [""China""]]"
31916834,"3","[[""France""], [""United States""], [""Canada""]]"
31918375,"2","[[""United States""], [""Canada""]]"
31932608,"4","[[""United Kingdom""], [""Canada""], [""Canada""], [""Luxembourg""], [""Italy""], [""United Kingdom""]]"
31937619,"3","[[""United States""], [""United States""], [""United States""], [""United States""], [""United States""], [""Canada""], [""United States""], [""China""], [""United States""], [""United States""], [""China""], [""United States""], [""United States""]]"
31937664,"2","[[""Austria""], [""Canada""], [""Canada""]]"
31937802,"2","[[""Canada""], [""India""], [""India""], [""India""], [""India""], [""India""], [""India""]]"
31943495,"3","[[""France""], [""United States""], [""Canada""]]"
31961432,"2","[[""Canada""], [""Canada""], [""Canada""], [""Canada""], [""Canada""], [""Netherlands""], [""Netherlands""]]"
31967990,"2","[[""United States""], [""Canada""], [""United States""], [""United States""]]"
31971257,"3","[[""Canada""], [""France""], [""China""], [""France""]]"
31978179,"2","[[""Germany""], [""Canada""]]"
31982393,"3","[[""United States""], [""United States""], [""United States""], [""Canada""], [""Jersey""]]"
31982495,"4","[[""Canada""], [""Canada""], [""Canada""], [""United States""], [""Canada""], [""United Kingdom""], [""Canada""], [""United Kingdom"", ""Canada""]]"
31999324,"4","[[""Germany""], [""Germany""], [""Germany""], [""Germany""], [""Germany""], [""Germany""], [""Germany""], [""Germany""], [""Germany""], [""United States""], [""United States""], [""France""], [""Canada""], [""Canada""]]"
32000349,"3","[[""Serbia""], [""Serbia""], [""Canada""], [""Serbia""], [""Germany""]]"
32007318,"2","[[""Canada""], [""Canada""], [""Canada""], [""United States""], [""Canada""], [""Canada""]]"
32007701,"2","[[""China""], [""Canada""], [""China""], [""China""], [""China""], [""Canada""]]"
32010981,"3","[[""Portugal""], [""Portugal""], [""Ireland""], [""Canada""], [""Canada""], [""Canada""], [""Canada""]]"
32011021,"2","[[""Turkey""], [""Canada""], [""Turkey""]]"
32016430,"3","[[""China""], [""China""], [""China""], [""Hong Kong""], [""Canada""], [""Canada""], [""Canada""]]"
32021737,"2","[[""Turkey""], [""Canada""], [""Canada""], [""Canada""]]"
32023269,"3","[[""United States""], [""Canada""], [""Brazil""], [""United States""], [""United States""], [""United States""]]"
32023504,"3","[[""Canada"", ""Netherlands""], [""Canada""], [""Canada""], [""Netherlands""], [""Canada"", ""Netherlands""], [""Canada""]]"
32024819,"3","[[""United Kingdom""], [""United Kingdom""], [""United Kingdom""], [""Canada""], [""United States""], [""Canada""], [""United States""], [""United States""], [""United States""]]"
32024849,"4","[[""Canada""], [""United States""], [""United States""], [""Croatia""], [""Netherlands""], [""Netherlands""], [""Netherlands""], [""Netherlands""], [""Netherlands""], [""Netherlands""], [""Canada""], [""Canada""]]"
32025015,"11","[[""Denmark""], [""United States""], [""United States""], [""Germany""], [""Spain""], [""Spain""], [""Canada""], [""Switzerland""], [""Switzerland""], [""Switzerland""], [""Germany""], [""United States""], [""United States""], [""United States""], [""United States""], [""United States""], [""United States""], [""United States""], [""United States""], [""Sweden""], [""United Kingdom""], [""Denmark""], [""United States""], [""Poland""], [""United States""], [""United States""], [""United States""], [""Denmark""], [""Spain""], [""Spain""], [""Spain""], [""Sweden""], [""Canada""], [""Estonia""], [""Sweden""], [""United States""], [""United States""], [""United States""], [""United States""], [""Japan""], [""United States""], [""United States""], [""United States""], [""United States""], [""Japan""], [""Spain""], [""Denmark""], [""Germany""], [""United States""], [""United States""], [""United States""], [""United Kingdom""], [""Denmark""], [""Denmark""], [""United States""], [""United States""], [""United States""], [""United States""]]"
32026444,"2","[[""Canada""], [""Canada""], [""Canada""], [""United States""], [""United States""], [""United States""], [""Canada""], [""Canada""]]"
32039563,"2","[[""Canada""], [""United States""], [""Canada""]]"
32042111,"2","[[""Canada""], [""United States""], [""United States""], [""Canada""], [""Canada""], [""Canada""]]"
32053425,"4","[[""Canada""], [""United States""], [""Canada""], [""Canada""], [""Canada""], [""Australia""], [""Brazil""]]"
32058080,"2","[[""Germany""], [""Germany""], [""Canada""]]"
32059918,"2","[[""South Korea""], [""Canada""]]"
32063026,"4","[[""Canada""], [""Canada""], [""Canada""], [""Canada""], [""Canada""], [""Canada""], [""India""], [""Pakistan""], [""Canada""], [""Canada""], [""Netherlands""], [""Canada""]]"
32069213,"3","[[""United States""], [""Canada""], [""China""]]"
32070812,"2","[[""Canada""], [""United States""], [""Canada""], [""Canada""], [""Canada""], [""United States""], [""Canada""]]"
32071251,"2","[[""United States""], [""United States""], [""United States""], [""United States""], [""United States""], [""Canada""], [""United States""], [""United States""]]"
32071383,"2","[[""Germany""], [""Germany""], [""Canada""], [""Canada""], [""Canada""], [""Germany""], [""Germany""]]"
32071965,"2","[[""France""], [""Canada""]]"
32072271,"4","[[""Switzerland""], [""Netherlands""], [""Netherlands""], [""Netherlands""], [""Canada""], [""Netherlands""], [""United Kingdom""]]"
32079905,"4","[[""United States""], [""Netherlands""], [""Turkey""], [""Canada""]]"
32089046,"10","[[""South Korea""], [""United States""], [""Turkey""], [""Italy""], [""Turkey""], [""Italy""], [""Turkey""], [""South Korea""], [""Portugal""], [""Brazil""], [""Germany""], [""Canada""], [""Italy""], [""South Korea""], [""South Korea""], [""Korea, Republic of""], [""South Korea""], [""Turkey""], [""Turkey""], [""United States""], [""United States""], [""Turkey""], [""Netherlands""]]"
32108120,"5","[[""Australia""], [""Netherlands""], [""Jersey""], [""Canada""], [""United States""]]"
32108230,"4","[[""Chile""], [""Chile""], [""Chile""], [""France""], [""France""], [""France""], [""France""], [""Canada""], [""Canada""], [""Algeria""], [""France""]]"
32108865,"2","[[""United States""], [""United States""], [""United States""], [""Canada""], [""United States""], [""United States""], [""United States""], [""United States""], [""United States""]]"
32110753,"4","[[""Israel""], [""United States""], [""Canada""], [""United Kingdom""], [""United States""], [""United States""]]"
32131409,"3","[[""United States""], [""United States""], [""Canada""], [""Pakistan""]]"
32153047,"3","[[""United Kingdom""], [""Ireland""], [""United Kingdom""], [""Canada""], [""United Kingdom""]]"
32153729,"2","[[""Canada""], [""China""], [""Canada""], [""China""], [""China""], [""Canada""]]"
32157112,"2","[[""United States""], [""United States""], [""United States""], [""United States""], [""United States""], [""United States""], [""United States""], [""United States""], [""United States""], [""United States""], [""Canada""], [""United States""]]"
32161279,"5","[[""Switzerland""], [""Netherlands""], [""Netherlands""], [""Switzerland""], [""Canada""], [""Switzerland""], [""Switzerland""], [""Netherlands""], [""Italy""], [""Italy""], [""Germany""], [""Netherlands""], [""Netherlands""], [""Netherlands""], [""Netherlands""], [""Netherlands""]]"
32165206,"8","[[""France""], [""France""], [""France""], [""France""], [""United Kingdom""], [""Canada""], [""United States""], [""Canada""], [""United States""], [""United States""], [""France""], [""United States""], [""France""], [""United States""], [""France""], [""United Kingdom""], [""Australia""], [""Japan""], [""France""], [""Austria""], [""France""], [""France""], [""France""], [""France""], [""France""], [""Japan""], [""France""], [""United Kingdom""], [""United Kingdom""], [""France""], [""France""], [""France""], [""United States""], [""France""], [""France""], [""Belgium""], [""France""], [""France""], [""United States""], [""France""]]"
32174330,"2","[[""China""], [""China""], [""China""], [""China""], [""Canada""]]"
32178532,"7","[[""Canada""], [""Italy""], [""Italy""], [""Italy""], [""Germany""], [""Germany""], [""Italy""], [""Austria""], [""United States""], [""United States""], [""Turkey""], [""Russia""]]"
32181922,"2","[[""Georgia""], [""Canada""]]"
32187319,"9","[[""Brazil""], [""Portugal""], [""Belgium""], [""Belgium""], [""Belgium""], [""Israel""], [""Brazil""], [""United States""], [""United States""], [""United States""], [""Canada""], [""Canada""], [""Brazil""], [""Brazil""], [""Australia""], [""Brazil""], [""Brazil""], [""United States""], [""United Kingdom""], [""Germany""], [""Brazil""], [""Brazil""], [""Belgium""], [""Brazil""]]"
32193870,"3","[[""Switzerland""], [""Canada""], [""Iran""], [""Iran""]]"
32195366,"2","[[""Canada""], [""Canada""], [""Canada""], [""Canada""], [""Canada""], [""Canada""], [""United States""]]"
32198433,"5","[[""Jamaica""], [""Canada""], [""United States""], [""Poland""], [""Canada""], [""United States""], [""Spain""], [""United States""], [""United States""]]"
32204411,"2","[[""China""], [""China""], [""Canada""]]"
32206722,"5","[[""United Kingdom""], [""United States""], [""Germany""], [""Germany""], [""Germany""], [""Germany""], [""Germany""], [""Germany""], [""Netherlands""], [""Netherlands""], [""United Kingdom""], [""United States""], [""Canada""]]"
32211747,"2","[[""United States""], [""Canada""], [""United States""]]"
32217212,"2","[[""Canada""], [""United States""], [""United States""]]"
32220387,"2","[[""Canada""], [""Canada""], [""United States""], [""Canada""], [""Canada""]]"
32220502,"3","[[""China""], [""China""], [""Canada""], [""Netherlands""], [""China""]]"
32222890,"2","[[""Iran""], [""Canada""], [""Canada""], [""Canada""], [""Canada""], [""Canada""], [""Canada""]]"
32223692,"2","[[""Canada""], [""United States""], [""Canada""]]"
32226774,"3","[[""Canada""], [""Canada""], [""Canada""], [""Canada""], [""Canada""], [""Canada""], [""China""], [""France""]]"
32229177,"2","[[""France""], [""France""], [""France""], [""Canada""], [""France""]]"
32231077,"2","[[""France""], [""France""], [""France""], [""Canada""], [""France""], [""France""], [""France""], [""France""], [""France""], [""France""], [""France""], [""France""]]"
32235059,"3","[[""United States""], [""Jordan""], [""United States""], [""United States""], [""Canada""], [""United States""]]"
32239944,"2","[[""China""], [""Canada""]]"
32244468,"4","[[""Canada""], [""Canada""], [""Canada""], [""Norway""], [""Australia""], [""United States""]]"
32272344,"2","[[""China""], [""China""], [""China""], [""Canada""], [""Canada""]]"
32277478,"2","[[""United States""], [""Canada""]]"
32278847,"2","[[""Canada""], [""United States""], [""Canada""], [""United States""]]"
32283555,"2","[[""United States""], [""Canada""], [""United States""], [""United States""], [""United States""], [""United States""], [""United States""]]"
32287265,"4","[[""United Kingdom""], [""United Kingdom""], [""United States""], [""Canada""], [""Germany""], [""United States""], [""United States""], [""United States""], [""United Kingdom""]]"
32316191,"8","[[""Vietnam""], [""Vietnam""], [""Iran""], [""Iran""], [""Iran""], [""United States""], [""Canada""], [""Iran""], [""China""], [""China""], [""Iran""], [""Japan""], [""Vietnam""], [""Poland""], [""Vietnam""], [""Malaysia""]]"
32318076,"3","[[""Canada""], [""France""], [""France""], [""France""], [""France""], [""France""], [""France""], [""France""], [""France""], [""Austria""], [""France""]]"
32322561,"9","[[""Australia""], [""United States""], [""India""], [""United States""], [""Chile""], [""Netherlands""], [""New Zealand""], [""Brazil""], [""Australia""], [""Australia""], [""United States""], [""United States""], [""United States""], [""Thailand""], [""Canada""]]"
32325033,"3","[[""Canada""], [""United States""], [""Canada""], [""United States""], [""Canada""], [""United States""], [""Canada""], [""United States""], [""United States""], [""United States""], [""United States""], [""Italy""], [""United States""], [""Canada""]]"
32325788,"2","[[""Israel""], [""Canada""], [""Israel""]]"
32329723,"13","[[""Netherlands""], [""Netherlands"", ""China""], [""United States""], [""Netherlands""], [""Netherlands"", ""China""], [""United States""], [""Netherlands""], [""Netherlands"", ""China""], [""China""], [""New Zealand"", ""Netherlands""], [""Netherlands""], [""United Kingdom""], [""Canada""], [""Netherlands"", ""Hong Kong""], [""Sweden"", ""United Kingdom"", ""China""], [""Netherlands"", ""China""], [""Netherlands""], [""United States""], [""Netherlands""], [""Netherlands""], [""Singapore"", ""Netherlands""], [""Netherlands"", ""China""], [""Netherlands"", ""China""], [""Netherlands"", ""China""], [""United States""], [""United States""], [""United Kingdom""], [""New Zealand""], [""United Kingdom""], [""United States""], [""United States""], [""Australia""], [""China""], [""China""], [""Australia""], [""Finland""], [""United States""], [""Netherlands"", ""China""], [""Netherlands""], [""Netherlands""], [""United States""]]"
32333121,"2","[[""United States""], [""United States""], [""United States""], [""United States""], [""United States""], [""Canada""]]"
32348182,"2","[[""Canada""], [""Israel""], [""Canada""]]"
32362324,"3","[[""United States""], [""United States""], [""United States""], [""Canada""], [""Germany""], [""United States""], [""United States""], [""United States""], [""United States""], [""United States""]]"
32366785,"5","[[""United States""], [""Canada""], [""Canada""], [""Canada""], [""United Kingdom""], [""Canada""], [""Canada""], [""United States""], [""France""], [""Canada""], [], [""Canada""], [""Canada""]]"
32366968,"3","[[""Canada""], [""United States""], [""Canada""], [""France""], [""Canada""], [""Canada""], [""Canada""], [""Canada""], [""Canada""], [""Canada""]]"
32372384,"3","[[""Canada""], [""United States""], [""South Korea""]]"
32375101,"2","[[""China""], [""China""], [""Canada""], [""Canada""], [""Canada""]]"
32381053,"2","[[""Brazil""], [""Brazil""], [""Brazil""], [""Brazil""], [""Brazil""], [""Brazil""], [""Brazil""], [""Canada""]]"
32383734,"2","[[""United States""], [""United States""], [""Canada""], [""Canada""], [""Canada""], [""Canada""]]"
32383971,"2","[[""Turkey""], [""Canada""], [""Canada""]]"
32384755,"3","[[""Iran""], [""Iran""], [""China""], [""Canada""], [""Canada""]]"
32388549,"3","[[""Canada""], [""Canada""], [""United Kingdom""], [""United States""], [""Canada""]]"
32392449,"2","[[""Canada""], [""Canada""], [""Vietnam""], [""Canada""], [""Canada""]]"
32397137,"2","[[""Brazil""], [""Canada""], [""Brazil""], [""Brazil""], [""Brazil""], [""Brazil""]]"
32399513,"2","[[""Canada""], [""United States""]]"
32399621,"3","[[""United States""], [""Germany""], [""United States""], [""Canada""], [""United States""], [""United States""], [""United States""], [""United States""], [""United States""]]"
32404485,"2","[[""Japan""], [""Japan""], [""Japan""], [""Canada""]]"
32407640,"3","[[""Iran""], [""Iran""], [""Iran""], [""Canada""], [""United States""], [""Canada""]]"
32409715,"2","[[""Canada""], [""Canada""], [""Canada""], [""Canada""], [""United States""], [""Canada""]]"
32413546,"2","[[""Canada""], [""Canada""], [""United States""], [""Canada""]]"
32415137,"2","[[""Canada""], [""Canada""], [""Canada""], [""Canada""], [""Canada""], [""Canada""], [""Canada""], [""Poland""]]"
32417181,"5","[[""Saudi Arabia""], [""Canada""], [""Canada"", ""Nigeria""], [""China""], [""Nigeria""]]"
32421600,"4","[[""Canada"", ""China""], [""China""], [""Canada""], [""China""], [""United States""], [""China""], [""United States""]]"
32424317,"4","[[""China""], [""Canada""], [""United Kingdom""], [""Singapore""], [""China""], [""Canada""]]"
32426059,"2","[[""Finland""], [""Canada""]]"
32432232,"2","[[""United States""], [""Canada""]]"
32433583,"2","[[""Germany""], [""Germany""], [""Germany""], [""Germany""], [""Germany""], [""Germany""], [""Germany""], [""Germany""], [""Germany""], [""Germany""], [""Germany""], [""Germany""], [""Germany""], [""Germany""], [""Canada""], [""Germany""]]"
32434127,"3","[[""China""], [""China""], [""China""], [""China""], [""China""], [""China""], [""France"", ""China""], [""China""], [""Canada""]]"
32437969,"2","[[""Finland""], [""Finland""], [""Finland""], [""Finland""], [""Finland""], [""Finland""], [""Canada""], [""Finland""], [""Finland""], [""Finland""], [""Finland""], [""Finland""], [""Finland""]]"
32439869,"2","[[""Canada""], [""Canada""], [""United States""], [""Canada""], [""United States""], [""United States""]]"
32444812,"4","[[""China""], [""Canada""], [""France""], [""United States""], [""Canada""], [""Canada""], [""Canada""]]"
32446241,"3","[[""Canada"", ""Austria""], [""Canada""], [""Canada""], [""Switzerland""], [""Canada""], [""Canada""], [""Canada""], [""Canada""], [""Canada""]]"
32452574,"2","[[""Canada""], [""Canada""], [""China""], [""Canada""], [""Canada""]]"
32453488,"3","[[""Canada""], [""Sweden""], [""Canada""], [""Sweden""], [""Sweden""], [""Sweden""], [""Sweden""], [""Canada""], [""Turkey""], [""Canada""]]"
32454115,"2","[[""Canada""], [""Switzerland""], [""Canada""], [""Canada""]]"
32462314,"2","[[""Canada""], [""United Kingdom""], [""Canada""]]"
32463180,"10","[[""France""], [""United Kingdom""], [""Belgium""], [""Belgium""], [""Canada""], [""United States""], [""United States""], [""United States""], [""Germany""], [""United States""], [""United States""], [""Germany""], [""Georgia""], [""United States""], [""Canada""], [""France""], [""Austria""], [""United States""], [""United States""], [""United States""], [""Australia""], [""United States""], [""Canada""], [""United States""], [""Canada""], [""United States""], [""Spain""], [""United States""]]"
32464565,"2","[[""Canada""], [""South Korea""], [""Canada""]]"
32473064,"2","[[""Canada""], [""Canada""], [""Sweden""], [""Canada""]]"
32473385,"3","[[""United States""], [""Canada""], [""China""]]"
32475076,"2","[[""United States""], [""United States""], [""United States""], [""Canada""], [""United States""], [""United States""]]"
32477638,"2","[[""Canada""], [""United States""]]"
32477683,"3","[[""Canada""], [""Lebanon""], [""Lebanon""], [""Turkey""], [""Canada""], [""Canada""]]"
32484664,"2","[[""China""], [""Canada""], [""Canada""], [""China""]]"
32500070,"4","[[""China""], [""China""], [""China""], [""Hong Kong"", ""China""], [""United Kingdom""], [""United Kingdom""], [""Canada""]]"
32507896,"2","[[""Germany""], [""Germany""], [""Germany""], [""Germany""], [""Germany""], [""Germany""], [""Germany""], [""Canada""], [""Canada""], [""Canada""]]"
32509975,"2","[[""Canada""], [""Canada""], [""Canada""], [""Canada""], [""United States""], [""United States""]]"
32515116,"2","[[""Canada""], [""United States""], [""Canada""], [""United States""]]"
32527254,"2","[[""Canada""], [""Canada""], [""Canada""], [""Mexico""], [""Canada""], [""Canada""]]"
32527741,"2","[[""Belgium""], [""Canada""], [""Belgium""], [""Belgium""]]"
32533137,"4","[[""Taiwan""], [""Canada""], [""Israel""], [""United States""], [""United States""]]"
32535888,"5","[[""China""], [""Hong Kong"", ""China""], [""Hong Kong"", ""China""], [""Hong Kong"", ""China""], [""United Kingdom""], [""United States""], [""Canada""], [""United Kingdom""]]"
32536605,"2","[[""Canada""], [""Canada""], [""Ireland""], [""Ireland""], [""Ireland""]]"
32538537,"2","[[""Canada""], [""United States""], [""United States""]]"
32541050,"4","[[""Turkey""], [""United States""], [""United States""], [""United States""], [""United States""], [""Australia""], [""Canada""], [""United States""]]"
32542034,"4","[[""Iran""], [""Canada""], [""Canada""], [""Iran""], [""Oman""], [""Canada""], [""United States""]]"
32554169,"4","[[""Canada"", ""China""], [""China""], [""United States""], [""Canada""], [""Canada""]]"
32558750,"2","[[""Turkey""], [""Canada""]]"
32563597,"7","[[""Netherlands""], [""Canada""], [""Sweden""], [""Italy""], [""United States""], [""Brazil""], [""Brazil""], [""Netherlands""], [""Germany""], [""United States""], [""Brazil""], [""United States""]]"
32568668,"2","[[""United States""], [""Canada""]]"
32571444,"8","[[""United Kingdom""], [""United Kingdom""], [""Germany""], [""Germany""], [""Greece""], [""Netherlands""], [""Canada""], [""United Kingdom""], [""Spain""], [""Switzerland""], [""Spain""], [""Hungary""], [""Netherlands""], [""Spain""], [""United Kingdom""], [""Germany""], [""Germany""]]"
32571904,"4","[[""Canada""], [""United States""], [""Canada""], [""Turkey""], [""United States""], [""United States""], [""Philippines""]]"
32580177,"5","[[""Netherlands""], [], [""Netherlands""], [""Netherlands""], [""Netherlands""], [""United Kingdom""], [""Canada""], [""Slovenia""], [""Netherlands""], [""Netherlands""]]"
32580207,"2","[[""Canada""], [""Canada""], [""Germany""], [""Canada""], [""Canada""], [""Canada""], [""Canada""]]"
32580741,"3","[[""Canada""], [""Canada""], [""Canada""], [""Canada""], [""Canada""], [""United States""], [""Canada""], [""Canada""], [""France""], [""Canada""], [""Canada""], [""Canada""], [""Canada""], [""Canada""]]"
32581221,"2","[[""France""], [""France""], [""France""], [""France""], [""France""], [""Canada""], [""France""], [""France""], [""Canada""], [""France""], [""France""], [""France""]]"
32582542,"3","[[""China""], [""China""], [""Canada""], [""Pakistan""], [""China""]]"
32591889,"2","[[""Canada""], [""France""], [""Canada""], [""Canada""], [""Canada""]]"
32592068,"2","[[""France""], [""France""], [""Canada""]]"
32593112,"2","[[""Canada""], [""Canada""], [""United Kingdom""]]"
32594794,"4","[[""Hong Kong""], [""Hong Kong""], [""Australia""], [""Turkey""], [""Canada""]]"
32597194,"2","[[""China""], [""China""], [""Canada""], [""China""]]"
32601678,"4","[[""Germany""], [""Germany""], [""United Kingdom""], [""United Kingdom""], [""Switzerland""], [""Canada""]]"
32602222,"2","[[""Canada""], [""Canada""], [""Canada""], [""Canada""], [""Canada""], [""Canada""], [""Canada""], [""Canada""], [""Canada""], [""Canada""], [""Canada""], [""United States""]]"
32605433,"3","[[""Iraq""], [""United States""], [""Canada""], [""Canada""]]"
32610095,"3","[[""United States""], [""France""], [""Canada""], [""United States""], [""United States""], [""United States""], [""United States""], [""United States""]]"
32611681,"2","[[""Canada""], [""United States""], [""United States""], [""United States""], [""United States""]]"
32614505,"2","[[""Canada""], [""United States""]]"
32617525,"13","[[""United States""], [""United Kingdom""], [""United Arab Emirates""], [""United Kingdom""], [""Canada""], [""France""], [""Brazil""], [""Brazil""], [""Kenya""], [""Oman""], [""India""], [""Italy""], [""Pakistan""], [""Thailand""], [""South Africa""], [""Pakistan""]]"
32618918,"2","[[""Canada""], [""Germany""]]"
32634140,"3","[[""United States""], [""Madagascar""], [""Madagascar""], [""United States""], [""United States""], [""Canada""], [""Canada""]]"
32635216,"3","[[""United States""], [""Germany""], [""United States""], [""Canada""], [""United States""], [""United States""], [""United States""], [""United States""]]"
32636008,"2","[[""Canada""], [""Canada""], [""Italy""], [""Canada""], [""Canada""]]"
32636768,"2","[[""Australia""], [""Canada""], [""Canada""]]"
32637418,"2","[[""China""], [""Canada""], [""Canada""]]"
32641740,"2","[[""United States""], [""United States""], [""United States""], [""Canada""], [""Canada""], [""United States""], [""United States""], [""United States""]]"
32645927,"2","[[""Russia""], [""Russia""], [""Russia""], [""Russia""], [""Canada""]]"
32649890,"2","[[""United States""], [""Canada""], [""Canada""], [""Canada""], [""Canada""]]"
32650595,"4","[[""Vietnam""], [""Vietnam""], [""Iran""], [""Canada""], [""Iran""], [""China""]]"
32655572,"4","[[""Denmark""], [""Belgium""], [""Canada""], [""Argentina""]]"
32658728,"4","[[""Ireland""], [""Ireland""], [""Canada""], [""Ireland""], [""Mexico"", ""United States""], [""United States""], [""Ireland""], [""Ireland""]]"
32658741,"2","[[""Canada"", ""Singapore""], [""Canada"", ""Singapore""], [""Canada"", ""Singapore""], [""Canada""], [""Canada"", ""Singapore""], [""Canada""]]"
32661900,"3","[[""Jersey""], [""United States""], [""Jersey""], [""Canada""], [""United States""], [""United States""], [""Jersey""], [""Jersey""]]"
32670113,"2","[[""Italy""], [""Italy""], [""Italy""], [""Canada""], [""Italy""], [""Italy""]]"
32673230,"2","[[""Canada""], [""Canada""], [""United Kingdom""], [""United Kingdom""], [""Canada""]]"
32674043,"3","[[""China""], [""Canada""], [""Singapore""], [""China""], [""China""]]"
32675234,"5","[[""Turkey""], [""United States""], [""United States""], [""Canada""], [""Canada""], [""United Kingdom""], [""Canada""], [""Turkey""], [""Australia""], [""United States""], [""Turkey""]]"
32681101,"3","[[""United Kingdom""], [""United Kingdom""], [""Canada""], [""Canada""], [""France""]]"
32686118,"4","[[""Canada""], [""Canada""], [""Canada""], [""Canada""], [""Hong Kong"", ""China""], [""Canada""], [""United States""], [""United Kingdom""], [""Canada""], [""Canada""]]"
32686236,"4","[[""Korea, Republic of""], [""France""], [""France""], [""Canada""], [""Japan""], [""Korea, Republic of""], [""Korea, Republic of""], [""France""]]"
32687564,"2","[[""United States""], [""United States""], [""United States""], [""Canada""], [""United States""], [""United States""], [""United States""], [""United States""], [""United States""], [""United States""], [""United States""], [""United States""], [""United States""], [""United States""]]"
32688204,"3","[[""Tunisia""], [""Canada""], [""Tunisia"", ""Bahrain""], [""Tunisia""]]"
32704450,"2","[[""Thailand""], [""Canada""], [""Canada""], [""Thailand""]]"
32710834,"5","[[""Germany""], [""United States""], [""United States""], [""United States""], [""United States""], [""Korea, Republic of""], [""Korea, Republic of""], [""Korea, Republic of""], [""Korea, Republic of""], [""Poland""], [""United States""], [""Canada""], [""United States""], [""United States""], [""United States""], [""United States""], [""Germany""]]"
32712525,"2","[[""China""], [""Canada""], [""China""]]"
32719375,"2","[[""United States""], [""United States""], [""United States""], [""United States""], [""Canada""], [""United States""], [""United States""], [""United States""], [""United States""], [""United States""]]"
32720232,"2","[[""Canada""], [""United States""], [""United States""], [""Canada""]]"
32732917,"4","[[""Germany""], [""United Kingdom""], [""United Kingdom""], [""United States""], [""Canada""]]"
32732967,"3","[[""Germany""], [""Germany""], [""France""], [""France""], [""France""], [""France""], [""Germany""], [""Germany""], [""France""], [""Canada""], [""Canada""]]"
32754898,"5","[[""Thailand""], [""Australia""], [""Brazil""], [""Canada""], [""Italy""], [""Thailand""]]"
32755163,"2","[[""United States""], [""United States""], [""United States""], [""Canada""]]"
32767411,"2","[[""Canada""], [""Canada""], [""Canada""], [""United Kingdom""], [""Canada""]]"
32770269,"2","[[""Canada""], [""Canada""], [""Canada""], [""Canada""], [""United States""]]"
32771618,"4","[[""Austria""], [""United States""], [""United States""], [""Austria""], [""United States""], [""United States""], [""France""], [""United States""], [""Canada""], [""United States""], [""Austria""]]"
32771686,"2","[[""Canada""], [""Canada""], [""Ireland""], [""Canada""], [""Canada""]]"
32775335,"9","[[""Belgium""], [""Switzerland""], [""Canada""], [""Belgium""], [""Italy""], [""Italy""], [""Netherlands""], [""France""], [""Italy""], [""Italy""], [""France""], [""United States""], [""Bulgaria""], [""Sweden""]]"
32776345,"2","[[""United States""], [""Canada""]]"
32778585,"8","[[""Sweden""], [""Sweden""], [""Turkey""], [""United States""], [""United Kingdom""], [""United States""], [""United States""], [""United States""], [""Finland""], [""Canada""], [""Canada""], [""Sweden""], [""United States""], [""Canada""], [""United States""], [""Canada""], [""South Africa""], [""China""]]"
32779779,"2","[[""Italy""], [""Canada""], [""Canada""], [""Canada""]]"
32785620,"2","[[""United States""], [""Canada""], [""United States""]]"
32801186,"3","[[""Canada""], [""Canada""], [""China""], [""Canada""], [""Canada""], [""Germany""], [""Canada""]]"
32809874,"3","[[""United States""], [""United States""], [""Canada""], [""Canada""], [""Canada""], [""United States""], [""Turkey""]]"
32817755,"2","[[""Canada""], [""Iran""]]"
32819467,"2","[[""United States""], [""United States""], [""United States""], [""Canada""], [""United States""], [""United States""], [""United States""]]"
32824810,"2","[[""Brazil""], [""Canada""], [""Brazil""]]"
32826891,"2","[[""Canada""], [""Canada""], [""Canada""], [""Canada""], [""Canada""], [""Canada""], [""Egypt""], [""Canada""], [""Canada""], [""Canada""], [""Canada""], [""Canada""], [""Canada""], [""Canada""], [""Canada""], [""Canada""], [""Canada""], [""Canada""]]"
32832912,"2","[[""Canada""], [""United States""], [""United States""]]"
32840766,"2","[[""Pakistan""], [""Canada""], [""Pakistan""], [""Pakistan""], [""Pakistan""]]"
32843633,"6","[[""Germany""], [""Singapore""], [""Singapore""], [""Singapore""], [""United States""], [""United States""], [""United Kingdom""], [""United States""], [""Canada""], [""Canada""], [""Canada""], [""France""], [""France""], [""Canada""]]"
32845061,"4","[[""China""], [""China""], [""Hong Kong"", ""China""], [""Hong Kong"", ""China""], [""Canada""], [""United States""]]"
32850706,"2","[[""United States""], [""Canada""]]"
32854798,"3","[[""Canada""], [""Denmark""], [""United Kingdom""], [""Canada""]]"
32862015,"2","[[""Canada""], [""Canada""], [""United States""], [""Canada""]]"
32864596,"3","[[""United States""], [""United States""], [], [""United States""], [""Canada""], [""United States""], [""Canada""], [""Canada""], [""Canada""], [""Canada""], [""Canada""], [""Canada""], [""Canada""], [""Canada""], [""Canada""], [""Canada""]]"
32879757,"2","[[""Canada""], [""Canada""], [""Hong Kong""]]"
32884130,"2","[[""Canada""], [""Canada""], [""Canada""], [""United States""], [""Canada""], [""Canada""]]"
32888727,"2","[[""Mexico""], [""Canada""], [""Canada""], [""Canada""], [""Canada""]]"
32901402,"2","[[""China""], [""China""], [""Canada""], [""China""]]"
32906742,"7","[[""Canada""], [""Canada""], [""Iran""], [""China""], [""Germany""], [""Norway""], [""Hungary""], [""Taiwan""]]"
32919184,"3","[[""Brazil""], [""Brazil""], [""Brazil""], [""Canada""], [""Netherlands""], [""Brazil""], [""Brazil""], [""Brazil""]]"
32920800,"2","[[""Finland""], [""Canada""], [""Canada""], [""Finland""]]"
32927257,"9","[[""India""], [""India""], [""Italy""], [""India""], [""Canada""], [""United States""], [""Greece""], [""Greece""], [""India""], [""India""], [""United States""], [""Germany""], [""United States""], [""Croatia""], [""Spain""], [""Cyprus""]]"
32929555,"3","[[""China""], [""Finland""], [""Canada""], [""China""], [""Finland""], [""Canada""], [""China""], [""Finland""], [""China""], [""China""]]"
32935059,"2","[[""Canada""], [""Canada""], [""Canada""], [""Canada""], [""Canada""], [""Turkey""], [""Turkey""], [""Turkey""]]"
32936081,"3","[[""United States""], [""United States""], [""Lebanon"", ""United States""], [""United States""], [""Canada""]]"
32937677,"2","[[""United States""], [""Canada""], [""United States""]]"
32938926,"2","[[""United States""], [""United States""], [""United States""], [""United States""], [""Canada""], [""United States""], [""United States""]]"
32938996,"4","[[""Canada""], [""France""], [""Canada""], [""France""], [""United States""], [""United Arab Emirates""]]"
32946287,"2","[[""Canada""], [""United States""], [""Canada""]]"
32955669,"3","[[""Canada""], [""United States""], [""China""], [""Canada""]]"
32958802,"2","[[""Canada""], [""France""], [""Canada""], [""Canada""], [""Canada""], [""Canada""], [""Canada""], [""Canada""], [""Canada""]]"
32962272,"2","[[""United States""], [""United States""], [""United States""], [""Canada""], [""United States""]]"
32971358,"3","[[""Canada""], [""Canada""], [""Canada""], [""Austria""], [""Canada""], [""Canada""], [""France""], [""Canada""], [""Canada""], [""Canada""]]"
32976519,"3","[[""Canada""], [""Canada""], [""United States""], [""Canada""], [""China""]]"
32978299,"2","[[""Canada""], [""Canada""], [""United States""], [""Canada""], [""United States""], [""Canada""], [""Canada""]]"
32986833,"4","[[""France""], [""France""], [""France""], [""France""], [""France""], [""Denmark""], [""Canada""], [""Cuba""], [""France""], [""France""]]"
32987299,"2","[[""South Korea""], [""Canada""], [""Canada""]]"
32987534,"2","[[""Canada""], [""China""], [""China""]]"
32991907,"4","[[""United States""], [""Canada""], [""Qatar""], [""Colombia""], [""Canada""], [""Canada""]]"
32992069,"10","[[""United States""], [""Canada""], [""Germany""], [""Colombia"", ""Germany""], [""Germany""], [""Germany""], [""Colombia""], [""Czechia""], [""Czechia""], [""Chile""], [""Argentina""], [""Colombia"", ""United States"", ""Argentina"", ""Chile""], [""United States"", ""Argentina"", ""Chile""]]"
33002841,"2","[[""United States""], [""Canada""], [""Canada""], [""Canada""], [""United States""]]"
33003163,"2","[[""Canada""], [""Canada""], [""Turkey""], [""Canada""]]"
33005028,"3","[[""China""], [""China""], [""China""], [""Canada""], [""United States""], [""China""], [""China""], [""China""], [""China""], [""China""], [""China""]]"
33014638,"3","[[""Turkey""], [], [""Canada""]]"
33015100,"2","[[""Canada""], [""Canada""], [""Canada""], [""Canada""], [""Canada""], [""United States""], [""Canada""]]"
33028696,"3","[[""United States""], [""Canada""], [""India""], [""India""], [""India""], [""United States""], [""United States""]]"
33032774,"2","[[""China""], [""Canada""]]"
33038139,"2","[[""United States""], [""United States""], [""Canada""], [""Canada""], [""United States""], [""United States""], [""United States""], [""United States""], [""United States""], [""United States""], [""United States""], [""United States""]]"
33038538,"3","[[""Canada""], [""Canada""], [""Germany""], [""Canada""], [""United Kingdom""], [""Canada""]]"
33044396,"2","[[""Canada""], [""France""], [""Canada""]]"
33057876,"3","[[""China""], [""Canada""], [""United States""], [""China""]]"
33059590,"2","[[""Canada""], [""Croatia""], [""Canada""], [""Canada""], [""Canada""]]"
33067468,"2","[[""United States""], [""United States""], [""United States""], [""United States""], [""Canada""]]"
33070051,"2","[[""China""], [""China""], [""China""], [""Canada""], [""China""], [""Canada""]]"
33071806,"2","[[""United States""], [""United States""], [""Canada""], [""Canada""], [""Canada""], [""Canada""], [""United States""], [""Canada""], [""United States""], [""United States""]]"
33072266,"3","[[""United States""], [""United States""], [""United States""], [""United States""], [""Canada""], [""United States""], [""United States""], [""United States""], [""United States""], [""United States""], [""Canada""], [""United States""], [""United States""], [""United States""], [""Georgia""], [""United States""], [""United States""], [""United States""]]"
33075658,"3","[[""United States"", ""Germany""], [""United States""], [""Canada""], [""United States""], [""United States""], [""United States""], [""United States""], [""United States""], [""United States""], [""United States""]]"
33082371,"5","[[""United States""], [""United States""], [""United States""], [""United States""], [""Croatia""], [""Japan""], [""Canada""], [""France""], [""France""], [""United States""], [""United States""]]"
33094925,"4","[[""China""], [""United Kingdom""], [""Hong Kong"", ""China""], [""Hong Kong"", ""China""], [""Hong Kong"", ""China""], [""Canada""]]"
33096712,"2","[[""Canada""], [""Canada""], [""Canada""], [""Brazil""], [""Canada""]]"
33104825,"2","[[""Canada""], [""France""]]"
33110076,"5","[[""Singapore""], [""Ireland""], [""Argentina""], [""Singapore""], [""United States""], [""United States""], [""Canada""], [""United States""]]"
33114197,"3","[[""Canada""], [""Germany""], [""Denmark""], [""Denmark""], [""Denmark""]]"
33114394,"2","[[""Canada""], [""Iran""]]"
33117612,"8","[[""Austria""], [""United Kingdom""], [""Brazil""], [""Portugal""], [""France""], [""Canada""], [""Mexico""], [""United Kingdom""], [""Singapore""]]"
33118957,"2","[[""Canada""], [""Canada""], [""Canada""], [""Netherlands""], [""Netherlands""], [""Canada""], [""Canada""], [""Canada""], [""Canada""], [""Canada""], [""Netherlands""], [""Netherlands""]]"
33125268,"5","[[], [""United Kingdom""], [""France""], [], [""Canada""], [""Australia""]]"
33129861,"2","[[""Canada""], [""Belgium""], [""Canada""], [""Belgium""]]"
33131680,"4","[[""United States""], [""Georgia""], [""United States""], [""Canada""], [""United States""], [""United States""], [""United States""], [""United States""], [""Georgia""], [""United States""], [""United States""], [""United States""], [""United States""], [""Belgium""], [""United States""], [""United States""], [""United States""], [""United States""], [""United States""]]"
33134214,"2","[[""Iran""], [""Iran""], [""Iran""], [""Canada""], [""Canada""]]"
33135401,"2","[[""Korea, Republic of""], [""Korea, Republic of""], [""Korea, Republic of""], [""Korea, Republic of""], [""Canada""], [""Korea, Republic of""], [""Korea, Republic of""], [""Korea, Republic of""], [""Korea, Republic of""], [""Korea, Republic of""]]"
33143268,"2","[[""Brazil""], [""Brazil""], [""Brazil""], [""Brazil""], [""Canada""]]"
33143558,"2","[[""South Africa""], [""Canada""]]"
33144873,"3","[[""Singapore""], [""Singapore""], [""Singapore""], [""Singapore""], [""Canada""], [""United States""], [""Singapore""], [""Singapore""]]"
33145411,"2","[[""Canada""], [""Canada""], [""Israel""], [""Canada""]]"
33145781,"2","[[""Canada""], [""Canada""], []]"
33154370,"2","[[""Canada""], [""France""], [""France""], [""France""], [""Canada""]]"
33161063,"3","[[""India""], [""United States""], [""United States""], [""Canada""], [""United States""], [""United States""], [""United States""], [""United States""]]"
33161275,"2","[[""Canada""], [""Canada""], [""Canada""], [""Australia"", ""Canada""]]"
33166800,"2","[[""China""], [""Canada""]]"
33167779,"5","[[""Turkey""], [""Germany""], [""United States""], [""United Kingdom""], [""Turkey""], [""Canada""], [""United States""]]"
33168947,"2","[[""Canada""], [""Canada""], [""Canada""], [""Canada""], [""United Kingdom""], [""Canada""], [""Canada""], [""Canada""], [""Canada""], [""Canada""], [""Canada""]]"
33174832,"2","[[""Canada""], [""United Kingdom""], [""United Kingdom""]]"
33177614,"3","[[""Canada""], [""Canada""], [""Canada""], [""France""], [""Canada""], [""United States""], [""Canada""], [""Canada""], [""Canada""]]"
33181361,"5","[[""Saudi Arabia"", ""Canada""], [""Canada""], [""Canada""], [""Jordan"", ""Canada""], [""Canada""], [""France"", ""Canada""], [""Canada"", ""Qatar""]]"
33181507,"2","[[""Canada""], [""Finland""]]"
33184741,"2","[[""India""], [""Canada""]]"
33187484,"2","[[""Canada""], [""United States""], [""Canada""], [""Canada""], [""Canada""], [""Canada""]]"
33190462,"2","[[""Iran""], [""Canada""]]"
33193341,"2","[[""Canada""], [""Chile""], [""Chile""]]"
33194219,"5","[[""Israel""], [""Ireland""], [""United Kingdom""], [""Canada""], [""United States""]]"
33196188,"2","[[""Canada""], [""United States""]]"
33196488,"4","[[""Canada""], [""United States""], [""Puerto Rico""], [""United States""], [""United Kingdom""], [""United States""], [""United States""]]"
33202340,"2","[[""China""], [""Canada""], [""China""], [""China""]]"
33205549,"3","[[""United States""], [""United States""], [""United States""], [""United States""], [""United States""], [""United States""], [""United States""], [""United States""], [""United States""], [""Lebanon""], [""United States""], [""Canada""], [""United States""], [""Canada""]]"
33206667,"2","[[""Canada""], [""United States""]]"
33207017,"2","[[""Australia""], [""Canada""], [""Canada""], [""Australia""], [""Australia""], [""Australia""], [""Australia""], [""Australia""], [""Australia""]]"
33207776,"4","[[""Iran""], [""Germany""], [""Iran""], [""Canada""], [""Spain""], [""Iran""], [""Spain""]]"
33211333,"3","[[""United States""], [""Macao""], [""Canada""], [""Canada""], [""United States""]]"
33219707,"2","[[""United States""], [""Canada""], [""United States""], [""United States""], [""United States""]]"
33219845,"2","[[""Netherlands""], [""Netherlands""], [""Canada""], [""Netherlands""], [""Netherlands""]]"
33223495,"4","[[""Australia""], [""Netherlands""], [""Netherlands""], [""United States""], [""Canada""], [""Canada""], [""Canada""], [""United States""], [""Netherlands""], [""Australia""]]"
33224093,"3","[[""Canada""], [""Japan""], [""Japan""], [""United Kingdom""], [""Japan""]]"
33224459,"3","[[""Canada""], [""Germany""], [""Canada""], [""Norway""], [""Canada""], [""Canada""], [""Norway""]]"
33226836,"2","[[""Canada""], [""United States""], [""Canada""], [""Canada""], [""Canada""]]"
33233605,"4","[[""Ireland""], [""Ireland""], [""Ireland""], [""Italy""], [""Switzerland""], [""Canada""]]"
33242116,"4","[[""United States""], [""Canada""], [""India""], [""United States""], [""United States""], [""United States""], [""China""], [""China""], [""India""]]"
33246750,"2","[[""Canada""], [""Canada""], [""Canada""], [""United States""], [""Canada""]]"
33248333,"2","[[""Canada""], [""Turkey""], [""Turkey""], [""Canada""]]"
33260101,"3","[[""Iran"", ""Canada""], [""Iran""], [""Canada""]]"
33260138,"4","[[""Turkey""], [""Turkey""], [""Turkey""], [""Turkey""], [""United States""], [""United States""], [""Canada""], [""United States""], [""Canada""], [], [""United States""], [""United States""]]"
33264099,"2","[[""France""], [""France""], [""France""], [""Canada""], [""Canada""]]"
33285356,"2","[[""Brazil""], [""Canada""], [""Brazil""]]"
33285484,"2","[[""United States"", ""Canada""], [""Canada""], [""Canada""]]"
33285711,"4","[[""Turkey""], [""Turkey""], [""Canada""], [""United States""], [""Canada""], [""United States""], [""Israel""], [""United States""], [""Canada""]]"
33286986,"2","[[""Canada""], [""Iran""], [""Canada""]]"
33288765,"2","[[""Canada""], [""Canada""], [""United States""], [""United States""], [""Canada""], [""Canada""], [""Canada""], [""Canada""], [""Canada""], [""United States""], [""United States""], [""United States""], [""Canada""], [""United States""]]"
33294774,"4","[[""United States""], [], [""Canada""], [""United States""], [""United States""], [""China""]]"
33297516,"2","[[""Pakistan""], [""Pakistan""], [""Pakistan""], [""Canada""], [""Pakistan""], [""Pakistan""]]"
33308292,"2","[[""Canada""], [""Canada""], [""United States""], [""Canada""]]"
33310630,"3","[[""Canada""], [""United States""], [""United States""], [""United States""], [""Canada""], [""Finland""], [""United States""]]"
33313551,"7","[[""France""], [""France""], [""United Kingdom""], [""Switzerland""], [""Australia""], [""China""], [""Japan""], [""Japan""], [""Canada""], [""Canada""], [""Australia""], [""Japan""]]"
33314695,"3","[[""China""], [""China""], [""China""], [""United States""], [""Canada""]]"
33319780,"5","[[""Canada""], [""Canada""], [""Canada""], [""Canada""], [""Canada""], [""Canada""], [""Canada""], [""Netherlands""], [""United States""], [""United States""], [""United States""], [""Germany""], [""United States""], [""United States""], [""United States""], [""United States""], [""United States""], [""Singapore""], [""Canada""], [""Canada""], [""Canada""], [""Canada""]]"
33324443,"2","[[""Canada""], [""Canada""], [""France""], [""Canada""], [""Canada""], [""Canada""]]"
33333799,"2","[[""Korea, Republic of""], [""Canada""], [""Korea, Republic of""]]"
33334319,"2","[[""Iran""], [""Iran""], [""Canada""], [""Iran""]]"
33336385,"2","[[""Mexico""], [""Mexico""], [""Mexico""], [""Mexico""], [""Canada""], [""Mexico""], [""Canada""]]"
33343085,"2","[[""Canada""], [""Canada""], [""Canada""], [""United States""]]"
33350595,"2","[[""United States""], [""United States""], [""Canada""], [""United States""]]"
33359305,"2","[[""China""], [""China""], [""Canada""], [""Canada""], [""China""]]"
33360558,"3","[[""Austria""], [""Austria""], [""Canada""], [""Brazil""]]"
33360844,"2","[[""Canada""], [""Canada""], [""Canada""], [""France""], [""Canada""]]"
33368705,"2","[[""Australia""], [""Australia""], [""Canada""], [""Canada""]]"
33370286,"7","[[""United Kingdom""], [""Germany""], [""Turkey""], [""France""], [""Germany""], [""United Kingdom""], [""United States""], [""Germany""], [""United States""], [""United States""], [""United States""], [""United Kingdom""], [""Canada""], [""Canada""], [""Canada""], [""United Kingdom""], [""Canada""], [""France""], [""United States""], [""United Kingdom""], [""United States""], [""United States""], [""United Kingdom""], [""United States""], [""Germany""], [""Germany""], [""Germany""], [""Germany""], [""United States""], [""Australia""], [""Australia""], [""Australia""], [""Germany""]]"
33382035,"4","[[""Hong Kong""], [""Hong Kong"", ""China""], [""Canada""], [""Hong Kong""], [""China""], [""Canada""], [""Hong Kong""]]"
33387276,"2","[[""France""], [""France""], [""Canada""], [""Canada""], [""France""], [""France""], [""France""], [""France""]]"
33388458,"2","[[""Canada""], [""United States""], [""United States""], [""Canada""], [""United States""]]"
33392358,"2","[[""United States""], [""United States""], [""Canada""], [""United States""]]"
33394116,"4","[[""United States""], [""United States""], [""United States""], [""United States""], [""Canada""], [""United States""], [""Switzerland""], [""United States""], [""Saudi Arabia""], [""United States""]]"
33395976,"3","[[""Canada""], [""Italy""], [""Canada""], [""United Kingdom""], [""United Kingdom""], [""Canada""]]"
33403948,"2","[[""Canada""], [""Canada""], [""Canada""], [""Canada""], [""Canada""], [""Canada""], [""United States""], [""United States""], [""United States""], [""United States""], [""Canada""], [""Canada""], [""Canada""], [""Canada""], [""Canada""], [""Canada""], [""Canada""], [""Canada""], [""Canada""], [""Canada""], [""Canada""]]"
33407780,"2","[[""United Kingdom""], [""United Kingdom""], [""Canada""], [""United Kingdom""], [""United Kingdom""], [""United Kingdom""], [""United Kingdom""], [""United Kingdom""], [""United Kingdom""], [""United Kingdom""], [""United Kingdom""], [""United Kingdom""], [""United Kingdom""]]"
33410754,"2","[[""Canada""], [""Canada""], [""Australia""], [""Canada""]]"
33418122,"2","[[""Canada""], [""Canada""], [""Canada""], [""Canada""], [""Canada""], [""United States""]]"
33420416,"17","[[""United States""], [""United States""], [""United States""], [""United States""], [""United Kingdom""], [""United Kingdom""], [""United Kingdom""], [""United Kingdom""], [""Finland""], [""United Kingdom""], [""United Kingdom""], [""Australia""], [""Australia""], [""Sweden""], [""United Kingdom""], [""United Kingdom""], [""United Kingdom""], [""United Kingdom""], [""United Kingdom""], [""United Kingdom""], [""United Kingdom""], [""Denmark""], [""Denmark""], [""United States""], [""Australia""], [""Australia""], [""Sweden""], [""Sweden""], [""United States""], [""United States""], [""United Kingdom""], [""United States""], [""United States""], [""United States""], [""United Kingdom""], [""United States""], [""France""], [""France""], [""Denmark""], [""Denmark""], [""Poland""], [""Norway""], [""United States""], [""United States""], [""Germany""], [""Canada""], [""Canada""], [""United States""], [""United States""], [""Spain""], [""Spain""], [""Spain""], [""Spain""], [""United States""], [""Portugal""], [""Portugal""], [""Portugal""], [""Germany""], [""Germany""], [""Germany""], [""United States""], [""Bulgaria""], [""United States""], [""United States""], [""United States""], [""Croatia""], [""Canada""], [""Canada""], [""Belgium""], [""Spain""], [""United States""], [""United Kingdom""], [""Netherlands""], [""United States""], [""United Kingdom""], [""Norway""], [""United States""], [""United States""], [""United States""], [""United States""]]"
33422894,"3","[[""United States""], [""United States""], [""South Korea""], [""United States""], [""United States""], [""Canada""], [""United States""], [""United States""]]"
33423132,"3","[[""Italy""], [""Canada""], [""United States""], [""United States""]]"
33430830,"3","[[""Taiwan""], [""Canada""], [""Australia""], [""Taiwan""], [""Taiwan""], [""Taiwan""], [""Taiwan""], [""Taiwan""], [""Taiwan""]]"
33441847,"11","[[""Japan""], [""United States""], [""Italy""], [""Switzerland""], [""Switzerland""], [""Sweden""], [""Sweden""], [""Germany""], [""France""], [""France""], [""Germany""], [""Switzerland""], [""Germany""], [""Germany""], [""Italy""], [""Germany""], [""United States""], [""Romania""], [""Canada""], [""Japan""], [""Japan""], [""Spain""], [""Spain""], [""Spain""], [""Japan""], [""United States""], [""Germany""], [""Germany""], [""Taiwan""], [""Japan""], [""Germany""], [""Japan""], [""Germany""], [""Canada""], [""Germany""], [""Canada""]]"
33442676,"7","[[], [], [""United States""], [""United States""], [], [""Turkey""], [""Taiwan""], [], [""United States""], [], [""United States""], [""United States""], [""United States""], [""Turkey""], [""United States""], [""United States""], [""Canada""], [""Canada""], [""Taiwan""], [""United States""], [""United States""], [""South Korea""], [""Thailand""], [""Taiwan""], [""United States""], [""United States""], [""Turkey""], [""Turkey""], [""South Korea""], [""United States""], [""Taiwan""], [""Taiwan""], [""Taiwan""], [""Taiwan""], [], [], [""Taiwan""], [], [""Canada""], [""South Korea""], [""Turkey""], [""Canada""], [""Turkey""], [""Canada""], [""Thailand""]]"
33445089,"5","[[""Canada""], [""China""], [""Canada"", ""China""], [""United States"", ""Canada""], [""China""], [""China""], [""China""], [""United Kingdom""], [""Canada""], [""China""]]"
33446607,"2","[[""Canada""], [""United Kingdom""], [""Canada""], [""Canada""]]"
33446815,"3","[[""Canada""], [""Canada""], [""Canada""], [""Canada""], [""Netherlands""], [""Singapore""], [""Canada""], [""Canada""]]"
33450500,"3","[[""Canada""], [""Turkey""], [""Iran""]]"
33458268,"2","[[""United States""], [""Canada""]]"
33465520,"2","[[""Bangladesh""], [""Canada""], [""Bangladesh""], [""Bangladesh""], [""Bangladesh""]]"
33480187,"3","[[""Canada""], [""Canada""], [""Germany""], [""United States""], [""United States""], [""United States""], [""Canada""], [""United States""], [""United States""], [""United States""], [""Canada""]]"
33481459,"2","[[""United States""], [""United States""], [""Canada""]]"
33496211,"4","[[""China""], [""United States""], [""United States""], [""United States""], [""Canada""], [""Germany""], [""China""]]"
33504243,"2","[[""Canada""], [""Italy""]]"
33515058,"2","[[""United States""], [""United States""], [""Canada""], [""United States""], [""United States""], [""United States""], [""United States""], [""United States""]]"
33522829,"2","[[""China""], [""China""], [""Canada""]]"
33526513,"2","[[""United States""], [""United States""], [""United States""], [""United States""], [""United States""], [""United States""], [""Canada""], [""United States""], [""United States""], [""United States""], [""United States""], [""United States""], [""United States""], [""United States""], [""United States""], [""United States""]]"
33530130,"2","[[""Canada""], [""China""]]"
33531261,"3","[[""Spain""], [""Spain""], [""Spain""], [""Brazil""], [""Spain""], [""Spain""], [""Spain""], [""Spain""], [""Spain""], [""Spain""], [""Spain""], [""Spain""], [""Spain""], [""Canada""], [""Spain""]]"
33549146,"2","[[""United States""], [""Canada""], [""United States""], [""United States""]]"
33553523,"2","[[""Canada""], [""Canada""], [""Canada""], [""France""], [""Canada""], [""Canada""]]"
33554457,"2","[[""Canada""], [""Canada""], [""United States""], [""Canada""]]"
33558044,"2","[[""Canada""], [""United States""], [""United States""], [""Canada""], [""Canada""], [""Canada""]]"
33559004,"2","[[""Japan""], [""Japan""], [""Japan""], [""Canada""], [""Japan""], [""Japan""], [""Japan""], [""Canada""], [""Japan""], [""Japan""], [""Japan""]]"
33564942,"2","[[""United States""], [""Canada""], [""Canada""], [""Canada""], [""United States""], [""Canada""], [""Canada""]]"
33576323,"2","[[""Canada""], [""United States""]]"
33581336,"2","[[""Canada""], [""Canada""], [""Canada""], [""Canada"", ""China""], [""Canada""], [""Canada""]]"
33582272,"2","[[""Canada""], [""Canada""], [""France""], [""Canada""]]"
33590485,"3","[[""Canada""], [""Australia""], [""Australia""], [""Australia""], [""Canada""], [""United States""]]"
33603193,"3","[[""United States""], [""United States""], [""Canada""], [""Iran""], [""Iran""], [""Iran""], [""Iran""], [""Iran""], [""Iran""], [""Iran""], [""United States""], [""Iran""], [""United States""], [""United States""]]"
33608604,"4","[[""France""], [""China""], [""France""], [""France""], [""Canada""], [""United States""], [""France""], [""China""]]"
33610035,"2","[[""Canada""], [""United States""], [""United States""], [""Canada""]]"
33611042,"4","[[""Thailand""], [""Iran""], [""Iran""], [""Thailand""], [""Canada""], [""Iran""], [""United Kingdom""]]"
33617523,"2","[[""Canada""], [""Germany""], [""Canada""]]"
33622655,"2","[[""United States""], [""United States""], [""United States""], [""United States""], [""United States""], [""United States""], [""Canada""], [""United States""], [""United States""]]"
33628435,"3","[[""Denmark""], [""Denmark""], [""Germany""], [""Canada""]]"
33638031,"3","[[""Iran""], [""Iran""], [""Iran""], [""France""], [""Canada""]]"
33643910,"4","[[""France""], [""Canada""], [""Italy""], [""France""], [""France""], [""France""], [""France""], [""France"", ""Martinique""]]"
33645207,"2","[[""Canada""], [""Canada""], [""United States""], [""Canada""], [""Canada""]]"
33671525,"2","[[""Switzerland""], [""Canada""]]"
33675031,"2","[[""Canada""], [""Canada""], [""Singapore""]]"
33691201,"3","[[""Iran""], [""Iran""], [""Iran""], [""Iran""], [""Iran""], [""Canada""], [""Iran""], [""Denmark"", ""Switzerland"", ""Netherlands""]]"
33692779,"4","[[""India""], [""United States""], [""Canada""], [""United States""], [""Georgia"", ""United States""]]"
33705439,"5","[[""Austria""], [""Poland""], [""Spain""], [""Czechia""], [""Czechia""], [""Canada""]]"
33710292,"2","[[""France""], [""Canada""], [""Canada""], [""Canada""], [""Canada""], [""Canada""]]"
33716814,"2","[[""Brazil""], [""Brazil""], [""Brazil""], [""Canada""], [""Canada""], [""Brazil""]]"
33723044,"3","[[""United States""], [], [""Canada""], [""United States""], [""United States""], [""United States""]]"
33726819,"21","[[""United Arab Emirates""], [""France""], [""United States""], [""India""], [""India""], [""India""], [""India""], [""India""], [""Australia""], [""Saudi Arabia""], [""United States""], [""Netherlands""], [""Chile""], [""Canada""], [""Australia""], [""China""], [""Israel""], [""Spain""], [""United States""], [""United States""], [""France""], [""France""], [""France""], [""France""], [""India""], [""France""], [""Brazil""], [""Belgium""], [""Belgium""], [""Spain""], [""United States""], [""United Kingdom""], [""Canada""], [""France""], [""South Africa""], [""United States""], [""United States""], [""Italy""], [""Italy""], [""India""], [""Singapore""], [""Australia""], [""Switzerland""], [""Netherlands""], [""Thailand""], [""United Kingdom""], [""United Kingdom""], [""Italy""], [""Australia""], [""Germany""], [""India""]]"
33739635,"3","[[""United States""], [""Canada""], [""United States""], [""China""], [""United States""]]"
33750311,"2","[[""China""], [""Canada""], [""Canada""], [""China""], [""China""], [""Canada""]]"
33753252,"3","[[""Canada""], [""Canada""], [""United States""], [""United States""], [""United States""], [""Canada""], [""United States""], [""United States""], [""Canada""], [""Lebanon""], [""United States""], [""United States""], [""United States""], [""United States""], [""United States""]]"
33753312,"8","[[""Australia""], [""Australia""], [""Australia""], [""United Kingdom""], [""Germany""], [""United States""], [""Germany""], [""France""], [""France""], [""Germany""], [""France""], [""Canada""], [""Germany""], [""United States""], [""Germany""], [""Finland""], [""Germany"", ""China""]]"
33760390,"2","[[""Canada"", ""Germany""], [""Canada""], [""Canada""]]"
33762385,"3","[[""United Kingdom""], [], [""Canada""], [""United Kingdom""], [""United Kingdom""], [""Canada""]]"
33764470,"2","[[""Turkey""], [""Turkey""], [""Canada""], [""Canada""], [""Canada""], [""Canada""]]"
33764818,"3","[[""Canada""], [""United States""], [""United Kingdom""], [""United States""], [""United Kingdom""]]"
33767429,"2","[[""Canada""], [""United States""], [""Canada""], [""Canada""], [""Canada""]]"
33770412,"5","[[""United Kingdom""], [""Italy""], [""Netherlands""], [""New Zealand""], [""United Kingdom""], [""Canada""], [""Netherlands""], [""United Kingdom""], [""Italy""]]"
33770561,"2","[[""Brazil""], [""Brazil""], [""Canada""], [""Brazil""]]"
33772334,"4","[[""Belgium""], [""Belgium""], [""Belgium""], [""Belgium""], [""France""], [""France""], [""Canada""], [""France""], [""Netherlands""], [""Netherlands""], [""Belgium""], [""Belgium""]]"
33772335,"3","[[""France""], [""France""], [""Canada""], [""Spain""], [""France""], [""France""], [""France""]]"
33773296,"2","[[""Canada""], [""Canada""], [""Canada""], [""Canada""], [""Canada""], [""Canada""], [""United States""], [""Canada""], [""Canada""]]"
33777664,"3","[[""Ireland""], [""United Kingdom""], [""Canada""]]"
33780034,"2","[[""China""], [""Canada""]]"
33780727,"3","[[""United States""], [""United Kingdom"", ""Canada""], [""Canada""], [""Canada""]]"
33781576,"3","[[""Canada""], [""Canada""], [""Canada""], [""Denmark""], [""United Kingdom""], [""Canada""], [""Canada""]]"
33784609,"2","[[""Canada""], [""Australia""], [""Canada""]]"
33785730,"3","[[""United Kingdom""], [""Netherlands""], [""United Kingdom""], [""Canada""], [""United Kingdom""], [""United Kingdom""], [""United Kingdom""]]"
33789178,"3","[[""Canada"", ""China""], [""China""], [""China""], [""China""], [""Canada""]]"
33802354,"2","[[""Taiwan""], [""Canada""], [""Canada""], [""Canada""]]"
33804307,"6","[[""United States""], [""United States""], [""Greece""], [""Iran""], [""United States""], [""Switzerland""], [""Iran""], [""Austria""], [""Canada""], [""United States""], [""United States""]]"
33811557,"2","[[""Germany""], [""Germany""], [""Germany""], [""Germany""], [""Canada""], [""Germany""]]"
33816373,"2","[[""Iran""], [""Iran""], [""Canada""], [""Iran""], [""Iran""]]"
33820939,"2","[[""United States""], [""United States""], [""United States""], [""United States""], [""United States""], [""Canada""], [""United States""], [""Canada""], [""Canada""], [""United States""], [""United States""]]"
33822402,"2","[[""Canada""], [""France""]]"
33823116,"2","[[""Canada""], [""United States""]]"
33824310,"5","[[""United Kingdom""], [""United Kingdom""], [""United Kingdom""], [""United Kingdom""], [""Spain""], [""Canada""], [""United States""], [""Netherlands""], [""United Kingdom""], [""United Kingdom""]]"
33824317,"3","[[""United Kingdom""], [""United Kingdom""], [""United Kingdom""], [""United Kingdom""], [""United Kingdom""], [""United Kingdom""], [""Hong Kong"", ""China""], [""United Kingdom""], [""Canada""], [""Canada""], [""United Kingdom""], [""United Kingdom""], [""United Kingdom""]]"
33828196,"2","[[""United States""], [""United States""], [""United States""], [""United States""], [""United States""], [""United States""], [""Canada""]]"
33836295,"2","[[""Canada""], [""Canada""], [""Canada""], [""Canada""], [""Ireland""], [""Canada""], [""Canada""]]"
33836309,"2","[[""Canada""], [""United States""], [""Canada""], [""Canada""], [""Canada""], [""Canada""]]"
33845445,"2","[[""France""], [""France""], [""Canada""], [""France""], [""Canada""], [""France""]]"
33848231,"2","[[""Canada""], [""Canada""], [""Netherlands""]]"
33850128,"7","[[""Canada""], [""South Korea""], [""Canada""], [""United States""], [""South Korea""], [""Germany""], [""Germany""], [""Italy""], [""Singapore""], [""Singapore""], [""Singapore""], [""United Kingdom""], [""Canada""]]"
33853614,"2","[[""Canada""], [""Canada""], [""Canada""], [""Brazil""], [""Canada""], [""Canada""], [""Canada""], [""Canada""], [""Canada""]]"
33856350,"3","[[""China""], [""China""], [""United States""], [""United States""], [""China""], [""China""], [""Canada""], [""China""]]"
33857785,"2","[[""Canada""], [""Canada""], [""Canada""], [""Canada""], [""Canada""], [""Canada"", ""Brazil""]]"
33858815,"2","[[""Canada""], [""Canada""], [""Canada""], [""Canada""], [""United States""], [""United States""], [""Canada""], [""Canada""], [""Canada""], [""Canada""]]"
33863738,"2","[[""Canada""], [], [""Canada""], [""Canada""], [""Canada""], [""Canada""], [""Canada""], []]"
33865966,"2","[[""United States""], [""Canada""], [""United States""]]"
33870137,"2","[[""Canada""], [""Georgia""], [""Canada""]]"
33870190,"2","[[""Canada""], [""Germany""], [""Germany""], [""Germany""], [""Germany""], [""Canada""], [""Canada""], [""Canada""], [""Canada""]]"
33872298,"3","[[""Netherlands""], [""Netherlands""], [""Netherlands""], [""Netherlands""], [""Netherlands""], [""Australia""], [""Canada""]]"
33879214,"2","[[""Spain""], [""Spain""], [""Spain""], [""Spain""], [""Canada""]]"
33879394,"3","[[""Belgium"", ""Italy""], [""Canada""], [""Italy""]]"
33880420,"3","[[""Spain""], [""Spain""], [""Canada""], [""Spain""], [""United States""]]"
33891933,"2","[[""China""], [""China""], [""Canada""], [""China""]]"
33895632,"10","[[""United Kingdom""], [""United Kingdom""], [""United Kingdom""], [""United Kingdom""], [""Netherlands""], [""Italy""], [""Spain""], [""Canada""], [""Spain""], [""Germany""], [""Sweden""], [""Canada""], [""Canada""], [""United Kingdom""], [""Canada""], [""Italy""], [""Portugal""], [""United Kingdom""], [""Canada""], [""United Kingdom"", ""Germany""], [""Germany""], [""Germany""], [""Italy""], [""France""], [""France""], [""United Kingdom""]]"
33896953,"2","[[""France""], [""Canada""], [""Canada""], [""Canada""]]"
33907628,"2","[[""Canada""], [""Canada""], [""Canada""], [""United States""]]"
33909990,"10","[[""Netherlands""], [""Canada""], [""Canada""], [""Canada""], [""Netherlands""], [""Netherlands""], [""Netherlands""], [""Netherlands""], [""Netherlands""], [""Netherlands""], [""Germany""], [""Germany""], [""United States""], [""United States""], [""United States""], [""Denmark""], [""United States""], [""United States""], [""United Kingdom""], [""United Kingdom""], [""United States""], [""United States""], [""United Kingdom""], [""United States""], [""United States""], [""Estonia""], [""Netherlands""], [""Netherlands""], [""Spain""], [""United States""], [""Norway""], [""Norway""], [""Italy""], [""United States""], [""Canada""], [""Canada""], [""Canada""], [""Canada""], [""Canada""], [""Canada""], [""Canada""], [""Netherlands""], [""Netherlands""], [""Canada""]]"
33914797,"2","[[""Canada""], [""United States""], [""Canada""]]"
33923286,"2","[[""Canada""], [""Switzerland""], [""Canada""]]"
33923829,"6","[[""Germany""], [""Greece""], [""Spain""], [""Canada""], [""Canada""], [""India""], [""United States""]]"
33934542,"4","[[""Belgium""], [""Belgium""], [""Canada""], [""United Kingdom""], [""United States""], [""Canada""], [""Canada""], [""United States""], [""Canada""], [""United States""], [""United States""]]"
33940534,"2","[[""Iran""], [""Iran""], [""Canada""], [""Iran""], [""Iran""], [""Iran""]]"
33946238,"4","[[""Belgium""], [""Belgium""], [""Belgium""], [""Australia""], [""Australia""], [""Canada""], [""Belgium""], [""Ireland""], [""Belgium""]]"
33948096,"2","[[""United States""], [""Canada""], [""United States""], [""Canada""], [""Canada""]]"
33951562,"2","[[""United States""], [""Canada""], [""Canada""], [""United States""]]"
33953261,"2","[[""Canada""], [""United States""], [""United States""], [""Canada""], [""Canada""], [""Canada""]]"
33955603,"7","[[""Israel""], [""Israel""], [""Israel""], [""Belgium""], [""United Kingdom""], [""Italy""], [""Italy""], [""Netherlands""], [""United States""], [""United States""], [""United States""], [""United States""], [""Canada""], [""United States""], [""United States""], [""United States""]]"
33957597,"2","[[""India""], [""Canada""], [""India""]]"
33962951,"5","[[""Canada""], [""United States""], [""Netherlands""], [""United States""], [""France""], [""United States""], [""United States""], [""United States""], [""Australia""], [""United States""], [""United States""], [""United States""], [""Australia""], [""Australia""]]"
33963192,"11","[[""United States""], [""Korea, Republic of""], [""Korea, Republic of""], [""Korea, Republic of""], [""France""], [""France""], [""United States""], [""United States""], [""United States""], [""United States""], [""United States""], [""United States""], [""United Kingdom""], [""United States""], [""Canada""], [""Canada""], [""United States""], [""France""], [""France""], [""France""], [""Norway""], [""Spain""], [""Spain""], [""United States""], [""United States""], [""United States""], [""United States""], [""United States""], [""United States""], [""Germany""], [""Austria""], [""Germany""], [""Germany""], [""United States""], [""China""], [""China""], [""China""], [""Germany""], [""United States""], [""Germany""], [""Egypt""], [""United States""], [""Germany""], [""United States""], [""United States""], [""United States""]]"
33970921,"3","[[""Canada""], [""Brazil""], [""United States""], [""Canada""]]"
33974653,"2","[[""Canada""], [""Netherlands""], [""Canada""]]"
33976261,"3","[[""Germany""], [""Germany""], [""Germany""], [""Germany""], [""Germany""], [""Germany""], [""Germany""], [""Germany""], [""France""], [""Canada""], [""Canada""]]"
33977272,"6","[[""United States""], [""United States""], [""United States""], [""United States""], [""United Kingdom""], [""United States""], [""United States""], [""United States""], [""Turkey""], [""Turkey""], [""United Kingdom""], [""Australia""], [""United States""], [""United States""], [""Tunisia""], [""United States""], [""United States""], [""Canada""], [""Canada""]]"
33979407,"2","[[""United States""], [""Canada""]]"
33980900,"2","[[""Denmark""], [""Canada""]]"
33984844,"3","[[""Canada""], [""Brazil""], [""United States""]]"
33987451,"2","[[""United States""], [""Canada""], [""United States""], [""United States""]]"
33988925,"3","[[""United States""], [""Canada""], [""Canada""], [""Taiwan""]]"
33989352,"2","[[""South Korea""], [""South Korea""], [""Canada""], [""Canada""], [""Canada""]]"
33991581,"11","[[""Austria""], [""Netherlands""], [""United Kingdom""], [""Belgium""], [""France""], [""Italy""], [""United Kingdom""], [""Netherlands""], [""Austria""], [""Germany""], [""Canada""], [""Italy""], [""Switzerland""], [""Spain""], [""Netherlands""], [""Austria""], [""United Kingdom""], [""Germany""], [""Germany""], [""United Kingdom""], [""Germany""], [""Netherlands""], [""Austria""], [""United Kingdom""], [""Netherlands""], [""United States""], [""Netherlands""], [""Austria""]]"
33992611,"3","[[""France""], [""Canada""], [""Norway""], [""France""]]"
33999001,"2","[[""Canada""], [""United States""]]"
34004274,"3","[[""Canada""], [""United States""], [""Lebanon""], [""Canada""]]"
34010050,"3","[[""United States""], [""Canada""], [""Turkey""]]"
34012719,"2","[[""United States""], [""United States""], [""Canada""], [""United States""]]"
34019229,"3","[[""Canada""], [""United States""], [""Spain""]]"
34020414,"3","[[], [""Canada""], [""United States""], [""United States""]]"
34022107,"5","[[""Spain""], [""Greece""], [""Canada""], [""Israel""], [""France""]]"
34023273,"3","[[""United States""], [""United States""], [""United States""], [""United Kingdom""], [""Canada""], [""Canada""], [""Canada""]]"
34026680,"3","[[""Canada""], [""China""], [""United States""]]"
34028616,"2","[[""United States""], [""United States""], [""United States""], [""United States""], [""United States""], [""United States""], [""United States""], [""United States""], [""United States""], [""Canada""], [""United States""], [""United States""]]"
34031407,"2","[[""Canada""], [""United States""], [""Canada""], [""Canada""], [""Canada""]]"
34032798,"2","[[""Canada""], [""Denmark""], [""Canada""]]"
34033588,"3","[[""Turkey""], [""Canada""], [""United Kingdom""], [""United Kingdom""], [""Canada""], [""Canada""]]"
34033750,"3","[[""United States""], [""United States""], [""United States""], [""United States""], [""Canada""], [""Canada""], [""Germany""], [""United States""], [""United States""], [""United States""]]"
34039433,"2","[[""Canada""], [""Serbia""], [""Canada""], [""Canada""], [""Canada""], [""Canada""]]"
34048901,"15","[[""Switzerland"", ""Austria""], [""Norway""], [""United States""], [""United States""], [""Switzerland""], [""Switzerland"", ""Canada""], [""Switzerland""], [""United States""], [""United Kingdom""], [""Israel""], [""United Kingdom""], [""United Kingdom""], [""Germany""], [""Germany""], [""United States""], [""United States""], [""United States""], [""United States""], [""United States""], [""United States""], [""Germany""], [""China""], [""Germany""], [""Switzerland""], [""Canada""], [""Germany""], [""Sweden""], [""Switzerland""], [""Korea, Republic of""], [""Brazil""], [""Japan""], [""Netherlands""], [""Germany""], [""Germany""], [""Switzerland"", ""Austria""]]"
34052016,"6","[[""Australia""], [""Iran""], [""Canada""], [""United States""], [""Finland""], [""Taiwan"", ""Singapore""], [""Canada""]]"
34055577,"3","[[""Saudi Arabia""], [""Canada""], [""United States""]]"
34068507,"2","[[""United Kingdom""], [""Canada""], [""United Kingdom""], [""United Kingdom""]]"
34077793,"3","[[""Turkey""], [""Turkey""], [""Canada""], [""Canada""], [""Austria""]]"
34078897,"10","[[""United States""], [""United States""], [""Germany""], [""France""], [""Australia""], [""Australia""], [""Canada""], [""Brazil""], [""United States""], [""United States""], [""United States""], [""Sweden""], [""Belgium""], [""Belgium""], [""Australia""], [""United States""], [""United Kingdom""], [""Sweden""], [""Sweden""], [""Sweden""], [""Finland""], [""Sweden""], [""United States""], [""Sweden""], [""Sweden""], [""Canada""]]"
34079932,"2","[[""China""], [""Canada""]]"
34080611,"2","[[""Canada""], [""Canada""], [""Canada""], [""Canada""], [""Canada""], [""Canada""], [""Canada""], [""Canada""], [""Canada""], [""Canada""], [""Canada""], [""Canada""], [""Canada""], [""Canada""], [""United Kingdom""]]"
34080784,"4","[[""Hong Kong"", ""China""], [""Canada""], [""Greece""], [""United Kingdom""], [""Hong Kong"", ""China""]]"
34080925,"3","[[""Turkey""], [""Canada""], [""Canada""], [""Turkey""], [""United States""], [""Turkey""], [""Turkey""]]"
34091035,"2","[[""Canada""], [""France""], [""Canada""], [""Canada""]]"
34092207,"2","[[""Canada""], [""United States""], [""Canada""]]"
34093387,"2","[[""Denmark""], [""Canada""], [""Denmark""], [""Denmark""], [""Denmark""], [""Denmark""]]"
34102758,"2","[[""Canada""], [""Switzerland""]]"
34103062,"2","[[""Jordan"", ""Canada""], [""Canada""], [""Canada""], [""Canada""], [""Canada""]]"
34104876,"3","[[""Canada""], [""Philippines""], [""China""], [""Canada""], [""China""], [""Philippines""], [""Philippines""], [""Canada""], [""Canada""]]"
34104972,"3","[[""Japan""], [""Canada""], [""Japan""], [""Ireland""]]"
34111849,"3","[[""China""], [""United Kingdom"", ""Ireland""], [""Canada""]]"
34116620,"3","[[""United States""], [""Canada""], [""Germany""]]"
34117309,"2","[[""Canada""], [""Canada""], [""Canada""], [""Greece""], [""Canada""], [""Canada""]]"
34127064,"3","[[""Canada""], [""Canada""], [""United States""], [""South Africa""], [""United States""], [""United States""], [""United States""], [""Canada""], [""Canada""], [""Canada""]]"
34127421,"2","[[""Iran""], [""Iran""], [""Iran""], [""Iran""], [""Iran""], [""Iran""], [""Iran""], [""Iran""], [""Iran""], [""Iran""], [""Iran""], [""Canada""]]"
34131161,"2","[[""France""], [""France""], [""Canada""], [""France""], [""France""], [""France""], [""Canada""], [""France""]]"
34131749,"2","[[""United States""], [""United States""], [""Canada""]]"
34134988,"2","[[""Korea, Republic of""], [""Korea, Republic of""], [""Korea, Republic of""], [""Canada""], [""Korea, Republic of""], [""Korea, Republic of""], [""Korea, Republic of""], [""Korea, Republic of""], [""Korea, Republic of""], [""Korea, Republic of""]]"
34140617,"2","[[""United States""], [""Canada""], [""Canada""], [""Canada""]]"
34147829,"5","[[""Iran""], [""Canada""], [""Italy"", ""Greece""], [""Italy""], [""Italy""], [""Italy"", ""Greece""], [""Greece""]]"
34151806,"2","[[""Spain""], [""Canada""], [""Canada""]]"
34153625,"2","[[""Canada""], [""Canada""], [""Canada"", ""China""]]"
34153626,"2","[[""Canada""], [""United States""], [""Canada""], [""Canada""], [""Canada""]]"
34154320,"4","[[""Italy""], [""Belgium""], [""Canada""], [""United Kingdom""], [""Italy""]]"
34156719,"2","[[""United States""], [""Canada""]]"
34157471,"2","[[""China""], [""China""], [""Canada""]]"
34159195,"2","[[""China""], [""Canada""], [""Canada""]]"
34160618,"2","[[""Canada""], [""Netherlands""], [""Canada""], [""Canada""]]"
34174347,"2","[[""China""], [""China""], [""Canada""], [""China""], [""China""], [""China""]]"
34176681,"3","[[""United States""], [""United States""], [""United States""], [""United States""], [""United States""], [""Canada""], [""United States""], [""United States""], [""United States""], [""United States""], [""United Kingdom""], [""United States""]]"
34182554,"2","[[""Canada""], [""Japan""], [""Canada""]]"
34185004,"2","[[""United States""], [""Canada""], [""Canada""]]"
34185211,"3","[[""United States""], [""United States""], [""United States""], [""Canada""], [""South Korea""], [""United States""]]"
34185253,"2","[[""Israel""], [""Israel""], [""Israel""], [""Israel""], [""Israel""], [""Israel""], [""Canada""], [""Israel""]]"
34185798,"4","[[""Mexico"", ""United States""], [""United States""], [""Canada""], [""United States"", ""Israel""], [""United States""]]"
34191801,"2","[[""Canada""], [""Iran""], [""Canada""], [""Canada""]]"
34208179,"2","[[""Canada""], [""Korea, Republic of""]]"
34212943,"2","[[""Canada""], [""Canada""], [""Canada"", ""Hong Kong""]]"
34214101,"4","[[""Iran""], [""Iran""], [""United States""], [""Canada""], [""Canada""], [""Canada""], [""Canada""], [""United States"", ""Jersey""], [""Iran""], [""Iran""]]"
34215614,"4","[[""Spain""], [""United States""], [""Canada""], [""United States""], [""Spain""], [""Spain""], [""United States""], [""Spain""], [""Spain""], [""Canada""], [""Spain""], [""Tanzania""]]"
34217560,"3","[[""Canada"", ""China""], [""Canada""], [""China""], [""China""], [""China""]]"
34224853,"2","[[""Germany""], [""Germany""], [""Germany""], [""Canada""], [""Germany""], [""Germany""], [""Germany""]]"
34228341,"5","[[""United States""], [""Taiwan""], [""Israel""], [""United States""], [""United States""], [""Canada""], [""Switzerland""], [""United States""], [""United States""]]"
34229308,"2","[[""Germany""], [""Germany""], [""Canada""]]"
34237382,"3","[[""United Kingdom"", ""Canada""], [""United States""], [""Canada""], [""Canada""], [""Canada""]]"
34238247,"2","[[""Canada""], [""Canada""], [""Canada""], [""United States""], [""United States""], [""Canada""], [""Canada""], [""Canada""], [""Canada""], [""Canada""]]"
34241416,"3","[[""France""], [""France""], [""Canada""], [""South Korea""]]"
34243824,"2","[[""United States""], [""United States""], [""United States""], [""Canada""]]"
34245019,"3","[[""Canada""], [""Sweden""], [""United States""]]"
34250463,"2","[[""Canada""], [""Canada""], [""United Kingdom""]]"
34254200,"2","[[""China""], [""Canada""], [""Canada""], [""Canada""]]"
34255973,"6","[[""United Kingdom""], [""Austria""], [""Sweden""], [""Sweden""], [""United Kingdom""], [""Austria""], [""Sweden""], [""Canada""], [""Netherlands""], [""Germany""]]"
34259870,"4","[[""United States""], [""Taiwan""], [""Israel""], [""Israel""], [""United States""], [""United States""], [""United States""], [""Canada""], [""United States""]]"
34262079,"2","[[""United States""], [""United States""], [""Canada""], [""United States""]]"
34267263,"3","[[""Nigeria""], [""Nigeria""], [""Nigeria""], [""Canada""], [""Nigeria""], [""Nigeria""], [""Niger"", ""Nigeria""], [""Nigeria""], [""Nigeria""]]"
34267316,"2","[[""Spain""], [""Canada""], [""Spain""], [""Spain""], [""Canada""], [""Spain""]]"
34267327,"2","[[""Canada""], [""United States""], [""United States""], [""Canada""]]"
34268522,"5","[[""United States""], [""Iran""], [""Australia""], [""Iran""], [""Australia""], [""Finland""], [""Iran""], [""Iran""], [""United States""], [""Iran""], [""Iran""], [""United States""], [""United States""], [""Australia""], [""Canada""], [""United States""]]"
34275140,"3","[[""United States""], [""Canada""], [""Singapore""], [""United States""]]"
34282049,"5","[[""United States""], [""United States""], [""United States""], [""United States""], [""United States""], [""United States""], [""United States""], [""United Kingdom""], [""United States""], [""United States""], [""United States""], [""South Africa""], [""South Africa""], [""Austria""], [""Austria""], [""Canada""], [""Canada""], [""United States""], [""United States""], [""United States""], [""United States""]]"
34285187,"6","[[""Switzerland""], [""Canada""], [""Switzerland""], [""Switzerland""], [""United States""], [""Netherlands""], [""United Kingdom""], [""United Kingdom""], [""Canada""], [""Canada""], [""Canada""], [""Germany""], [""Canada""]]"
34286831,"9","[[""Canada""], [""United States""], [""Canada""], [""Germany""], [""South Africa""], [""United Kingdom""], [""Zambia""], [""Zambia""], [""Pakistan""], [""Singapore""], [""Canada""], [""Germany""], [""Israel""]]"
34289010,"2","[[""China""], [""Canada""]]"
34290253,"2","[[""Japan""], [""Japan""], [""Japan""], [""Canada""], [""Canada""], [""Canada""], [""Canada""], [""Canada""], [""Japan""], [""Japan""], [""Japan""], [""Canada""], [""Japan""]]"
34295452,"2","[[""United States""], [""United States""], [""Canada""]]"
34295809,"2","[[""United States""], [""Canada""]]"
34297511,"2","[[""United States""], [""Canada""]]"
34300453,"2","[[""Canada""], [""Canada""], [""Canada""], [""Canada""], [""Tunisia""]]"
34307865,"3","[[""Canada""], [""Netherlands""], [""Italy""]]"
34310493,"3","[[""Canada""], [""Turkey""], [""United States""]]"
34311121,"2","[[""Canada""], [""Canada""], [""Canada""], [""Canada""], [""United States""], [""United States""], [""Canada""], [""United States""], [""Canada""]]"
34314726,"3","[[""Canada""], [""Vietnam"", ""Canada""], [""China""], [""Canada""], [""Canada""], [""Canada""], [""Canada""]]"
34315030,"3","[[""Bangladesh""], [""Bangladesh""], [""Bangladesh""], [""Canada""], [""Australia""]]"
34322947,"6","[[""Israel""], [""United States""], [""United States""], [""Germany""], [""United States""], [""United States""], [""Georgia""], [""United States""], [""United Kingdom""], [""Canada""], [""United States""], [""United States""], [""United States""], [""Israel""]]"
34327181,"2","[[""Canada""], [""Canada""], [""Canada""], [""Japan""]]"
34327623,"2","[[""China""], [""China""], [""China""], [""China""], [""China""], [""Canada""], [""China""], [""China""], [""China""]]"
34327851,"3","[[""China""], [""United States""], [""Canada""], [""United States""]]"
34328443,"2","[[""Canada""], [""Canada""], [""United Kingdom""], [""United Kingdom""], [""United Kingdom""]]"
34328661,"3","[[""Georgia""], [""Georgia""], [""Georgia""], [""Canada""], [""United States""], [""Georgia""]]"
34329491,"3","[[""China""], [""China""], [""Canada""], [""Australia""], [""China""]]"
34344562,"2","[[""Canada""], [""United States""]]"
34344669,"2","[[""Canada""], [""Canada""], [""United States""], [""Canada""], [""Canada""]]"
34352294,"2","[[""Canada""], [""United States""], [""United States""]]"
34354139,"3","[[""United States""], [""United States""], [""United States""], [""Italy""], [""United States""], [""United States""], [""United States""], [""United States""], [""United States""], [""United States""], [""Canada""]]"
34357510,"2","[[""Vietnam""], [""Canada""], [""Canada""]]"
34358231,"4","[[""United Kingdom""], [""Sweden""], [""Canada""], [""Netherlands""], [""United Kingdom""], [""Netherlands""], [""United Kingdom""], [""United Kingdom""], [""Netherlands""]]"
34359623,"2","[[""Canada""], [""United States""], [""Canada""], [""Canada""], [""Canada""], [""Canada""], [""Canada""], [""Canada""], [""Canada""], [""United States""]]"
34370325,"3","[[""Brazil""], [""United States""], [""Brazil""], [""Brazil""], [""Canada""]]"
34372915,"3","[[""Canada""], [""United Kingdom""], [""Canada""], [""Canada""], [""Canada""], [""United States""]]"
34381399,"2","[[""Canada""], [""United Kingdom""]]"
34381873,"3","[[""United Kingdom""], [""Sweden""], [""United Kingdom""], [""Canada""], [""United Kingdom""], [""United Kingdom""]]"
34382426,"2","[[""Australia""], [""Canada""]]"
34384621,"2","[[""United States""], [""United States""], [""United States""], [""Canada""], [""United States""], [""United States""]]"
34387095,"3","[[""United States""], [""United States""], [""United States""], [""United States""], [""United States""], [""United States""], [""United States""], [""United States""], [""United States""], [""United States""], [""United States""], [""Turkey""], [""Turkey""], [""Canada""], [""United States""], [""United States""]]"
34388923,"3","[[""Canada""], [""Canada"", ""China""], [""China""]]"
34391314,"2","[[""Iran""], [""Iran""], [""Iran""], [""Iran""], [""Iran""], [""Canada""]]"
34392201,"3","[[""India"", ""Canada""], [""Canada""], [""India""], [""India"", ""Canada""], [""Canada""]]"
34396283,"2","[[""Canada""], [""Canada""], [""Canada""], [""Canada""], [""Canada""], [""Canada""], [""Canada""], [""United States""], [""United States""], [""United States""], [""Canada""]]"
34411121,"3","[[""France""], [""France""], [""France""], [""France""], [""France""], [""Canada""], [""France""], [""South Africa""]]"
34412112,"3","[[""Canada""], [""United States""], [""Canada""], [""Canada""], [""Turkey""]]"
34414331,"2","[[""Japan""], [""Canada""], [""Canada""], [""Japan""], [""Japan""], [""Japan""], [""Japan""], [""Japan""], [""Japan""]]"
34415446,"3","[[""Egypt""], [""Canada""], [""Egypt""], [""Lebanon""]]"
34416593,"4","[[""India"", ""Malaysia""], [""Canada""], [""India""], [""Malaysia""], [""Malaysia""], [""India""]]"
34417899,"2","[[""Switzerland""], [""Canada""], [""Switzerland""], [""Switzerland""], [""Switzerland""], [""Switzerland""]]"
34419753,"2","[[""Georgia"", ""Canada"", ""United States""], [""Canada""]]"
34420233,"2","[[""Canada""], [""Spain""], [""Spain""]]"
34420885,"2","[[""China""], [""China""], [""Canada""], [""China""]]"
34426587,"2","[[""Canada""], [""Japan""], [""Canada""], [""Canada""], [""Canada""], [""Canada""], [""Canada""], [""Canada""]]"
34430044,"3","[[""United States""], [""China""], [""China""], [""China""], [""Canada""]]"
34432601,"3","[[""Netherlands""], [""Netherlands""], [""Denmark""], [""Denmark""], [""Canada""], [""Netherlands""]]"
34433834,"2","[[""United States""], [""United States""], [""United States""], [""Canada""], [""United States""], [""United States""], [""United States""]]"
34447924,"2","[[""Canada""], [""United States""], [""Canada""], [""Canada""], [""Canada""], [""Canada""], [""Canada""], [""Canada""]]"
34451039,"6","[[""Hong Kong""], [""New Zealand""], [""Canada""], [""United States""], [""China""], [""Hong Kong""], [""Australia""]]"
34462458,"2","[[""Canada""], [""Canada""], [""Australia""]]"
34463636,"2","[[""Canada""], [""Germany""], [""Canada""], [""Canada""]]"
34463809,"4","[[""Sweden""], [""United States""], [""United States""], [""United States""], [""United States""], [""United States""], [""Canada""], [""Germany""], [""Sweden""], [""United States""], [""Sweden""]]"
34465002,"6","[[""Germany""], [""France""], [""United Kingdom""], [""United Kingdom""], [""United States""], [""Canada""], [""Switzerland""], [""Switzerland""], [""United States""], [""United States""], [""United States""], [""Germany""]]"
34466045,"4","[[""Belgium""], [""Belgium""], [""Belgium""], [""United States""], [""Canada""], [""France""]]"
34467426,"2","[[""Canada""], [""Canada""], [""Canada""], [""Canada""], [""United States""]]"
34471166,"4","[[""Australia""], [""Iraq""], [""Taiwan""], [""Canada""]]"
34471189,"3","[[""Iran""], [""Iran""], [""Canada""], [""Canada""], [""Iran""], [""Iran""], [""United States""], [""Canada""]]"
34475421,"3","[[""United States""], [""Mexico""], [""Canada""]]"
34487910,"2","[[""Australia""], [""Australia""], [""Australia""], [""Canada""], [""Australia""], [""Australia""]]"
34487983,"2","[[""United States""], [""Canada""]]"
34489404,"2","[[""United States""], [""Canada""], [""Canada""]]"
34490899,"2","[[""Canada""], [""South Korea""], [""South Korea""], [""South Korea""]]"
34492100,"2","[[""United States""], [""Canada""], [""Canada""], [""United States""], [""United States""]]"
34496940,"2","[[""Canada""], [""Canada""], [""United States""], [""United States""], [""United States""]]"
34501270,"2","[[""Spain""], [""Spain""], [""Spain""], [""Canada""]]"
34507158,"2","[[""Canada""], [""Canada"", ""China""], [""Canada""]]"
34514379,"2","[[""Canada""], [""Canada""], [""Canada""], [""Canada""], [""Canada""], [""United Kingdom""]]"
34515639,"2","[[""Taiwan""], [""Canada""]]"
34522068,"3","[[""Saudi Arabia""], [""Saudi Arabia""], [""Australia""], [""Canada""]]"
34522726,"2","[[""Iran""], [""Canada""], [""Canada""], [""Canada""], [""Canada""], [""Canada""]]"
34526544,"3","[[""Australia""], [""Australia""], [""Australia""], [""Australia""], [""China""], [""Australia""], [""Australia""], [""Canada""], [""Australia""], [""Australia""]]"
34526639,"3","[[""United Kingdom""], [""United Kingdom""], [""Germany""], [""United Kingdom""], [""Germany""], [""United Kingdom""], [""Germany""], [""Canada""], [""United Kingdom""], [""United Kingdom""], [""Germany""]]"
34526654,"2","[[""Canada""], [""Germany""], [""Canada""]]"
34528885,"2","[[""Canada""], [""Canada""], [""Canada""], [""Canada""], [""United States""], [""United States""], [""Canada""], [""Canada""]]"
34537597,"3","[[""Canada"", ""China""], [""Canada""], [""Canada""], [""China""], [""Canada""], [""China""]]"
34541337,"2","[[""Canada""], [""Turkey""], [""Turkey""], [""Turkey""], [""Turkey""], [""Turkey""], [""Turkey""], [""Turkey""]]"
34547916,"2","[[""Canada""], [""Canada""], [""Canada""], [""India""], [""Canada""], [""Canada""], [""Canada""], [""Canada""]]"
34555777,"2","[[""Bangladesh""], [""Bangladesh""], [""Bangladesh""], [""Bangladesh""], [""Bangladesh""], [""Bangladesh""], [""Canada""], [""Bangladesh""], [""Bangladesh""]]"
34557674,"2","[[], [], [""Canada""]]"
34560461,"4","[[""Iran""], [""Iran""], [""Iran""], [""Malaysia""], [""Canada""], [""Taiwan"", ""Iraq""]]"
34561528,"3","[[""Switzerland""], [""Germany""], [""Germany""], [""Switzerland""], [""Canada""], [""Switzerland""]]"
34566600,"2","[[""Canada""], [""United States""]]"
34568504,"2","[[""Spain""], [""Spain""], [""Spain""], [""Canada""], [""Canada""], [""Spain""], [""Spain""]]"
34573331,"2","[[""Canada""], [""Canada""], [""Canada""], [""Canada""], [""Canada""], [""Canada""], [""Canada""], [""Canada""], [""Canada""], [""United States""], [""Canada""]]"
34581405,"3","[[""Canada""], [""United States""], [""United States""], [""Israel""], [""United States""], [""United States""]]"
34583078,"3","[[""Canada""], [""Canada""], [""Canada""], [""Australia""], [""United States""], [""Canada""]]"
34587564,"2","[[""China""], [""China""], [""China""], [""Canada""], [""China""]]"
34599246,"2","[[""Canada""], [""Canada""], [""Iran""]]"
34600848,"7","[[""United States""], [""Canada""], [""United States""], [""Jersey""], [""Sweden""], [""Italy""], [""Greece""], [""Spain""], [""United States""], [""United States""]]"
34607591,"2","[[""India""], [""Canada""], [""India""], [""Canada""]]"
34609322,"3","[[""Canada""], [""Australia""], [""United States""], [""Australia""], [""Canada""], [""Canada""], [""Canada""]]"
34611796,"2","[[""United States""], [""United States""], [""Canada""], [""United States""], [""United States""]]"
34618413,"3","[[""United States""], [""Italy""], [""United States""], [""Italy""], [""Canada""], [""Italy""], [""Italy""]]"
34620391,"3","[[""Germany""], [""Canada""], [""Germany""], [""Germany""], [""South Africa""], [""Germany""], [""Germany""]]"
34622225,"3","[[""United States""], [""United States""], [""Switzerland""], [""Canada""]]"
34634635,"2","[[""Canada""], [""Canada""], [""Canada""], [""India""], [""Canada""]]"
34635675,"4","[[""United States""], [""United States""], [""United States""], [""United States""], [""United Kingdom""], [""Netherlands""], [""United States""], [""Canada""]]"
34648114,"2","[[""United States""], [""Canada""], [""United States""], [""United States""]]"
34651172,"3","[[""France""], [""Canada""], [""France""], [""France""], [""Canada""], [""Germany""]]"
34658816,"2","[[""Canada""], [""Canada""], [""United States""]]"
34671814,"2","[[""China""], [""Canada""]]"
34675275,"2","[[""Canada""], [""Iran""], [""Canada""], [""Canada""], [""Canada""]]"
34680474,"2","[[""Canada""], [""Canada""], [""Germany""], [""Canada""], [""Canada""]]"
34686327,"2","[[""Canada""], [""China""], [""Canada""], [""Canada""], [""Canada""], [""Canada""], [""Canada""]]"
34686914,"2","[[""Canada""], [""Canada""], [""Canada""], [""United States""], [""Canada""], [""Canada""], [""Canada""]]"
34688974,"2","[[""China""], [""China""], [""China""], [""Canada""]]"
34705042,"3","[[""Belgium""], [""Canada""], [""United States""]]"
34705663,"2","[[""Canada""], [""Canada""], [""Canada""], [""Canada""], [""Australia""], [""Canada""]]"
34706413,"3","[[""Canada"", ""Brazil""], [""Brazil""], [""Brazil""], [""Brazil""], [""Canada"", ""Brazil""], [""Canada""], [""Brazil""]]"
34706445,"2","[[""Canada""], [""Canada""], [""Canada""], [""Canada""], [""Canada""], [""Canada""], [""United States""]]"
34707133,"2","[[""Canada""], [""Canada""], [""Canada""], [""Brazil""], [""Brazil""], [""Canada""]]"
34707419,"2","[[""China""], [""Canada""], [""China""], [""China""]]"
34715288,"2","[[""United States""], [""United States""], [""Canada""], [""United States""]]"
34716214,"5","[[""Canada""], [""Canada""], [""Canada""], [""Canada""], [""Canada""], [""United States""], [""United States""], [""United Kingdom""], [""United States""], [""Italy""], [""Taiwan""], [""United States""]]"
34716400,"4","[[""Canada""], [""United States""], [""Brazil""], [""China""], [""Canada""]]"
34719494,"2","[[""Canada""], [""Italy""]]"
34726496,"3","[[""United States""], [""United States""], [""United States""], [""United States""], [""United States""], [""United States""], [""United States""], [""United States""], [""Canada""], []]"
34732323,"2","[[""China""], [""China""], [""China""], [""China""], [""Canada""], [""China""], [""China""], [""China""]]"
34732498,"2","[[""Canada""], [""Canada""], [""Canada""], [""Canada""], [""Canada""], [""United Kingdom""], [""United Kingdom""], [""Canada""], [""Canada""], [""Canada""], [""Canada""], [""Canada""]]"
34735942,"5","[[""Canada"", ""Bangladesh""], [""Canada""], [""Bangladesh""], [""Saudi Arabia""], [""Australia""], [""Australia""]]"
34737094,"5","[[""China""], [""United States""], [""China""], [""Taiwan""], [""China""], [""China""], [""China""], [""United States""], [""Canada""], [""United States""], [""United States""], [""United States""], [""China""], [""Georgia"", ""China""], [""United States""], [""United States""]]"
34740952,"5","[[""United States""], [""Netherlands""], [""United States""], [""United States""], [""United States""], [""United States""], [""Poland""], [""United States""], [""United States""], [""United States""], [""United States""], [""United States""], [""Canada""], [""United States""], [""Canada""], [""France""]]"
34743445,"2","[[""Canada""], [""Canada""], [""Canada""], [""Canada""], [""Canada""], [""United States""], [""United States""], [""Canada""], [""Canada""], [""Canada""], [""Canada""]]"
34744927,"2","[[""United States""], [""United States""], [""Canada""], [""Canada""], [""Canada""]]"
34746085,"5","[[""Cameroon""], [""Italy""], [""Japan""], [""France""], [""Japan""], [""Canada""], [""Canada""]]"
34760140,"5","[[""Pakistan""], [""Pakistan""], [""China""], [""Norway""], [""Canada""], [""Taiwan"", ""China""]]"
34763798,"4","[[""Iran""], [""United States""], [""Canada""], [""Iran"", ""Canada""]]"
34764269,"3","[[""Canada""], [""United States""], [""Canada""], [""Canada""], [""Japan""], [""United States""], [""United States""], [""Canada""]]"
34767577,"3","[[""Israel""], [""Canada""], [""Israel""], [""Israel""], [""United States""], [""United States""], [""United States""]]"
34770281,"2","[[""Canada""], [""Slovenia""], [""Slovenia""], [""Canada""]]"
34770451,"2","[[""Canada""], [""Canada""], [""Germany""]]"
34770729,"2","[[""Canada""], [""United States""], [""Canada""]]"
34773476,"2","[[""Canada""], [""Canada""], [""United States""], [""Canada""]]"
34774515,"2","[[""Canada""], [""Canada""], [""United States""], [""Canada""]]"
34777332,"4","[[""United States""], [""Canada""], [""Canada""], [""Australia""], [""Canada""], [""Canada""], [""France""], [""United States""], [""Canada""], [""Canada""], [""United States""]]"
34782835,"2","[[""China""], [""Canada""]]"
34786311,"6","[[""India""], [""Canada""], [""Russia""], [""United Kingdom""], [""Sri Lanka""], [""Saudi Arabia""]]"
34788078,"3","[[""Canada""], [""Canada""], [""Canada""], [""Canada""], [""Canada""], [""Canada""], [""Canada""], [""France""], [""France""], [""China""], [""Canada""], [""Canada""], [""Canada""], [""Canada""], [""Canada""]]"
34789742,"3","[[""Netherlands""], [""Germany""], [""Germany""], [""Germany""], [""Canada""], [""Germany""], [""Germany""], [""Germany""], [""Germany""]]"
34791383,"2","[[""Canada""], [""France""]]"
34797702,"2","[[""Canada""], [""Canada""], [""Canada""], [""Canada""], [""United States""], [""United States""], [""Canada""]]"
34797972,"3","[[""United Kingdom""], [""United Kingdom""], [""Netherlands""], [""Canada""], [""United Kingdom""]]"
34798245,"3","[[""Canada""], [""United States""], [""Switzerland""], [""United States""], [""United States""]]"
34798249,"3","[[""China""], [""Hong Kong"", ""China""], [""China""], [""Canada""], [""China""]]"
34812362,"2","[[""Canada""], [""Canada""], [""Iran""], [""Iran""], [""Iran""]]"
34814029,"2","[[""Korea, Republic of""], [""Canada""], [""Korea, Republic of""], [""Korea, Republic of""]]"
34819128,"2","[[""Iran""], [""Canada""], [""Iran""]]"
34820095,"2","[[""Canada""], [""Canada""], [""Canada""], [""United States""], [""Canada""], [""Canada""]]"
34829787,"4","[[""Taiwan""], [""Taiwan""], [""Taiwan""], [""Taiwan""], [""Taiwan""], [""Taiwan""], [""Taiwan""], [""Australia""], [""Canada""], [""Canada""], [""Canada""], [""Spain""], [""Taiwan""]]"
34834416,"2","[[""Canada""], [""Argentina""], [""Canada""], [""Canada""], [""Argentina""]]"
34837951,"2","[[""Canada""], [""Canada""], [""United States""]]"
34843503,"2","[[""United States""], [""Canada""], [""United States""], [""United States""]]"
34849857,"2","[[""Canada""], [""Canada""], [""United States""], [""United States""], [""Canada""], [""Canada""]]"
34850112,"2","[[""Canada""], [""United States""], [""United States""]]"
34850171,"5","[[""United Kingdom""], [""United States""], [""Turkey""], [""United States""], [""United States""], [""Turkey""], [""Canada""], [""United Kingdom""], [""United Kingdom""], [""United States""], [""Germany""], [""Canada""], [""Canada""]]"
34851210,"2","[[""China""], [""China""], [""Canada""]]"
34854943,"2","[[""Canada""], [""Canada""], [""United States""], [""Canada""], [""Canada""], [""Canada""]]"
34856391,"3","[[""China""], [""Canada""], [""Georgia""]]"
34863649,"6","[[""Singapore""], [""Singapore""], [""Taiwan""], [""Singapore""], [""Singapore"", ""Netherlands""], [""Singapore""], [""Singapore""], [""Singapore""], [""Singapore""], [""New Zealand"", ""Singapore""], [""Singapore""], [""United States""], [""Singapore"", ""Netherlands""], [""Canada""]]"
34867950,"2","[[""Canada""], [""Canada""], [""Germany""]]"
34869483,"3","[[""Iran""], [""Canada""], [""Iran""], [""Iran""], [""Spain""], [""Spain""]]"
34871837,"2","[[""China""], [""Canada""], [""China""]]"
34878526,"4","[[""United Kingdom""], [""United Kingdom""], [""Canada""], [""Canada""], [""United Kingdom""], [""Australia""], [""United Kingdom""], [""United States""], [""United States""]]"
34880311,"2","[[""Iraq""], [""Iraq""], [""Canada""]]"
34880856,"3","[[""Canada""], [""Sri Lanka""], [""Canada""], [""Canada""], [""Vietnam""], [""Canada""]]"
34887449,"2","[[""Canada""], [""Canada""], [""China""], [""Canada""], [""Canada""]]"
34888698,"2","[[""Canada""], [""United States""], [""United States""]]"
34889509,"2","[[""Canada""], [""Saudi Arabia""], [""Canada""], [""Canada""], [""Canada""]]"
34890920,"2","[[""Egypt""], [""Egypt""], [""Canada""]]"
34898544,"2","[[""Canada""], [""Canada""], [""Canada""], [""Canada""], [""Canada""], [""Canada""], [""United Kingdom""], [""Canada""]]"
34899212,"2","[[""Canada""], [""Greece""], [""Canada""], [""Canada""]]"
34901207,"2","[[""Brazil""], [""Brazil""], [""Brazil""], [""Canada""], [""Brazil""], [""Brazil""]]"
34916659,"3","[[""United States""], [""United States""], [""United States""], [""United States""], [""United States""], [""United States""], [""United States""], [""United States""], [""United States""], [""United States""], [""United Kingdom""], [""Canada""], [""United States""]]"
34921746,"2","[[""Canada""], [""Canada""], [""Germany""]]"
34929344,"2","[[""Canada""], [""Canada""], [""India""], [""Canada""], [""Canada""], [""India""]]"
34936945,"2","[[""Brazil""], [""Brazil""], [""Brazil""], [""Canada""], [""Brazil""], [""Brazil""]]"
34949699,"2","[[""Canada""], [""Canada""], [""Canada""], [""Germany""], [""Canada""], [""Canada""]]"
34953074,"4","[[""Canada""], [""United States""], [""Switzerland""], [""France""], [""France""], [""France""], [""Canada""], [""Canada""], [""United States""], [""United States""], [""United States""], [""United States""]]"
34957233,"2","[[""United States""], [""United States""], [""Canada""], [""United States""]]"
34959972,"3","[[""Canada""], [""Canada""], [""United States""], [""Canada""], [""Australia""], [""United States""], [""Australia""]]"
34960502,"2","[[""Canada""], [""Canada""], [""Switzerland""]]"
34970230,"4","[[""South Korea""], [""France""], [""France""], [""France""], [""France""], [""Canada""], [""Canada""], [""Greece""]]"
34979435,"2","[[""Canada""], [""United States""], [""Canada""], [""Canada""], [""Canada""]]"
34992127,"3","[[""Turkey""], [""Turkey""], [""Turkey""], [""Korea, Republic of""], [""Korea, Republic of""], [""Canada""], [""Canada""]]"
34996909,"3","[[""Georgia""], [""Canada""], [""United Kingdom""]]"
35002915,"4","[[""Spain""], [""United States""], [""Spain""], [""Italy""], [""Canada""], [""Spain""]]"
35003541,"2","[[""Canada""], [""Singapore""]]"
35006495,"2","[[""Canada""], [""United States""], [""United States""], [""United States""], [""United States""]]"
35010601,"4","[[""Australia""], [""Australia""], [""Australia""], [""Australia""], [""Australia""], [""United States""], [""Australia""], [""Australia""], [""Canada""], [""Austria""], [""Australia""]]"
35017538,"3","[[""United States""], [""United Kingdom""], [""Canada""], [""United States""], [""United States""], [""United States""], [""United States""], [""Canada""], [""Canada""]]"
35020383,"4","[[""Germany""], [""Canada""], [""Germany""], [""Switzerland""], [""United Kingdom""], [""Canada""]]"
35021305,"2","[[""United States""], [""Canada""], [""United States""]]"
35023995,"5","[[""Saudi Arabia""], [""Canada""], [""Canada""], [""United States""], [""Egypt""], [""Canada""], [""Australia""]]"
35025073,"2","[[""United States""], [""Canada""], [""United States""], [""United States""]]"
35025756,"2","[[""Canada""], [""United States""]]"
35026572,"2","[[""Iran""], [""Canada""]]"
35026844,"5","[[""Germany""], [""Germany""], [""Germany""], [""Germany""], [""Canada""], [""Canada""], [""United States""], [""Netherlands""], [""Netherlands""], [""France""], [""France""], [""United States""]]"
35030208,"2","[[""Canada""], [""Canada""], [""United States""]]"
35036107,"3","[[""United States""], [""Canada""], [""France""]]"
35039069,"4","[[""Canada""], [""Canada""], [""Canada""], [""Netherlands""], [""Italy""], [""Netherlands""], [""United States""]]"
35040794,"2","[[""United States""], [""Canada""]]"
35047881,"4","[[""United Kingdom""], [""United Kingdom""], [""Canada""], [""United Kingdom""], [""United States""], [""Bulgaria""]]"
35048111,"2","[[""Canada""], [""Canada""], [""Canada""], [""Canada""], [""United Kingdom""], [""Canada""], [""Canada""], [""Canada""]]"
35058354,"2","[[""Canada""], [""Canada""], [""United States""]]"
35058431,"2","[[""Japan""], [""Canada""], [""Japan""], [""Japan""], [""Japan""]]"
35063339,"2","[[""Spain""], [""Spain""], [""Canada""], [""Spain""], [""Canada""]]"
35063829,"2","[[""China""], [""Canada""], [""Canada""], [""China""], [""China""]]"
35063866,"2","[[""France""], [""France""], [""France""], [""Canada""], [""France""], [""France""]]"
35071597,"4","[[""Bangladesh""], [""Saudi Arabia""], [""India""], [""Bangladesh""], [""Bangladesh""], [""India""], [""Canada""]]"
35073334,"2","[[""Canada""], [""Canada""], [""Canada""], [""United Kingdom""], [""Canada""]]"
35077592,"3","[[""France""], [""Canada""], [""Canada""], [""United States""], [""United States""], [""United States""]]"
35091656,"4","[[""Saudi Arabia""], [""Saudi Arabia""], [""Saudi Arabia""], [""Canada""], [""United States""], [""United Arab Emirates""], [""Saudi Arabia""]]"
35098027,"2","[[""United States""], [""United States""], [""Canada""]]"
35101728,"2","[[""United States""], [""Canada""]]"
35102519,"2","[[""China""], [""Canada""], [""Canada""]]"
35111593,"3","[[""Canada""], [""Iran""], [""United States""], [""Canada""]]"
35118401,"2","[[""Australia""], [""Australia""], [""Canada""], [""Australia""], [""Australia""], [""Australia""]]"
35118777,"10","[[""Italy""], [""Spain""], [""Spain""], [""Spain""], [""Canada""], [""Sweden""], [""Sweden""], [""Germany""], [""Germany""], [""Italy""], [""Italy""], [""United Kingdom""], [""Canada""], [""Canada""], [""Canada""], [""Belgium""], [""Belgium""], [""Italy""], [""Portugal""], [""Portugal""], [""United Kingdom""], [""United Kingdom""], [""United Kingdom""], [""Germany""], [""Germany""], [""Italy""], [""Switzerland""], [""Italy""], [""Italy""], [""Netherlands""], [""United Kingdom""], [""Canada""], [""Canada""], [""Canada""]]"
35120173,"2","[[""United States""], [""Canada""], [""United States""], [""United States""]]"
35121948,"4","[[""United States""], [""Canada""], [""Canada""], [""Netherlands""], [""Netherlands""], [""Germany""]]"
35126902,"2","[[""China""], [""Canada""]]"
35136125,"5","[[""Belgium""], [""United Kingdom""], [""United Kingdom""], [""Hungary""], [""United States""], [""Canada""]]"
35137490,"3","[[""United States""], [""United States""], [""Canada""], [""Canada""], [""United States""], [""United States""], [""United States""], [""United States""], [""Ireland""], [""United States""], [""United States""], [""United States""], [""United States""]]"
35138012,"2","[[""Canada""], [""Germany""]]"
35141430,"2","[[""Canada""], [""Canada""], [""Canada""], [""Canada""], [""Canada""], [""Canada""], [""Canada""], [""Canada""], [""United States""], [""Canada""], [""Canada""], [""Canada""], [""United States""], [""Canada""], [""Canada""], [""Canada""], [""Canada""], [""Canada""]]"
35141507,"3","[[""Canada""], [""Germany""], [""Germany""], [""Germany""], [""Germany""], [""Germany""], [""Germany""], [""Germany""], [""Germany""], [""Germany""], [""Switzerland""], [""Canada""]]"
35150255,"2","[[""China""], [""China""], [""Canada""]]"
35156021,"2","[[""Israel""], [""Israel""], [""Canada""], [""Israel""], [""Canada""], [""Canada""]]"
35157713,"2","[[""Canada""], [""United States""], [""Canada""], [""Canada""]]"
35168594,"4","[[""Canada""], [""Norway""], [""Canada""], [""Canada""], [""United States""], [""United Kingdom""], [""Norway""]]"
35169170,"2","[[""France""], [""France""], [""France""], [""France""], [""France""], [""France""], [""Canada""]]"
35171745,"2","[[""Spain""], [""Canada""], [""Canada""], [""Spain""]]"
35172791,"2","[[""United States""], [""United States""], [""Canada""], [""Canada""], [""United States""], [""United States""], [""Canada""], [""United States""]]"
35175955,"4","[[""Turkey""], [""United States""], [""Hong Kong""], [""United States""], [""Turkey""], [""Canada""], [""United States""], [""United States""], [""Turkey""]]"
35177653,"2","[[""Canada""], [""United States""], [""Canada""], [""Canada""]]"
35180634,"2","[[""China""], [""Canada""], [""China""]]"
35182964,"2","[[""China""], [""Canada""]]"
35184845,"2","[[""Canada""], [""United States""]]"
35190850,"2","[[""Canada""], [""Canada""], [""United States""], [""Canada""]]"
35193167,"4","[[""China""], [""China""], [""China""], [""China""], [""United Kingdom""], [""Canada""], [""United States""], [""China""]]"
35194075,"2","[[""Canada""], [""Canada""], [""Canada""], [""Canada""], [""United States""]]"
35199438,"3","[[""Canada""], [""China""], [""China""], [""China""], [""Japan""]]"
35207705,"2","[[""France""], [""France""], [""France""], [""France""], [""France""], [""Canada""]]"
35210316,"4","[[""Canada""], [], [""Germany""], [""United States""], [""Germany""], []]"
35214095,"2","[[""United States""], [""Canada""], [""Canada""]]"
35214473,"4","[[""Iran""], [""Iran""], [""Sweden""], [""Iran""], [""Canada""], [""Canada""], [""Iran""], [""Malaysia""]]"
35227679,"2","[[""United States""], [""Canada""], [""United States""], [""United States""], [""United States""]]"
35231927,"3","[[""Canada""], [""United States""], [""Canada""], [""United States""], [""France""], [""United States""], [""Canada""]]"
35238322,"2","[[""Canada""], [""Canada""], [""United Kingdom""]]"
35240012,"3","[[""Brazil""], [""Spain""], [""Canada""]]"
35240789,"6","[[""Iran""], [""Australia""], [""Turkey""], [""Turkey""], [""India""], [""Iran""], [""Iran""], [""United States""], [""Canada""], [""Canada""]]"
35242339,"3","[[""China""], [""Canada""], [""United States""]]"
35243952,"2","[[""Canada""], [""Jersey""]]"
35245898,"2","[[""France""], [""Canada""], [""Canada""], [""France""], [""France""], [""France""], [""France""]]"
35251123,"2","[[""Canada""], [""Canada""], [""United Kingdom""], [""United Kingdom""], [""Canada""]]"
35266984,"3","[[""Belgium""], [""United Kingdom""], [""United Kingdom""], [""United Kingdom""], [""Canada""], [""Belgium""]]"
35269470,"5","[[""Brazil""], [""Brazil""], [""Brazil""], [""Brazil""], [""United States""], [""United States""], [""United States""], [""Germany""], [""Germany""], [""Germany""], [""Brazil""], [""Brazil""], [""Canada""], [""Canada""], [""Slovakia""], [""Brazil""]]"
35271077,"2","[[""Canada""], [""Pakistan""]]"
35273914,"5","[[""China""], [""China""], [""China""], [""China""], [""China""], [""Sweden""], [""Japan""], [""Canada""], [""Spain""], [""China""], [""China""], [""China""], [""China""]]"
35281805,"2","[[""Canada""], [""Canada""], [""China""]]"
35282905,"2","[[""Canada""], [""United States""]]"
35287090,"3","[[""Ireland""], [""Ireland""], [""Ireland""], [""Ireland""], [""Netherlands""], [""Canada""], [""Ireland""]]"
35293872,"2","[[""Canada""], [""Canada""], [""Canada""], [""United States""]]"
35294242,"2","[[""United States""], [""Canada""]]"
35297114,"5","[[""Switzerland""], [], [""Turkey""], [""Canada""], [""Canada""], [""Switzerland""], [""United States""], [""Switzerland""], [""Switzerland""], [""United States""]]"
35301676,"2","[[""Iran""], [""Iran""], [""Canada""], [""Canada""]]"
35305545,"3","[[""Spain""], [""Spain""], [""Spain""], [""Canada""], [""Canada""], [""Canada""], [""Germany""], [""Spain""], [""Germany""], [""Germany""], [""Germany""], [""Spain""], [""Spain""]]"
35305867,"2","[[""United States""], [""United States""], [""United States""], [""United States""], [""United States""], [""United States""], [""United States""], [""United States""], [""Canada""], [""United States""], [""United States""], [""United States""], [""United States""], [""United States""], [""United States""], [""United States""], [""United States""], [""United States""], [""United States""], [""United States""]]"
35306681,"3","[[""Senegal""], [""Canada""], [""Mali""], [""Senegal""]]"
35313106,"2","[[""Canada""], [""Malta"", ""Spain""]]"
35317743,"3","[[""United States""], [""United Kingdom""], [""United Kingdom""], [""Canada""], [""United States""]]"
35319481,"2","[[""United States""], [""Canada""], [""Canada""], [""United States""], [""United States""]]"
35321230,"2","[[""United States""], [""United States""], [""United States""], [""United States""], [""United States""], [""United States""], [""United States""], [""United States""], [""Canada""]]"
35325760,"2","[[""China""], [""China""], [""Canada""], [""China""], [""China""], [""China""], [""China""]]"
35339789,"2","[[""China""], [""China""], [""Canada""]]"
35344988,"3","[[""Canada""], [""Canada""], [""Canada""], [""United States""], [""United States""], [""United States""], [""South Africa""]]"
35359924,"4","[[""Canada""], [""Italy""], [""United Kingdom""], [""Israel""], [""Italy""], [""United Kingdom""]]"
35360927,"3","[[""Germany""], [""Germany""], [""Canada""], [""United Kingdom""], [""Germany""], [""Germany""], [""Germany""], [""Germany""]]"
35361575,"4","[[""United States""], [""Turkey""], [""United States""], [""Iran""], [""United States""], [""Canada""], [""United States""], [""United States""], [""United States""], [""United States""], [""United States""], [""Turkey""], [""United States""]]"
35361921,"2","[[""Canada""], [""United States""], [""Canada""], [""Canada""], [""United States""], [""United States""], [""United States""], [""Canada""], [""Canada""], [""Canada""], [""Canada""]]"
35363276,"2","[[""Canada""], [""United States""], [""Canada""]]"
35364532,"2","[[""Canada""], [""Canada""], [""United States""], [""United States""]]"
35367562,"3","[[""Canada""], [""France""], [""United Kingdom""], [""France""]]"
35372193,"2","[[""Canada""], [""Canada""], [""Canada""], [""France""], [""France""]]"
35377806,"2","[[""United States""], [""United States""], [""United States""], [""United States""], [""United States""], [""United States""], [""United States""], [""United States""], [""Canada""]]"
35379856,"2","[[""Canada""], [""Canada""], [""Canada""], [""Canada""], [""Italy""]]"
35381453,"4","[[""Colombia""], [""Canada""], [""United States""], [""Israel""], [""United States""], [""United States""]]"
35381490,"2","[[""Canada""], [""United States""], [""Canada""], [""Canada""]]"
35385335,"2","[[""Canada""], [""Canada""], [""Turkey""]]"
35391789,"9","[[""United States""], [""United States""], [""United States""], [""Germany""], [""Germany""], [""Switzerland""], [""Germany""], [""Italy""], [""Italy""], [""United Kingdom""], [""United Kingdom""], [""Australia""], [""Australia""], [""Finland""], [""Germany""], [""Germany""], [""Denmark""], [""Canada""]]"
35406569,"3","[[""Iran""], [""Iran""], [""Iran""], [""Iran""], [""Iran""], [""Russia""], [""Russia""], [""Canada""], [""Canada""], [""Canada""]]"
35410226,"3","[[""United States""], [""China""], [""Canada""], [""United States""], [""United States""], [""United States""]]"
35418839,"3","[[""Canada""], [""Italy""], [""Canada""], [""Canada""], [""Canada""], [""United Kingdom""], [""United Kingdom""], [""Canada""]]"
35419699,"2","[[""Canada""], [""Canada""], [""United States""], [""Canada""]]"
35422402,"2","[[""Canada""], [""United States""], [""Canada""], [""United States""], [""Canada""], [""United States""]]"
35426912,"2","[[""Canada""], [""France""], [""Canada""], [""France""], [""France""]]"
35431026,"3","[[""Brazil""], [""Brazil""], [""Canada""], [""Canada""], [""Canada""], [""Canada""], [""Canada""], [""Philippines""]]"
35434676,"2","[[""United States""], [""United States""], [""United States""], [""United States""], [""United States""], [""United States""], [""United States""], [""United States""], [""United States""], [""United States""], [""United States""], [""United States""], [""United States""], [""Canada""], [""United States""]]"
35448224,"2","[[""Tunisia""], [""Canada""]]"
35449371,"5","[[""United States""], [""United States""], [""Poland""], [""Canada""], [""Switzerland""], [""United Kingdom""]]"
35451982,"2","[[""Canada""], [""Mexico""]]"
35452742,"3","[[""Iran""], [""Canada""], [""United Kingdom""], [""Canada""], [""United Kingdom""]]"
35454066,"4","[[""Canada""], [""Saudi Arabia""], [""Malaysia""], [""Saudi Arabia""], [""United States""]]"
35454439,"4","[[""Turkey""], [""Canada""], [""Turkey""], [""United States""], [""Korea, Republic of""]]"
35459150,"2","[[""Canada""], [""Canada""], [""Sweden""], [""Canada""], [""Canada""]]"
35462216,"2","[[""China""], [""China""], [""China""], [""Canada""]]"
35466939,"3","[[""Canada""], [""United States""], [""United Kingdom""], [""Canada""], [""United States""]]"
35472473,"2","[[""United Kingdom""], [""United Kingdom""], [""Canada""], [""United Kingdom""]]"
35473961,"2","[[""Canada""], [""Canada""], [""Saudi Arabia""]]"
35475554,"4","[[""Canada""], [""Canada""], [""United States""], [""United States""], [""Netherlands""], [""United Kingdom""], [""United Kingdom""], [""Canada""]]"
35477557,"4","[[""Jersey""], [""United States""], [""Canada""], [""United States""], [""Japan""]]"
35477711,"3","[[""China""], [""Germany""], [""Canada""], [""Germany""], [""China""], [""China""], [""Germany""], [""Germany""]]"
35478098,"3","[[""United Kingdom""], [], [""Canada""]]"
35482216,"2","[[""India""], [""India""], [""Canada""]]"
35483906,"2","[[""United States""], [""United States""], [""United States""], [""United States""], [""United States""], [""United States""], [""Canada""], [""United States""], [""United States""]]"
35486643,"3","[[""Canada""], [""South Korea""], [""United States""], [""United States""], [""United States""], [""Canada""]]"
35490368,"2","[[""Canada""], [""France""]]"
35490557,"5","[[""Singapore""], [""Canada""], [""Singapore""], [""Singapore""], [""United States""], [""Turkey""], [""Singapore""], [""Singapore""], [""Singapore"", ""China""]]"
35490641,"7","[[""Iran""], [""Iran""], [""Iran"", ""Canada""], [""Iran"", ""Canada""], [""Canada""], [""Hungary"", ""Slovakia""], [""China""], [""Hungary""], [""Hungary""], [""United States""]]"
35492025,"2","[[""United States""], [""Canada""], [""United States""]]"
35500373,"3","[[""Canada"", ""China""], [""Canada""], [""China""]]"
35503302,"2","[[""United States""], [""Canada""], [""United States""], [""United States""], [""United States""]]"
35511879,"4","[[""Qatar""], [""Belgium""], [""Belgium""], [""Belgium""], [""Qatar""], [""Canada""], [""United States""]]"
35536000,"3","[[""China""], [""United States""], [""China""], [""Canada""], [""China""]]"
35540307,"4","[[""United States""], [""Spain""], [""Canada""], [""Oman""]]"
35544644,"2","[[""Canada""], [""United States""], [""United States""]]"
35550304,"2","[[""United States""], [""Canada""], [""United States""]]"
35553346,"2","[[""Canada""], [""Canada""], [""United States""], [""Canada""], [""Canada""], [""Canada""], [""Canada""], [""Canada""], [""Canada""], [""Canada""], [""Canada""], [""Canada""], [""Canada""], [""Canada""], [""Canada""], [""Canada""]]"
35558638,"2","[[""United States""], [""United States""], [""Canada""], [""Canada""]]"
35567679,"3","[[""Canada""], [""Thailand""], [""China""], [""China""], [""Canada""]]"
35568604,"3","[[""Canada""], [""Belgium""], [""Belgium""], [""United States""], [""Belgium""]]"
35578132,"4","[[""China""], [""Canada""], [""Singapore""], [""Singapore""], [""Singapore""], [""Singapore""], [""United States""]]"
35582390,"2","[[""Hong Kong""], [""Canada""], [""Canada""]]"
35584223,"4","[[""Netherlands""], [""Switzerland""], [""Canada""], [""United States""], [""United States""], [""United States""]]"
35584867,"2","[[""Canada""], [""Canada""], [""Canada""], [""Canada""], [""Italy""], [""Canada""], [""Canada""], [""Canada""], [""Canada""]]"
35586452,"3","[[""Spain""], [""United States""], [""United States""], [""United States""], [""Canada""], [""Canada""], [""Spain""]]"
35590972,"2","[[""China""], [""Canada""]]"
35594754,"2","[[""United States""], [""Canada""], [""Canada""], [""Canada""]]"
35597555,"4","[[""Canada""], [""United States""], [""Pakistan""], [""Pakistan""], [""Canada""], [""Singapore""], [""Canada""]]"
35601598,"4","[[""Germany""], [""Germany""], [""France""], [""Germany""], [""Germany""], [""United States""], [""Canada""]]"
35601842,"2","[[""France""], [""France""], [""Canada""], [""France""], [""France""]]"
35603227,"2","[[""Korea, Republic of""], [""Canada""], [""Canada""]]"
35603264,"2","[[""United States""], [""Canada""], [""United States""]]"
35606655,"2","[[""Canada""], [""Czechia""], [""Canada""], [""Canada""], [""Canada""], [""Canada""]]"
35607982,"2","[[""United Kingdom""], [""United Kingdom""], [""United Kingdom""], [""Canada""], [""Canada""]]"
35608211,"2","[[""United States""], [""Canada""], [""Canada""]]"
35612024,"2","[[""Italy""], [""Italy""], [""Canada""], [""Canada""], [""Canada""]]"
35622310,"3","[[""United Kingdom""], [""China""], [""Canada""], [""Canada""], [""United Kingdom""]]"
35622398,"2","[[""Canada""], [""Turkey""], [""Canada""], [""Canada""], [""Canada""], [""Canada""]]"
35624310,"2","[[""Canada""], [""United States""]]"
35632058,"2","[[""India""], [""Canada""]]"
35641101,"3","[[""United States""], [""France""], [""Canada""], [""United States""]]"
35650191,"5","[[""Switzerland""], [""Israel""], [""Israel""], [""Spain""], [""Switzerland""], [""Israel""], [""France""], [""Switzerland""], [""Canada""], [""Canada""], [""Canada""]]"
35652601,"2","[[""Canada""], [""Brazil""], [""Brazil""]]"
35653898,"2","[[""Canada""], [""Luxembourg""], [""Canada""]]"
35657100,"2","[[""United States""], [""United States""], [""United States""], [""United States""], [""United States""], [""Canada""], [""Canada""]]"
35658811,"2","[[""Germany""], [""Canada""], [""Canada""]]"
35659446,"2","[[""Canada""], [""United States""]]"
35661152,"2","[[""United States""], [""United States""], [""Canada""], [""Canada""]]"
35665531,"2","[[], [""Canada""]]"
35670996,"3","[[""Germany""], [""Canada""], [""United States""], [""Germany""]]"
35671399,"4","[[""Ecuador""], [""United States""], [""Canada""], [""Spain""]]"
35684729,"2","[[""Canada""], [""United States""], [""Canada""], [""Canada""]]"
35686827,"3","[[""United Kingdom""], [""United States""], [""Canada""], [""Canada""]]"
35688143,"4","[[""Canada""], [""France""], [""United States""], [""Germany""]]"
35690350,"2","[[""Canada""], [""Canada""], [""United States""]]"
35694836,"2","[[""Canada""], [""United States""]]"
35702547,"4","[[""Canada""], [""Canada""], [""Germany""], [""Canada""], [""Netherlands""], [""United States""], [""United States""]]"
35704359,"2","[[""France""], [""France""], [""France""], [""Canada""]]"
35708073,"4","[[""United States""], [""United States""], [""United States""], [""United States""], [""Canada""], [""Mexico""], [""Poland""], [""United States""]]"
35710638,"3","[[""Canada""], [""Canada""], [""United States""], [""Israel""], [""Canada""], [""Canada""], [""Canada""], [""Canada""]]"
35711337,"2","[[""Iran""], [""Canada""]]"
35712881,"2","[[""China""], [""China""], [""China""], [""China""], [""Canada""]]"
35714053,"2","[[""France""], [""France""], [""Canada""]]"
35716554,"2","[[""United States""], [""Canada""], [""United States""]]"
35717344,"2","[[""Canada""], [""Canada""], [""Canada""], [""Lithuania""], [""Lithuania""], [""Lithuania""], [""Lithuania""], [""Canada""], [""Canada""], [""Lithuania""]]"
35729704,"3","[[""United States""], [""United States""], [""Canada""], [""Canada""], [""Canada""], [""Canada""], [""United Kingdom""], [""United States""]]"
35732856,"2","[[""Canada""], [""China""], [""China""], [""Canada""], [""Canada""]]"
35735574,"4","[[""China""], [""China""], [""Canada""], [""Yemen""], [""India""], [""China""]]"
35737842,"4","[[""Canada""], [""France""], [""United States""], [""Turkey""], [""United States""], [""France""]]"
35738052,"3","[[""Canada"", ""China""], [""France""], [""Canada""]]"
35739791,"2","[[""Canada""], [""Canada""], [""Iran""], [""Canada""], [""Canada""], [""Canada""]]"
35740780,"2","[[""Canada""], [""Canada""], [""Italy""], [""Canada""], [""Canada""], [""Canada""], [""Canada""]]"
35746121,"3","[[""Ecuador""], [""Brazil""], [""Canada""]]"
35751441,"2","[[""Canada""], [""Canada""], [""Canada""], [""United States""]]"
35752214,"3","[[""Canada"", ""China""], [""Canada""], [""Canada""], [""China""], [""Canada"", ""China""]]"
35759808,"3","[[""Saudi Arabia""], [""Saudi Arabia""], [""Saudi Arabia""], [""Saudi Arabia""], [""Saudi Arabia""], [""Saudi Arabia""], [""Saudi Arabia"", ""Egypt""], [""Saudi Arabia""], [""Saudi Arabia""], [""Saudi Arabia""], [""Saudi Arabia""], [""Saudi Arabia""], [""Saudi Arabia""], [""Saudi Arabia""], [""Saudi Arabia""], [""Saudi Arabia""], [""Canada""], [""Saudi Arabia""]]"
35767811,"3","[[""Netherlands""], [""Netherlands""], [""Netherlands""], [""Canada""], [""United States""], [""Netherlands""], [""Netherlands""]]"
35776697,"4","[[""United States""], [""United States""], [""Sweden""], [""Japan""], [""Canada""], [""Japan""], [""Japan""]]"
35783256,"2","[[""Croatia""], [""Canada""], [""Canada""], [""Canada""]]"
35793625,"2","[[""Canada""], [""France""], [""Canada""]]"
35794186,"2","[[""Canada""], [""Taiwan""], [""Taiwan""], [""Taiwan""], [""Taiwan""], [""Taiwan""], [""Taiwan""], [""Taiwan""]]"
35809887,"2","[[""Canada""], [""Canada""], [""Canada""], [""United States""], [""Canada""], [""Canada""]]"
35814345,"5","[[""China""], [""Canada""], [""Sweden""], [""United Kingdom""], [""United States""], [""Canada""], [""United Kingdom""], [""United Kingdom""]]"
35815015,"3","[[""United States""], [""Canada""], [""United Kingdom""]]"
35821428,"2","[[""Israel""], [""Israel""], [""Israel""], [""Canada""], [""Israel""]]"
35830171,"7","[[""United States""], [""Spain""], [""Canada""], [""Italy""], [""Spain""], [""Spain""], [""Germany""], [""Spain""], [""Spain""], [""Spain""], [""Switzerland""], [""Venezuela""], [""Spain""], [""Spain""]]"
35840566,"8","[[""United Kingdom""], [""Germany""], [""Germany""], [""Germany""], [""United States""], [""Germany""], [""United States""], [""Netherlands""], [""Switzerland""], [""United States""], [""Germany""], [""Canada""], [""Colombia""], [""Germany""], [""Korea, Republic of""], [""Germany""], [""United States""], [""Canada""]]"
35841996,"2","[[""Iran""], [""Iran""], [""Iran""], [""Canada""], [""Canada""]]"
35844878,"6","[[""Canada""], [""United States""], [""Greece""], [""United States""], [""Austria""], [""Austria""], [""Bulgaria""], [""Austria""], [""Austria""], [""Poland""]]"
35846158,"3","[[""United States""], [""Canada""], [""Belgium""]]"
35854145,"7","[[""Spain""], [""United Kingdom""], [""United Kingdom""], [""United Kingdom""], [""United Kingdom""], [""Germany""], [""Germany""], [""United Kingdom""], [""Brazil""], [""Brazil""], [""United States""], [""United Kingdom""], [""France""], [""United States""], [""Canada""], [""United States""], [""Canada""], [""Spain""], [""United Kingdom""], [""Germany""], [""Germany""], [""Germany""], [""United States""], [""United Kingdom""], [""United Kingdom""], [""United Kingdom""], [""United Kingdom""], [""Germany""], [""United Kingdom""], [""United Kingdom""], [""United Kingdom""]]"
35857830,"2","[[""Canada""], [""Canada""], [""China""], [""Canada""]]"
35861853,"3","[[""Canada""], [""United States""], [""United States""], [""Canada""], [""India""], [""Canada""], [""Canada""], [""Canada""]]"
35867160,"2","[[""United States""], [""United States""], [""Canada""], [""United States""], [""United States""], [""Canada""], [""United States""], [""United States""], [""United States""], [""United States""]]"
35872359,"2","[[""Canada"", ""China""], [""Canada""]]"
35875930,"2","[[""Canada""], [""United States""], [""Canada""]]"
35878565,"5","[[""Switzerland""], [""France"", ""Germany""], [""Canada""], [""United States""], [""United States""], [""United States""], [""Switzerland""], [""France""]]"
35887329,"4","[[""United States""], [""Denmark""], [""Denmark""], [""United States""], [""United States""], [""United States""], [""United States""], [""Canada""], [""United States""], [""United States""], [""United States""], [""United States""], [""United States""], [""United Kingdom""], [""United Kingdom""], [""United Kingdom""]]"
35887611,"3","[[""Benin"", ""Israel""], [""Canada""], [""Israel""], [""Israel""], [""Israel""]]"
35891016,"2","[[""United States""], [""Canada""]]"
35891394,"3","[[""United States""], [""Lebanon""], [""Canada""], [""Canada""], [""Lebanon""], [""Lebanon""], [""United States""]]"
35892499,"6","[[""Netherlands""], [""Netherlands""], [""Canada""], [""Netherlands""], [""France""], [""France""], [""Netherlands""], [""Netherlands""], [""Australia""], [""Netherlands""], [""Netherlands""], [""United States""], [""Netherlands""], [""Australia""], [""United States""], [""United Kingdom""], [""United Kingdom""], [""United Kingdom""]]"
35894842,"16","[[""Germany""], [""Germany""], [""Germany""], [""Germany""], [""Spain""], [""Spain""], [""Spain""], [""Italy""], [""France""], [""Belgium""], [""Ireland""], [""United Kingdom""], [""United Kingdom""], [""Netherlands""], [""Belgium""], [""Belgium""], [""Belgium""], [""Germany""], [""Germany""], [""Germany""], [""Germany""], [""Australia""], [""Switzerland""], [""Germany""], [""France""], [""Germany""], [""Canada""], [""United Kingdom""], [""United Kingdom""], [""United States""], [""France""], [""Germany""], [""Germany""], [""United States""], [""Netherlands""], [""Netherlands""], [""Germany""], [""Germany""], [""Spain""], [""Ireland""], [""United Kingdom""], [""Finland""], [""Sweden""], [""Serbia""], [""Germany""], [""Austria""], [""Germany""], [""Canada""], [""Austria""], [""Netherlands""], [""Switzerland""], [""Germany""], [""Germany""], [""Sweden""], [""Germany""], [""Germany""], [""Germany""], [""United States""], [""Netherlands""], [""Spain""], [""Germany""], [""Germany""], [""Sweden""], [""Germany""]]"
35901189,"2","[[""Canada""], [""United States""]]"
35904529,"4","[[""United States""], [""Czechia""], [""United States""], [""Canada""], [""United States""], [""India""], [""United States""], [""United States""]]"
35904877,"2","[[""Canada""], [""Canada""], [""Australia""], [""Canada""], [""Canada""]]"
35905414,"2","[[""United States""], [""United States""], [""Canada""], [""United States""]]"
35906315,"2","[[""Canada""], [""Canada""], [""Canada""], [""United States""], [""United States""], [""Canada""], [""Canada""]]"
35912214,"3","[[""Netherlands""], [""Netherlands""], [""Canada""], [""Canada""], [""Netherlands""], [""Germany""]]"
35918549,"4","[[""Canada""], [""Canada""], [""Canada""], [""Canada""], [""United States""], [""Bolivia""], [""Georgia""], [""United States""], [""United States""]]"
35919375,"2","[[""United States""], [""United States""], [""United States""], [""United States""], [""Canada""], [""United States""], [""United States""], [""United States""]]"
35920839,"2","[[""United States""], [""United States""], [""United States""], [""Canada""], [""Canada""], [""United States""]]"
35925430,"2","[[""Canada""], [""Canada""], [""Canada""], [""Canada""], [""France""], [""Canada""], [""Canada""]]"
35929952,"4","[[""Canada""], [""Jordan""], [""Jordan""], [""Jordan""], [""Jordan""], [""United States""], [""Canada""], [""United Kingdom""]]"
35931319,"3","[[""Canada""], [""Canada""], [""Russia""], [""Canada"", ""Netherlands""], [""Canada""], [""Canada""]]"
35938254,"2","[[""United States""], [""Canada""], [""United States""], [""United States""]]"
35940504,"3","[[""Saudi Arabia"", ""Canada""], [""Saudi Arabia"", ""Canada""], [""Canada""], [""United States""]]"
35943774,"2","[[""Canada""], [""Australia""]]"
35946086,"3","[[""Canada""], [""Canada""], [""Canada"", ""Netherlands""], [""Canada""], [""Canada""], [""Canada""], [""Canada""], [""Canada""], [""United States""], [""Canada""], [""Canada""]]"
35948551,"4","[[""Brazil""], [""Brazil""], [""Brazil""], [""Brazil""], [""United States""], [""Canada""], [""Israel""], [""United States""]]"
35951085,"2","[[""Iran""], [""Iran""], [""Canada""], [""Iran""], [""Iran""], [""Iran""], [""Iran""]]"
35955371,"2","[[""Canada""], [""Egypt""]]"
35956358,"2","[[""Germany""], [""Canada""], [""Germany""]]"
35970914,"4","[[""United States""], [""Canada""], [""Canada""], [""Spain""], [""Germany""], [""Germany""], [""Canada""], [""United States""], [""United States""], [""United States""]]"
35973231,"3","[[""Canada""], [""Iran""], [""Finland""], [""Canada""]]"
35977959,"3","[[""United States""], [""Australia""], [""Canada""], [""Australia""], [""United States""]]"
35978040,"2","[[""Canada""], [""Lebanon""], [""Canada""]]"
35980437,"3","[[""United States""], [""Canada""], [""Georgia"", ""United States""], [""United States""], [""United States""]]"
35986708,"3","[[""Canada""], [""United States""], [""United States""], [""United States""], [""Jersey""]]"
35995896,"4","[[""Switzerland""], [""Iran""], [""Iran""], [""Iran""], [""Iran""], [""Sweden""], [""Canada""], [""Switzerland""], [""Switzerland""]]"
36000351,"2","[[""Iran""], [""Canada""]]"
36002969,"2","[[""Canada""], [""Canada""], [""Canada""], [""Switzerland""], [""Canada""], [""Canada""]]"
36007520,"3","[[""Canada""], [""Belgium""], [""Canada""], [""Canada""], [""Israel""]]"
36010347,"2","[[""Canada""], [""United States""], [""Canada""]]"
36016703,"2","[[""Canada""], [""Canada""], [""Saudi Arabia""]]"
36029344,"3","[[""Canada""], [""United States""], [""United States""], [""Italy""], [""Italy""], [""Canada""], [""United States""], [""United States""], [""United States""]]"
36030226,"3","[[""Canada""], [""Canada""], [""Canada""], [""United Kingdom""], [""United States""], [""Canada""], [""United States""], [""United States""]]"
36039356,"2","[[""Canada"", ""South Africa""], [""Canada""], [""Canada""]]"
36041077,"2","[[""United States""], [""Canada""], [""Canada""]]"
36044680,"2","[[""Canada""], [""United States""], [""Canada""]]"
36046472,"2","[[""Canada""], [""United States""], [""Canada""], [""United States""]]"
36050434,"2","[[""Switzerland""], [""Canada""], [""Switzerland""]]"
36051279,"3","[[""United Kingdom""], [""United Kingdom""], [""Canada""], [""Spain""], [""United Kingdom""], [""United Kingdom""]]"
36051317,"13","[[""Singapore""], [""India""], [""Canada""], [""United States""], [""United States""], [""United Kingdom""], [""China""], [""United States""], [""Sweden""], [""Chile""], [""United States""], [""Sudan""], [""Argentina""], [""Portugal""], [""United States""], [""Belgium""], [""Singapore""], [""Turkey""], [""India""], [""Singapore""], [""United Kingdom""]]"
36055201,"2","[[""United States""], [""United States""], [""United States""], [""United States""], [""Canada""], [""United States""], [""United States""], [""United States""]]"
36055837,"4","[[""Canada""], [""Canada""], [""Denmark""], [""Turkey""], [""Canada""], [""Switzerland"", ""Canada""], [""Canada""]]"
36055841,"2","[[""Canada""], [""Canada""], [""Switzerland"", ""Canada""]]"
36055959,"4","[[""Canada""], [""Germany""], [""Ireland""], [""Belgium""]]"
36057424,"4","[[""Canada""], [""China""], [""Portugal""], [""Spain""], [""Portugal""], [""Canada""]]"
36057825,"2","[[""Canada""], [""Canada""], [""Canada""], [""Canada""], [""Canada""], [""United States""]]"
36062579,"2","[[""Canada""], [""Canada""], [""Canada""], [""United States""], [""United States""], [""United States""], [""Canada""]]"
36064040,"2","[[""Canada""], [""United States""], [""United States""], [""Canada""], [""United States""], [""United States""]]"
36067234,"2","[[""United States""], [""Canada""], [""United States""]]"
36069963,"2","[[""China""], [""China""], [""China""], [""China""], [""China""], [""China""], [""Canada""], [""China""], [""China""], [""China""]]"
36071172,"20","[[""United States""], [""United States""], [""Sweden""], [""Belgium""], [""Belgium""], [""Denmark""], [""Denmark""], [""United States""], [""Canada""], [""United States""], [""United States""], [""United Kingdom""], [""Singapore""], [""Singapore""], [""United States""], [""United States""], [""United States""], [""Germany""], [""United Kingdom""], [""Brazil""], [""United Kingdom""], [""United States""], [""Finland""], [""United States""], [""Germany""], [""United States""], [""United Kingdom""], [""Switzerland""], [""Australia""], [""Australia""], [""Sweden""], [""Finland""], [""United Kingdom""], [""United States""], [""Canada""], [""Canada""], [""Netherlands""], [""Netherlands""], [""United Kingdom""], [""Sweden""], [""Sweden""], [""Sweden""], [""Sweden""], [""Germany""], [""United States""], [""Germany""], [""Netherlands""], [""China""], [""United Kingdom""], [""United Kingdom""], [""Germany""], [""Australia""], [""United States""], [""Norway""], [""Norway""], [""United States""], [""United States""], [""United States""], [""Netherlands""], [""Netherlands""], [""Australia""], [""Australia""], [""Germany""], [""United Kingdom""], [""Australia""], [""United States""], [""Singapore""], [""Singapore""], [""Croatia""], [""Finland""], [""United States""], [""Switzerland""], [""Australia""], [""Netherlands""], [""Germany""], [""Finland""], [""Iceland""], [""Faroe Islands""], [""Germany""], [""Netherlands""], [""United States""], [""United States""], [""Italy""], [""United States""], [""United Kingdom""], [""Belgium""], [""United States""], [""United States""], [""United States""], [""United Kingdom""], [""Australia""], [""United Kingdom""], [""United Kingdom""], [""Germany""], [""United States""], [""Norway""], [""Sweden""], [""Sweden""], [""Croatia""], [""France""], [""Denmark""], [""United Kingdom""], [""United States""], [""Netherlands""], [""Netherlands""], [""United States""], [""United States""], [""Sweden""]]"
36072822,"2","[[""United States""], [""Canada""], [""Canada""]]"
36075963,"2","[[""France""], [""Canada""], [""France""], [""Canada""], [""Canada""], [""Canada""], [""Canada""], [""France""]]"
36079612,"3","[[""Saudi Arabia""], [""Canada""], [""United States""], [""United States""]]"
36089183,"3","[[""United States""], [""United States""], [""United States""], [""Hong Kong"", ""China""], [""Canada""], [""United States""]]"
36089590,"3","[[""Canada""], [""Spain""], [""Spain""], [""Australia""], [""Australia""], [""Canada""], [""Canada""]]"
36090696,"3","[[""United States""], [""United States""], [""Canada""], [""Saudi Arabia""]]"
36093771,"2","[[""Canada""], [""Canada""], [""Belgium""], [""Belgium""]]"
36103642,"2","[[""Canada""], [""United States""]]"
36104471,"3","[[""Canada""], [""Canada""], [""Qatar""], [""Canada""], [""United States""]]"
36104854,"3","[[""Germany""], [""Germany""], [""France""], [""Germany""], [""Germany""], [""Germany""], [""Canada""], [""Canada""], [""Canada""], [""Canada""]]"
36104858,"3","[[""China""], [""United States""], [""United States""], [""United States""], [""United States""], [""Canada""]]"
36119746,"2","[[""United States""], [""United States""], [""United States""], [""United States""], [""United States""], [""United States""], [""United States""], [""United States""], [""United States""], [""United States""], [""United States""], [""Canada""], [""United States""]]"
36122214,"2","[[""France""], [""France""], [""Canada""]]"
36135395,"2","[[""Bangladesh""], [""Bangladesh""], [""Canada""]]"
36137759,"3","[[""United States""], [""Canada""], [""Poland""], [""United States""], [""United States""]]"
36141061,"2","[[""Switzerland""], [""Canada""]]"
36141457,"2","[[""Canada""], [""Australia""]]"
36143197,"2","[[""Spain""], [""Spain""], [""Spain""], [""Spain""], [""Spain""], [""Spain""], [""Canada""], [""Spain""], [""Spain""]]"
36145819,"2","[[""Brazil""], [""Brazil""], [""Brazil""], [""Brazil""], [""Canada""]]"
36146592,"2","[[""Canada""], [""Canada""], [""United States""], [""United States""], [""United States""], [""Canada""], [""Canada""], [""Canada""], [""Canada""], [""Canada""]]"
36155266,"2","[[""China""], [""China""], [""China""], [""Canada""], [""Canada""]]"
36157276,"2","[[""Canada""], [""Pakistan""]]"
36157589,"2","[[""United States""], [""Canada""], [""United States""], [""United States""], [""United States""], [""United States""], [""United States""]]"
36159306,"3","[[""China""], [""Canada""], [""Canada""], [""Hong Kong"", ""China""], [""China""], [""China""], [""China""]]"
36159919,"3","[[""Canada""], [""Georgia"", ""United States""], [""United States""]]"
36162336,"2","[[""Canada""], [""Canada""], [""United States""], [""Canada""]]"
36164267,"2","[[""United States""], [""United States""], [""United States""], [""Canada""], [""United States""]]"
36166205,"2","[[""Canada""], [""Turkey""], [""Canada""], [""Canada""]]"
36168038,"2","[[""China""], [""China""], [""China""], [""China""], [""Canada""], [""China""], [""China""], [""China""], [""China""]]"
36171426,"3","[[""United States""], [""Canada""], [""Austria""], [""United States""], [""United States""], [""United States""], [""United States""], [""United States""], [""United States""], [""United States""], [""Canada""], [""Canada""]]"
36171558,"3","[[""Canada""], [""United States""], [""United States""], [""Canada""], [""Denmark""], [""United States""], [""United States""]]"
36171645,"4","[[""China""], [""China""], [""China""], [""China""], [""China""], [""China""], [""China""], [""China""], [""Canada""], [""Canada""], [""Canada""], [""United States""], [""Australia""], [""Australia""], [""Australia""]]"
36179551,"6","[[""United States""], [""United States""], [""United States""], [""Canada"", ""South Africa""], [""Canada""], [""South Africa""], [""South Africa""], [""United States""], [""Georgia"", ""United States""], [""South Africa""], [""United States""], [""United States"", ""Malawi""], [""United States""], [""United States""], [""United States""], [""United States""]]"
36183620,"2","[[""Canada""], [""United States""], [""United States""], [""United States""], [""United States""]]"
36183654,"5","[[""Egypt"", ""Hong Kong"", ""China""], [""Greece""], [""Egypt""], [""Egypt""], [""Egypt""], [""Egypt"", ""Germany""], [""Egypt""], [""Canada""]]"
36197944,"3","[[""Canada""], [""Canada""], [""Canada""], [""Canada""], [""Canada""], [""Canada""], [""France""], [""Canada""], [""Denmark""], [""Canada""], [""Canada""]]"
36206696,"2","[[""Australia""], [""Australia""], [""Australia""], [""Australia""], [""Canada""], [""Australia""]]"
36207081,"2","[[""Canada""], [""Canada""], [""Canada""], [""United States""], [""United States""], [""Canada""]]"
36207536,"3","[[""Austria""], [""Poland""], [""Austria""], [""Canada""]]"
36208571,"2","[[""Canada""], [""Slovakia""], [""Canada""], [""Canada""]]"
36212148,"2","[[""China""], [""China""], [""Canada""]]"
36215077,"2","[[""Canada""], [""Canada""], [""Canada""], [""United States""], [""United States""], [""Canada""], [""United States""]]"
36216853,"4","[[""Iran""], [""Poland""], [""Iran""], [""Canada""], [""Spain""]]"
36217108,"2","[[""Canada""], [""Canada""], [""Canada""], [""Canada""], [""Canada""], [""Canada""], [""United States""], [""Canada""], [""Canada""], [""Canada""], [""Canada""], [""Canada""]]"
36217534,"5","[[""United Kingdom""], [""Canada""], [""United Arab Emirates""], [""India""], [""Singapore""]]"
36217547,"2","[[""Canada""], [""Sweden""], [""Sweden""]]"
36217916,"4","[[""Hong Kong"", ""China""], [""China""], [""Hong Kong"", ""China""], [""Hong Kong"", ""China""], [""Canada""], [""United States""], [""China""], [""China""], [""United States""]]"
36219586,"4","[[""Canada""], [""Canada""], [""Canada""], [""United States""], [""United States""], [""United States""], [""Canada""], [""Canada""], [""United States""], [""United States""], [""United States""], [""Canada""], [""United States""], [""United States""], [""United States""], [""United States""], [""United States""], [""Turkey""], [""United States""], [""United States""], [""Turkey""], [""United States""], [""Turkey""], [""United States""], [""Canada""], [""Turkey""], [""Austria""]]"
36228649,"6","[[""United Kingdom""], [""Canada""], [""Italy""], [""Italy""], [""Italy""], [""Italy""], [""Italy""], [""Italy""], [""Germany""], [""Belgium""], [""Ireland""], [""United Kingdom""], [""Italy""]]"
36233593,"2","[[""United States""], [""United States""], [""United States""], [""United States""], [""Canada""], [""Canada""], [""United States""], [""United States""], [""United States""], [""United States""], [""United States""]]"
36236233,"2","[[""Iran""], [""Canada""]]"
36236373,"2","[[""Canada""], [""Canada""], [""United States""], [""Canada""], [""Canada""]]"
36243959,"2","[[""China""], [""China""], [""China""], [""Canada""]]"
36245949,"3","[[""Canada""], [""Israel""], [""United States""], [""Israel""]]"
36247971,"2","[[""Canada""], [""Canada""], [""Canada""], [""Japan""]]"
36248019,"2","[[""Colombia""], [""Colombia""], [""Colombia""], [""Colombia""], [""Colombia""], [""Colombia""], [""Canada""]]"
36248926,"3","[[""Norway""], [""Canada""], [""Korea, Republic of""]]"
36248961,"2","[[""China""], [""China""], [""Canada""]]"
36253140,"2","[[""China""], [""Canada""]]"
36254822,"4","[[""Canada""], [""Canada""], [""Canada""], [""United Kingdom""], [""United Kingdom""], [""United States""], [""India""], [""United States""], [""Canada""]]"
36258306,"4","[[""United States""], [""Jersey""], [""United States""], [""United States""], [""Jersey""], [""Israel""], [""Canada""]]"
36261217,"2","[[""Canada""], [""Canada""], [""Spain""]]"
36264067,"2","[[""Canada""], [""United States""], [""Canada""]]"
36280197,"2","[[""United States""], [""United States""], [""United States""], [""Canada""]]"
36284402,"3","[[""Poland""], [""United States""], [""Canada""], [""Poland""], [""United States""], [""United States""]]"
36292227,"2","[[""China""], [""Canada""], [""China""], [""China""]]"
36299540,"2","[[""Denmark""], [""Denmark""], [""Canada""]]"
36301485,"4","[[""Canada""], [""Canada""], [""Ireland""], [""United Kingdom""], [""United States""]]"
36302014,"3","[[""United States""], [""Canada""], [""Canada""], [""Canada""], [""Canada""], [""Korea, Republic of""], [""Korea, Republic of""], [""United States""], [""United States""]]"
36304318,"2","[[""Canada""], [""India""]]"
36305829,"2","[[""Canada""], [""Netherlands""]]"
36317712,"2","[[""Canada""], [""United States""], [""Canada""], [""Canada""]]"
36319708,"3","[[""Canada""], [""Canada""], [""Canada""], [""Canada""], [""Germany""], [""United States""], [""Canada""], [""Canada""], [""Canada""], [""Canada""], [""Canada""]]"
36320964,"5","[[""Pakistan""], [""United States""], [""United States""], [""India""], [""United States""], [""India""], [""United States""], [""Venezuela""], [""Canada""], [""United States""], [""India""], [""Pakistan""]]"
36324086,"2","[[""Canada""], [""Canada""], [""Canada""], [""United States""], [""Canada""], [""Canada""]]"
36326618,"3","[[""Canada""], [""Canada""], [""Iran""], [""Iran""], [""Iran""], [""United States""]]"
36328942,"4","[[""United Kingdom"", ""Canada""], [""Canada""], [""Canada""], [""Japan"", ""Canada""], [""Canada""], [""Canada""], [""France""], [""Canada""], [""Canada""], [""Canada""], [""Canada""], [""Canada""]]"
36329531,"3","[[""Canada""], [""Kuwait""], [""Canada""], [""Italy""]]"
36332954,"2","[[""Canada""], [""Canada""], [""Canada""], [""Canada""], [""United States""], [""Canada""]]"
36341177,"2","[[""China""], [""Canada""], [""Canada""]]"
36342363,"4","[[""Canada""], [""Israel""], [""Netherlands""], [""United States""]]"
36344655,"3","[[""Canada""], [""Canada""], [""Canada""], [""United States""], [""United States""], [""Canada""], [""Canada""], [""Singapore""], [""Singapore""], [""Canada""], [""Canada""]]"
36347838,"2","[[""Brazil""], [""Brazil""], [""Brazil""], [""Brazil""], [""Canada""], [""Canada""], [""Canada""], [""Brazil""]]"
36350384,"3","[[""Canada""], [""Canada""], [""United States""], [""Philippines""], [""Philippines""], [""Canada""]]"
36351912,"4","[[""Singapore""], [""Singapore""], [""United Kingdom""], [""United States""], [""Canada""], [""Canada""], [""United States""]]"
36355196,"2","[[""China""], [""China""], [""China""], [""Canada""], [""China""], [""Canada""], [""China""], [""China""], [""China""]]"
36359960,"2","[[""United States""], [""Canada""]]"
36363901,"4","[[""China""], [""Singapore""], [""Japan"", ""China""], [""Canada""], [""Singapore""]]"
36366153,"3","[[""Canada""], [""Iraq""], [""United States""], [""Canada""], [""Canada""], [""United States""]]"
36367438,"2","[[""Canada""], [""Canada""], [""United States""], [""Canada""], [""Canada""], [""United States""]]"
36367528,"2","[[""United States""], [""Canada""], [""Canada""], [""Canada""], [""Canada""], [""Canada""], [""Canada""], [""Canada""]]"
36368120,"2","[[""Canada"", ""China""], [""Canada""], [""Canada""], [""Canada""], [""Canada""], [""Canada""], [""Canada""], [""Canada""], [""Canada""], [""Canada""]]"
36368616,"3","[[""United States""], [""Canada""], [""Turkey""], [""United States""], [""United States""]]"
36371527,"3","[[""United States""], [""Germany""], [""Canada""], [""United States""], [""Canada""], [""United States""]]"
36372249,"2","[[""Canada"", ""Brazil""], [""Canada""], [""Canada""], [""Canada""], [""Canada""], [""Canada""], [""Canada""]]"
36372292,"2","[[""Canada""], [""Canada""], [""Canada""], [""Canada""], [""Switzerland"", ""Canada""]]"
36373660,"5","[[""United States""], [""United States""], [""United States""], [""United States""], [""United Kingdom""], [""Japan""], [""United States""], [""Canada""], [""United States""], [""United States""], [""United States""], [""United States""], [""Canada""], [""Netherlands""], [""Canada""], [""United States""], [""United States""], [""United States""], [""United States""]]"
36374681,"2","[[""United States""], [""Canada""]]"
36375417,"2","[[""Israel""], [""Israel""], [""Canada""]]"
36375561,"2","[[""China""], [""China""], [""China""], [""China""], [""China""], [""China""], [""Canada""], [""China""], [""China""]]"
36375781,"2","[[""France""], [""France""], [""Canada""], [""France""], [""France""]]"
36378672,"3","[[""United States""], [""United States""], [""United States""], [""United States""], [""United States""], [""United States""], [""Georgia"", ""United States""], [""United States""], [""United States""], [""Canada""], [""Canada""], [""United States""]]"
36382003,"4","[[""United States""], [""United Kingdom""], [""Canada""], [""Belgium""], [""United States""]]"
36382110,"2","[[""United States""], [""Canada""], [""Canada""]]"
36384369,"6","[[""Austria""], [""Germany""], [""Australia""], [""Italy""], [""Canada""], [""Germany""], [""South Africa""]]"
36388142,"2","[[""Canada""], [""Canada""], [""United States""], [""United States""], [""Canada""], [""United States""]]"
36394938,"3","[[""Canada""], [""United States""], [""Canada""], [""Colombia""], [""United States""]]"
36395096,"2","[[""Italy""], [""Italy""], [""Canada""], [""Canada""], [""Canada""]]"
36396865,"3","[[""United States""], [""United States""], [""Norway""], [""Norway""], [""Norway""], [""Canada""], [""Norway""], [""United States""]]"
36399579,"2","[[""Canada""], [""Canada""], [""Canada""], [""United States""], [""United States""], [""Canada""], [""United States""]]"
36413056,"2","[[""United States""], [""Canada""]]"
36421112,"2","[[""Switzerland""], [""Switzerland""], [""Canada""]]"
36434628,"2","[[""Canada""], [""Canada""], [""France""], [""Canada""]]"
36437279,"3","[[""Canada""], [""Brazil""], [""Brazil""], [""Brazil""], [""United States""], [""Brazil""]]"
36438173,"2","[[""China""], [""Canada""], [""Canada""]]"
36441121,"2","[[""United States""], [""United States""], [""Canada""], [""United States""]]"
36442443,"2","[[""Iran""], [""Canada""]]"
36442460,"3","[[""Netherlands""], [""United States""], [""United States""], [""Canada""]]"
36443345,"4","[[""United States""], [""Ghana""], [""Canada""], [""Canada""], [""Canada""], [""United Kingdom""], [""Ghana""], [""Ghana""], [""United States""], [""United Kingdom""], [""United Kingdom""], [""Ghana""]]"
36443720,"2","[[""Canada""], [""Canada""], [""Brazil""], [""Canada""], [""Canada""], [""Canada""], [""Canada""]]"
36444329,"2","[[""Canada""], [""Japan""], [""Japan""], [""Japan""]]"
36444984,"3","[[""United States""], [""United Kingdom""], [""Canada""], [""United States""], [""United States""], [""United States""], [""United States""]]"
36450807,"2","[[""China""], [""Canada""], [""China""], [""China""], [""China""]]"
36451356,"2","[[""France""], [""France""], [""France""], [""Canada""], [""France""], [""France""], [""France""], [""France""]]"
36460275,"2","[[""France""], [""Canada""], [""France""]]"
36465898,"3","[[""France""], [""France""], [""United Kingdom""], [""France""], [""France""], [""France""], [""Canada""], [""France""], [""France""]]"
36467599,"2","[[""Canada""], [""India""]]"
36471160,"3","[[""Canada""], [""Canada""], [""Netherlands""], [""Netherlands""], [""Netherlands""], [""United States""], [""Canada""], [""Canada""], [""Canada""]]"
36472344,"3","[[""United States""], [""United States""], [""United States""], [""United States""], [""United States""], [""United States""], [""United States""], [""United States""], [""United States""], [""United States""], [""United States""], [""Canada""], [""Canada""], [""Poland""], [""United States""]]"
36473647,"3","[[""United States""], [""Canada""], [""United States""], [""France""]]"
36476715,"2","[[""Canada""], [""United States""], [""Canada""], [""Canada""], [""Canada""], [""Canada""]]"
36483399,"2","[[""Canada""], [""Canada""], [""United States""], [""United States""]]"
36484040,"3","[[""Taiwan""], [""Canada""], [""Taiwan""], [""Taiwan""], [""Turkey""]]"
36484722,"3","[[""United Kingdom""], [""United Kingdom""], [""United States""], [""United Kingdom""], [""Canada""], [""United Kingdom""], [""United Kingdom""]]"
36494770,"2","[[""Canada""], [""Canada""], [""Saudi Arabia""], [""Canada""], [""Canada""], [""Canada""], [""Canada""], [""Canada""], [""Canada""], [""Canada""], [""Canada""], [""Canada""]]"
36496303,"6","[[""Netherlands""], [""Switzerland""], [""Netherlands""], [""Netherlands""], [""Netherlands""], [""Netherlands""], [""Netherlands""], [""Netherlands""], [""Netherlands""], [""Netherlands""], [""United Kingdom""], [""United Kingdom""], [""Australia""], [""Canada""], [""France""], [""Netherlands""], [""Switzerland""], [""Netherlands""]]"
36497479,"3","[[""Germany""], [""Germany""], [""Germany""], [""Germany""], [""Austria""], [""Germany""], [""Germany""], [""Germany""], [""Germany""], [""Germany""], [""Canada""]]"
36502696,"3","[[""Canada""], [""Canada""], [""Saudi Arabia""], [""Canada""], [""United States""]]"
36508223,"3","[[""Netherlands""], [""France""], [""Netherlands""], [""Netherlands""], [""Netherlands""], [""Netherlands""], [""Canada""], [""Netherlands""], [""France""]]"
36509776,"2","[[""Canada""], [""Canada""], [""Canada""], [""United States""]]"
36516913,"7","[[""United States""], [""United States""], [""Turkey""], [""France""], [""Turkey""], [""Vietnam""], [""Korea, Republic of""], [""Singapore""], [""Canada""], [""Singapore""], [""Singapore""]]"
36524810,"2","[[""United States""], [""United States""], [""United States""], [""United States""], [""Canada""], [""Canada""]]"
36525893,"3","[[""United Kingdom""], [""United States""], [""Canada""]]"
36530391,"5","[[""China""], [""Canada""], [""Ireland""], [""United States""], [""Brazil""], [""United States""], [""United States""]]"
36530667,"2","[[""Kuwait""], [""Kuwait""], [""Canada""]]"
36535999,"5","[[""Germany""], [""Germany""], [""Germany""], [""Germany""], [""United States""], [""Germany""], [""Canada""], [""Germany""], [""Denmark""], [""Poland""], [""Denmark""], [""Denmark""], [""Germany""]]"
36538639,"4","[[""United States""], [""United States""], [""United States""], [""United States""], [""Canada""], [""United States""], [""Jersey""], [""United States""], [""Turkey""], [""United States""], [""United States""], [""Turkey""], [""United States""], [""United States""]]"
36544398,"3","[[""Canada""], [""United States""], [""Switzerland""], [""Switzerland""]]"
36553079,"3","[[""France""], [""Canada""], [""Canada""], [""United States""]]"
36554515,"3","[[""China""], [""Switzerland""], [""Canada""]]"
36561279,"4","[[""Austria""], [""Switzerland""], [""Canada""], [""Canada""], [""Germany""]]"
36561835,"3","[[""Canada""], [""Canada""], [""France""], [""India""], [""India""], [""India""]]"
36567337,"2","[[""Canada""], [""Canada""], [""United States""], [""Canada""], [""Canada""]]"
36568544,"3","[[""Brazil""], [""Canada""], [""Brazil""], [""Colombia""], [""Colombia""], [""Colombia""], [""Colombia""]]"
36569558,"2","[[""United States""], [""United States""], [""United States""], [""United States""], [""Canada""], [""United States""], [""United States""]]"
36575159,"2","[[""China""], [""China""], [""China""], [""Canada""]]"
36575304,"3","[[""Canada""], [""Canada""], [""Canada""], [""Estonia""], [""Netherlands""]]"
36577918,"3","[[""United Kingdom""], [""United Kingdom""], [""Belgium""], [""Canada""], [""United Kingdom""]]"
36580997,"3","[[""China""], [""Canada"", ""China""], [""Canada"", ""China""], [""China""], [""Canada""]]"
36585083,"2","[[""India""], [""India""], [""Canada""]]"
36588667,"2","[[""Canada""], [""United Arab Emirates""]]"
36590098,"3","[[""Vietnam""], [""Canada""], [""South Korea""]]"
36591527,"2","[[""Canada""], [""United States""]]"
36595257,"2","[[""Canada""], [""Iran""], [""Iran""], [""Iran""], [""Iran""]]"
36595510,"3","[[""United States""], [""Canada""], [""United Kingdom""]]"
36597699,"2","[[""Canada""], [""United States""]]"
36603288,"8","[[""Spain""], [""United States""], [""New Zealand""], [""Portugal""], [""Italy""], [""Spain""], [""United States""], [""Netherlands""], [""Canada""], [""United States""], [""United States""], [""Spain""], [""Spain""], [""Spain""], [""Italy"", ""Spain""], [""United States""]]"
36603372,"3","[[""Canada"", ""China""], [""China""], [""Canada""], [""China""]]"
36604821,"2","[[""Tunisia""], [""Canada""]]"
36605114,"2","[[""Canada""], [""United States""]]"
36607506,"2","[[""Canada""], [""Canada""], [""Canada""], [""Canada""], [""Canada""], [""Germany""]]"
36610346,"2","[[""Canada"", ""China""], [""Canada""], [""Canada""], [""Canada""]]"
36612994,"2","[[""France""], [""Canada""], [""France""], [""France""]]"
36617991,"3","[[""Canada""], [""United Kingdom""], [""United Kingdom""], [""Israel""]]"
36625976,"2","[[""United States""], [""United States""], [""United States""], [""Canada""]]"
36628172,"2","[[""United States""], [""Canada""], [""United States""], [""United States""]]"
36632188,"3","[[""Germany""], [""Germany""], [""Germany""], [""Canada""], [""Canada""], [""Germany""], [""Germany""], [""Switzerland""], [""Switzerland""]]"
36632859,"2","[[""United States""], [""Canada""], [""United States""], [""United States""], [""United States""], [""United States""], [""United States""], [""Canada""]]"
36635575,"3","[[""United States""], [""Ireland""], [""Ireland""], [""Ireland""], [""United States""], [""United States""], [""United States""], [""United States""], [""United States""], [""United States""], [""United States""], [""Canada""]]"
36641812,"2","[[""Canada""], [""Canada""], [""Canada""], [""Germany""], [""Canada""], [""Canada""]]"
36652661,"3","[[""Canada""], [""Turkey""], [""United States""]]"
36661231,"3","[[""Netherlands""], [""Canada""], [""Korea, Republic of""], [""Korea, Republic of""]]"
36679646,"2","[[""Canada""], [""Georgia""]]"
36681813,"2","[[""Canada""], [""United States""], [""United States""], [""United States""], [""United States""], [""United States""], [""United States""], [""United States""], [""United States""]]"
36688622,"2","[[""China""], [""China""], [""China""], [""China""], [""Canada""], [""China""]]"
36691875,"2","[[""Canada""], [""Canada""], [""United States""], [""Canada""]]"
36695623,"5","[[""Sweden"", ""Canada""], [""Canada""], [""Canada"", ""Netherlands""], [""United Kingdom""], [""United States""], [""Canada""], [""United Kingdom""], [""Canada""]]"
36697450,"4","[[""Germany""], [""Germany""], [""Germany""], [""Germany""], [""Germany""], [""Canada""], [""Canada""], [""Canada""], [""Canada""], [""Brazil""], [""Brazil""], [""United States""], [""Canada""], [""Canada""]]"
36703133,"2","[[""South Africa""], [""Canada""], [""Canada""], [""Canada""], [""Canada""], [""South Africa""], [""South Africa""]]"
36706617,"2","[[""Canada""], [""Italy""], [""Italy""]]"
36709079,"3","[[""United States""], [""Canada""], [""Colombia""], [""United States""]]"
36709332,"3","[[""India""], [""United States""], [""Canada""], [""India""], [""United States""]]"
36709519,"2","[[""China""], [""China""], [""Canada""]]"
36709788,"2","[[""Canada""], [""India""], [""Canada""]]"
36711922,"3","[[""United States""], [""United States""], [""United States""], [""United States""], [""United States""], [""Canada""], [""Canada""], [""United States""], [""United States""], [""United States""], [""United States""], [""Germany""], [""United States""], [""United States""], [""Germany""]]"
36711952,"3","[[""United States""], [""Singapore""], [""Singapore""], [""United States""], [""Canada""], [""Canada""]]"
36712571,"2","[[""United States""], [""United States""], [""United States""], [""United States""], [""United States""], [""United States""], [""United States""], [""United States""], [""United States""], [""United States""], [""Canada""], [""United States""], [""United States""], [""United States""]]"
36714544,"3","[[""France""], [""Switzerland""], [""Switzerland""], [""Canada""]]"
36716998,"7","[[""Singapore"", ""Netherlands""], [""Canada""], [""Canada""], [""United Kingdom"", ""Singapore""], [""Australia""], [""Greece""], [""Germany""], [""United States""]]"
36720962,"4","[[""Korea, Republic of""], [""Korea, Republic of""], [""Canada""], [""Japan""], [""South Korea""], [""Korea, Republic of""], [""Korea, Republic of""]]"
36724157,"2","[[""Canada""], [""Canada""], [""Canada""], [""Canada""], [""Canada""], [""Canada""], [""Canada""], [""Canada""], [""Canada""], [""United States""]]"
36732110,"4","[[""Australia""], [""Australia""], [""Australia"", ""United Kingdom""], [""Canada""], [""United States""], [""United States""]]"
36733294,"4","[[""United States""], [""Japan""], [""Germany""], [""United States""], [""United States""], [""Canada""], [""Canada""]]"
36737711,"3","[[""Lebanon""], [""Canada""], [""Georgia""]]"
36738990,"5","[[""Canada""], [""Canada""], [""Kenya""], [""Nigeria""], [""Denmark""], [""Finland""], [""Canada""]]"
36747065,"2","[[""Canada""], [""United States""], [""Canada""], [""Canada""]]"
36749957,"2","[[""United States""], [""Canada""], [""Canada""]]"
36750489,"3","[[""Belgium""], [""Belgium""], [""China""], [""Canada""]]"
36754201,"2","[[""Canada""], [""South Korea""], [""South Korea""], [""South Korea""]]"
36758326,"2","[[""Canada""], [""Canada""], [""Poland""]]"
36759533,"6","[[""India""], [""India""], [""India""], [""India""], [""India""], [""Canada""], [""Canada""], [""United States""], [""India""], [""India""], [""Egypt""], [""United Arab Emirates""], [""India""], [""India""], [""India""], [""Saudi Arabia""], [""India""], [""India""]]"
36764023,"2","[[""Canada""], [""Canada""], [""Canada""], [""Canada""], [""Canada""], [""Norway"", ""Canada""], [""Canada""], [""Canada""]]"
36764677,"3","[[""Canada""], [""Canada""], [""United States""], [""United States""], [""Canada""], [""Mexico""]]"
36765644,"2","[[""Germany""], [""Germany""], [""Canada""], [""Canada""], [""Germany""], [""Germany""]]"
36765908,"3","[[""Canada""], [""Canada""], [""Iran""], [""Iran""], [""United States""]]"
36772710,"2","[[""United States""], [""Canada""]]"
36775056,"2","[[""Canada""], [""United States""], [""United States""], [""Canada""]]"
36775719,"2","[[""United States""], [""United States""], [""United States""], [""Canada""], [""United States""], [""United States""], [""United States""], [""United States""]]"
36781113,"2","[[""United Kingdom""], [""Canada""], [""Canada""]]"
36782002,"3","[[""Nigeria""], [""China""], [""China""], [""Canada""]]"
36786111,"3","[[""Italy""], [""Italy""], [""United States""], [""Canada""]]"
36788215,"5","[[""United Kingdom""], [""France""], [""Canada""], [""Zimbabwe""], [""United States""], [""Canada""], [""United States""], [""Canada""], [""Canada""]]"
36788319,"3","[[""Czechia""], [""Canada""], [""Canada""], [""Canada""], [""Canada""], [""Netherlands""], [""Netherlands""], [""Czechia""]]"
36793418,"5","[[""India""], [""Saudi Arabia""], [""Yemen""], [""Saudi Arabia""], [""Saudi Arabia""], [""Saudi Arabia""], [""United States""], [""Canada""]]"
36802713,"3","[[""Canada""], [""United States""], [""United States""], [""United States""], [""United States""], [""United States""], [""Turkey""], [""United States""]]"
36808151,"2","[[""Canada""], [""Canada""], [""Iran""], [""Iran""], [""Iran""], [""Canada""], [""Canada""]]"
36810139,"3","[[""Canada""], [""Hong Kong"", ""China""], [""China""], [""China""], [""Canada""], [""China""], [""China""]]"
36812626,"2","[[""Canada""], [""Canada""], [""United States""]]"
36812648,"3","[[""China""], [""United States""], [""United States""], [""Canada""]]"
36812932,"3","[[""Canada""], [""Colombia""], [""United States""]]"
36813452,"3","[[""China""], [""China""], [""China""], [""China""], [""United Kingdom""], [""China""], [""China""], [""Canada""], [""China""], [""China""]]"
36815401,"3","[[""Italy""], [""Italy""], [""Italy""], [""Italy""], [""Canada""], [""France""]]"
36817429,"4","[[""China""], [""United States"", ""Jersey""], [""United States""], [""Canada""], [""United States""]]"
36819938,"7","[[""Italy""], [""Ireland""], [""Belgium""], [""Canada""], [""Sri Lanka""], [""France""], [""New Zealand""]]"
36829901,"2","[[""China""], [""Canada""]]"
36831803,"2","[[""United States""], [""United States""], [""Canada""], [""Canada""]]"
36844950,"3","[[""Bangladesh""], [""Canada""], [""Saudi Arabia""]]"
36847566,"2","[[""Canada""], [""United States""]]"
36854599,"2","[[""Canada""], [""Canada""], [""Canada""], [""Canada""], [""Canada""], [""Canada""], [""Canada""], [""United Kingdom""], [""Canada""], [""Canada""]]"
36854923,"4","[[""United States""], [""Egypt""], [""Italy""], [""Italy""], [""United States""], [""Canada""], [""United States""], [""United States""], [""United States""]]"
36857531,"3","[[""Austria""], [""Canada""], [""United States""]]"
36857967,"4","[[""India""], [""Canada""], [""India""], [""Singapore""], [""Canada""], [""Canada""], [""Canada""], [""Canada""], [""Singapore""], [""Taiwan""], [""Canada""]]"
36864054,"3","[[""Canada""], [""Canada""], [""Canada""], [""Canada""], [""United States""], [""Germany""], [""Germany""]]"
36864136,"5","[[""Canada""], [""France""], [""United States""], [""Netherlands""], [""Norway""], [""United States""], [""United States""], [""Canada""], [""Canada""], [""Canada""]]"
36867596,"2","[[""Canada""], [""United Kingdom""]]"
36873304,"3","[[""Egypt""], [""United States""], [""United States""], [""United States""], [""United States""], [""United States""], [""Canada""]]"
36875319,"2","[[""Canada""], [""Canada""], [""United States""]]"
36877673,"3","[[""Canada""], [""Zambia""], [""Bangladesh""], [""Canada""]]"
36889611,"8","[[""United States""], [""Canada""], [""United States""], [""Canada""], [""Brazil""], [""India""], [""Colombia""], [""Mexico""], [""Mexico""], [""Spain""], [""United States""], [""Brazil""], [""Jersey""], [""Spain""]]"
36893934,"3","[[""United States""], [""United States""], [""Turkey""], [""United States""], [""Turkey""], [""Turkey""], [""Turkey""], [""Canada""], [""United States""]]"
36894697,"2","[[""United States""], [""Canada""], [""United States""], [""Canada""], [""United States""]]"
36898375,"3","[[""United States"", ""United Kingdom""], [""United Kingdom""], [""Canada""], [""United Kingdom""]]"
36899501,"2","[[""China""], [""Canada""]]"
36900077,"2","[[""Canada""], [""Canada""], [""United States""]]"
36908403,"2","[[""Canada""], [""United States""], [""Canada""], [""Canada""]]"
36909463,"5","[[""United States""], [""United States""], [""United States""], [""United States""], [""Canada""], [""Turkey""], [""Turkey""], [""United States""], [""United States""], [""Costa Rica""], [""Netherlands""]]"
36914848,"2","[[""United States""], [""Canada""], [""Canada""]]"
36917868,"2","[[""Canada""], [""Canada""], [""Canada""], [""Canada""], [""Canada""], [""Canada"", ""Brazil""], [""Canada""]]"
36920391,"2","[[""United States""], [""Canada""], [""United States""], [""United States""], [""United States""], [""United States""], [""United States""], [""United States""], [""United States""], [""United States""], [""United States""], [""United States""]]"
36921404,"3","[[""Germany""], [""Australia""], [""Australia""], [""Germany""], [""Germany""], [""Canada""]]"
36929810,"2","[[""Canada""], [""Canada""], [""Canada""], [""Canada""], [""Norway""]]"
36932084,"3","[[""Canada""], [""Japan""], [""United Kingdom""], [""Japan""], [""Canada""]]"
36932241,"3","[[""Canada""], [""Canada""], [""Canada""], [""Australia""], [""Australia""], [""Canada""], [""United Kingdom""], [""United Kingdom""], [""Canada""], [""Canada""], [""Canada""], [""Canada""], [""Canada""]]"
36935935,"2","[[""Iran""], [""Canada""], [""Iran""], [""Iran""]]"
36938737,"2","[[""Canada""], [""United States""], [""United States""], [""United States""]]"
36942628,"5","[[""United States""], [""Australia""], [""United States""], [""United States""], [""Turkey""], [""United States""], [""United States""], [""United States""], [""Canada""], [""United Kingdom""], [""United States""]]"
36944631,"2","[[""United States""], [""Canada""], [""United States""], [""United States""], [""United States""], [""United States""], [""United States""], [""United States""]]"
36946533,"2","[[""United States""], [""United States""], [""Canada""], [""United States""], [""United States""]]"
36948210,"3","[[""Canada""], [""Canada""], [""Canada""], [""United States""], [""Canada""], [""India""]]"
36949169,"2","[[""United States""], [""United States""], [""United States""], [""Canada""]]"
36958708,"3","[[""United States""], [""Singapore"", ""Netherlands""], [""Canada""], [""United States""], [""United States""]]"
36959630,"2","[[""Iran""], [""Canada""], [""Iran""]]"
36962760,"2","[[""United States""], [""Canada""], [""Canada""], [""Canada""]]"
36970634,"2","[[""Canada""], [""United States""]]"
36973382,"3","[[""Iran""], [""Australia""], [""Iran""], [""Australia""], [""Australia""], [""Canada""], [""Iran""], [""Iran""], [""Iran""], [""Australia""]]"
36980531,"2","[[""Italy""], [""Canada""], [""Italy""], [""Italy""], [""Italy""], [""Italy""], [""Italy""]]"
36980637,"3","[[""France""], [""Canada""], [""Spain""], [""France""]]"
36981200,"2","[[""India""], [""India""], [""India""], [""Canada""]]"
36993597,"3","[[""Canada""], [""Turkey""], [""Canada""], [""United States""], [""United States""]]"
36995714,"2","[[""Canada""], [""United States""], [""United States""]]"
36996232,"2","[[""United States""], [""United States""], [""Canada""], [""United States""], [""United States""], [""United States""]]"
36998022,"2","[[""Brazil""], [""Brazil""], [""Canada""], [""Brazil""], [""Brazil""], [""Brazil""], [""Brazil""], [""Brazil""]]"
36998700,"12","[[""Canada""], [""United Kingdom""], [""United States""], [""Switzerland""], [""Switzerland""], [""United States""], [""United Kingdom""], [""Sweden""], [""United States""], [""France""], [""France""], [""Spain""], [""New Zealand""], [""New Zealand""], [""France""], [""United States""], [""France""], [""China""], [""Iran""], [""United Kingdom""], [""United States""], [""United States""], [""United States""], [""India""], [""India""], [""Germany""], [""India""], [""Switzerland""], [""United States""], [""United States""], [""United States""], [""United States""], [""United States""], [""Canada""]]"
37002267,"3","[[""Germany""], [""Korea, Republic of""], [""Canada""]]"
37004526,"2","[[""Italy""], [""Italy""], [""Canada""], [""Italy""], [""Italy""], [""Italy""], [""Canada""], [""Canada""], [""Italy""]]"
37012019,"2","[[""China""], [""Canada""], [""China""], [""Canada""]]"
37013671,"3","[[""Italy""], [""Italy""], [""Italy""], [""Italy""], [""Switzerland""], [""Switzerland""], [""Switzerland""], [""Italy""], [""Italy""], [""Canada""]]"
37014363,"2","[[""Austria""], [""Canada""]]"
37019866,"2","[[""Canada""], [""United States""]]"
37029155,"3","[[""United States""], [""Canada""], [""Switzerland""]]"
37031755,"2","[[""Turkey""], [""Turkey""], [""Canada""], [""Canada""]]"
37032376,"2","[[""Switzerland""], [""Canada""]]"
37036888,"4","[[""United Arab Emirates""], [""Canada""], [""Iraq""], [""Jordan""]]"
37037147,"2","[[""United States""], [""Canada""], [""Canada""], [""Canada""], [""Canada""]]"
37046533,"2","[[""Canada""], [""United States""], [""Canada""], [""Canada""], [""Canada""], [""Canada""]]"
37051847,"3","[[""Netherlands""], [""Netherlands""], [""Netherlands""], [""Netherlands""], [""Netherlands""], [""Netherlands""], [""Canada""], [""United States""], [""Canada""]]"
37053268,"3","[[""Canada""], [""France""], [""France""], [""Hong Kong"", ""China""]]"
37055752,"2","[[""China""], [""Canada""], [""China""], [""China""]]"
37059267,"2","[[""Canada""], [""Canada""], [""United States""], [""Canada""], [""United States""], [""Canada""], [""Canada""], [""Canada""], [""Canada""]]"
37063449,"2","[[""United States""], [""United States""], [""Canada""], [""United States""], [""United States""], [""United States""], [""United States""], [""United States""]]"
37068084,"2","[[""Canada""], [""Turkey""]]"
37070145,"2","[[""United States""], [""United States""], [""United States""], [""Canada""]]"
37070854,"3","[[""Canada""], [""Canada""], [""Canada""], [""Italy""], [""Italy""], [""Italy""], [""United States""]]"
37070957,"4","[[""Australia""], [""Australia""], [""Australia""], [""Australia""], [""Hong Kong"", ""China""], [""Canada""], [""Australia""], [""United Kingdom""], [""Australia""]]"
37072203,"6","[[""Canada""], [""Canada""], [""Philippines""], [""United States""], [""Turkey""], [], [""Canada""], [""Australia""], [""Canada""], [""Canada""], [""Canada""], [""Turkey""]]"
37076338,"2","[[""Korea, Republic of""], [""Canada""], [""Canada""]]"
37076833,"3","[[""Iran""], [""Iran""], [""Iran""], [""Iran""], [""United Kingdom""], [""Canada""]]"
37084275,"5","[[""United States""], [""United States""], [""Germany""], [""Germany""], [""Germany""], [""Germany""], [""Germany""], [""United States""], [""United States""], [""Denmark""], [""Brazil""], [""Canada""], [""Canada""]]"
37084389,"2","[[""Canada""], [""Ghana""]]"
37084548,"2","[[""Canada""], [""China""], [""Canada""], [""Canada""], [""Canada""]]"
37085289,"11","[[""Canada""], [""Canada""], [""Canada""], [""Canada""], [""Canada""], [""United Kingdom""], [""Korea, Republic of""], [""Mexico""], [""Canada""], [""Canada""], [""United States""], [""United Kingdom""], [""United States""], [""Canada""], [""United Kingdom""], [""United States""], [""United States""], [""United States""], [""United States""], [""United States""], [""Sweden""], [""United States""], [""Netherlands""], [""United States""], [""Spain""], [""Georgia""], [""Turkey""], [""United States""], [""Denmark""], [""Canada""], [""United States""], [""United States""], [""United States""], [""United States""], [""United States""]]"
37087135,"2","[[""United States""], [""United States""], [""Canada""], [""United States""], [""United States""], [""United States""], [""United States""], [""United States""]]"
37095223,"2","[[""United States""], [""Canada""]]"
37095387,"3","[[""Iran""], [""Iran""], [""Canada""], [""Iran""], [""Iran""], [""Germany""]]"
37095759,"2","[[""Canada""], [""Pakistan""], [""Canada""]]"
37098650,"2","[[""Korea, Republic of""], [""Canada""]]"
37115929,"2","[[""Canada""], [""Colombia""]]"
37128461,"3","[[""United States""], [""Turkey""], [""Canada""]]"
37130342,"2","[[""United States""], [""Canada""], [""United States""]]"
37131691,"4","[[""United States""], [], [""United States""], [], [""United States""], [], [], [""Canada""], [""Turkey""], [], [], [""Turkey""], [""United States""], []]"
37147305,"2","[[""United States""], [""United States""], [""United States""], [""United States""], [""United States""], [""Canada""], [""Canada""], [""United States""], [""United States""], [""United States""], [""United States""]]"
37148227,"2","[[""Canada""], [""Canada""], [""United States""], [""Canada""], [""Canada""]]"
37150505,"4","[[""Canada""], [""United States""], [""United States""], [""United States""], [""United States""], [""South Africa""], [""Israel""]]"
37150757,"2","[[""Canada""], [""Australia""], [""Canada""], [""Canada""]]"
37152677,"2","[[""Canada""], [""Canada""], [""Canada""], [""Canada""], [""United States""]]"
37158213,"2","[[""China""], [""Canada""], [""Canada""], [""Canada""]]"
37158607,"4","[[""United States""], [""Netherlands""], [""Netherlands""], [""United States""], [""Canada""], [""United States""], [""United States""], [""United States""], [""United States""], [""United States""], [""United States""], [""United States""], [""Germany""], [""United States""], [""Germany""], [""Germany""]]"
37158946,"2","[[""United States""], [""Canada""], [""Canada""]]"
37161168,"3","[[""South Africa""], [""United States""], [""United States""], [""Canada""], [""United States""], [""United States""], [""United States""]]"
37162823,"2","[[""Spain""], [""Canada""]]"
37163297,"2","[[""United States""], [""Canada""], [""United States""]]"
37163964,"2","[[""China""], [""China""], [""Canada""]]"
37164244,"2","[[""Canada""], [""Canada""], [""United Kingdom""], [""Canada""]]"
37164489,"8","[[""China""], [""China""], [""Turkey""], [""Sweden""], [""United States""], [""Brazil""], [""Norway""], [""Switzerland""], [""Canada""], [""China""]]"
37166304,"2","[[""France""], [""Canada""]]"
37167750,"2","[[""China""], [""China""], [""Canada""]]"
37169366,"2","[[""Canada""], [""Brazil""], [""Brazil""], [""Brazil""], [""Brazil""]]"
37170067,"2","[[""Canada""], [""United States""], [""Canada""]]"
37173594,"3","[[""United States""], [""Australia""], [""Canada""], [""United States""], [""United States""]]"
37177432,"2","[[""Italy""], [""Canada""], [""Canada""]]"
37178071,"3","[[""Canada""], [""Jersey""], [""France""], [""France""], [""France""], [""Canada""], [""Jersey""]]"
37192738,"5","[[""France""], [""France""], [""United States""], [""United States""], [""Belgium""], [""France""], [""Ireland""], [""Ireland""], [""Belgium""], [""United States""], [""Canada""], [""United States""]]"
37193803,"2","[[""Canada""], [""Canada""], [""Saudi Arabia""], [""Canada""], [""Canada""], [""Canada""], [""Canada""]]"
37198203,"3","[[""Canada""], [""Canada""], [""United States""], [""Canada""], [""Canada""], [""Canada""], [""United Kingdom""], [""United Kingdom""], [""Canada""], [""Canada""], [""Canada""], [""Canada""], [""Canada""], [""Canada""], [""Canada""], [""Canada""], [""Canada""]]"
37198304,"3","[[""United Kingdom""], [""United Kingdom""], [""Canada""], [""United Arab Emirates""]]"
37198691,"2","[[""Canada""], [""Canada""], [""Canada""], [""Canada""], [""Canada""], [""Canada""], [""United States""], [""Canada""], [""Canada""]]"
37199873,"2","[[""Canada""], [""Canada""], [""Canada""], [""Canada""], [""Canada""], [""Canada""], [""Canada""], [""Italy""]]"
37202037,"3","[[""Iran"", ""Canada""], [""Canada""], [""Iran""], [""Canada""], [""Iran""], [""Iran""], [""Iran""]]"
37203546,"2","[[""United Kingdom""], [""United Kingdom""], [""United Kingdom""], [""Canada""]]"
37205528,"3","[[""Kuwait""], [""Kuwait""], [""Canada""], [""United States""], [""Kuwait""], [""Kuwait""], [""United States""]]"
37207565,"3","[[""Canada""], [""United States""], [""United States""], [""United States""], [""United States""], [""United States""], [""Netherlands""]]"
37210229,"2","[[""Canada""], [""Pakistan"", ""Canada""], [""Canada""], [""Canada""], [""Canada""], [""Canada""], [""Canada""]]"
37211142,"2","[[""Canada""], [""Canada""], [""Canada""], [""Canada""], [""Canada""], [""Canada""], [""Canada""], [""Canada""], [""Canada""], [""Saudi Arabia"", ""Canada""]]"
37217252,"3","[[""Singapore""], [""Canada""], [""United States""]]"
37219403,"2","[[""United States""], [""Canada""], [""Canada""]]"
37219619,"3","[[""Belgium""], [""Belgium""], [""Belgium""], [""Canada""], [""Germany""], [""Belgium""], [""Belgium""]]"
37224994,"2","[[""Canada""], [""Canada""], [""United States""], [""Canada""], [""Canada""]]"
37226006,"2","[[""Canada""], [""Canada""], [""United States""]]"
37231096,"3","[[""United States""], [""United States""], [""United States""], [""Canada""], [""Canada""], [""United States""], [""Germany""], [""United States""], [""United States""], [""United States""], [""United States""], [""United States""], [""United States""], [""United States""], [""Germany""]]"
37231267,"2","[[""Canada""], [""Canada""], [""Canada""], [""United States""], [""United States""], [""United States""], [""Canada""]]"
37238175,"2","[[""Canada""], [""Iran""], [""Iran""], [""Iran""], [""Canada""], [""Canada""]]"
37239203,"2","[[""Italy""], [""Italy""], [""Canada""]]"
37243350,"2","[[""France""], [""France""], [""Canada""], [""France""], [""Canada""], [""France""]]"
37246053,"5","[[""Netherlands""], [""Netherlands""], [""Australia"", ""Netherlands""], [""United States""], [""United States""], [""Canada""], [""United States""], [""Australia""], [""Netherlands""]]"
37246351,"2","[[""Canada""], [""Canada""], [""Canada""], [""United Kingdom""]]"
37247186,"2","[[""China""], [""Canada""], [""China""]]"
37256649,"2","[[""Canada""], [""United Kingdom""]]"
37256866,"2","[[""United States""], [""Canada""]]"
37257824,"5","[[""Netherlands""], [""Germany""], [""Canada""], [""Ireland""], [""Sweden"", ""Netherlands""]]"
37257844,"2","[[""Canada""], [""France""], [""France""], [""France""], [""Canada""]]"
37263307,"3","[[""Canada""], [""Canada""], [""Canada""], [""Canada""], [""Canada""], [""United States""], [""Canada""], [""Canada""], [""Israel""], [""Canada""], [""Canada""], [""Canada""], [""Canada""], [""Canada""], [""Canada""], [""Canada""], [""United States""], [""Canada""], [""Canada""], [""Canada""], [""Canada""], [""Israel""], [""Canada""], [""Canada""], [""Canada""]]"
37264564,"3","[[""Argentina""], [""Argentina""], [""Canada""], [""China""], [""Canada""]]"
37264917,"2","[[""Japan""], [""Canada""], [""Japan""]]"
37268414,"4","[[""France""], [""United Kingdom""], [""United States""], [""United States""], [""United States""], [""United States""], [""United States""], [""United States""], [""United States""], [""United States""], [""United States""], [""United States""], [""United States""], [""United States""], [""United States""], [""United States""], [""United States""], [""United States""], [""United States""], [""Canada""], [""United States""], [""United States""]]"
37271958,"3","[[""Canada""], [""Australia""], [""Australia""], [""Turkey""], [""Canada""], [""Australia""], [""Canada""]]"
37277740,"3","[[""France""], [""Switzerland""], [""Switzerland""], [""Switzerland""], [""Canada""]]"
37286559,"2","[[""Canada""], [""Canada""], [""United States""], [""Canada""], [""Canada""]]"
37289765,"2","[[""United States""], [""United States""], [""Canada""]]"
37292770,"3","[[""United States""], [""United States""], [""Canada""], [""United States""], [""Germany""], [""United States""]]"
37294539,"2","[[""United States""], [""Canada""], [""United States""], [""United States""], [""United States""], [""United States""], [""United States""], [""United States""]]"
37301875,"2","[[""China""], [""Canada""], [""Canada""], [""Canada""], [""Canada""]]"
37304014,"2","[[""China""], [""Canada""], [""China""], [""China""]]"
37305516,"8","[[""Thailand""], [""Thailand""], [""Malaysia""], [""India""], [""Mexico""], [""Canada""], [""India""], [""Thailand""], [""Thailand""], [""Malaysia""], [""Bangladesh""], [""United Kingdom""], [""United States""]]"
37308534,"4","[[""United States""], [""Canada""], [""United States""], [""United States""], [""United States""], [""India""], [""United States""], [""United States""], [""United States""], [""United Kingdom""], [""United States""], [""United States""], [""United States""], [""United States""], [""Canada""], [""United States""], [""United States""]]"
37313631,"2","[[""United States""], [""United States""], [""United States""], [""Canada""], [""United States""]]"
37314985,"3","[[""Canada""], [""Bangladesh""], [""China""], [""Canada""], [""Canada""]]"
37315499,"3","[[""Belgium"", ""Brazil""], [""Brazil""], [""Canada""], [""Brazil""]]"
37315611,"3","[[""United Kingdom""], [""United Kingdom""], [""United Kingdom""], [""United Kingdom""], [""Ghana""], [""Ghana""], [""Canada""], [""Canada""], [""Ghana""]]"
37319018,"3","[[""Turkey""], [""Turkey""], [""Canada""], [""Turkey""], [""United States""]]"
37322550,"3","[[""Nigeria""], [""Canada""], [""Ireland""], [""Nigeria""], [""Canada""]]"
37323348,"2","[[""Canada""], [""India""]]"
37332681,"3","[[""United Kingdom""], [""Canada""], [""United States""], [""United Kingdom""]]"
37334615,"2","[[""Canada""], [""United States""], [""United States""], [""United States""], [""United States""], [""United States""], [""Canada""], [""United States""], [""United States""]]"
37339175,"3","[[""Canada""], [""Canada""], [""Canada""], [""Canada""], [""United States""], [""United States""], [""Israel""]]"
37345819,"3","[[""Canada""], [""United States""], [""United States""], [""United States""], [""United States""], [""Israel""], [""United States""], [""United States""], [""United States""], [""United States""]]"
37346816,"2","[[""Kenya""], [""Canada""], [""Canada""]]"
37350279,"2","[[""United States""], [""Canada""]]"
37352415,"3","[[""United States""], [""Switzerland""], [""Switzerland""], [""Canada""]]"
37352806,"2","[[""Canada""], [""Canada""], [""Canada""], [""United States""], [""Canada""], [""Canada""], [""Canada""], [""Canada""]]"
37358938,"3","[[""Canada""], [""Canada""], [""Saudi Arabia""], [""Saudi Arabia""], [""Canada""], [""Netherlands""], [""Netherlands""], [""Netherlands""]]"
37360083,"2","[[""China""], [""Canada""], [""China""], [""China""], [""China""], [""China""]]"
37361711,"2","[[""Canada""], [""Canada""], [""United States""]]"
37377859,"5","[[""Korea, Republic of""], [""Korea, Republic of""], [""China""], [""China""], [""Canada""], [""Canada""], [""Czechia""], [""France""], [""Korea, Republic of""], [""Korea, Republic of""]]"
37380110,"2","[[""United Kingdom""], [""Canada""], [""Canada""]]"
37384382,"2","[[""Canada""], [""United States""], [""United States""], [""Canada""], [""Canada""]]"
37384687,"15","[[""United States""], [""Germany""], [""New Zealand""], [""Belgium""], [""Denmark""], [""Sweden""], [""Germany""], [""Germany""], [""United States""], [""United States""], [""Sweden""], [""Germany""], [""United States""], [""United States""], [""United States""], [""United States""], [""United States""], [""United States""], [""Germany""], [""Germany""], [""Germany""], [""United States""], [""Italy""], [""United States""], [""Germany""], [""Germany""], [""Georgia""], [""Switzerland""], [""Australia""], [""Germany""], [""United States""], [""Canada""], [""Belgium""], [""United States""], [""United States""], [""United States""], [""Belgium""], [""Germany""], [""United States""], [""Taiwan""], [""Germany""], [""United States""], [""Canada""], [""Japan""], [""Japan""], [""United States""], [""United States""], [""United States""], [""United States""], [""United States""], [""Germany""], [""Belgium""], [""United States""], [""United States""], [""United Kingdom""], [""United States""], [""Korea, Republic of""]]"
37386246,"4","[[""United States""], [""United States""], [""United States""], [""United States""], [""Georgia""], [""United States""], [""United States""], [""Netherlands""], [""United States""], [""United States""], [""Canada""]]"
37386964,"3","[[""India""], [""Lebanon""], [""Lebanon""], [""Lebanon""], [""Lebanon""], [""Lebanon""], [""Canada""]]"
37389890,"5","[[""Canada""], [""Ireland""], [""Canada""], [""Lebanon""], [""Saudi Arabia""], [""United States""], [""Lebanon""], [""Canada""], [""Canada""], [""Canada""]]"
37396600,"26","[[""United States""], [""United States""], [""United States""], [""United States""], [""Germany""], [""Nigeria""], [""Nigeria""], [""United States""], [""United States""], [""United States""], [""United States""], [""United States""], [""United States""], [""United States""], [""United States""], [""United States""], [""United States""], [""United States""], [""United States""], [""United States""], [""United States""], [""United States""], [""United States""], [""United States""], [""United States""], [""United States""], [""United States""], [""United States""], [""Hong Kong""], [""United Kingdom""], [""United States""], [""United States""], [""Netherlands""], [""Germany""], [""Brazil""], [""New Zealand""], [""United States""], [""United States""], [""United States""], [""Netherlands""], [""United States""], [""Canada""], [""Germany""], [""Canada""], [""United States""], [""Jersey""], [""Belgium""], [""United States""], [""United States""], [""United States""], [""United States""], [""United States""], [""United States""], [""United States""], [""United States""], [""United States""], [""Netherlands""], [""Germany""], [""Germany""], [""Egypt""], [""Egypt""], [""Greece""], [""United States""], [""Iran""], [""Iran""], [""Bulgaria""], [""Germany""], [""Italy""], [""Germany""], [""Germany""], [""Spain""], [""United States""], [""Germany""], [""Portugal""], [""Egypt""], [""United States""], [""Iran""], [""United States""], [""Malta""], [""United States""], [""Barbados""], [""Egypt""], [""United States""], [""Germany""], [""Pakistan""], [""Portugal""], [""Denmark""], [""United States""], [""Greece""], [""Egypt""], [""United States""], [""Mexico""], [""United States""], [""Australia""], [""United Kingdom""], [""United States""], [""United States""], [""United States""], [""India""], [""Canada""], [""United States""], [""United States""], [""Sierra Leone""], [""Italy""], [""United Kingdom""], [""United States""], [""United States""], [""Iran""], [""Mexico""], [""United States""], [""United Kingdom""], [""Italy""], [""United States""], [""United States""], [""United States""], [""United States""], [""United States""], [""United States""], [""United States""], [""United States""], [""United States""]]"
37397861,"4","[[""Canada""], [""Canada""], [""Canada""], [""Poland""], [""Poland""], [""Poland""], [""United States""], [""Netherlands""]]"
37399585,"3","[[""Germany""], [""United States""], [""Canada""]]"
37399988,"4","[[""Bangladesh""], [""Bangladesh""], [""Bangladesh""], [""Bangladesh""], [""Bangladesh""], [""Bangladesh""], [""Canada""], [""Saudi Arabia""], [""India""]]"
37400574,"2","[[""Canada""], [""Canada""], [""United States""], [""Canada""], [""Canada""], [""Canada""]]"
37406744,"2","[[""United States""], [""United States""], [""Canada""], [""United States""], [""United States""], [""United States""]]"
37409105,"3","[[""United States""], [""Canada""], [""United States""], [""United States""], [""United States""], [""Germany""]]"
37410009,"4","[[""Switzerland"", ""Canada""], [""Canada""], [""Switzerland""], [""United States""], [""Switzerland""], [""Canada""], [""Canada""]]"
37414359,"3","[[""United States""], [""Canada""], [""Australia"", ""United Kingdom""], [""United States""], [""United States""]]"
37414927,"5","[[""Pakistan""], [""Pakistan""], [""Pakistan""], [""United States""], [""United States""], [""United States""], [""United States""], [""Australia""], [""United Kingdom""], [""Canada""]]"
37419881,"2","[[""United States""], [""United States""], [""Canada""], [""Canada""], [""Canada""]]"
37420758,"2","[[""United States""], [""Canada""]]"
37420787,"3","[[""Sweden""], [""Sweden""], [""Iran""], [""Canada""], [""Sweden""]]"
37422576,"2","[[""Canada""], [""Canada""], [""France""], [""Canada""], [""Canada""], [""Canada""], [""Canada""]]"
37431995,"2","[[""China""], [""China""], [""Canada""], [""Canada""], [""Canada""], [""China""]]"
37433439,"4","[[""United States""], [""United States""], [""Brazil""], [""United States""], [""United States""], [""United States""], [""Georgia""], [""United States""], [""Canada""], [""Canada""], [""United States""], [""United States""], [""United States""], [""United States""], [""United States""], [""United States""], [""Georgia""]]"
37434131,"2","[[""New Zealand""], [""Canada""], [""New Zealand""], [""New Zealand""]]"
37440523,"2","[[""Canada""], [""Canada""], [""United States""]]"
37442671,"6","[[""Australia""], [""Australia""], [""France""], [""Canada""], [""Australia""], [""Australia""], [""United Kingdom""], [""Israel""], [""United States""], [""Canada""], [""Australia""]]"
37447906,"2","[[""Canada""], [""Canada""], [""Norway""]]"
37452058,"2","[[""Canada""], [""United States""], [""Canada""], [""Canada""]]"
37454499,"2","[[""Australia""], [""Australia""], [""Australia""], [""Australia""], [""Australia""], [""Australia""], [""Canada""], [""Australia""]]"
37454952,"4","[[""Canada""], [""Canada""], [""Lebanon"", ""Saudi Arabia""], [""Lebanon""], [""Canada""], [""Canada""], [""Canada""], [""Canada""], [""Saudi Arabia"", ""Canada""]]"
37457968,"4","[[""United States""], [""Saudi Arabia""], [""Canada""], [""United States""], [""United States""], [""Georgia"", ""United States""]]"
37459715,"2","[[""United States""], [""United States""], [""Canada""], [""Canada""]]"
37460164,"2","[[""Germany""], [""Canada""]]"
37463773,"2","[[""Canada""], [""United Kingdom""]]"
37473589,"3","[[""Canada""], [""Iran"", ""Canada""], [""Iran""], [""Canada""]]"
37473656,"2","[[""Canada""], [""Canada""], [""Canada""], [""Canada""], [""Canada""], [""Canada""], [""Canada""], [""Brazil""], [""Brazil""], [""Canada""], [""Canada""]]"
37476415,"2","[[""China""], [""China""], [""China""], [""Canada""]]"
37488168,"4","[[""Israel""], [""United States""], [""Romania""], [""United States""], [""Israel""], [""Canada""], [""Israel""]]"
37488224,"3","[[""Iran""], [""Canada""], [""China""]]"
37494602,"3","[[""France""], [""France""], [""Canada""], [""United Kingdom""], [""Canada""], [""United Kingdom""]]"
37495496,"3","[[""Canada""], [""Turkey"", ""Canada""], [""Turkey""]]"
37498277,"2","[[""Canada""], [""Iran""], [""Canada""]]"
37501197,"2","[[""Canada""], [""Canada""], [""Canada""], [""Canada""], [""Belgium""], [""Canada""], [""Canada""], [""Canada""], [""Canada""], [""Canada""], [""Canada""], [""Canada""], [""Canada""]]"
37503015,"3","[[""United Kingdom""], [""United States""], [""United States""], [""United States""], [""United States""], [""Canada""], [""Canada""]]"
37504805,"6","[[""Belgium""], [""Malaysia""], [""United States""], [""Canada""], [""Japan""], [""Spain""], [""United States""]]"
37506951,"3","[[""Canada""], [""Canada""], [""Canada""], [""United States""], [""Canada""], [""Canada""], [""Canada""], [""United States""], [""Canada""], [""Germany""], [""United States""], [""Canada""], [""Canada""], [""Canada""], [""Canada""], [""Canada""], [""Canada""]]"
37507581,"5","[[""Lebanon"", ""France""], [""France""], [""Canada""], [""Lebanon"", ""France""], [""Lebanon""], [""France""], [""United States""], [""France""], [""France""], [""Lebanon""], [""France""], [""France""], [""France""]]"
37509214,"4","[[""Greece""], [""Greece""], [""Greece""], [""Sweden""], [""Sweden""], [""Canada""], [""Norway""], [""Sweden""]]"
37513994,"2","[[""Canada""], [""Japan""]]"
37514736,"2","[[""United Arab Emirates""], [""United Arab Emirates""], [""Canada""], [""United Arab Emirates""]]"
37516693,"5","[[""United States""], [""Germany""], [""United Kingdom""], [""Germany""], [""France""], [""United States""], [""Germany""], [""United States""], [""Canada""], [""France""]]"
37516990,"2","[[""Germany""], [""Germany""], [""Germany""], [""Canada""], [""Germany""], [""Germany""], [""Germany""]]"
37517600,"2","[[""Canada""], [""United States""], [""United States""], [""United States""]]"
37523088,"2","[[""China""], [""China""], [""Canada""]]"
37533339,"2","[[""Brazil""], [""Brazil""], [""Brazil""], [""Brazil""], [""Brazil""], [""Brazil""], [""Brazil""], [""Canada""], [""Brazil""], [""Brazil""], [""Canada""]]"
37536152,"2","[[""Canada""], [""United Kingdom""], [""Canada""], [""United Kingdom""], [""Canada""], [""Canada""], [""Canada""]]"
37537362,"5","[[""Greece""], [""Greece""], [""Greece""], [""Sweden""], [""Sweden""], [""Sweden""], [""Greece""], [""Canada""], [""Norway""], [""Germany""], [""Sweden""], [""Sweden""]]"
37544265,"2","[[""Canada""], [""Canada""], [""Canada""], [""Canada""], [""Canada""], [""Canada""], [""Canada""], [""Canada""], [""United States""], [""Canada""], [""Canada""], [""Canada""]]"
37546315,"2","[[""China""], [""Canada""], [""China""], [""China""]]"
37555143,"2","[[""Canada""], [""Canada""], [""France""], [""Canada""]]"
37555156,"2","[[""United States""], [""United States""], [""Canada""], [""Canada""]]"
37556769,"4","[[""Finland""], [""Belgium""], [""Belgium""], [""Canada""], [""United States""], [""Belgium""]]"
37564037,"2","[[""Brazil""], [""Brazil""], [""Brazil""], [""Brazil""], [""Brazil""], [""Brazil""], [""Brazil""], [""Canada""], [""Brazil""], [""Brazil""], [""Brazil""]]"
37568646,"2","[[""Canada""], [""Canada""], [""Canada""], [""France""], [""Canada""], [""Canada""]]"
37573418,"4","[[""Australia""], [""Australia""], [""Australia""], [""Australia""], [""Australia""], [""Canada""], [""Belgium""], [""Belgium""], [""Belgium""], [""Belgium""], [""Canada""], [""Canada""], [""Canada""], [""Australia""], [""Germany""]]"
37573646,"2","[[""Canada""], [""Canada""], [""United States""], [""Canada""], [""Canada""], [""Canada""], [""Canada""], [""Canada""]]"
37579523,"3","[[""Iran"", ""Canada""], [""Iran""], [""Iran"", ""Canada""], [""Iran""], [""Canada""], [""Canada""]]"
37580751,"2","[[""Canada""], [""United States""], [""Canada""]]"
37582371,"2","[[""Canada""], [""United States""], [""United States""], [""United States""], [""United States""], [""United States""], [""United States""], [""United States""], [""United States""], [""United States""], [""United States""], [""United States""]]"
37582731,"2","[[""United States""], [""United States""], [""United States""], [""United States""], [""Canada""]]"
37582966,"4","[[""Saudi Arabia""], [""United States""], [""Canada""], [""Saudi Arabia""], [""Iran""], [""Canada""]]"
37589944,"2","[[""Canada""], [""United States""], [""United States""], [""United States""], [""United States""]]"
37591898,"2","[[""United States""], [""United States""], [""Canada""]]"
37594523,"2","[[""Germany""], [""Germany""], [""Germany""], [""Germany""], [""Canada""], [""Germany""], [""Germany""], [""Germany""]]"
37607198,"2","[[""Canada""], [""Grenada""], [""Canada""], [""Canada""], [""Canada""], [""Canada""]]"
37607340,"2","[[""France""], [""France""], [""France""], [""Canada""]]"
37607397,"2","[[""Canada""], [""Norway""], [""Canada""]]"
37608235,"2","[[""Germany""], [""Canada""], [""Germany""], [""Canada""], [""Germany""]]"
37612309,"4","[[""Iran""], [""Canada""], [""United States""], [""Germany""], [""Iran""]]"
37612646,"2","[[""China""], [""Canada""], [""China""]]"
37615058,"3","[[""Denmark""], [""Denmark""], [""Denmark""], [""Canada""], [""Sweden""]]"
37616228,"2","[[""United States""], [""Canada""], [""Canada""]]"
37616243,"2","[[""Norway""], [""Norway""], [""Canada""], [""Norway""]]"
37620051,"2","[[""United States""], [""Canada""], [""United States""], [""United States""], [""United States""], [""United States""]]"
37634658,"2","[[""Canada""], [""Brazil""], [""Canada""]]"
37635181,"3","[[""Canada""], [""Canada""], [""Canada""], [""Canada""], [""Canada""], [""United Kingdom""], [""Sweden""]]"
37639620,"3","[[""Canada""], [""United States""], [""United States""], [""United States""], [""United States""], [""Colombia""], [""Canada""]]"
37639641,"2","[[], [""Canada""], [""Canada""], [""Canada""]]"
37644372,"2","[[""Iran""], [""Iran""], [""Iran""], [""Canada""], [""Canada""], [""Iran""], [""Iran""], [""Iran""], [""Iran""]]"
37645200,"10","[[""Belgium""], [""Netherlands""], [""Canada""], [""Netherlands""], [""Canada""], [""Spain""], [""United Kingdom""], [""United Kingdom""], [""Finland""], [""Spain""], [""Austria""], [""Netherlands""], [""United Kingdom""], [""Germany""], [""Germany""], [""Sweden""], [""Belgium""], [""Italy""]]"
37651856,"2","[[""China""], [""China""], [""China""], [""China""], [""Canada""]]"
37654076,"3","[[""Australia""], [""Australia""], [""Australia""], [""Australia""], [""Australia""], [""Australia""], [""United States""], [""Australia""], [""Canada""], [""Australia""]]"
37658890,"2","[[""Israel""], [""Israel""], [""Canada""], [""Canada""], [""Israel""], [""Israel""]]"
37659911,"2","[[""Canada""], [""Netherlands""]]"
37666072,"2","[[""Switzerland""], [""Switzerland""], [""Switzerland""], [""Canada""], [""Switzerland""], [""Switzerland""]]"
37666535,"2","[[""Canada""], [""Australia""], [""Australia""], [""Canada""], [""Canada""]]"
37668790,"3","[[""Israel""], [""Israel""], [""Israel""], [""United States""], [""Canada""], [""Israel""]]"
37669321,"2","[[""Canada""], [""United States""], [""United States""]]"
37671028,"2","[[""United States""], [""United States""], [""Canada""], [""Canada""], [""Canada""]]"
37674052,"2","[[""Canada""], [""Brazil""]]"
37681970,"2","[[""France""], [""France""], [""Canada""], [""Canada""]]"
37690727,"3","[[""Canada""], [""Canada"", ""Netherlands""], [""Netherlands""], [""Netherlands""], [""Canada""]]"
37711756,"2","[[""Canada""], [""Canada""], [""Canada""], [""United States""], [""Canada""]]"
37712522,"2","[[""Canada""], [""United States""], [""United States""], [""United States""], [""United States""], [""United States""], [""Canada""]]"
37716618,"5","[[""Italy""], [""Hong Kong"", ""China""], [""Germany""], [""Spain""], [""Canada""], [""Italy""]]"
37717070,"2","[[""Iran""], [""Iran""], [""Canada""], [""Iran""]]"
37717762,"2","[[""Canada""], [""Canada"", ""China""], [""Canada""], [""Canada""]]"
37720416,"2","[[""Canada""], [""Pakistan""], [""Canada""], [""Canada""], [""Canada""]]"
37722043,"3","[[""Germany""], [""Canada""], [""Germany""], [""Canada""], [""United States""], [""United States""]]"
37725432,"3","[[""Canada""], [""Canada""], [""Canada""], [""Canada""], [""Canada""], [""Canada""], [""United States""], [""Germany""]]"
37730687,"7","[[""United Kingdom""], [""United Kingdom""], [""France""], [""France""], [""Germany""], [""Sweden""], [""United Kingdom""], [""United Kingdom""], [""Germany""], [""Germany""], [""Belgium""], [""Belgium""], [""Germany""], [""Germany""], [""France""], [""United Kingdom""], [""United Kingdom""], [""United Kingdom""], [""France""], [""France""], [""United Kingdom""], [""France""], [""Denmark""], [""France""], [""Canada""], [""Denmark""], [""United Kingdom""], [""Denmark""], [""United Kingdom""], [""France""], [""France""], [""United Kingdom""], [""United Kingdom""], [""France""], [""Canada""]]"
37730852,"2","[[""United States""], [""Canada""], [""United States""], [""United States""]]"
37732295,"3","[[""Saudi Arabia""], [""Canada""], [""Saudi Arabia""], [""United States""]]"
37737222,"3","[[""Belgium""], [""Canada""], [""Belgium""], [""Belgium""], [""Belgium""], [""France""], [""Canada""], [""Belgium""], [""Belgium""], [""Belgium""], [""Canada""], [""Belgium""], [""Belgium""], [""Belgium""]]"
37741965,"2","[[""Canada""], [""Canada""], [""Canada""], [""Australia""]]"
37744469,"14","[[""United Kingdom""], [""Canada""], [""United Kingdom""], [""France""], [""Italy""], [""Italy""], [""United States""], [""Canada""], [""Italy""], [""Italy""], [""Belgium""], [""Italy""], [""Spain""], [""United States""], [""United States""], [""United Kingdom""], [""United States""], [""United Kingdom""], [""Germany""], [""Germany""], [""Denmark""], [""Canada""], [""United Kingdom""], [""United Kingdom""], [""Australia""], [""United Kingdom""], [""Canada""], [""Italy""], [""United States""], [""Canada""], [""United States""], [""United States""], [""United States""], [""United States""], [""United States""], [""United States""], [""Canada""], [""United States""], [""United States""], [""United Kingdom""], [""France""], [""Italy""], [""United States""], [""Netherlands""], [""Sweden""], [""Sweden""], [""Germany""], [""Austria""], [""Belgium""], [""Canada""], [""Turkey""], [""Spain""], [""Germany""], [""Germany""], [""Germany""], [""Germany""], [""United States""], [""United States""], [""Canada""], [""United States""], [""United States""], [""France""], [""United States""], [""Australia""], [""Australia""], [""France""], [""United States""], [""France""], [""United States""], [""Germany""], [""United Kingdom""], [""United States""]]"
37745926,"2","[[""Canada""], [""Canada""], [""Canada""], [""United Kingdom""], [""United Kingdom""]]"
37749202,"3","[[""United States""], [""United States""], [""Switzerland""], [""United States""], [""Canada""]]"
37751102,"2","[[""Canada""], [""Iran""]]"
37761350,"2","[[""Canada""], [""France""], [""Canada""], [""France""], [""Canada""]]"
37761472,"2","[[""Canada""], [""Canada""], [""Canada""], [""Canada""], [""United Kingdom""], [""United Kingdom""]]"
37761908,"2","[[""Canada""], [""Canada""], [""Canada""], [""United States""], [""Canada""]]"
37765873,"5","[[""India""], [""India""], [""Qatar""], [""India""], [""Saudi Arabia""], [""Saudi Arabia""], [""India""], [""United States""], [""Canada""], [""Canada""]]"
37765997,"3","[[""Egypt""], [""Egypt""], [""Canada""], [""United Arab Emirates""]]"
37768107,"3","[[""Germany""], [""United States""], [""Germany""], [""Canada""], [""Canada""]]"
37772080,"3","[[""Australia""], [""Australia""], [""Canada""], [""Canada""], [""Canada""], [""Korea, Republic of""], [""Canada""], [""Canada""]]"
37774678,"2","[[""United States""], [""Canada""], [""United States""], [""United States""], [""United States""]]"
37774680,"3","[[""China""], [""United States""], [""Canada""], [""United States""], [""United States""], [""United States""]]"
37776331,"3","[[""Canada""], [""Saudi Arabia""], [""Korea, Republic of""], [""Korea, Republic of""]]"
37780837,"2","[[""Tunisia""], [""Canada""]]"
37787286,"3","[[""Denmark""], [""Canada""], [""Iran""], [""Iran""], [""Iran""], [""Iran""]]"
37798157,"7","[[""United States""], [""Italy""], [""United States""], [""United States""], [""Italy""], [""South Korea""], [""Brazil""], [""South Korea""], [""South Korea""], [""Canada""], [""Italy""], [""Portugal""], [""Italy""], [""South Korea""], [""South Korea""], [""United States""], [""Georgia""], [""United States""], [""United States""], [""South Korea""]]"
37803212,"2","[[""Canada""], [""Canada""], [""Canada""], [""Canada""], [""Canada""], [""United States""], [""Canada""], [""Canada""], [""Canada""], [""Canada""], [""Canada""]]"
37804197,"5","[[""Canada""], [""Canada""], [""Canada""], [""Canada""], [""Ireland""], [""Canada""], [""Lebanon""], [""Saudi Arabia""], [""United States""], [""Lebanon""], [""Canada""], [""Canada""], [""Canada""], [""Canada""], [""Canada""], [""Canada""], [""Saudi Arabia""]]"
37805500,"2","[[""United States""], [""United States""], [""United States""], [""Canada""], [""United States""]]"
37806020,"5","[[""China""], [""Singapore""], [""China""], [""China""], [""Canada""], [""Canada""], [""China""], [""Austria""], [""Argentina""], [""China""], [""China""]]"
37807084,"7","[[""United Kingdom""], [""United Kingdom""], [""China""], [""Switzerland""], [""Japan""], [""United Kingdom""], [""United Kingdom""], [""Australia""], [""Canada""], [""Canada""], [""Netherlands""], [""Switzerland""]]"
37809738,"2","[[""United States""], [""Canada""]]"
37814311,"2","[[""Australia""], [""Australia""], [""Australia""], [""Australia""], [""Australia""], [""Australia""], [""Canada""], [""Australia""]]"
37816141,"4","[[""Australia""], [""United States""], [""Hong Kong""], [""Canada""]]"
37819932,"2","[[""Canada""], [""Canada""], [""Brazil""], [""Canada""]]"
37820417,"3","[[""China""], [""Canada""], [""United States""], [""United States""]]"
37820986,"3","[[""Germany""], [""Canada""], [""Germany""], [""Germany""], [""Greece""], [""Greece""]]"
37821494,"4","[[""Canada""], [""Canada""], [""Denmark""], [""France""], [""United States""], [""Canada""], [""Canada""], [""Canada""]]"
37823574,"2","[[""India""], [""Canada""], [""India""], [""India""], [""India""]]"
37823606,"5","[[""Australia""], [""Ethiopia""], [""Australia""], [""Australia""], [""Australia""], [""France""], [""United States""], [""Australia""], [""Canada""], [""Australia""]]"
37828064,"2","[[""United States""], [""Canada""], [""United States""]]"
37829796,"2","[[""United Arab Emirates""], [""United Arab Emirates""], [""Canada""], [""United Arab Emirates""]]"
37830333,"4","[[""United States""], [""Canada""], [""Germany""], [""Canada""], [""United States""], [""United States""], [""India""], [""United States""]]"
37839909,"5","[[""Canada""], [""Israel""], [""Japan""], [""Turkey""], [""United States""], [""United States""], [""Canada""], [""Canada""], [""Canada""], [""United States""], [""Canada""]]"
37840934,"3","[[""Norway""], [""Canada""], [""Norway""], [""Norway""], [""Sweden""], [""Sweden""], [""Norway""], [""Norway""]]"
37841702,"3","[[""Canada""], [""Tunisia""], [""France""], [""Canada""], [""Canada""], [""Canada""]]"
37843893,"2","[[""Canada""], [""United States""]]"
37845666,"2","[[""United States""], [""Canada""], [""Canada""], [""Canada""]]"
37847731,"3","[[""Canada""], [""United States""], [""Italy""], [""Italy""]]"
37852171,"2","[[""Canada""], [""Saudi Arabia""], [""Canada""], [""Canada""], [""Canada""], [""Canada""]]"
37852296,"3","[[""Canada""], [""Canada""], [""United Kingdom""], [""United States""]]"
37855075,"2","[[""Germany""], [""Germany""], [""Germany""], [""Canada""]]"
37856414,"3","[[], [""Canada""], [""United States""], [""United States""], [""United States""], [""United States""], [""United States""], [""United States""], [""Canada""], [""United States""], [""United States""], [""United States""], [""United States""], [""United States""], [""Canada""], [""Canada""], [""Canada""], [""Canada""], [""United States""]]"
37864248,"2","[[""Iran""], [""Canada""], [""Iran""]]"
37872467,"8","[[""United States""], [""United States""], [""Australia""], [""Italy""], [""Mexico""], [""Brazil""], [""United States""], [""Argentina""], [""Canada""], [""Nigeria""], [""United States""]]"
37873443,"5","[[""Czechia""], [""Netherlands""], [""United Kingdom""], [""United States""], [""United States""], [""United States""], [""United States""], [""United States""], [""United States""], [""United States""], [""Canada""], [""Canada""], [""Canada""], [""Canada""], [""Canada""]]"
37880365,"9","[[""United Kingdom""], [""United Kingdom""], [""United Kingdom""], [""United Kingdom""], [""United Kingdom""], [""United Kingdom""], [""United Arab Emirates""], [""United States""], [""United Kingdom""], [""United Kingdom""], [""Kenya""], [""Oman""], [""Italy""], [""South Africa""], [""South Africa""], [""Australia""], [""Canada""]]"
37884627,"2","[[""United Kingdom""], [""Canada""], [""Canada""], [""United Kingdom""], [""United Kingdom""], [""United Kingdom""], [""United Kingdom""], [""United Kingdom""], [""United Kingdom""], [""United Kingdom""], [""United Kingdom""], [""United Kingdom""], [""United Kingdom""], [""United Kingdom""]]"
37889992,"2","[[""Canada""], [""Canada""], [""Canada""], [""Canada""], [""Canada""], [""United States""], [""United States""], [""United States""]]"
37890487,"3","[[""Canada""], [""Canada""], [""Canada""], [""Canada""], [""Canada""], [""Canada""], [""United States""], [""Canada"", ""Austria""], [""Canada""], [""Canada""]]"
37891565,"3","[[""China""], [""Canada""], [""Hong Kong"", ""China""], [""China""]]"
37894979,"2","[[""Canada""], [""Canada""], [""Canada""], [""Slovakia""], [""Canada""], [""Canada""]]"
37897548,"3","[[""United States""], [""United States""], [""United States""], [""United States""], [""United States""], [""Canada""], [""Canada""], [""Canada""], [""United States""], [""United Kingdom""], [""United Kingdom""], [""United States""], [""United States""]]"
37898711,"2","[[""Canada""], [""United States""], [""United States""], [""United States""], [""United States""]]"
37903504,"3","[[""United States""], [""Canada""], [""United Kingdom""], [""United States""], [""United States""]]"
37905407,"2","[[""Canada""], [""Canada""], [""Canada""], [""Canada""], [""Norway""]]"
37908675,"5","[[""United States""], [""United States""], [""United States""], [""Germany""], [""Germany""], [""France""], [""Netherlands""], [""United States""], [""France""], [""United States""], [""United States""], [""United States""], [""Canada""]]"
37914075,"2","[[""Canada""], [""Canada""], [""United States""], [""Canada""], [""Canada""]]"
37918343,"2","[[""China""], [""Canada""], [""Canada""], [""Canada""], [""Canada""]]"
37919989,"2","[[""China""], [""China""], [""China""], [""China""], [""Canada""]]"
37930726,"2","[[""Canada""], [""Canada""], [""Canada""], [""Canada""], [""Canada""], [""Canada""], [""Norway""]]"
37931751,"5","[[""United States""], [""Italy""], [""United States""], [""United Kingdom""], [""United States""], [""United States""], [""United States""], [""Canada""], [""United States""], [""France""]]"
37937270,"2","[[""Canada""], [""Italy""], [""Italy""], [""Italy""]]"
37937365,"3","[[""United States""], [""Canada""], [""India""]]"
37949845,"2","[[""Canada""], [""United States""], [""Canada""], [""Canada""], [""Canada""], [""Canada""], [""Canada""]]"
37951822,"2","[[""Canada""], [""United States""]]"
37952175,"3","[[""Turkey""], [""Canada""], [""France""], [""France""]]"
37956346,"2","[[""United States""], [""Canada""], [""Canada""]]"
37957596,"5","[[""Germany""], [""United States""], [""Netherlands""], [""United Kingdom""], [""United Kingdom""], [""Canada""]]"
37960359,"2","[[""France""], [""France""], [""Canada""], [""Canada""], [""France""], [""France""]]"
37963517,"2","[[""Canada""], [""Canada""], [""United States""]]"
37964440,"4","[[""United States""], [""Australia""], [""France""], [""Canada""]]"
37970100,"2","[[""Canada""], [""Canada""], [""Switzerland""], [""Canada""], [""Canada""]]"
37972608,"2","[[""United States""], [""United States""], [""United States""], [""United States""], [""United States""], [""United States""], [""United States""], [""Canada""], [""Canada""]]"
37975666,"5","[[""Canada""], [""Canada""], [""Canada""], [""United States""], [""United States""], [""United States""], [""Jersey""], [""Jersey""], [""United States""], [""Israel""], [""Chile""], [""Chile""], [""Canada""], [""United States""]]"
37979921,"2","[[""United States""], [""United States""], [""United States""], [""Canada""], [""Canada""]]"
37985537,"2","[[""Canada""], [""Canada""], [""Canada""], [""Canada""], [""Ivory Coast""]]"
37985795,"2","[[""Iran""], [""Iran""], [""Canada""], [""Iran""]]"
37989540,"2","[[""Turkey""], [""Canada""], [""Canada""], [""Canada""], [""Canada""]]"
37999958,"2","[[""Canada""], [""Canada""], [""Canada""], [""Canada""], [""Canada""], [""Brazil""], [""Canada""], [""Canada""]]"
38014004,"3","[[""Brazil""], [""Canada""], [""Brazil""], [""United States""]]"
38016372,"2","[[""United States""], [""Canada""], [""United States""]]"
38017055,"2","[[""Canada""], [""Saudi Arabia""], [""Canada""]]"
38019168,"4","[[""Germany""], [""United Kingdom""], [""United States""], [""Canada""]]"
38021248,"3","[[""Canada""], [""United States""], [""United States""], [""Canada""], [""Sweden""]]"
38029530,"2","[[""China""], [""China""], [""China""], [""Canada""], [""China""], [""China""], [""China""]]"
38030063,"3","[[""United States""], [""United States""], [""United States""], [""United States""], [""United States""], [""Canada""], [""United States""], [""Turkey""]]"
38035372,"2","[[""Canada""], [""United States""]]"
38040769,"2","[[""United States""], [""Canada""], [""Canada""], [""Canada""], [""Canada""], [""Canada""], [""Canada""]]"
38048435,"5","[[""Canada""], [""Canada""], [""Denmark""], [""Canada""], [""United States"", ""Jersey""], [""United States"", ""Jersey""], [""Canada""], [""Germany""], [""Australia""], [""Australia""], [""Canada""], [""Canada""], [""Canada""]]"
38050002,"2","[[""Israel""], [""Israel""], [""Israel""], [""Israel""], [""Israel""], [""Israel""], [""Canada""], [""Israel""]]"
38051671,"2","[[""United States""], [""Canada""], [""Canada""], [""Canada""], [""United States""]]"
38062194,"2","[[""Canada""], [""Hong Kong"", ""China""], [""Canada""], [""Canada""]]"
38066031,"2","[[""United States""], [""United States""], [""United States""], [""United States""], [""United States""], [""United States""], [""Canada""], [""United States""], [""United States""], [""United States""], [""United States""], [""United States""]]"
38066735,"3","[[""Turkey""], [""Canada""], [""Pakistan""]]"
38075554,"3","[[""United States""], [""United States""], [""Canada""], [""United States""], [""Switzerland""]]"
38079600,"2","[[""China""], [""Canada""], [""China""], [""China""], [""China""], [""China""], [""China""]]"
38081777,"5","[[""United States""], [""United States""], [""Italy""], [""Italy""], [""United States""], [""United States""], [""United Kingdom""], [""Japan""], [""Canada""]]"
38087958,"3","[[""China""], [""China""], [""China""], [""China""], [""China""], [""China""], [""Canada""], [""China""], [""United States""]]"
38092777,"4","[[""United States""], [""United States""], [""United States""], [""United States""], [""Australia""], [""United States""], [""Georgia""], [""Canada""], [""United States""], [""United States""], [""United States""]]"
38100831,"2","[[""Canada""], [""United States""], [""United States""], [""United States""], [""United States""]]"
38103765,"4","[[""Australia""], [""United States""], [""France""], [""Canada""]]"
38106923,"3","[[""Palestinian Territory""], [""Jordan""], [""Jordan""], [""Canada""]]"
38108259,"5","[[""Turkey""], [""Canada""], [""United States""], [""United States""], [""Canada""], [""Switzerland""], [""Italy""], [""Italy""]]"
38110045,"2","[[""Georgia""], [""Georgia""], [""Canada""], [""Canada""], [""Canada""]]"
38110634,"2","[[""United States""], [""United States""], [""Canada""]]"
38112748,"2","[[""United Kingdom""], [""United Kingdom""], [""Canada""], [""Canada""], [""United Kingdom""]]"
38114526,"2","[[""Canada""], [""Canada""], [""United States""], [""Canada""], [""Canada""], [""Canada""], [""Canada""]]"
38116648,"2","[[""Saudi Arabia""], [""Canada""], [""Saudi Arabia""]]"
38123557,"12","[[""Belgium""], [""United States""], [""United States""], [""Uzbekistan""], [""Denmark""], [""United States""], [""United States""], [""United States""], [""Canada""], [""United States""], [""United States""], [""United States""], [""United States""], [""Korea, Republic of""], [""Korea, Republic of""], [""Luxembourg""], [""Brazil""], [""France""], [""France""], [""United Kingdom""], [""Germany""], [""United States""], [""Netherlands""], [""Korea, Republic of""], [""United States""], [""United States""], [""United States""]]"
38123686,"3","[[""United States""], [""United States""], [""Germany""], [""United States""], [""Canada""], [""United States""]]"
38124790,"2","[[""Canada""], [""Canada""], [""France""], [""Canada""], [""Canada""], [""Canada""]]"
38131193,"2","[[""Canada""], [""Canada""], [""United States""], [""United States""], [""Canada""], [""Canada""]]"
38133915,"2","[[""Germany""], [""Germany""], [""Germany""], [""Canada""], [""Canada""], [""Canada""], [""Canada""], [""Germany""], [""Germany""], [""Germany""]]"
38136606,"3","[[""China""], [""Canada""], [""India""]]"
38139721,"2","[[""Canada""], [""Turkey""]]"
38149177,"2","[[""United States""], [""United States""], [""Canada""]]"
38153706,"2","[[""Italy""], [""Italy""], [""Canada""], [""Italy""], [""Italy""]]"
38155015,"3","[[""United States""], [""Canada""], [""Singapore""], [""United States""]]"
38156913,"2","[[""Germany""], [""Germany""], [""Germany""], [""Canada""], [""Germany""]]"
38158296,"2","[[""United States""], [""United States""], [""Canada""], [""United States""]]"
38159275,"2","[[""Germany""], [""Canada""], [""Germany""], [""Germany""], [""Germany""]]"
38161089,"2","[[""Canada""], [""Canada""], [""Turkey""], [""Canada""]]"
38161988,"3","[[""Canada""], [""United States""], [""Canada""], [""Canada""], [""Canada""], [""Canada""], [""Canada""], [""Canada""], [""Switzerland""]]"
38164924,"2","[[""Canada""], [""United States""], [""Canada""], [""United States""]]"
38170208,"2","[[""Italy""], [""Italy""], [""Italy""], [""Italy""], [""Italy""], [""Italy""], [""Italy""], [""Canada""], [""Italy""], [""Italy""]]"
38172326,"3","[[""Italy""], [""Italy""], [""Denmark""], [""Canada""], [""Denmark""]]"
38177502,"3","[[""Canada""], [""Canada""], [""China""], [""China""], [""Spain""], [""Canada""], [""Canada""], [""Canada""], [""Canada""], [""Canada""], [""Canada""]]"
38181058,"4","[[""Turkey""], [""Ivory Coast""], [""Switzerland""], [""Switzerland""], [""Canada""]]"
38181606,"2","[[""China""], [""China""], [""Canada""], [""China""], [""China""], [""China""], [""China""], [""China""]]"
38183082,"2","[[""Canada""], [""Taiwan""], [""Taiwan""], [""Taiwan""]]"
38185409,"2","[[""United States""], [""Canada""], [""Canada""], [""Canada""]]"
38185840,"5","[[""Vietnam""], [""Japan""], [""United States""], [""United States""], [""Canada""], [""Vietnam""], [""United Arab Emirates""]]"
38185882,"2","[[""Canada""], [""Canada""], [""Germany""], [""Canada""], [""Canada""]]"
38186943,"2","[[""China""], [""Canada""], [""Canada""], [""Canada""], [""Canada""]]"
38187647,"4","[[""Ukraine""], [""United States""], [""Turkey""], [""United States""], [""Canada""], [""United States""], [""United States""]]"
38191011,"3","[[""United States""], [""United States""], [""India""], [""Canada""], [""United States""]]"
38195644,"2","[[""Canada""], [""Canada""], [""United States""], [""United States""], [""United States""], [""Canada""], [""Canada""]]"
38198014,"3","[[""Morocco""], [""Morocco""], [""Canada""], [""Morocco""], [""France""], [""France""]]"
38199138,"2","[[""United States""], [""United States""], [""United States""], [""Canada""], [""United States""]]"
38199790,"2","[[""Canada""], [""United Kingdom""], [""United Kingdom""], [""Canada""], [""Canada""], [""Canada""]]"
38202942,"2","[[""United States""], [""United States""], [""Canada""]]"
38206515,"3","[[""Canada""], [""Canada""], [""Italy""], [""United States""], [""United States""]]"
38212349,"11","[[""Germany""], [""Netherlands""], [""Netherlands""], [""United States""], [""Germany""], [""United States""], [""United States""], [""Australia""], [""United Kingdom""], [""United States""], [""United Kingdom""], [""United Kingdom""], [""Turkey""], [""Sweden""], [""United States""], [""United States""], [""United States""], [""United States""], [""United Kingdom""], [""United Kingdom""], [""United Kingdom""], [""Canada""], [""Germany""], [""United States""], [""Spain""], [""Spain""], [""Australia""], [""Singapore""], [""South Africa""], [""Netherlands""], [""Australia""], [""Germany""], [""Australia""], [""United States""], [""Germany""]]"
38212387,"2","[[""Canada""], [""Canada""], [""Canada""], [""Canada""], [""Canada""], [""Canada""], [""Canada""], [""Canada""], [""Canada""], [""United States""]]"
38212632,"5","[[""Canada""], [""Canada""], [""Canada""], [""Poland""], [""France""], [""France""], [""Netherlands""], [""Netherlands""], [""Netherlands""], [""Germany""]]"
38214624,"2","[[""Canada""], [""United States""], [""Canada""], [""United States""], [""United States""], [""United States""], [""United States""], [""United States""], [""United States""]]"
38219146,"2","[[""Canada""], [""United States""], [""Canada""], [""United States""]]"
38226736,"2","[[""United States""], [""Canada""], [""Canada""]]"
38228374,"2","[[""United Kingdom""], [""Canada""], [""Canada""]]"
38228640,"5","[[""Brazil""], [""Netherlands""], [""Brazil""], [""Canada""], [""Belgium""], [""Netherlands""], [""Norway""]]"
38234125,"2","[[""Israel""], [""Israel""], [""Canada""]]"
38234469,"2","[[""Canada""], [""Brazil""]]"
38235225,"4","[[""United States""], [""Netherlands""], [""Netherlands""], [""Netherlands""], [""Canada""], [""Canada""], [""Australia""], [""United States""]]"
38245498,"3","[[""China""], [""China""], [""China""], [""United States""], [""Canada""], [""China""], [""China""], [""China""], [""China""], [""China""]]"
38257767,"3","[[""United States""], [""United States""], [""United States""], [""United States""], [""Canada""], [""Uganda""]]"
38259140,"3","[[""United States""], [""United States""], [""Canada""], [""United States""], [""United States""], [""Canada""], [""United States""], [""United States""], [""Australia""]]"
38260054,"2","[[""Ukraine""], [""Canada""], [""Canada""], [""Canada""]]"
38260512,"2","[[""United States""], [""United States""], [""United States""], [""United States""], [""United States""], [""Canada""], [""United States""]]"
38260634,"2","[[""United States""], [""Canada""]]"
38260713,"4","[[""Georgia"", ""United States""], [""United States""], [""Canada""], [""Canada""], [""United States""], [""Italy""]]"
38265444,"2","[[""Canada""], [""Canada""], [""Canada""], [""United States""], [""Canada""], [""Canada""]]"
38266466,"2","[[""Iran"", ""Canada""], [""Canada""]]"
38267475,"2","[[""Canada""], [""Canada""], [""United Kingdom""], [""Canada""]]"
38267481,"3","[[""Germany""], [""Germany""], [""Canada""], [""United States""]]"
38267686,"3","[[""Switzerland""], [""Canada""], [""Switzerland""], [""Netherlands""]]"
38268052,"2","[[""China""], [""China""], [""China""], [""Canada""], [""Canada""], [""Canada""], [""Canada""], [""China""], [""China""], [""China""]]"
38271086,"2","[[""Canada""], [""United States""]]"
38272008,"3","[[""Canada""], [""Korea, Republic of""], [""United States""]]"
38273986,"3","[[""United States""], [""Italy""], [""Canada""]]"
38282906,"3","[[""Israel""], [""Israel""], [""France""], [""Canada""]]"
38285722,"2","[[""France""], [""Canada""]]"
38290977,"2","[[""United States""], [""United States""], [""United States""], [""United States""], [""United States""], [""Canada""], [""United States""], [""United States""]]"
38302323,"2","[[""United States""], [""United States""], [""Canada""], [""United States""], [""United States""], [""United States""], [""United States""], [""United States""], [""United States""], [""United States""], [""United States""], [""United States""], [""United States""]]"
38303097,"3","[[""United States""], [""United States""], [""United States""], [""Canada""], [""United States""], [""United States""], [""United States""], [""United States""], [""United States""], [""Canada""], [""United Kingdom""], [""United States""], [""United States""], [""United States""], [""United States""], [""United States""], [""United States""], [""United States""], [""United States""]]"
38314558,"2","[[""Canada""], [""Canada""], [""Canada""], [""Turkey""], [""Canada""], [""Turkey""]]"
38316811,"3","[[""Canada""], [""Canada""], [""Canada""], [""United States""], [""Canada""], [""Canada""], [""Canada""], [""Canada""], [""Canada""], [""Canada""], [""Canada""], [""Saudi Arabia""], [""Canada""], [""Saudi Arabia""]]"
38316895,"2","[[""Canada""], [""United States""], [""Canada""], [""Canada""], [""Canada""], [""Canada""], [""Canada""], [""Canada""], [""United States""], [""Canada""], [""Canada""], [""Canada""], [""Canada""], [""United States""], [""Canada""], [""Canada""], [""Canada""], [""Canada""]]"
38317976,"5","[[""Iran""], [""Czechia""], [""Czechia""], [""Iran""], [""Canada""], [""Canada""], [""Iraq""], [""United Kingdom""]]"
38320143,"4","[[""Turkey""], [""Brazil""], [""Turkey""], [""United States""], [""United States""], [""United States""], [""United States""], [""United States""], [""United States""], [""United States""], [""Canada""], [""Turkey""], [""Canada""], [""Turkey""], [""Turkey""], [""Turkey""], [""United States""], [""United States""], [""Turkey""]]"
38321027,"2","[[""Canada""], [""Canada""], [""United States""]]"
38321989,"3","[[""Canada""], [""Nigeria""], [""United States""], [""Canada""], [""Nigeria""]]"
38330168,"5","[[""France""], [""France""], [""Australia""], [""Belgium""], [""Belgium""], [""Canada""], [""Canada""], [""United States""], [""Belgium""]]"
38331204,"2","[[""Canada""], [""Canada""], [""Lebanon""], [""Canada""], [""Canada""], [""Canada""], [""Canada""]]"
38332374,"14","[[""Japan""], [""Spain""], [""United Kingdom""], [""Sweden""], [""Norway""], [""Norway""], [""United States""], [""Spain""], [""China""], [""South Korea""], [""United States""], [""United States""], [""Denmark""], [""Spain""], [""Canada""], [""Denmark""], [""Germany""], [""Switzerland""], [""Japan""], [""Japan""], [""Japan""], [""United States""], [""Singapore""], [""Canada""], [""Japan""], [""Norway""], [""United States""], [""Denmark""], [""Germany""], [""Japan""], [""Japan""], [""Switzerland""], [""Norway""], [""China""], [""China""], [""Norway""], [""Netherlands""], [""United States""], [""Singapore""], [""United States""], [""United States""], [""Japan""], [""Japan""]]"
38332528,"2","[[""Taiwan"", ""China""], [""Canada""]]"
38340117,"2","[[""United States""], [""United States""], [""Canada""], [""United States""]]"
38341696,"3","[[""Austria""], [""Canada""], [""Canada""], [""Germany""], [""Canada""]]"
38341999,"3","[[""Norway"", ""Canada""], [""Norway""], [""Norway""], [""Norway""], [""Canada""]]"
38343230,"2","[[""United States""], [""United States""], [""Canada""], [""United States""], [""United States""]]"
38349519,"2","[[""United Kingdom""], [""Canada""], [""Canada""], [""Canada""], [""United Kingdom""], [""Canada""]]"
38351686,"2","[[""China""], [""Canada""], [""Canada""], [""China""]]"
38352035,"4","[[], [""United States""], [""United States""], [""Canada""], [""United States""], [""Turkey""]]"
38355486,"2","[[""United States""], [""United States""], [""United States""], [""Canada""], [""Canada""], [""Canada""]]"
38356654,"4","[[""Cameroon""], [""South Africa""], [""Canada""], [""Canada""], [""Ghana""], [""South Africa""]]"
38365174,"2","[[""Chile""], [""Canada""]]"
38368655,"2","[[""Canada""], [""Japan""], [""Japan""], [""Japan""], [""Canada""]]"
38369564,"2","[[""Belgium""], [""Belgium""], [""Canada""]]"
38371836,"2","[[""Canada""], [""Thailand""]]"
38374829,"2","[[""United States""], [""Canada""]]"
38377795,"2","[[""Canada""], [""Canada"", ""Germany""], [""Canada""], [""Canada""], [""Canada""], [""Canada""], [""Canada""]]"
38381942,"2","[[""Canada""], [""United States"", ""Israel""]]"
38382095,"2","[[""Ireland""], [""Canada""], [""Canada""], [""Canada""]]"
38384277,"2","[[""Canada""], [""Canada""], [""Canada""], [""United Kingdom""]]"
38384497,"2","[[""Canada""], [""Germany""], [""Germany""]]"
38387816,"2","[[""United States""], [""United States""], [""United States""], [""Canada""], [""United States""]]"
38390855,"2","[[""United States""], [""United States""], [""United States""], [""Canada""]]"
38400281,"2","[[""United States""], [""United States""], [""Canada""], [""United States""], [""United States""], [""United States""]]"
38402362,"3","[[""Canada""], [""Canada""], [""Canada""], [""Canada""], [""United States""], [""Germany""], [""Canada""], [""United States""], [""Canada""]]"
38404286,"2","[[""China""], [""China""], [""China""], [""Canada""]]"
38412888,"2","[[""Canada""], [""United States""], [""Canada""], [""Canada""], [""Canada""]]"
38417158,"2","[[""Canada""], [""China""]]"
38418987,"4","[[""Nigeria""], [""Lithuania""], [""Nigeria""], [""Nigeria""], [""India""], [""Nigeria""], [""Canada""]]"
38421684,"2","[[""United States""], [""United States""], [""United States""], [""United States""], [""United States""], [""United States""], [""United States""], [""United States""], [""Canada""]]"
38423450,"3","[[""Canada""], [""United States""], [""Canada""], [""Turkey""], [""United States""], [""United States""], [""Turkey""], [""Turkey""], [""United States""], [""United States""], [""United States""]]"
38424096,"2","[[""Canada""], [""Canada""], [""United States""], [""Canada""], [""Canada""]]"
38424651,"3","[[""France""], [""Switzerland""], [""Switzerland""], [""Switzerland""], [""Canada""]]"
38430856,"3","[[""France""], [""Czechia""], [""Czechia""], [""Czechia""], [""Czechia""], [""France""], [""Canada""], [""Czechia""], [""Canada""]]"
38431422,"2","[[""China""], [""China""], [""Canada""], [""China""], [""China""], [""China""]]"
38433333,"5","[[""Canada""], [""Norway""], [""Norway""], [""Sweden""], [""United States""], [""Finland""], [""Finland""]]"
38437169,"2","[[""United States""], [""Canada""], [""Canada""]]"
38438913,"2","[[""France""], [""France""], [""France""], [""Canada""], [""France""]]"
38441539,"3","[[""Korea, Republic of""], [""United States""], [""Canada""], [""Korea, Republic of""], [""Korea, Republic of""]]"
38442128,"2","[[""Canada""], [""Canada""], [""France""], [""France""], [""France""], [""France""]]"
38444851,"6","[[""Brazil""], [""Brazil""], [""Brazil""], [""Brazil""], [""Brazil""], [""Brazil""], [""United Kingdom""], [""Germany""], [""Germany""], [""Canada""], [""Canada""], [""Singapore""], [""United States""], [""Germany""], [""Brazil""]]"
38446785,"5","[[""United States""], [""United States""], [""Ireland""], [""Canada""], [""United States""], [""United States""], [""United States""], [""Malawi""], [""United States""], [""Mexico"", ""United States""], [""United States""], [""United States""]]"
38452664,"2","[[""China""], [""China""], [""Canada""], [""China""], [""China""]]"
38456877,"2","[[""Canada""], [""United States""], [""United States""], [""United States""], [""United States""]]"
38459338,"6","[[""United Arab Emirates""], [""Hong Kong"", ""China""], [""China""], [""United States""], [""Germany""], [""Canada""], [""United States""], [""China""], [""United States""], [""United Arab Emirates""], [""Hong Kong"", ""China""], [""United States""], [""Canada""]]"
38467853,"2","[[""United States""], [""United States""], [""United States""], [""Canada""], [""United States""]]"
38472199,"2","[[""Brazil""], [""Brazil""], [""Brazil""], [""Brazil""], [""Brazil""], [""Brazil""], [""Canada""]]"
38479730,"2","[[""Canada""], [""Canada""], [""Canada""], [""Hong Kong""]]"
38480766,"2","[[""United States""], [""Canada""], [""Canada""], [""Canada""], [""Canada""], [""Canada""], [""Canada""]]"
38486013,"2","[[""China""], [""China""], [""China""], [""Canada""], [""China""], [""China""], [""China""], [""China""], [""China""]]"
38491373,"2","[[""Canada""], [""Canada""], [""United States""], [""United States""], [""Canada""], [""Canada""]]"
38492206,"3","[[""Canada""], [""Canada""], [""Canada""], [""France""], [""France""], [""Norway""], [""Norway""], [""France""]]"
38497716,"3","[[""Canada""], [""Kazakhstan""], [""Kazakhstan""], [""Kazakhstan""], [""Kazakhstan""], [""Kazakhstan""], [""Kazakhstan""], [""Kazakhstan""], [""Romania""]]"
38498268,"3","[[""Canada""], [""Canada""], [""Canada""], [""Canada""], [""Canada""], [""United States""], [""Canada""], [""United Kingdom""], [""United Kingdom""], [""Canada""], [""Canada""]]"
38502860,"2","[[""China""], [""China""], [""China""], [""Canada""], [""China""]]"
38504098,"2","[[""India""], [""Canada""]]"
38505008,"4","[[""Switzerland""], [""Italy""], [""Canada""], [""United States""], [""Switzerland""], [""Switzerland""], [""Switzerland""], [""Switzerland""]]"
38505491,"3","[[""Australia""], [""United States""], [""United States""], [""United States""], [""United States""], [""United States""], [""United States""], [""United States""], [""United States""], [""United States""], [""United States""], [""Canada""], [""United States""]]"
38509230,"2","[[""Germany""], [""Germany""], [""Germany""], [""Canada""], [""Germany""], [""Germany""]]"
38511261,"2","[[""Netherlands""], [""Canada""]]"
38514661,"2","[[""Poland""], [""Poland""], [""Canada""], [""Poland""], [""Poland""], [""Poland""]]"
38516279,"2","[[""Iraq""], [""Canada""]]"
38519152,"2","[[""United Kingdom""], [""Canada""], [""United Kingdom""], [""United Kingdom""], [""Canada""], [""Canada""], [""Canada""]]"
38522092,"2","[[""Canada""], [""Canada""], [""United States""]]"
38522549,"2","[[""China""], [""Canada""], [""China""], [""China""]]"
38531844,"3","[[""Canada""], [""Canada""], [""United States""], [""Canada""], [""Canada""], [""United Kingdom""], [""United Kingdom""], [""Canada""], [""Canada""], [""Canada""], [""Canada""], [""Canada""]]"
38532639,"2","[[""Australia""], [""Canada""]]"
38536222,"2","[[""Canada""], [""United States""]]"
38537536,"2","[[""Canada""], [""Canada""], [""Canada""], [""Canada""], [""Germany""], [""Canada""]]"
38538559,"4","[[""Canada""], [""Canada""], [""Venezuela""], [""United States""], [""Czechia""], [""United States""]]"
38539074,"2","[[""Canada""], [""Canada""], [""United States""], [""Canada""], [""Canada""], [""Canada""]]"
38544181,"4","[[""Germany""], [""United States""], [""Poland""], [""Canada""], [""United States""]]"
38547927,"4","[[""Germany""], [""Germany""], [""Japan""], [""United States""], [""Canada""], [""Canada""]]"
38549146,"3","[[""Spain""], [""Spain""], [""Sweden""], [""Spain""], [""Spain""], [""Spain""], [""Canada""], [""Canada""]]"
38551129,"3","[[""Canada""], [""Brazil""], [""Canada""], [""Mexico""]]"
38551379,"3","[[""United States""], [""United States""], [""Ghana""], [""Ghana""], [""United States""], [""United States""], [""Canada""]]"
38552452,"2","[[""Canada""], [""United States""], [""United States""], [""United States""], [""United States""], [""United States""]]"
38557148,"4","[[""United States""], [""United States""], [""Netherlands""], [""United States""], [""France""], [""France""], [""Canada""]]"
38560011,"3","[[""France""], [""Switzerland""], [""Canada""]]"
38563440,"2","[[""Canada""], [""Canada""], [""Canada""], [""Saudi Arabia""]]"
38563856,"3","[[""United States""], [""United States""], [""United States""], [""United States""], [""United States""], [""United States""], [""Turkey""], [""Canada""], [""United States""], [""United States""]]"
38564199,"2","[[""Canada""], [""Canada""], [], [""Canada""], [], [], []]"
38567100,"3","[[""India""], [""Qatar""], [""Qatar""], [""Canada""], [""India""], [""India""]]"
38573752,"2","[[""Canada""], [""United States""], [""United States""]]"
38574756,"3","[[""Cyprus""], [""Cyprus""], [""Greece""], [""Canada""]]"
38575814,"3","[[""Canada""], [""Iran""], [""Hungary""]]"
38581959,"3","[[""Hungary""], [""United States""], [""Canada""], [""United States""]]"
38582770,"2","[[""Iran""], [""Canada""], [""Canada""], [""Canada""], [""Canada""], [""Iran""], [""Canada""]]"
38588794,"2","[[""Canada""], [""Australia""], [""Canada""], [""Australia""]]"
38591838,"15","[[""Netherlands""], [""Canada""], [""Canada""], [""Spain""], [""Spain""], [""Turkey""], [""Germany""], [""Germany""], [""Italy""], [""Denmark""], [""Netherlands""], [""Germany""], [""Germany""], [""Germany""], [""Germany""], [""Germany""], [""Germany""], [""Germany""], [""United Kingdom""], [""Poland""], [""Spain""], [""Spain""], [""Germany""], [""Spain""], [""Germany""], [""France""], [""Germany""], [""Belgium""], [""Germany""], [""Spain""], [""Spain""], [""Germany""], [""United Kingdom""], [""United Kingdom""], [""Spain""], [""Germany""], [""United Kingdom""], [""Germany""], [""Germany""], [""Austria""], [""Germany""], [""Australia""], [""Netherlands""], [""Germany""], [""Germany""], [""Greece""], [""Netherlands""], [""United States""], [""Germany""], [""Germany""], [""Germany""]]"
38598191,"2","[[""United States""], [""United States""], [""Canada""]]"
38599293,"3","[[""Canada""], [""Lebanon"", ""Canada""], [""Canada""], [""Canada""], [""Saudi Arabia"", ""Canada""], [""Canada""]]"
38600209,"2","[[""Iran""], [""Canada""], [""Iran""]]"
38604185,"2","[[""Canada""], [""Canada""], [""Canada""], [""United States""]]"
38604227,"2","[[""Canada""], [""Canada""], [""Egypt""]]"
38604736,"3","[[""Canada""], [""Canada""], [""Canada""], [""Canada""], [""Canada""], [""Canada""], [""Canada""], [""Canada""], [""United States""], [""Canada""], [""Germany""]]"
38605059,"5","[[""United States""], [""Saudi Arabia""], [""Ethiopia""], [""Canada""], [""Morocco""]]"
38605172,"2","[[""Canada""], [""Netherlands""], [""Netherlands""], [""Canada""], [""Canada""]]"
38605654,"3","[[""Brazil""], [""Brazil""], [""Canada""], [""South Africa""], [""Brazil""], [""Brazil""], [""Brazil""], [""Brazil""]]"
38605799,"2","[[""Iran""], [""Iran""], [""Iran""], [""Canada""], [""Iran""]]"
38607809,"12","[[""United States""], [""United States""], [""United States""], [""Chile""], [""Chile""], [""Chile""], [""Canada""], [""United States""], [""United States""], [""United States""], [""Romania""], [""Romania""], [""United States""], [""United States""], [""Spain""], [""Spain""], [""Spain""], [""United States""], [""Mexico""], [""India""], [""Bolivia""], [""Turkey""], [""Luxembourg""], [""Spain""], [""Spain""], [""United States""], [""Argentina""], [""Colombia""], [""Colombia""], [""Chile""], [""Argentina""], [""Argentina""], [""Argentina""], [""Argentina""], [""Spain""], [""Canada""], [""United States""], [""Canada""], [""Spain""], [""Canada""]]"
38610522,"2","[[""Lebanon""], [""Canada""]]"
38611631,"2","[[""Canada""], [""United States""]]"
38614869,"2","[[""Japan""], [""Japan""], [""Canada""], [""Japan""], [""Japan""]]"
38621801,"3","[[""Canada""], [""United Kingdom""], [""Denmark""], [""Canada""]]"
38622115,"4","[[""Israel""], [""Israel""], [""United States""], [""United States""], [""United States""], [""United States""], [""China""], [""United States""], [""United States""], [""Israel""], [""United States""], [""United States""], [""Canada""], [""Israel""], [""Israel""], [""Canada""]]"
38626440,"2","[[""Canada""], [""United States""], [""United States""], [""United States""]]"
38627032,"3","[[""Canada""], [""Colombia""], [""Colombia""], [""Colombia""], [""Colombia""], [""United States""], [""United States""], [""United States""]]"
38630178,"2","[[""Canada""], [""United States""], [""United States""], [""United States""], [""United States""], [""United States""], [""United States""], [""United States""], [""United States""]]"
38632526,"2","[[""Canada""], [""Canada""], [""Canada""], [""Canada""], [""Canada""], [""Canada""], [""Canada""], [""Canada""], [""Canada""], [""Canada""], [""Switzerland""], [""Switzerland""]]"
38637627,"3","[[""Canada""], [""Canada""], [""Canada""], [""Canada""], [""Canada""], [""Switzerland""], [""Germany""], [""Canada""]]"
38639373,"2","[[""Canada""], [""Canada""], [""Canada""], [""Saudi Arabia""], [""Canada""], [""Canada""], [""Canada""], [""Canada""], [""Canada""], [""Saudi Arabia""]]"
38643691,"2","[[""United States""], [""United States""], [""United States""], [""United States""], [""United States""], [""Canada""]]"
38650940,"2","[[""United States""], [""Canada""], [""United States""], [""United States""], [""United States""]]"
38651413,"2","[[""Canada""], [""France""]]"
38669487,"6","[[""Korea, Republic of""], [""Korea, Republic of""], [""Korea, Republic of""], [""Korea, Republic of""], [""France""], [""Australia""], [""China""], [""Canada""], [""Canada""], [""Canada""], [""Germany""], [""Korea, Republic of""], [""France""]]"
38670076,"2","[[""China""], [""China""], [""Canada""]]"
38677634,"2","[[""United States""], [""United States""], [""United States""], [""United States""], [""United States""], [""United States""], [""United States""], [""United States""], [""United States""], [""United States""], [""United States""], [""Canada""], [""United States""], [""United States""], [""United States""], [""United States""], [""United States""]]"
38678058,"2","[[""Canada""], [""France""], [""France""], [""France""], [""France""], [""France""], [""France""], [""France""], [""Canada""], [""Canada""], [""Canada""]]"
38683744,"2","[[""Canada""], [""Canada""], [""United States""], [""Canada""], [""Canada""], [""Canada""]]"
38688297,"2","[[""Canada""], [""Canada""], [""United States""], [""United States""], [""Canada""]]"
38693326,"2","[[""Canada""], [""United Arab Emirates""]]"
38693328,"3","[[""Ecuador""], [""Spain""], [""Canada""], [""Spain""], [""Ecuador""], [""Canada""], [""Ecuador""], [""Ecuador""], [""Canada""]]"
38696177,"2","[[""Canada""], [""United Kingdom""]]"
38699950,"3","[[""United States""], [""United States""], [""Australia""], [""Canada""], [""Canada""], [""Canada""], [""Canada""], [""Australia""], [""Australia""]]"
38701342,"4","[[""Canada""], [""United States""], [""Korea, Republic of""], [""China""], [""Canada""], [""China""], [""Canada""], [""Canada""]]"
38702813,"2","[[""Canada""], [""Canada""], [""Canada""], [""Norway""]]"
38705180,"2","[[""Canada""], [""Canada""], [""Canada""], [""Canada""], [""Finland""]]"
38707712,"5","[[""Germany""], [""Germany""], [""South Korea""], [""South Korea""], [""Korea, Republic of""], [""Netherlands""], [""Netherlands""], [""Netherlands""], [""Canada""]]"
38710744,"3","[[""India""], [""Iraq""], [""India""], [""Iraq""], [""Canada""]]"
38712184,"2","[[""United States""], [""United States""], [""Canada""], [""United States""], [""United States""], [""United States""]]"
38714699,"3","[[""United States""], [""Canada""], [""Dominica""], [""United States""], [""United States""], [""United States""], [""United States""], [""United States""], [""United States""], [""United States""]]"
38714895,"2","[[""Canada""], [""Canada""], [""Canada""], [""Canada""], [""Canada""], [""Canada""], [""South Korea""]]"
38716749,"3","[[""Canada""], [""France""], [""United States""], [""United States""], [""United States""]]"
38723886,"2","[[""China""], [""Canada""], [""Canada""], [""Canada""], [""China""], [""Canada""]]"
38724761,"2","[[""Canada""], [""United States""], [""Canada""], [""Canada""]]"
38727827,"5","[[""Germany""], [""Austria""], [""Austria""], [""Austria""], [""Austria""], [""Austria""], [""Switzerland""], [""Italy""], [""Canada""], [""Austria""], [""Austria""], [""Austria""], [""Austria""]]"
38734697,"2","[[""China""], [""China""], [""China""], [""China""], [""China""], [""China""], [""Canada""]]"
38738282,"3","[[""United States""], [""United Kingdom""], [""Canada""]]"
38740955,"2","[[""United States""], [""United States""], [""Canada""], [""Canada""], [""Canada""], [""Canada""], [""United States""], [""United States""], [""United States""], [""United States""], [""United States""], [""United States""], [""United States""], [""United States""]]"
38751214,"2","[[""Korea, Republic of""], [""Korea, Republic of""], [""Korea, Republic of""], [""Korea, Republic of""], [""Korea, Republic of""], [""Korea, Republic of""], [""Korea, Republic of""], [""Korea, Republic of""], [""Canada""], [""Korea, Republic of""], [""Korea, Republic of""]]"
38755563,"2","[[""Canada""], [""Canada""], [""Canada""], [""Canada""], [""Canada""], [""Canada""], [""Singapore""]]"
38757537,"3","[[""Israel""], [""Israel""], [""Canada""], [""Israel""], [""Israel""], [""Israel""], [""India""], [""Israel""], [""Israel""]]"
38757760,"3","[[""United States""], [""United Kingdom""], [""Canada""]]"
38772191,"2","[[""Canada""], [""United States""], [""United States""], [""United States""]]"
38774366,"2","[[""Canada""], [""United States""]]"
38777894,"3","[[""Switzerland""], [""Switzerland""], [""Switzerland""], [""Canada""], [""Switzerland""], [""Switzerland""], [""Switzerland""], [""Switzerland""], [""Switzerland""], [""Switzerland""], [""Switzerland""], [""United States""]]"
38779704,"2","[[""United States""], [""United States""], [""Canada""], [""Canada""], [""United States""], [""United States""], [""United States""], [""United States""], [""United States""], [""United States""]]"
38784249,"2","[[""Iran""], [""Canada""], [""Iran""], [""Iran""]]"
38784688,"2","[[""Canada""], [""Canada""], [""Canada""], [""United States""], [""Canada""], [""Canada""], [""Canada""]]"
38786284,"2","[[""United States""], [""United States""], [""United States""], [""United States""], [""United States""], [""United States""], [""United States""], [""United States""], [""United States""], [""United States""], [""United States""], [""Canada""]]"
38794775,"2","[[""Saudi Arabia""], [""Saudi Arabia""], [""Saudi Arabia""], [""Canada""]]"
38795358,"4","[[""Canada""], [""United States""], [""Switzerland""], [""United Kingdom""]]"
38807510,"3","[[""Canada""], [""Australia""], [""Australia""], [""Netherlands""], [""Australia""]]"
38807993,"4","[[""United States""], [""Poland""], [""Canada""], [""Poland""], [""United Kingdom""], [""Poland""], [""United States""]]"
38809561,"6","[[""China""], [""United Kingdom""], [""United States""], [""Italy""], [""Italy""], [""United States""], [""Sweden""], [""Canada""]]"
38827949,"2","[[""Oman""], [""Oman""], [""Canada""]]"
38830239,"3","[[""Canada""], [""Canada""], [""United States""], [""China""], [""Canada""], [""United States""], [""Canada""], [""Canada""]]"
38832887,"3","[[""Jordan""], [""Jordan""], [""Saudi Arabia""], [""Canada""]]"
38834975,"2","[[""Iran""], [""Iran""], [""Canada""]]"
38838843,"3","[[""United States""], [""United States""], [""United States""], [""United States"", ""United Kingdom""], [""United States""], [""United States""], [""United States""], [""United States""], [""United States""], [""United States""], [""Canada""], [""United States""]]"
38839785,"4","[[""Bangladesh""], [""Canada""], [""Bangladesh""], [""Bangladesh""], [""Canada""], [""Bangladesh""], [""Australia""], [""Saudi Arabia""]]"
38840717,"2","[[""Norway""], [""Canada""]]"
38842257,"8","[[""China""], [""Israel""], [""Canada""], [""Spain""], [""Germany""], [""Poland""], [""Canada""], [""Netherlands""], [""United Kingdom""]]"
38842593,"2","[[""Germany""], [""Germany""], [""Germany""], [""Canada""], [""Germany""]]"
38844457,"3","[[""Canada""], [""Canada""], [""Canada""], [""Canada""], [""United States""], [""Canada""], [""France""], [""Canada""], [""Canada""], [""Canada""]]"
38845359,"2","[[""China""], [""Canada""], [""China""]]"
38848770,"2","[[""Germany""], [""Germany""], [""Canada""]]"
38850215,"3","[[""China""], [""China""], [""China""], [""China""], [""China""], [""China""], [""China""], [""Canada""], [""Canada""], [""Japan"", ""China""], [""China""]]"
38852813,"2","[[""Canada""], [""Japan"", ""Canada""], [""Canada""], [""Canada""]]"
38855036,"3","[[""United States""], [""United States""], [""United States""], [""United States"", ""Israel""], [""United States""], [""United States""], [""United States""], [""United States""], [""United States""], [""Canada""], [""United States""], [""United States""], [""United States""], [""United States""], [""United States""], [""United States""], [""United States""], [""United States""]]"
38858123,"2","[[""China""], [""Canada""]]"
38858389,"2","[[""Canada""], [""Canada""], [""Canada""], [""Canada""], [""Canada""], [""Canada""], [""United States""], [""United States""], [""Canada""]]"
38861067,"2","[[""United States""], [""United States""], [""Canada""], [""United States""]]"
38862516,"4","[[""United States""], [""United States""], [""United States""], [""United States""], [""United States""], [""United States""], [""United States""], [""United States""], [""United States""], [""United States""], [""United States""], [""Romania""], [""United States""], [""United States""], [""United States""], [""United States""], [""United States""], [""United States""], [""United States""], [""Canada""], [""United States""], [""United States""], [""United States""], [""United States""], [""Argentina""], [""United States""], [""United States""]]"
38866367,"3","[[""United States""], [""Canada""], [""Georgia""], [""United States""], [""United States""], [""United States""], [""United States""], [""United States""]]"
38872030,"2","[[""United States""], [""Canada""], [""Canada""], [""Canada""]]"
38875575,"2","[[""United States""], [""Canada""], [""United States""], [""United States""], [""United States""], [""Canada""], [""Canada""]]"
38875686,"2","[[""Canada""], [""Canada""], [""United Kingdom""], [""Canada""], [""United Kingdom""], [""Canada""], [""Canada""]]"
38877625,"3","[[""Belgium"", ""Canada""], [""Belgium""], [""Canada""], [""Belgium""], [""Canada""]]"
38883236,"3","[[""United States""], [""Canada""], [], [""United States""]]"
38886404,"2","[[""Taiwan""], [""Canada""]]"
38886757,"2","[[""Canada""], [""United States""], [""Canada""], [""Canada""], [""Canada""], [""Canada""]]"
38892107,"3","[[""Canada""], [""Canada""], [""China""], [""Ireland""], [""Ireland""], [""Ireland""]]"
38893608,"2","[[""Canada""], [""Chile""], [""Canada""], [""Canada""]]"
38897481,"18","[[""United States""], [""Norway""], [""Sweden""], [""United Kingdom""], [""United States""], [""United States"", ""United Kingdom""], [""United States""], [""United States""], [""United States""], [""Italy""], [""United States""], [""Australia""], [""Australia""], [""Australia""], [""United States""], [""Italy""], [""Canada""], [""United States""], [""Australia""], [""Canada""], [""Canada""], [""United States""], [""United States""], [""Italy""], [""United States""], [""Greece""], [""Croatia""], [""Greece""], [""Canada""], [""Australia""], [""Switzerland""], [""France""], [""Sweden"", ""Norway""], [""Sweden""], [""United States""], [""United Kingdom""], [""Austria""], [""Germany""], [""Australia""], [""Norway"", ""Spain""], [""Austria""], [""Netherlands""], [""Canada""], [""Canada"", ""Germany""], [""Germany""], [""Australia""], [""Canada""], [""United Kingdom""], [""United States""]]"
38900844,"2","[[""Canada""], [""United States""], [""United States""], [""United States""]]"
38900978,"2","[[""United States""], [""Canada""], [""Canada""]]"
38902526,"3","[[""Canada""], [""Canada""], [""Canada""], [""Canada""], [""United States""], [""United States""], [""Czechia""], [""Canada""], [""Canada""], [""Canada""], [""Canada""], [""Canada""], [""Canada""]]"
38903456,"3","[[""Switzerland""], [""Canada""], [""France""]]"
38906254,"3","[[""France""], [""France""], [""France""], [""France""], [""France""], [""France""], [""France""], [""France""], [""France""], [""France""], [""Canada""], [""France""], [""France""], [""France""], [""France""], [""France""], [""France""], [""Canada""], [""France""], [""France"", ""Argentina""], [""France""]]"
38909067,"2","[[""Canada""], [""Canada""], [""Canada""], [""United Kingdom""]]"
38914299,"2","[[""Saudi Arabia"", ""Canada""], [""Canada""], [""Canada""]]"
38921945,"2","[[""Mexico""], [""Canada""], [""Canada""], [""Canada""], [""Canada""]]"
38924670,"3","[[""United States""], [""United States""], [""Canada""], [""United States""], [""Georgia""], [""United States""], [""United States""], [""United States""], [""United States""], [""United States""]]"
38926357,"2","[[""Canada""], [""Canada""], [""Germany""]]"
38929789,"3","[[""Italy""], [""Italy""], [""Italy""], [""Italy""], [""Italy""], [""Italy""], [""Germany""], [""Italy""], [""Italy""], [""Italy""], [""Italy""], [""Italy""], [""Italy""], [""Italy""], [""Italy""], [""Italy""], [""Italy""], [""Italy""], [""Canada""]]"
38930089,"2","[[""United States""], [""United States""], [""United States""], [""United States""], [""United States""], [""United States""], [""Canada""], [""United States""]]"
38937342,"3","[[""United States""], [""United States""], [""Thailand""], [""United States""], [""United States""], [""United States""], [""United States""], [""United States""], [""Canada""]]"
38946948,"3","[[""United States""], [""United States""], [""United States""], [""United States""], [""Israel""], [""Canada""], [""Canada""], [""Canada""]]"
38951605,"5","[[""Iran""], [""Australia""], [""United States""], [""Korea, Republic of""], [""Iran""], [""Canada""]]"
38951965,"2","[[""China""], [""China""], [""China""], [""China""], [""Canada""]]"
38960508,"4","[[""United States""], [""United Kingdom""], [""United States""], [""United States""], [""Australia""], [""United States""], [""United States""], [""Canada""]]"
38961754,"2","[[""Canada""], [""United States""], [""Canada""], [""Canada""]]"
38966539,"2","[[""Canada""], [""Vietnam""]]"
38968776,"2","[[""Canada""], [""Switzerland""], [""Canada""], [""Canada""]]"
38970585,"7","[[""India""], [""Canada""], [""United States""], [""United States""], [""United States""], [""Turkey""], [""United States""], [""Georgia""], [""United States""], [""United States""], [""Russia""], [""United States""], [""Egypt""], [""Turkey""], [""United States""]]"
38973606,"2","[[""Serbia""], [""Canada""], [""Serbia""]]"
38980209,"2","[[""United States""], [""United States""], [""United States""], [""Canada""]]"
38981435,"2","[[""Germany""], [""Canada""]]"
38985728,"4","[[""Nigeria""], [""South Africa""], [""Nigeria""], [""Nigeria""], [""Canada""], [""United Kingdom""]]"
38986153,"2","[[""United States""], [""United States""], [""Canada""], [""United States""], [""United States""], [""United States""]]"
38987940,"3","[[""Germany""], [""Germany""], [""Germany""], [""Canada""], [""Germany""], [""Switzerland""]]"
38992042,"2","[[""Canada""], [""Canada""], [""Canada""], [""Canada""], [""United States""]]"
38994429,"3","[[""Canada""], [""Canada""], [""Spain""], [""Canada""], [""Canada""], [""China""], [""China""], [""China""], [""Canada""], [""Canada""], [""Canada""]]"
39001410,"2","[[""United States""], [""Canada""], [""United States""]]"
39002043,"3","[[""Canada""], [""United States""], [""Canada""], [""United States""], [""Jersey""]]"
39009063,"2","[[""Belgium""], [""Belgium""], [""Canada""]]"
39012781,"5","[[""Australia""], [""Australia""], [""Australia""], [""Chile""], [""Canada""], [""Australia""], [""Australia""], [""Brazil""], [""Taiwan""], [""Australia""]]"
39013639,"3","[[""Canada""], [""United Kingdom""], [""United States""], [""Canada""], [""United States""], [""Canada""]]"
39015068,"2","[[""United States""], [""Canada""], [""United States""], [""United States""]]"
