"pid","countries","x","modalities","modalities2"
"28601499","[""Australia"", ""Canada""]","[""fMRI""], [""fMRI""]","[""fMRI""]","[""fMRI""]"
"28651909","[""Canada"", ""China""]","[""Computerized Cambridge Neurocognitive Test Automated Battery"", ""Short version of the Wechsler Adult Intelligence Scale-Revised in China"", ""Immediate and delayed logical memory of the Wechsler Memory Scale-Revised in China""], [""cognitive tests""]","[""Computerized Cambridge Neurocognitive Test Automated Battery"", ""Short version of the Wechsler Adult Intelligence Scale-Revised in China"", ""Immediate and delayed logical memory of the Wechsler Memory Scale-Revised in China""]","[""cognitive tests""]"
"28756487","[""Canada"", ""France"", ""United Kingdom""]","[""anatomical"", ""functional""], [""voice-sensitive cortex"", ""functional voice activity""]","[""anatomical"", ""functional""]","[""voice-sensitive cortex"", ""functional voice activity""]"
"28771699","[""Brazil"", ""Canada"", ""Israel""]","[""Checkerboard DNA-DNA hybridisation""], [""DNA-DNA hybridisation""]","[""Checkerboard DNA-DNA hybridisation""]","[""DNA-DNA hybridisation""]"
"28853237","[""Canada"", ""Russia""]","[""Optical Coherence Tomography""], [""optical coherence tomography""]","[""Optical Coherence Tomography""]","[""optical coherence tomography""]"
"28869436","[""Canada"", ""China""]","[""Lower Limbs Rehabilitation Robot""], [""Robot"", ""Device""]","[""Lower Limbs Rehabilitation Robot""]","[""Robot"", ""Device""]"
"28952798","[""Canada"", ""United States""]","[""Medical""], [""Blood Pressure"", ""Systolic BP"", ""Diastolic BP""]","[""Medical""]","[""Blood Pressure"", ""Systolic BP"", ""Diastolic BP""]"
"28968847","[""Canada"", ""Germany"", ""United States""]","[""MRI""], [""MRI""]","[""MRI""]","[""MRI""]"
"28981875","[""Canada"", ""Germany"", ""Turkey"", ""United States""]","[""Nil""], [""Text"", ""Audio""]","[""Nil""]","[""Text"", ""Audio""]"
"28987903","[""Canada""]","[""MR""], [""Cardiac Images (MR sequences)""]","[""MR""]","[""Cardiac Images (MR sequences)""]"
"29043544","[""Canada"", ""Poland"", ""United Kingdom""]","[""Transcranial Doppler (TCD)"", ""Intracranial pressure (ICP)"", ""Cortical laser Doppler flowmetry (LDF)""], [""Transcranial Doppler"", ""Intracranial pressure"", ""Cortical laser Doppler flowmetry""]","[""Transcranial Doppler (TCD)"", ""Intracranial pressure (ICP)"", ""Cortical laser Doppler flowmetry (LDF)""]","[""Transcranial Doppler"", ""Intracranial pressure"", ""Cortical laser Doppler flowmetry""]"
"29065782","[""Canada""]","[""Clinical""], [""Surgery"", ""Medicine""]","[""Clinical""]","[""Surgery"", ""Medicine""]"
"29071211","[""Canada""]","[""Myelin"", ""T1-weighted MRI""], [""Myelin Maps"", ""T1-weighted MRI""]","[""Myelin"", ""T1-weighted MRI""]","[""Myelin Maps"", ""T1-weighted MRI""]"
"29084099","[""Canada""]","[""Sensorimotor"", ""Visuospatial attention"", ""Working Memory"", ""Executive Function""], [""Robotics"", ""Sensorimotor""]","[""Sensorimotor"", ""Visuospatial attention"", ""Working Memory"", ""Executive Function""]","[""Robotics"", ""Sensorimotor""]"
"29098645","[""Canada"", ""China"", ""Netherlands""]","[""Cognitive features""], [""Cognitive features""]","[""Cognitive features""]","[""Cognitive features""]"
"29128490","[""Australia"", ""Canada""]","[""EEG""], [""EEG""]","[""EEG""]","[""EEG""]"
"29169029","[""Canada""]","[""Electron Microscopy"", ""CT"", ""MRI""], [""Electron Microscopy"", ""CT images"", ""MRI""]","[""Electron Microscopy"", ""CT"", ""MRI""]","[""Electron Microscopy"", ""CT images"", ""MRI""]"
"29193460","[""Canada""]","[""Imaging"", ""Robotics""], [""diffusion_tensor_imaging"", ""robotic""]","[""Imaging"", ""Robotics""]","[""diffusion_tensor_imaging"", ""robotic""]"
"29194610","[""Canada"", ""Georgia"", ""United States""]","[""dental-related claims""], [""topical fluoride"", ""dental sealants""]","[""dental-related claims""]","[""topical fluoride"", ""dental sealants""]"
"29244902","[""Canada""]","[""Electronic portal imaging device (EPID)"", ""Tumor position""], [""Electronic Portal Imaging Device""]","[""Electronic portal imaging device (EPID)"", ""Tumor position""]","[""Electronic Portal Imaging Device""]"
"29251172","[""Canada"", ""Russia"", ""United States""]","[""Gene expression profile""], [""gene expression""]","[""Gene expression profile""]","[""gene expression""]"
"29254878","[""Canada"", ""United States""]","[""Self-report"", ""Likert scale""], [""self-report""]","[""Self-report"", ""Likert scale""]","[""self-report""]"
"29268169","[""Canada"", ""China"", ""France"", ""Poland"", ""United States""]","[""MICCAI""], [""X-ray"", ""Computed Tomography""]","[""MICCAI""]","[""X-ray"", ""Computed Tomography""]"
"29272464","[""Canada"", ""Czechia"", ""Germany"", ""Turkey"", ""United States""]","[""Structural magnetic resonance imaging scans (MRI)""], [""MRI scans""]","[""Structural magnetic resonance imaging scans (MRI)""]","[""MRI scans""]"
"29274736","[""Canada"", ""Mexico"", ""United Kingdom""]","[""Tissue Density Estimates"", ""Cortical Thickness""], [""magnetic resonance images""]","[""Tissue Density Estimates"", ""Cortical Thickness""]","[""magnetic resonance images""]"
"29288983","[""Canada"", ""France"", ""United States""]","[""T2-weighted"", ""T1-weighted"", ""T2* weighted"", ""Diffusion-weighted""], [""MRI""]","[""T2-weighted"", ""T1-weighted"", ""T2* weighted"", ""Diffusion-weighted""]","[""MRI""]"
"29294157","[""Canada""]","[""Computed Tomography""], [""CT scans""]","[""Computed Tomography""]","[""CT scans""]"
"29300432","[""Canada""]",NULL,"[""Bedside clinical assessment""]",NULL
"29304138","[""Canada""]","[""Histopathological images"", ""Ki67 scores""], [""image"", ""pathology""]","[""Histopathological images"", ""Ki67 scores""]","[""image"", ""pathology""]"
"29306928","[""Canada"", ""Iran"", ""United States""]",NULL,"[""Genetic data""]",NULL
"29321970","[""Canada"", ""Japan""]","[""EEG"", ""fMRI""], [""EEG"", ""fMRI""]","[""EEG"", ""fMRI""]","[""EEG"", ""fMRI""]"
"29334038","[""Canada""]","[""MRI""], [""MRI"", ""Neuronavigation""]","[""MRI""]","[""MRI"", ""Neuronavigation""]"
"29335008","[""Australia"", ""Canada"", ""United Kingdom""]","[""16S"", ""Shotgun metagenomics""], [""16S rRNA gene"", ""shotgun metagenomics""]","[""16S"", ""Shotgun metagenomics""]","[""16S rRNA gene"", ""shotgun metagenomics""]"
"29336922","[""Canada""]","[""PET""], [""Images""]","[""PET""]","[""Images""]"
"29340580","[""Canada"", ""Denmark"", ""Russia"", ""South Korea"", ""United Kingdom"", ""United States""]","[""Blood Samples""], [""Hematological""]","[""Blood Samples""]","[""Hematological""]"
"29344313","[""Canada""]","[""Genomic Data""], [""DNA methylation""]","[""Genomic Data""]","[""DNA methylation""]"
"29346286","[""Canada""]",NULL,NULL,"[]"
"29354080","[""Canada""]","[""Audio"", ""Physiological""], [""audio"", ""physiological""]","[""Audio"", ""Physiological""]","[""audio"", ""physiological""]"
"29355792","[""Canada""]","[""Biomechanical"", ""Robotic""], [""force"", ""movement""]","[""Biomechanical"", ""Robotic""]","[""force"", ""movement""]"
"29356281","[""Canada"", ""United States""]","[""Physiological""], [""Energy"", ""Mood""]","[""Physiological""]","[""Energy"", ""Mood""]"
"29356346","[""Canada"", ""China""]","[""Audiogram"", ""Initial Hearing Level"", ""Time Elapse between Symptom Onset and Study Entry""], [""Audiogram"", ""Hearing level""]","[""Audiogram"", ""Initial Hearing Level"", ""Time Elapse between Symptom Onset and Study Entry""]","[""Audiogram"", ""Hearing level""]"
"29377156","[""Canada"", ""Korea, Republic of"", ""United States""]","[""prostate cancer treatment"", ""radiation therapy""], [""radiation therapy"", ""computed tomography""]","[""prostate cancer treatment"", ""radiation therapy""]","[""radiation therapy"", ""computed tomography""]"
"29378522","[""Canada""]","[""EEG""], [""Electroencephalography""]","[""EEG""]","[""Electroencephalography""]"
"29380275","[""Australia"", ""Bulgaria"", ""Canada"", ""France"", ""Thailand""]","[""Psychiatric""], [""Text""]","[""Psychiatric""]","[""Text""]"
"29391513","[""Canada"", ""Pakistan""]",NULL,"[""Medical Records""]",NULL
"29398207","[""Canada"", ""United Kingdom"", ""United States""]","[""Functional magnetic resonance imaging""], [""functional MRI""]","[""Functional magnetic resonance imaging""]","[""functional MRI""]"
"29407288","[""Canada""]",NULL,NULL,"[""Genome-wide data"", ""Self-reporting""]"
"29450848","[""Canada"", ""China""]","[""MRI""], [""T1/T2-weighted MRI scans""]","[""MRI""]","[""T1/T2-weighted MRI scans""]"
"29454222","[""Canada"", ""Czechia"", ""Germany"", ""Turkey""]","[""Magnetic Resonance Imaging"", ""Lipids and body mass index""], [""structural MRI"", ""fasting lipids"", ""body mass index""]","[""Magnetic Resonance Imaging"", ""Lipids and body mass index""]","[""structural MRI"", ""fasting lipids"", ""body mass index""]"
"29502031","[""Canada""]","[""FDG-PET""], [""FDG-PET metabolism imaging""]","[""FDG-PET""]","[""FDG-PET metabolism imaging""]"
"29539639","[""Australia"", ""Austria"", ""Canada"", ""Denmark"", ""France"", ""Germany"", ""Ireland"", ""Italy"", ""Luxembourg"", ""Netherlands"", ""Norway"", ""Russia"", ""Switzerland"", ""United Kingdom"", ""United States""]","[""DNA methylation""], [""text"", ""image"", ""audio""]","[""DNA methylation""]","[""text"", ""image"", ""audio""]"
"29540617","[""Canada"", ""United States""]",NULL,NULL,"[{""Modality"": ""Kinesthetic feedback""}, {""Modality"": ""Vision""}, {""Modality"": ""Intent""}]"
"29543895","[""Canada"", ""Switzerland""]","[""Registry data""], [""software tool"", ""model""]","[""Registry data""]","[""software tool"", ""model""]"
"29548746","[""Canada"", ""United States""]","[""Gene expression""], [""gene expression"", ""brain transcriptional profile""]","[""Gene expression""]","[""gene expression"", ""brain transcriptional profile""]"
"29550305","[""Canada"", ""Israel"", ""Switzerland"", ""United States""]","[""Medical Imaging""], [""image"", ""text""]","[""Medical Imaging""]","[""image"", ""text""]"
"29558208","[""Canada"", ""Norway"", ""United States""]","[""knee kinematics"", ""tibial internal rotation""], [""robotic testing system"", ""6 degrees of freedom""]","[""knee kinematics"", ""tibial internal rotation""]","[""robotic testing system"", ""6 degrees of freedom""]"
"29581092","[""Canada"", ""Spain"", ""United States""]","[""Typing""], [""typing""]","[""Typing""]","[""typing""]"
"29603092","[""Canada"", ""United States""]","[""CSF"", ""miRNA""], [""MicroRNA expression levels"", ""Cerebrospinal fluid""]","[""CSF"", ""miRNA""]","[""MicroRNA expression levels"", ""Cerebrospinal fluid""]"
"29606521","[""Canada"", ""France"", ""Iran""]",NULL,NULL,NULL
"29609039","[""Canada""]","[""MRI""], [""Brain MRI Images""]","[""MRI""]","[""Brain MRI Images""]"
"29616521","[""Canada""]","[""Near-infrared spectrometer""], [""Cerebral oxygenation"", ""Neurological function""]","[""Near-infrared spectrometer""]","[""Cerebral oxygenation"", ""Neurological function""]"
"29632364","[""Canada""]","[""MR"", ""PET""], [""structural MR"", ""FDG-PET images""]","[""MR"", ""PET""]","[""structural MR"", ""FDG-PET images""]"
"29636016","[""Canada"", ""Czechia"", ""Germany"", ""Turkey""]","[""Diffusion Tensor Imaging""], [""MRI""]","[""Diffusion Tensor Imaging""]","[""MRI""]"
"29642656","[""Canada""]",NULL,NULL,NULL
"29662628","[""Canada"", ""United States""]","[""gene expression""], [""gene expression""]","[""gene expression""]","[""gene expression""]"
"29664902","[""Canada""]","[""Structural"", ""Functional""], [""Structural MRI"", ""Functional MRI""]","[""Structural"", ""Functional""]","[""Structural MRI"", ""Functional MRI""]"
"29665537","[""Canada""]","[""Digital Breast Tomosynthesis""], [""2D Slices""]","[""Digital Breast Tomosynthesis""]","[""2D Slices""]"
"29673341","[""Brazil"", ""Canada""]","[""Pelvic acceleration""], [""pelvic acceleration"", ""kinematic data""]","[""Pelvic acceleration""]","[""pelvic acceleration"", ""kinematic data""]"
"29674371","[""Canada"", ""China""]","[""NCCT""], [""CT""]","[""NCCT""]","[""CT""]"
"29679492","[""Canada""]","[""DVHs"", ""organ-at-risk""], [""DVHs"", ""Clinical plans""]","[""DVHs"", ""organ-at-risk""]","[""DVHs"", ""Clinical plans""]"
"29688388","[""Canada"", ""United States""]","[""MRI"", ""Functional connectivity""], [""Grey Matter Volume"", ""Whole-Brain Resting State Functional Connectivity""]","[""MRI"", ""Functional connectivity""]","[""Grey Matter Volume"", ""Whole-Brain Resting State Functional Connectivity""]"
"29689632","[""Canada""]","[""Ultrasound""], [""Ultrasound""]","[""Ultrasound""]","[""Ultrasound""]"
"29693792","[""Brazil"", ""Canada"", ""China"", ""United States""]","[""Proteomics""], [{""Description"": ""text data""}, {""Description"": ""image data""}, {""Description"": ""audio data""}]","[""Proteomics""]","[{""Description"": ""text data""}, {""Description"": ""image data""}, {""Description"": ""audio data""}]"
"29708944","[""Canada"", ""Turkey"", ""United States""]","[""Functional Connectivity""], [""brain imaging""]","[""Functional Connectivity""]","[""brain imaging""]"
"29747532","[""Belgium"", ""Canada"", ""Netherlands"", ""United Kingdom""]","[""EEG""], [""EEG""]","[""EEG""]","[""EEG""]"
"29748112","[""Canada""]","[""Video""], [""Video""]","[""Video""]","[""Video""]"
"29753765","[""Austria"", ""Canada"", ""Germany"", ""Israel"", ""Italy"", ""Netherlands"", ""Portugal"", ""Saudi Arabia"", ""South Korea"", ""Switzerland"", ""United States""]","[""Imaging"", ""Cardiology""], [""CT"", ""MRI""]","[""Imaging"", ""Cardiology""]","[""CT"", ""MRI""]"
"29766373","[""Canada""]","[""MRI""], [""MRI""]","[""MRI""]","[""MRI""]"
"29766490","[""Canada"", ""France"", ""Monaco""]",NULL,NULL,NULL
"29766558","[""Canada"", ""United States""]","[""Text"", ""Numerical""], [""Text""]","[""Text"", ""Numerical""]","[""Text""]"
"29775951","[""Canada""]","[""Retinal Blood Vessel""], [""Image""]","[""Retinal Blood Vessel""]","[""Image""]"
"29779671","[""Canada"", ""Georgia"", ""United States""]","[""Functional magnetic resonance imaging (fMRI)""], [""Psychological Data""]","[""Functional magnetic resonance imaging (fMRI)""]","[""Psychological Data""]"
"29780871","[""Canada"", ""Mexico""]","[""Audio"", ""Text""], [""Audio"", ""Text""]","[""Audio"", ""Text""]","[""Audio"", ""Text""]"
"29801696","[""Canada"", ""China""]","[""Plain Text"", ""Structured Database""], [""Text"", ""Structured dataset""]","[""Plain Text"", ""Structured Database""]","[""Text"", ""Structured dataset""]"
"29803920","[""Canada""]","[""Anterior-posterior (AP)"", ""Lateral (LAT)""], [""Anterior-posterior (AP)"", ""Lateral (LAT)""]","[""Anterior-posterior (AP)"", ""Lateral (LAT)""]","[""Anterior-posterior (AP)"", ""Lateral (LAT)""]"
"29844507","[""Canada"", ""South Korea"", ""United States""]","[""Macrostructural MRI"", ""Microstructural diffusion tensor imaging (DTI)""], [{""Modality"": ""Brain MRI""}, {""Modality"": ""Diffusion tensor imaging (DTI)""}]","[""Macrostructural MRI"", ""Microstructural diffusion tensor imaging (DTI)""]","[{""Modality"": ""Brain MRI""}, {""Modality"": ""Diffusion tensor imaging (DTI)""}]"
"29844511","[""Canada"", ""China""]",NULL,NULL,NULL
"29860189","[""Canada""]","[""Nasal airflow""], [""Nasal airflow""]","[""Nasal airflow""]","[""Nasal airflow""]"
"29886760","[""Canada"", ""United States""]","[""Medical""], None","[""Medical""]","None"
"29869321","[""Canada"", ""Japan"", ""Portugal"", ""United States""]","[""3D ultrasound""], [""3D ultrasound"", ""image""]","[""3D ultrasound""]","[""3D ultrasound"", ""image""]"
"29879201","[""Canada""]","[""nursing notes""], [""Text""]","[""nursing notes""]","[""Text""]"
"29886268","[""Canada"", ""United States""]","[""Ultrasound""], [""Ultrasound Images"", ""MRI Data"", ""Temporal Information""]","[""Ultrasound""]","[""Ultrasound Images"", ""MRI Data"", ""Temporal Information""]"
"29889330","[""Austria"", ""Canada"", ""France"", ""Germany"", ""Ireland"", ""United Kingdom"", ""United States""]",NULL,NULL,"[""fMRI"", ""EEG""]"
"29890954","[""Canada""]","[""MRSA Colonization"", ""Electronic Records""], [""Text""]","[""MRSA Colonization"", ""Electronic Records""]","[""Text""]"
"29893482","[""Canada""]",NULL,NULL,"[""robot"", ""needle insertion""]"
"29905649","[""Canada""]","[""Functional MRI""], [""MRI""]","[""Functional MRI""]","[""MRI""]"
"29905656","[""Canada"", ""United States""]","[""Functional magnetic resonance imaging""], [""Blood oxygenation-level-dependent (BOLD) signal"", ""Pain ratings"", ""Stimulus temperatures""]","[""Functional magnetic resonance imaging""]","[""Blood oxygenation-level-dependent (BOLD) signal"", ""Pain ratings"", ""Stimulus temperatures""]"
"29921920","[""Canada"", ""China"", ""United States""]","[""Functional connectivity data""], [""Blood-Oxygen-Level Dependent Signals""]","[""Functional connectivity data""]","[""Blood-Oxygen-Level Dependent Signals""]"
"29923104","[""Canada"", ""Israel"", ""Taiwan"", ""United States""]","[""SPECT"", ""CT"", ""MRI""], [""Imaging""]","[""SPECT"", ""CT"", ""MRI""]","[""Imaging""]"
"29949021","[""Canada"", ""Mexico""]","[""2D"", ""3D""], [""2D and 3D images"", ""stereoradiographic 3D reconstruction""]","[""2D"", ""3D""]","[""2D and 3D images"", ""stereoradiographic 3D reconstruction""]"
"29964127","[""Canada""]","[""Microsoft Azure Machine Learning Studio""], [""Text""]","[""Microsoft Azure Machine Learning Studio""]","[""Text""]"
"29969172","[""Canada""]","[""Imaging""], [""Demographic"", ""Clinical"", ""Imaging and Operative Data""]","[""Imaging""]","[""Demographic"", ""Clinical"", ""Imaging and Operative Data""]"
"29971330","[""Canada"", ""Georgia"", ""Israel"", ""United States""]","[""Neuroanatomical Maturity""], {""T1-weighted_magnetic_resonance_images"": true}","[""Neuroanatomical Maturity""]","{""T1-weighted_magnetic_resonance_images"": true}"
"29980214","[""Canada"", ""China"", ""United States""]","[""Medical imaging"", ""Radiation therapy""], [""2D Dose Map"", ""3D Dose Data""]","[""Medical imaging"", ""Radiation therapy""]","[""2D Dose Map"", ""3D Dose Data""]"
"30005591","[""Canada"", ""Japan""]","[""Gene Expression Omnibus""], [""genes"", ""proteins""]","[""Gene Expression Omnibus""]","[""genes"", ""proteins""]"
"30010088","[""Canada""]","[""Electrocardiogram""], [""ECG""]","[""Electrocardiogram""]","[""ECG""]"
"30012102","[""Canada""]","[""MRI"", ""Cerebrospinal fluid samples""], [""MRI"", ""CT scan""]","[""MRI"", ""Cerebrospinal fluid samples""]","[""MRI"", ""CT scan""]"
"30012686","[""Canada""]","[""Functional magnetic resonance imaging (fMRI)""], [""Brain Imaging""]","[""Functional magnetic resonance imaging (fMRI)""]","[""Brain Imaging""]"
"30015242","[""Canada""]",NULL,NULL,"[""Human"", ""Machine""]"
"30020426","[""Bangladesh"", ""Canada"", ""Nepal"", ""Turkey"", ""United States""]","[""Plasma antibody responses"", ""Immunoglobulin A responses""], [""plasma antibody responses""]","[""Plasma antibody responses"", ""Immunoglobulin A responses""]","[""plasma antibody responses""]"
"30025851","[""Canada"", ""China"", ""Czechia"", ""Finland"", ""France"", ""Germany"", ""Italy"", ""Romania"", ""Spain"", ""United Kingdom""]",NULL,"[""Neuroscience""]",NULL
"30046955","[""Canada"", ""China""]","[""3D ultrasound"", ""intensity""], [""Ultrasound""]","[""3D ultrasound"", ""intensity""]","[""Ultrasound""]"
"30060575","[""Canada""]","[""MRI""], [""MRI"", ""Apparent Diffusion Coefficient""]","[""MRI""]","[""MRI"", ""Apparent Diffusion Coefficient""]"
"30064263","[""Canada""]","[""dermoscopy"", ""hypodermoscopy""], [""Dermoscopy"", ""Hypodermoscopy""]","[""dermoscopy"", ""hypodermoscopy""]","[""Dermoscopy"", ""Hypodermoscopy""]"
"30064477","[""Canada"", ""Italy""]","[""Audio"", ""Myoelectric""], [""Audio"", ""Robotics""]","[""Audio"", ""Myoelectric""]","[""Audio"", ""Robotics""]"
"30084192","[""Canada"", ""China"", ""Mexico"", ""United States""]","[""fMRI""], {""Department of Medical Biophysics, University of Western Ontario, London, ON, Canada."": null, ""Lawson Health Research Institute, London Health Sciences Centre, London, ON, Canada."": null, ""Department of Psychiatry, University of Western Ontario Schulich School of Medicine and Dentistry, London, ON, Canada."": null}","[""fMRI""]","{""Department of Medical Biophysics, University of Western Ontario, London, ON, Canada."": null, ""Lawson Health Research Institute, London Health Sciences Centre, London, ON, Canada."": null, ""Department of Psychiatry, University of Western Ontario Schulich School of Medicine and Dentistry, London, ON, Canada."": null}"
"30089110","[""Canada"", ""Georgia"", ""United States""]","[""thoracic phase signals""], [""electrophysiology""]","[""thoracic phase signals""]","[""electrophysiology""]"
"30089915","[""Canada"", ""Finland"", ""United States""]","[""Genomics""], [""Genomics""]","[""Genomics""]","[""Genomics""]"
"30091677","[""Canada"", ""Poland"", ""United Kingdom""]","[""ICP"", ""TCD""], [""transcranial Doppler"", ""intracranial pressure""]","[""ICP"", ""TCD""]","[""transcranial Doppler"", ""intracranial pressure""]"
"30099076","[""Australia"", ""Canada"", ""Denmark"", ""France"", ""Japan"", ""Mexico"", ""Spain"", ""United States""]","[""Computerized tomography"", ""Magnetic resonance imaging""], [""Image"", ""Text"", ""Audio""]","[""Computerized tomography"", ""Magnetic resonance imaging""]","[""Image"", ""Text"", ""Audio""]"
"30104567","[""Austria"", ""Canada"", ""China"", ""Czechia"", ""Denmark"", ""France"", ""Germany"", ""Greece"", ""Israel"", ""Italy"", ""Korea, Republic of"", ""Netherlands"", ""Norway"", ""Poland"", ""Romania"", ""Serbia"", ""Singapore"", ""Spain"", ""Sweden"", ""United Kingdom"", ""United States""]",NULL,NULL,"[""text"", ""image""]"
"30111303","[""Canada""]",NULL,NULL,"[""Maternal characteristics"", ""Gestational weight gain""]"
"30114914","[""Canada"", ""United States""]","[""Chemical features""], [""Chemical features"", ""Continuous molecular descriptors""]","[""Chemical features""]","[""Chemical features"", ""Continuous molecular descriptors""]"
"30121208","[""Canada""]","[""magnetic resonance imaging"", ""transcranial magnetic stimulation""], [""TMS"", ""MRI""]","[""magnetic resonance imaging"", ""transcranial magnetic stimulation""]","[""TMS"", ""MRI""]"
"30132040","[""Canada"", ""Switzerland"", ""United States""]","[""Functional magnetic resonance imaging (fMRI)""], [""Functional MRI""]","[""Functional magnetic resonance imaging (fMRI)""]","[""Functional MRI""]"
"30132089","[""Australia"", ""Canada""]","[""Multiphase CT""], [""X-Ray"", ""CT Scan""]","[""Multiphase CT""]","[""X-Ray"", ""CT Scan""]"
"30135484","[""Canada"", ""Saudi Arabia"", ""Yemen""]","[""Microwave sensing""], [""microwave sensing""]","[""Microwave sensing""]","[""microwave sensing""]"
"30150560","[""Canada""]","[""3-dimensional (3D) linear accelerations""], [""linear accelerations"", ""3D""]","[""3-dimensional (3D) linear accelerations""]","[""linear accelerations"", ""3D""]"
"30155514","[""Canada""]","[""Cognitive"", ""Motor""], [{""Modality"": ""Cognitive"", ""Variables"": [""executive"", ""attentional"", ""visuoperceptive""]}, {""Modality"": ""Motor"", ""Variables"": null}]","[""Cognitive"", ""Motor""]","[{""Modality"": ""Cognitive"", ""Variables"": [""executive"", ""attentional"", ""visuoperceptive""]}, {""Modality"": ""Motor"", ""Variables"": null}]"
"30155789","[""Canada"", ""France"", ""Germany"", ""Netherlands"", ""Spain"", ""Switzerland"", ""United Kingdom""]","[""Imaging""], [""Imaging""]","[""Imaging""]","[""Imaging""]"
"30170769","[""Bangladesh"", ""Canada""]","[""EEG"", ""EOG""], [""EEG"", ""EOG""]","[""EEG"", ""EOG""]","[""EEG"", ""EOG""]"
"30171211","[""Australia"", ""Brazil"", ""Canada"", ""Colombia"", ""France"", ""Germany"", ""Ireland"", ""Mexico"", ""Netherlands"", ""Norway"", ""South Africa"", ""Spain"", ""Sweden"", ""United Kingdom"", ""United States""]",NULL,"[""structural MRI""]",NULL
"30172227","[""Australia"", ""Canada""]","[""EEG""], [""EEG""]","[""EEG""]","[""EEG""]"
"30185806","[""Canada"", ""South Korea""]","[""Fluorodeoxyglucose (FDG)"", ""Single photon emission computed tomography""], [""PET"", ""FDG""]","[""Fluorodeoxyglucose (FDG)"", ""Single photon emission computed tomography""]","[""PET"", ""FDG""]"
"30186761","[""Canada"", ""Israel"", ""United States""]","[""Fluorodeoxyglucose positron emission tomography (FDG-PET)"", ""Imaging""], [""Fluorodeoxyglucose positron emission tomography (FDG-PET)"", ""Glucose metabolism""]","[""Fluorodeoxyglucose positron emission tomography (FDG-PET)"", ""Imaging""]","[""Fluorodeoxyglucose positron emission tomography (FDG-PET)"", ""Glucose metabolism""]"
"30187575","[""Austria"", ""Canada""]","[""Dermatoscopic images"", ""Macroscopic images""], [""dermatoscopic image"", ""macroscopic image""]","[""Dermatoscopic images"", ""Macroscopic images""]","[""dermatoscopic image"", ""macroscopic image""]"
"30207594","[""Canada"", ""Italy""]","[""Image""], [""Images""]","[""Image""]","[""Images""]"
"30209345","[""Brazil"", ""Canada"", ""France"", ""Spain"", ""Sweden"", ""Switzerland"", ""United States""]","[], [""Computer Vision and Robotics (VICOROB)"", ""Medical Image Analysis Lab"", ""Department of Radiology, Children's Hospital""]","[]","[""Computer Vision and Robotics (VICOROB)"", ""Medical Image Analysis Lab"", ""Department of Radiology, Children's Hospital""]"
"30216140","[""Canada"", ""Turkey"", ""United States""]","[""Neural""], [""Neural features"", ""Intention to move in a direction""]","[""Neural""]","[""Neural features"", ""Intention to move in a direction""]"
"30216352","[""Canada""]","[""Magnetic resonance (MR) imaging"", ""Genetic"", ""Clinical""], [""Magnetic Resonance Imaging (MRI)"", ""Genetic variables"", ""Clinical variables""]","[""Magnetic resonance (MR) imaging"", ""Genetic"", ""Clinical""]","[""Magnetic Resonance Imaging (MRI)"", ""Genetic variables"", ""Clinical variables""]"
"30216362","[""Canada""]","[""microarray""], [""Image data"", ""Clinical data""]","[""microarray""]","[""Image data"", ""Clinical data""]"
"30218110","[""Canada"", ""Germany""]","[""Magnetic Resonance Imaging""], [""MRI"", ""clinical data""]","[""Magnetic Resonance Imaging""]","[""MRI"", ""clinical data""]"
"30229903","[""Canada"", ""Germany"", ""Ireland"", ""Israel"", ""Italy"", ""Spain"", ""Sweden"", ""United Kingdom""]",NULL,NULL,"[]"
"30243203","[""Canada""]","[""robotic technology"", ""Repeatable Battery for the Assessment of Neuropsychological Status (RBANS)""], [""Cognitive"", ""Sensorimotor""]","[""robotic technology"", ""Repeatable Battery for the Assessment of Neuropsychological Status (RBANS)""]","[""Cognitive"", ""Sensorimotor""]"
"30243670","[""Canada""]","[""MR""], [""MRI""]","[""MR""]","[""MRI""]"
"30252978","[""Canada"", ""China"", ""United States""]","[""3.0T MRI"", ""T2 -weighted (T2 W) and multi-b-value diffusion-weighted (DW) sequences"", ""Apparent diffusion coefficient maps""], [""MRI"", ""T2-weighted images"", ""Diffusion-weighted images""]","[""3.0T MRI"", ""T2 -weighted (T2 W) and multi-b-value diffusion-weighted (DW) sequences"", ""Apparent diffusion coefficient maps""]","[""MRI"", ""T2-weighted images"", ""Diffusion-weighted images""]"
"30262516","[""Canada"", ""United States""]","[""Medical Imaging"", ""Echocardiography""], [""Imaging"", ""Clinical""]","[""Medical Imaging"", ""Echocardiography""]","[""Imaging"", ""Clinical""]"
"30267208","[""Canada"", ""Poland"", ""United Kingdom""]","[""Doppler""], [""electrophysiological data"", ""pressure measurements""]","[""Doppler""]","[""electrophysiological data"", ""pressure measurements""]"
"30300751","[""Canada"", ""China"", ""France"", ""Italy"", ""Japan"", ""Sweden"", ""United Kingdom"", ""United States""]","[""MRI""], [{""MRI"": ""Yes""}, {""CT"": ""No""}]","[""MRI""]","[{""MRI"": ""Yes""}, {""CT"": ""No""}]"
"30301895","[""Canada"", ""Germany"", ""Sweden"", ""United States""]",NULL,NULL,"[""Image""]"
"30337065","[""Canada"", ""Netherlands"", ""Spain"", ""Turkey"", ""United States""]","[""echocardiograms""], [""echocardiogram""]","[""echocardiograms""]","[""echocardiogram""]"
"30306886","[""Canada""]","[""Resting-state mALFF"", ""Amygdala complex functional connectivity""], [""fMRI""]","[""Resting-state mALFF"", ""Amygdala complex functional connectivity""]","[""fMRI""]"
"30336070","[""Canada"", ""United States""]","[""robot""], [""humanoid robot's mental state"", ""gaze cues""]","[""robot""]","[""humanoid robot's mental state"", ""gaze cues""]"
"30336363","[""Canada"", ""Mexico""]","[""3D spine models"", ""biplanar X-rays""], [""3D spine models"", ""X-rays""]","[""3D spine models"", ""biplanar X-rays""]","[""3D spine models"", ""X-rays""]"
"30340027","[""Canada"", ""United States""]","[""Histopathology images""], [""Image""]","[""Histopathology images""]","[""Image""]"
"30352783","[""Canada""]","[""Magnetic Resonance Imaging""], [""MRI""]","[""Magnetic Resonance Imaging""]","[""MRI""]"
"30354561","[""Canada"", ""United States""]","[""Breath-by-breath"", ""Time-series""], [""Breath-by-Breath Data""]","[""Breath-by-breath"", ""Time-series""]","[""Breath-by-Breath Data""]"
"30367117","[""Canada"", ""United States""]","[""RNA-seq""], [""genomics"", ""epidemiology""]","[""RNA-seq""]","[""genomics"", ""epidemiology""]"
"30381856","[""Canada"", ""United States""]","[""liquid chromatography coupled with mass spectrometry"", ""proton nuclear magnetic resonance spectroscopy-based metabolomics"", ""targeted proteomics analysis""], [""Metabolomics"", ""Proteomics""]","[""liquid chromatography coupled with mass spectrometry"", ""proton nuclear magnetic resonance spectroscopy-based metabolomics"", ""targeted proteomics analysis""]","[""Metabolomics"", ""Proteomics""]"
"30383850","[""Canada""]",NULL,NULL,"[""Demographic data""]"
"30409057","[""Canada"", ""Turkey"", ""United States""]","[""Acoustic"", ""Lip Movement"", ""Tongue Movement""], [""Acoustic"", ""Lip movement"", ""Tongue movement""]","[""Acoustic"", ""Lip Movement"", ""Tongue Movement""]","[""Acoustic"", ""Lip movement"", ""Tongue movement""]"
"30412826","[""Canada""]","[""Magnetic Resonance Imaging (MRI)""], [""Graph"", ""Image""]","[""Magnetic Resonance Imaging (MRI)""]","[""Graph"", ""Image""]"
"30427892","[""Canada"", ""Mexico""]","[""Thermographic scans""], [""Healing by re-epithelization"", ""Requiring skin grafts"", ""Requiring amputations""]","[""Thermographic scans""]","[""Healing by re-epithelization"", ""Requiring skin grafts"", ""Requiring amputations""]"
"30439793","[""Canada"", ""Turkey""]","[""Blood Pressure"", ""Laboratory Test Results""], [""blood pressure"", ""laboratory test results""]","[""Blood Pressure"", ""Laboratory Test Results""]","[""blood pressure"", ""laboratory test results""]"
"30442636","[""Canada""]","[""Pain Scores""], [""Pain Scores""]","[""Pain Scores""]","[""Pain Scores""]"
"30459321","[""Australia"", ""Canada"", ""Netherlands"", ""United States""]","[""Genetics""], [""Images"", ""Text""]","[""Genetics""]","[""Images"", ""Text""]"
"30461117","[""Australia"", ""Canada""]",NULL,NULL,"[""Alcohol use""]"
"30463545","[""Canada"", ""China"", ""Georgia""]",NULL,NULL,"[""EMRs""]"
"30464478","[""Canada"", ""South Korea""]","[""Questionnaire""], [""KDSQ"", ""MMSE""]","[""Questionnaire""]","[""KDSQ"", ""MMSE""]"
"30465152","[""Canada""]","[""ECG""], [""ECG"", ""LV endocardial pacing""]","[""ECG""]","[""ECG"", ""LV endocardial pacing""]"
"30481208","[""Canada"", ""Israel""]","[""CBC""], [""Blood test results"", ""Demographic data""]","[""CBC""]","[""Blood test results"", ""Demographic data""]"
"30497186","[""Canada"", ""Turkey""]","[""Eye movement data""], [""Saccade""]","[""Eye movement data""]","[""Saccade""]"
"30498017","[""Canada"", ""South Korea"", ""Turkey""]","[""NCCT"", ""Diffusion-Weighted Imaging""], [""CT scans"", ""DWI images""]","[""NCCT"", ""Diffusion-Weighted Imaging""]","[""CT scans"", ""DWI images""]"
"30503831","[""Canada"", ""United States""]",NULL,NULL,"[""miRNA"", ""beta-cell function"", ""insulin sensitivity""]"
"30509988","[""Canada"", ""Czechia"", ""Turkey"", ""United States""]","[""Nanoscale-resolution scanning"", ""Atomic force microscopy (AFM)"", ""Subresonance tapping""], [""nanoscale-resolution scanning""]","[""Nanoscale-resolution scanning"", ""Atomic force microscopy (AFM)"", ""Subresonance tapping""]","[""nanoscale-resolution scanning""]"
"30517157","[""Brazil"", ""Canada"", ""United States""]","[""Optical Coherence Tomography (OCT)"", ""Standard Automated Perimetry (SAP)""], [""Optical Coherence Tomography"", ""Standard Automated Perimetry""]","[""Optical Coherence Tomography (OCT)"", ""Standard Automated Perimetry (SAP)""]","[""Optical Coherence Tomography"", ""Standard Automated Perimetry""]"
"30518697","[""Australia"", ""Canada""]","[""plasma"", ""miRNA""], [""Plasma miRNA profiles"", ""Other""]","[""plasma"", ""miRNA""]","[""Plasma miRNA profiles"", ""Other""]"
"30519968","[""Canada""]","[""Neurocognitive performance""], [""Neuropsychological tests"", ""Imaging""]","[""Neurocognitive performance""]","[""Neuropsychological tests"", ""Imaging""]"
"30522594","[""Canada"", ""United States""]","[""Registry"", ""Clinical""], [""text""]","[""Registry"", ""Clinical""]","[""text""]"
"30523141","[""Canada"", ""Turkey"", ""United States""]","[""MR Imaging""], [""medical images""]","[""MR Imaging""]","[""medical images""]"
"30545401","[""Canada""]","[""16S rRNA gene amplicon sequencing""], [""genomic data""]","[""16S rRNA gene amplicon sequencing""]","[""genomic data""]"
"30552264","[""Canada""]","[""Humanoid robot interaction""], [""Text""]","[""Humanoid robot interaction""]","[""Text""]"
"30558608","[""Canada"", ""Italy""]","[""Surface electromyographic signals (sEMG)""], [""Muscle fatigue"", ""Surface electromyographic signals""]","[""Surface electromyographic signals (sEMG)""]","[""Muscle fatigue"", ""Surface electromyographic signals""]"
"30573458","[""Canada"", ""Turkey""]","[""Imaging""], [""image"", ""text""]","[""Imaging""]","[""image"", ""text""]"
"30587458","[""Canada"", ""Germany"", ""Netherlands"", ""Sweden"", ""United States""]","[""proteomics"", ""CT""], [""tomography"", ""angiography""]","[""proteomics"", ""CT""]","[""tomography"", ""angiography""]"
"30594138","[""Australia"", ""Canada"", ""Germany"", ""Greece"", ""Spain"", ""Switzerland""]",NULL,"[""Text"", ""Numerical""]",NULL
"30595082","[""Canada"", ""United States""]","[""Functional magnetic resonance imaging"", ""Proprioception""], [""Sensory Motor Networks"", ""Reaching Accuracy""]","[""Functional magnetic resonance imaging"", ""Proprioception""]","[""Sensory Motor Networks"", ""Reaching Accuracy""]"
"30603188","[""Canada""]","[""Speech""], [""speech"", ""voice""]","[""Speech""]","[""speech"", ""voice""]"
"30607709","[""Canada""]",NULL,NULL,"[{""value"": ""radiation therapy""}, {""value"": ""chemotherapy""}]"
"30614553","[""Canada""]","[""Ultrasonography""], [""Ultrasound (US)"", ""Texture features""]","[""Ultrasonography""]","[""Ultrasound (US)"", ""Texture features""]"
"30617134","[""Canada"", ""Finland"", ""Netherlands"", ""Norway"", ""Sweden"", ""United States""]","[""gene expression"", ""copy-number variation"", ""cell morphometry"", ""protein expression""], [""microarray data""]","[""gene expression"", ""copy-number variation"", ""cell morphometry"", ""protein expression""]","[""microarray data""]"
"30620412","[""Canada"", ""Italy"", ""United States""]","[""Radiotherapy""], [""Image"", ""Text""]","[""Radiotherapy""]","[""Image"", ""Text""]"
"30622091","[""Canada""]","[""Electronic Health Records""], [{""modality"": ""laboratory tests""}]","[""Electronic Health Records""]","[{""modality"": ""laboratory tests""}]"
"30625395","[""Canada"", ""China""]","[""T1-and T2-weighted MR images""], [""MRI"", ""T1-weighted"", ""T2-weighted""]","[""T1-and T2-weighted MR images""]","[""MRI"", ""T1-weighted"", ""T2-weighted""]"
"30627654","[""Canada"", ""Switzerland""]","[""Functional magnetic resonance imaging""], [""fMRI"", ""Videos""]","[""Functional magnetic resonance imaging""]","[""fMRI"", ""Videos""]"
"30629589","[""Canada""]","[""Lung Side"", ""Platelet Count""], [""health records""]","[""Lung Side"", ""Platelet Count""]","[""health records""]"
"30644411","[""Canada"", ""Russia"", ""United Kingdom"", ""United States""]","[""Blood Biochemistry"", ""Cell Count""], [{""Modality"": ""Blood_Biochemistry"", ""Description"": null}]","[""Blood Biochemistry"", ""Cell Count""]","[{""Modality"": ""Blood_Biochemistry"", ""Description"": null}]"
"30645667","[""Canada"", ""United States""]","[""Biological data""], [{""value"": [""Text"", ""Image""]}]","[""Biological data""]","[{""value"": [""Text"", ""Image""]}]"
"30659193","[""Canada"", ""India""]","[""Resting-state brain patterns"", ""functional connectivity""], [""MRI""]","[""Resting-state brain patterns"", ""functional connectivity""]","[""MRI""]"
"30661193","[""Canada"", ""China"", ""United States""]","[""T1 contrast enhanced"", ""T2-FLAIR""], [""MRI""]","[""T1 contrast enhanced"", ""T2-FLAIR""]","[""MRI""]"
"30661578","[""Canada"", ""Taiwan""]","[""Metabolomics"", ""Transcriptomics""], [""Metabolomics""]","[""Metabolomics"", ""Transcriptomics""]","[""Metabolomics""]"
"30662456","[""Canada""]","[""Sensorimotor function"", ""Robotic""], {""Kinesthesia"": null, ""Proprioception"": null}","[""Sensorimotor function"", ""Robotic""]","{""Kinesthesia"": null, ""Proprioception"": null}"
"30686984","[""Canada""]","[""Functional Magnetic Resonance Imaging""], [""fMRI""]","[""Functional Magnetic Resonance Imaging""]","[""fMRI""]"
"30688092","[""Canada""]","[""Sensorimotor"", ""Cognitive"", ""Proprioceptive""], [{""modality"": ""sensorimotor""}, {""modality"": ""cognitive""}]","[""Sensorimotor"", ""Cognitive"", ""Proprioceptive""]","[{""modality"": ""sensorimotor""}, {""modality"": ""cognitive""}]"
"30688670","[""Canada""]",NULL,NULL,"[""text""]"
"30692945","[""Canada"", ""Egypt""]","[""EEG"", ""Clinical""], [""EEG"", ""clinical""]","[""EEG"", ""Clinical""]","[""EEG"", ""clinical""]"
"30701625","[""Canada""]","[""MRI"", ""T2-weighted"", ""Diffusion weighted imaging""], [""MRI"", ""Diffusion weighted imaging""]","[""MRI"", ""T2-weighted"", ""Diffusion weighted imaging""]","[""MRI"", ""Diffusion weighted imaging""]"
"30709363","[""Canada""]","[""Thigh"", ""Knee""], [""Knee flexion angle"", ""Thigh-segment angular velocity"", ""Thigh-segment acceleration""]","[""Thigh"", ""Knee""]","[""Knee flexion angle"", ""Thigh-segment angular velocity"", ""Thigh-segment acceleration""]"
"30709409","[""Canada""]","[""Motion"", ""Force""], [""Kinematic data (elbow movement), electromechanical signals""]","[""Motion"", ""Force""]","[""Kinematic data (elbow movement), electromechanical signals""]"
"30713485","[""Canada"", ""United States""]","[""Facial Videos""], [""facial videos"", ""computer vision algorithms""]","[""Facial Videos""]","[""facial videos"", ""computer vision algorithms""]"
"30724079","[""Canada"", ""Germany""]","[""Raman spectroscopy""], [""Raman Spectroscopy""]","[""Raman spectroscopy""]","[""Raman Spectroscopy""]"
"30734544","[""Canada""]","[""EEG"", ""fNIRS""], [""EEG"", ""fNIRS""]","[""EEG"", ""fNIRS""]","[""EEG"", ""fNIRS""]"
"30739657","[""Canada"", ""United States""]","[""Medical Imaging"", ""Clinical Data""], [""text"", ""clinical data""]","[""Medical Imaging"", ""Clinical Data""]","[""text"", ""clinical data""]"
"30739867","[""Canada""]","[""RNA sequencing"", ""Stable isotope labeling with amino acids in cell culture"", ""Reduced representative bisulfite sequencing and assay for transposase-accessible chromatin sequencing""], [{""gene_expression"": [""RNA sequencing"", ""stable isotope labeling with amino acids in cell culture""]}, {""protein_expression"": null}, {""other"": null}]","[""RNA sequencing"", ""Stable isotope labeling with amino acids in cell culture"", ""Reduced representative bisulfite sequencing and assay for transposase-accessible chromatin sequencing""]","[{""gene_expression"": [""RNA sequencing"", ""stable isotope labeling with amino acids in cell culture""]}, {""protein_expression"": null}, {""other"": null}]"
"30745169","[""Canada"", ""China""]","[""EHRs"", ""miRNAs""], [""exosomal microRNAs""]","[""EHRs"", ""miRNAs""]","[""exosomal microRNAs""]"
"30767173","[""Canada"", ""France"", ""Sweden"", ""United States""]",NULL,"[""electronic health records""]",NULL
"30770034","[""Canada""]","[""Physiological data""], [""HRV"", ""Blood Collection""]","[""Physiological data""]","[""HRV"", ""Blood Collection""]"
"30771620","[""Canada""]","[""Text""], [{""Type"": ""Clinical"", ""Modality"": ""Genetics""}, {""Type"": ""Research"", ""Modality"": ""Gene Ontology analysis""}]","[""Text""]","[{""Type"": ""Clinical"", ""Modality"": ""Genetics""}, {""Type"": ""Research"", ""Modality"": ""Gene Ontology analysis""}]"
"30773443","[""Australia"", ""Austria"", ""Canada"", ""France"", ""United States""]","[""transcript"", ""expression""], [""transcript expression""]","[""transcript"", ""expression""]","[""transcript expression""]"
"30782022","[""Canada"", ""Cyprus"", ""Spain"", ""United Kingdom""]","[""Voxel-based morphometry""], [""VBM""]","[""Voxel-based morphometry""]","[""VBM""]"
"30785881","[""Canada""]","[""Mechanically ventilated children""], [""mechanically ventilated children""]","[""Mechanically ventilated children""]","[""mechanically ventilated children""]"
"30789386","[""Canada"", ""Turkey""]",NULL,"[""Administrative""]",NULL
"30794559","[""Canada"", ""France""]","[""Magnetic Resonance Imaging""], [""T1-weighted images"", ""T2-weighted images""]","[""Magnetic Resonance Imaging""]","[""T1-weighted images"", ""T2-weighted images""]"
"30794629","[""Canada"", ""Korea, Republic of""]","[""Functional MRI""], [""fMRI"", ""rs-fMRI""]","[""Functional MRI""]","[""fMRI"", ""rs-fMRI""]"
"30795962","[""Australia"", ""Austria"", ""Canada"", ""France"", ""Italy"", ""Spain"", ""United States""]","[""molecular"", ""histologic""], [""Microarray"", ""Molecular""]","[""molecular"", ""histologic""]","[""Microarray"", ""Molecular""]"
"30807586","[""Canada"", ""United Kingdom""]","[""Clinical"", ""Imaging""], [""Image"", ""Text""]","[""Clinical"", ""Imaging""]","[""Image"", ""Text""]"
"30809047","[""Canada""]","[""Computed Tomography (CT)""], [""Computed Tomography Image""]","[""Computed Tomography (CT)""]","[""Computed Tomography Image""]"
"30831526","[""Canada""]","[""vision"", ""gait""], [""Vision""]","[""vision"", ""gait""]","[""Vision""]"
"30818293","[""Canada""]","[""EEG""], [{""Text"": null, ""Label"": ""EEG""}, {""Text"": null, ""Label"": ""Button clicks""}]","[""EEG""]","[{""Text"": null, ""Label"": ""EEG""}, {""Text"": null, ""Label"": ""Button clicks""}]"
"30818294","[""Canada""]","[""Computed Tomography (CT)""], [""Dosimetric parameters"", ""Geometric parameters""]","[""Computed Tomography (CT)""]","[""Dosimetric parameters"", ""Geometric parameters""]"
"30833164","[""Canada""]",NULL,NULL,"[""CT examinations""]"
"30833926","[""Canada"", ""United States""]","[""Eye Movement"", ""Psychometric"", ""Neuroimaging""], [""eye movement"", ""psychometric tests"", ""neuroimaging""]","[""Eye Movement"", ""Psychometric"", ""Neuroimaging""]","[""eye movement"", ""psychometric tests"", ""neuroimaging""]"
"30838178","[""Canada"", ""Netherlands""]","[""16S rRNA gene"", ""metagenomic shotgun sequencing""], [""Genomic"", ""Gut microbiome""]","[""16S rRNA gene"", ""metagenomic shotgun sequencing""]","[""Genomic"", ""Gut microbiome""]"
"30839433","[""Canada""]","[""Functional MRI""], [{""Tag"": ""Toronto, ON"", ""Country"": ""Canada""}]","[""Functional MRI""]","[{""Tag"": ""Toronto, ON"", ""Country"": ""Canada""}]"
"30847388","[""Canada"", ""Germany"", ""Turkey""]","[""Neuronal recordings""], [""neuronal"", ""machine learning""]","[""Neuronal recordings""]","[""neuronal"", ""machine learning""]"
"30847821","[""Canada"", ""China"", ""United States""]","[""Imaging"", ""Clinical""], [""SPECT Imaging"", ""Clinical Measures""]","[""Imaging"", ""Clinical""]","[""SPECT Imaging"", ""Clinical Measures""]"
"30853041","[""Canada""]","[""Audio"", ""Physiological signals""], [""sound"", ""breath sounds""]","[""Audio"", ""Physiological signals""]","[""sound"", ""breath sounds""]"
"30870597","[""Canada"", ""United States""]",NULL,"[""Medical claims"", ""Electroencephalogram procedures""]",NULL
"30872323","[""Canada"", ""France"", ""Netherlands"", ""Turkey""]","[""medical""], [""text"", ""image""]","[""medical""]","[""text"", ""image""]"
"30885044","[""Canada"", ""China"", ""Israel"", ""United States""]","[""DNA methylation""], [""DNA methylation""]","[""DNA methylation""]","[""DNA methylation""]"
"30921785","[""Canada""]",NULL,"[""Radiation Medicine Program""]",NULL
"30923086","[""Canada"", ""Turkey"", ""United States""]","[""Image""], [""Neurological Surgery (R.J.H., A.F., X.D.-F., L.H.T., N.K., M.S.B., J.C.B., S.D., W.W., J.F.T.)."", ""Brain and Spinal Injury Center (D.B.M., R.J.H., A.F., X.D.-F., L.H.T., N.K., M.S.B., J.C.B., S.D., W.W.).""]","[""Image""]","[""Neurological Surgery (R.J.H., A.F., X.D.-F., L.H.T., N.K., M.S.B., J.C.B., S.D., W.W., J.F.T.)."", ""Brain and Spinal Injury Center (D.B.M., R.J.H., A.F., X.D.-F., L.H.T., N.K., M.S.B., J.C.B., S.D., W.W.).""]"
"30941679","[""Canada""]","[""Ultrasound""], [""Ultrasound"", ""Mobile Point-of-Care""]","[""Ultrasound""]","[""Ultrasound"", ""Mobile Point-of-Care""]"
"30947300","[""Canada""]",NULL,"[""Imaging features"", ""Patient demographics"", ""Comorbidities""]",NULL
"30948811","[""Canada"", ""China"", ""Korea, Republic of"", ""United States""]","[""MRI""], [{""value"": ""medical imaging""}, {""value"": ""electroencephalography (EEG)""}]","[""MRI""]","[{""value"": ""medical imaging""}, {""value"": ""electroencephalography (EEG)""}]"
"30958743","[""Canada"", ""United States""]","[""Magnetic Resonance Imaging"", ""T2-weighted"", ""Apparent Diffusion Coefficient"", ""Diffusion Kurtosis Imaging""], [""Magnetic Resonance Imaging""]","[""Magnetic Resonance Imaging"", ""T2-weighted"", ""Apparent Diffusion Coefficient"", ""Diffusion Kurtosis Imaging""]","[""Magnetic Resonance Imaging""]"
"30959966","[""Canada""]","[""Gene expression"", ""Copy number alteration""], [""Genomic"", ""Clinical""]","[""Gene expression"", ""Copy number alteration""]","[""Genomic"", ""Clinical""]"
"30962703","[""Canada"", ""United States""]","[""SBP"", ""Serum Creatinine"", ""Glycosylated Hemoglobin"", ""DBP""], [{""Modality"": ""stenting""}, {""Modality"": ""best medical therapy""}]","[""SBP"", ""Serum Creatinine"", ""Glycosylated Hemoglobin"", ""DBP""]","[{""Modality"": ""stenting""}, {""Modality"": ""best medical therapy""}]"
"30963519","[""Canada""]","[""Cerebral oxygen saturation"", ""Neurological assessment""], [""Cognitive Visuospatial Task"", ""Robotics Technology""]","[""Cerebral oxygen saturation"", ""Neurological assessment""]","[""Cognitive Visuospatial Task"", ""Robotics Technology""]"
"30972106","[""Canada""]","[""Genomic profiles"", ""clinical information""], [""Gene expression"", ""Therapy""]","[""Genomic profiles"", ""clinical information""]","[""Gene expression"", ""Therapy""]"
"30972686","[""Canada"", ""France""]","[""T2-weighted"", ""Apparent diffusion coefficient map"", ""High b-value diffusion-weighted images""], {""Imaging"": [{""Modality"": ""T2-weighted"", ""Weighting"": null}, {""Modality"": ""Diffusion-Weighted"", ""Weighting"": ""b=1000""}]}","[""T2-weighted"", ""Apparent diffusion coefficient map"", ""High b-value diffusion-weighted images""]","{""Imaging"": [{""Modality"": ""T2-weighted"", ""Weighting"": null}, {""Modality"": ""Diffusion-Weighted"", ""Weighting"": ""b=1000""}]}"
"30980127","[""Canada"", ""Japan"", ""Spain""]","[""Computed Tomography"", ""Magnetic Resonance Imaging""], [""radiology""]","[""Computed Tomography"", ""Magnetic Resonance Imaging""]","[""radiology""]"
"30992063","[""Canada"", ""Finland"", ""Italy"", ""United States""]",NULL,NULL,"[""Genetics"", ""Neurology""]"
"31000909","[""Canada"", ""Portugal"", ""Turkey"", ""United States""]","[""Intraoperative Ultrasound""], [""ultrasound""]","[""Intraoperative Ultrasound""]","[""ultrasound""]"
"31004711","[""Canada"", ""France"", ""United States""]","[""MRI""], [""MRI""]","[""MRI""]","[""MRI""]"
"31005213","[""Canada"", ""France""]","[""SABR""], [""Image"", ""Text""]","[""SABR""]","[""Image"", ""Text""]"
"31006909","[""Canada""]","[""Magnetic Resonance Imaging""], [""MRI""]","[""Magnetic Resonance Imaging""]","[""MRI""]"
"31009356","[""Canada"", ""Germany"", ""Switzerland""]",NULL,"[""Neuroradiology"", ""Radiology"", ""Neurology""]",NULL
"31012754","[""Canada""]","[""semi-structured interviews""], [""Text"", ""Audio""]","[""semi-structured interviews""]","[""Text"", ""Audio""]"
"31022750","[""Australia"", ""Brazil"", ""Canada"", ""India"", ""New Zealand""]","[""Tele-assessment"", ""Tele-diagnosis"", ""Tele-interactions"", ""Tele-monitoring""], [""remote health care delivery"", ""telehealth domain""]","[""Tele-assessment"", ""Tele-diagnosis"", ""Tele-interactions"", ""Tele-monitoring""]","[""remote health care delivery"", ""telehealth domain""]"
"31026023","[""Canada""]","[""RNA sequencing""], [""Transcriptome""]","[""RNA sequencing""]","[""Transcriptome""]"
"31048199","[""Canada"", ""China""]","[""T1-weighted MR images"", ""T2-weighted MR images""], [""MRI""]","[""T1-weighted MR images"", ""T2-weighted MR images""]","[""MRI""]"
"31055684","[""Canada"", ""United States""]",NULL,NULL,"[""robotic movement"", ""rob integration sounds"", ""light effects"", ""complex movements""]"
"31060214","[""Canada"", ""Mexico""]","[""3D coordinates""], [""Image"", ""Sensor data""]","[""3D coordinates""]","[""Image"", ""Sensor data""]"
"31061005","[""Canada""]","[""Text"", ""Age""], [""text"", ""age""]","[""Text"", ""Age""]","[""text"", ""age""]"
"31062050","[""Canada"", ""China"", ""Singapore""]","[""Ventilator variables"", ""Mortality""], [""Text"", ""Machine learning""]","[""Ventilator variables"", ""Mortality""]","[""Text"", ""Machine learning""]"
"31071228","[""Canada""]","[""Ultrasound""], [""3D ultrasound images""]","[""Ultrasound""]","[""3D ultrasound images""]"
"31075395","[""Canada""]","[""Imaging""], [""Imaging""]","[""Imaging""]","[""Imaging""]"
"31076475","[""Canada"", ""Madagascar"", ""Switzerland"", ""United States""]","[""Questionnaire"", ""Interview"", ""Focus Group Discussion""], [""text"", ""interviews"", ""focus group discussions""]","[""Questionnaire"", ""Interview"", ""Focus Group Discussion""]","[""text"", ""interviews"", ""focus group discussions""]"
"31077314","[""Canada""]","[""Cognitive"", ""Structural neuroimaging""], [""cognitive measures"", ""structural measurements""]","[""Cognitive"", ""Structural neuroimaging""]","[""cognitive measures"", ""structural measurements""]"
"31077500","[""Canada""]","[""Arterial spin labeling (ASL) MRI""], [""MRI""]","[""Arterial spin labeling (ASL) MRI""]","[""MRI""]"
"31085302","[""Canada""]","[""image""], [""Image""]","[""image""]","[""Image""]"
"31093956","[""Canada"", ""South Korea""]","[""Functional Magnetic Resonance Imaging (rs-fMRI)""], [""fMRI"", ""MMSE""]","[""Functional Magnetic Resonance Imaging (rs-fMRI)""]","[""fMRI"", ""MMSE""]"
"31101443","[""Canada""]","[""Radiofrequency"", ""Brightness-mode""], [""radiofrequency (RF)"", ""brightness-mode (B-mode)""]","[""Radiofrequency"", ""Brightness-mode""]","[""radiofrequency (RF)"", ""brightness-mode (B-mode)""]"
"31104700","[""Canada"", ""United States""]","[""electronic""], [""Imputed datasets"", ""Original dataset""]","[""electronic""]","[""Imputed datasets"", ""Original dataset""]"
"31106580","[""Canada""]","[], [""Text"", ""Image""]","[]","[""Text"", ""Image""]"
"31108670","[""Canada"", ""China""]",NULL,"[""unsupervised learning""]",NULL
"31115734","[""Canada"", ""India""]","[""ECG signals, atrial blood pressure (ABP), photoplethysmogram signals (PLETH) and respiration (RESP)""], [""ECG"", ""ABP"", ""PLETH"", ""RESP""]","[""ECG signals, atrial blood pressure (ABP), photoplethysmogram signals (PLETH) and respiration (RESP)""]","[""ECG"", ""ABP"", ""PLETH"", ""RESP""]"
"31117509","[""Canada"", ""Malta"", ""United States""]",NULL,NULL,NULL
"31133249","[""Canada"", ""United States""]","[""Dermoscopic images""], [""Image""]","[""Dermoscopic images""]","[""Image""]"
"31133782","[""Canada""]","[""Electromyogram (EMG)"", ""Skin Conductance Levels (SCL)"", ""Electrocardiogram (ECG)""], {""ECG"": true, ""EMG"": true, ""SCL"": true}","[""Electromyogram (EMG)"", ""Skin Conductance Levels (SCL)"", ""Electrocardiogram (ECG)""]","{""ECG"": true, ""EMG"": true, ""SCL"": true}"
"31138084","[""Canada"", ""Ireland"", ""Turkey"", ""United Kingdom"", ""United States""]","[""MRI"", ""CT""], [""physiological data"", ""questionnaire data""]","[""MRI"", ""CT""]","[""physiological data"", ""questionnaire data""]"
"31150083","[""Canada"", ""United States""]","[""electrocardiogram"", ""neurological status""], [""Text""]","[""electrocardiogram"", ""neurological status""]","[""Text""]"
"31150956","[""Canada"", ""Israel"", ""United States""]","[""MRI""], [""MRI""]","[""MRI""]","[""MRI""]"
"31153115","[""Canada"", ""United Kingdom""]","[""CT"", ""Mechanical loading""], [""6 degree-of-freedom hexapod robot"", ""carbon fiber struts""]","[""CT"", ""Mechanical loading""]","[""6 degree-of-freedom hexapod robot"", ""carbon fiber struts""]"
"31154512","[""Canada"", ""China""]","[""Smartphone Sensor""], [""walking speed"", ""gait deficits""]","[""Smartphone Sensor""]","[""walking speed"", ""gait deficits""]"
"31156708","[""Canada"", ""France""]",NULL,"[""OMICs molecular profiling"", ""Gene expression"", ""Protein levels"", ""Clinico-pathological data""]",NULL
"31158822","[""Canada""]","[""Polysomnographic (PSG) signals""], [""Polysomnographic (PSG) signals"", ""Multichannel PSG recordings""]","[""Polysomnographic (PSG) signals""]","[""Polysomnographic (PSG) signals"", ""Multichannel PSG recordings""]"
"31161221","[""Canada"", ""United Kingdom"", ""United States""]","[""Urine miRNA fingerprint""], [""text""]","[""Urine miRNA fingerprint""]","[""text""]"
"31163373","[""Canada""]","[""handgrip"", ""ramp-hold""], [""transcranial magnetic stimulation""]","[""handgrip"", ""ramp-hold""]","[""transcranial magnetic stimulation""]"
"31164212","[""Canada"", ""China""]","[""Medical records""], [""Medical Imaging"", ""Lab Results""]","[""Medical records""]","[""Medical Imaging"", ""Lab Results""]"
"31173905","[""Canada"", ""France"", ""Germany"", ""Ireland"", ""United Kingdom"", ""United States""]","[""MRI""], [{""modality"": ""MRI""}]","[""MRI""]","[{""modality"": ""MRI""}]"
"31174510","[""Canada""]","[""Heart rate""], [{""Type"": ""Survey Responses"", ""Modality"": ""Text Data""}, {""Type"": ""Sleep Stage Classification"", ""Modality"": ""Image Data""}]","[""Heart rate""]","[{""Type"": ""Survey Responses"", ""Modality"": ""Text Data""}, {""Type"": ""Sleep Stage Classification"", ""Modality"": ""Image Data""}]"
"31176387","[""Canada"", ""United States""]","[""Functional connectivity"", ""Clinical symptoms""], [""Functional Magnetic Resonance Imaging""]","[""Functional connectivity"", ""Clinical symptoms""]","[""Functional Magnetic Resonance Imaging""]"
"31179487","[""Canada"", ""Philippines"", ""Singapore"", ""Tunisia""]","[""Physiological biomarkers""], [""Physiological biomarkers"", ""Biological age estimates""]","[""Physiological biomarkers""]","[""Physiological biomarkers"", ""Biological age estimates""]"
"31186508","[""Canada""]",NULL,NULL,"[""Spectra""]"
"31191926","[""Canada""]","[""motion""], [""classification"", ""segmentation""]","[""motion""]","[""classification"", ""segmentation""]"
"31194627","[""Canada"", ""Turkey""]","[""Video"", ""Handout""], [""Video"", ""Handout""]","[""Video"", ""Handout""]","[""Video"", ""Handout""]"
"31194873","[""Canada""]","[""Actigraphy"", ""Polysomnography""], [""actigraphy"", ""polysomnography""]","[""Actigraphy"", ""Polysomnography""]","[""actigraphy"", ""polysomnography""]"
"31211469","[""Canada"", ""Spain"", ""United States""]","[""Movement Disorders"", ""Neurology""], [""image"", ""text""]","[""Movement Disorders"", ""Neurology""]","[""image"", ""text""]"
"31216543","[""Canada"", ""Germany"", ""United Kingdom""]","[""Computed Tomography""], [""Computed Tomography Angiography""]","[""Computed Tomography""]","[""Computed Tomography Angiography""]"
"31219947","[""Canada""]","[""16S rRNA gene amplification"", ""Whole-genome sequencing""], [""Bacterial taxa""]","[""16S rRNA gene amplification"", ""Whole-genome sequencing""]","[""Bacterial taxa""]"
"31226518","[""Canada"", ""United Kingdom""]","[""Ultrasound""], [""Ultrasound Strain Elastography""]","[""Ultrasound""]","[""Ultrasound Strain Elastography""]"
"31227653","[""Canada"", ""United States""]","[""Phenotype Ontology (HPO) terms""], {""text"": true}","[""Phenotype Ontology (HPO) terms""]","{""text"": true}"
"31227879","[""Canada"", ""Iran""]","[""PET""], [""PET imaging""]","[""PET""]","[""PET imaging""]"
"31228556","[""Brazil"", ""Canada""]","[""Magnetic Resonance Imaging""], [""MRI""]","[""Magnetic Resonance Imaging""]","[""MRI""]"
"31242238","[""Australia"", ""Canada""]","[""Electronic health records""], [""Electronic health records""]","[""Electronic health records""]","[""Electronic health records""]"
"31245818","[""Argentina"", ""Canada""]","[""Computerized Tomography"", ""Magnetic Resonance Imaging""], Electroencephalography (EEG)","[""Computerized Tomography"", ""Magnetic Resonance Imaging""]","Electroencephalography (EEG)"
"31249104","[""Canada"", ""United States""]","[""Seminal Plasma"", ""Proteins""], [""Transcriptomics"", ""Proteomics"", ""Secretomics""]","[""Seminal Plasma"", ""Proteins""]","[""Transcriptomics"", ""Proteomics"", ""Secretomics""]"
"31255408","[""Canada""]","[""Sensor data""], [""wearable sensors""]","[""Sensor data""]","[""wearable sensors""]"
"31267266","[""Canada"", ""United States""]","[""demographic"", ""clinical"", ""occupational""], [""Text""]","[""demographic"", ""clinical"", ""occupational""]","[""Text""]"
"31281024","[""Canada"", ""France"", ""Spain""]","[""Clinical"", ""Imaging""], {""Image"": true}","[""Clinical"", ""Imaging""]","{""Image"": true}"
"31283673","[""Canada"", ""Jersey"", ""Turkey""]",NULL,"[""recipient age"", ""Model for End-Stage Liver Disease score"", ""body mass index"", ""diabetes"", ""dialysis before LT""]",NULL
"31284154","[""Canada"", ""Iran""]","[""MoCA score""], [""Cognitive assessment"", ""Imaging data""]","[""MoCA score""]","[""Cognitive assessment"", ""Imaging data""]"
"31285340","[""Canada""]","[""3D microscopy"", ""image analysis""], [""Microscopy"", ""Image analysis""]","[""3D microscopy"", ""image analysis""]","[""Microscopy"", ""Image analysis""]"
"31285702","[""Canada""]","[""Media reports"", ""Official reports"", ""Social media"", ""Twitter""], [""text""]","[""Media reports"", ""Official reports"", ""Social media"", ""Twitter""]","[""text""]"
"31286534","[""Canada""]","[""Computed Tomography"", ""Random Forest""], [""CT scan""]","[""Computed Tomography"", ""Random Forest""]","[""CT scan""]"
"31305529","[""Canada"", ""Turkey""]","[""Motor cortex"", ""TMS""], [""Transcranial Magnetic Stimulation (TMS)"", ""Transcranial Direct Current Stimulation (tDCS)""]","[""Motor cortex"", ""TMS""]","[""Transcranial Magnetic Stimulation (TMS)"", ""Transcranial Direct Current Stimulation (tDCS)""]"
"31317178","[""Canada"", ""Israel"", ""Switzerland"", ""Taiwan"", ""United States""]",NULL,NULL,"[{""name"": ""Yale University"", ""description"": """"}, {""name"": ""Brigham and Women's Hospital"", ""description"": """"}, {""name"": ""Cedars-Sinai Medical Center"", ""description"": """"}]"
"31318580","[""Canada""]","[""Medical procedures""], [{""Text"": ""Children (n=18), who interacted with the robot before and during a procedure, and their parents reported significantly lower levels of fear and pain than did children (n=28) and their parents in standard care,"", ""Label"": ""RESULTS"", ""NlmCategory"": ""RESULTS""}, {""Text"": ""A nonrandomized two-group pre- and posttest design was used to compare pain and fear of children before and after intervention versus standard care."", ""Label"": ""METHODS"", ""NlmCategory"": ""METHODS""}]","[""Medical procedures""]","[{""Text"": ""Children (n=18), who interacted with the robot before and during a procedure, and their parents reported significantly lower levels of fear and pain than did children (n=28) and their parents in standard care,"", ""Label"": ""RESULTS"", ""NlmCategory"": ""RESULTS""}, {""Text"": ""A nonrandomized two-group pre- and posttest design was used to compare pain and fear of children before and after intervention versus standard care."", ""Label"": ""METHODS"", ""NlmCategory"": ""METHODS""}]"
"31318894","[""Canada"", ""Philippines"", ""Singapore"", ""Tunisia""]","[""Physical"", ""Cardiovascular"", ""Cognitive"", ""Immunological"", ""Leisure-time activities""], [""Physical"", ""Cardiovascular"", ""Cognitive"", ""Immunological""]","[""Physical"", ""Cardiovascular"", ""Cognitive"", ""Immunological"", ""Leisure-time activities""]","[""Physical"", ""Cardiovascular"", ""Cognitive"", ""Immunological""]"
"31320356","[""Canada""]","[""electroencephalogram (EEG)""], [""auditory"", ""visual""]","[""electroencephalogram (EEG)""]","[""auditory"", ""visual""]"
"31324151","[""Canada"", ""China""]","[""Lipid metabolites"", ""FPG"", ""TG""], [""plasma glucose"", ""triglyceride""]","[""Lipid metabolites"", ""FPG"", ""TG""]","[""plasma glucose"", ""triglyceride""]"
"31325722","[""Canada""]","[""Ultrasound""], {""Ultrasound"": true}","[""Ultrasound""]","{""Ultrasound"": true}"
"31325985","[""Canada"", ""Russia"", ""United States""]","[""Electrophysiology""], [{""Modality"": ""Single unit neural responses""}, {""Modality"": ""Local field potential""}, {""Modality"": ""Globus pallidus interna firing rate""}]","[""Electrophysiology""]","[{""Modality"": ""Single unit neural responses""}, {""Modality"": ""Local field potential""}, {""Modality"": ""Globus pallidus interna firing rate""}]"
"31326191","[""Australia"", ""Canada"", ""China"", ""France"", ""Italy"", ""Japan"", ""Netherlands"", ""Portugal"", ""Romania"", ""Turkey"", ""United States""]","[""Medical Imaging"", ""Clinical Data""], [""image"", ""text""]","[""Medical Imaging"", ""Clinical Data""]","[""image"", ""text""]"
"31328849","[""Canada"", ""United States""]","[""Registry Data""], [""Text"", ""Heat Map""]","[""Registry Data""]","[""Text"", ""Heat Map""]"
"31332903","[""Australia"", ""Canada"", ""United States""]","[""Functional Magnetic Resonance Imaging"", ""Blood Oxygenation Level-Dependent (BOLD) signal""], [""fMRI"", ""BOLD""]","[""Functional Magnetic Resonance Imaging"", ""Blood Oxygenation Level-Dependent (BOLD) signal""]","[""fMRI"", ""BOLD""]"
"31337542","[""Canada"", ""United States""]","[""MR""], [""MRI""]","[""MR""]","[""MRI""]"
"31338709","[""Canada"", ""China"", ""United States""]","[""PET"", ""CT""], [""images""]","[""PET"", ""CT""]","[""images""]"
"31342622","[""Canada"", ""United States""]","[""Whole blood"", ""Peripheral monocytes""], [""blood samples"", ""miRNA expression""]","[""Whole blood"", ""Peripheral monocytes""]","[""blood samples"", ""miRNA expression""]"
"31369338","[""Canada""]",NULL,"[""Unstructured Clinical Text""]",NULL
"31352417","[""Canada"", ""Netherlands""]","[""CT scans""], [""Images"", ""CT Scans""]","[""CT scans""]","[""Images"", ""CT Scans""]"
"31357650","[""Canada""]","[""Electromyography""], [""Electromyography (EMG)""]","[""Electromyography""]","[""Electromyography (EMG)""]"
"31365273","[""Canada""]","[""Administrative data"", ""Pharmacy records""], [""Administrative pharmacy data"", null]","[""Administrative data"", ""Pharmacy records""]","[""Administrative pharmacy data"", null]"
"31369994","[""Canada"", ""China""]","[""MRI""], [""MRI""]","[""MRI""]","[""MRI""]"
"31373651","[""Canada"", ""Iran""]","[""Virtual Reality""], [""instrument movement and force"", ""resection of tissues"", ""bleeding""]","[""Virtual Reality""]","[""instrument movement and force"", ""resection of tissues"", ""bleeding""]"
"31376633","[""Canada"", ""China""]",NULL,NULL,"[""structured-sparsity regularization"", ""group lasso""]"
"31382766","[""Canada"", ""China""]","[""Facial Blood Flow"", ""Video""], [""Video"", ""Machine Learning""]","[""Facial Blood Flow"", ""Video""]","[""Video"", ""Machine Learning""]"
"31390016","[""Canada"", ""United States""]",NULL,"[""text""]",NULL
"31393626","[""Canada"", ""Turkey""]","[""Magnetoencephalography"", ""Magnetic Resonance Imaging""], [""MRI"", ""MEG""]","[""Magnetoencephalography"", ""Magnetic Resonance Imaging""]","[""MRI"", ""MEG""]"
"31399127","[""Canada"", ""United States""]",NULL,"[""DNA methylation""]",NULL
"31404130","[""Canada""]","[""facial expressions"", ""physiotherapy examination""], [""Facial expressions"", ""Physiotherapy examination""]","[""facial expressions"", ""physiotherapy examination""]","[""Facial expressions"", ""Physiotherapy examination""]"
"31404972","[""Canada""]","[""Sensor Data""], [""thermal noise"", ""lower inference quantization"", ""sensor failure""]","[""Sensor Data""]","[""thermal noise"", ""lower inference quantization"", ""sensor failure""]"
"31405148","[""Canada""]","[""tumor volumes""], [""radiomic"", ""genetic"", ""protein expression""]","[""tumor volumes""]","[""radiomic"", ""genetic"", ""protein expression""]"
"31406675","[""Canada""]","[""Image"", ""Text""], [""Brightfield images""]","[""Image"", ""Text""]","[""Brightfield images""]"
"31414853","[""Canada"", ""Turkey""]",NULL,NULL,"[""Cognitive""]"
"31417602","[""Argentina"", ""Australia"", ""Belgium"", ""Canada"", ""Czechia"", ""France"", ""Germany"", ""Italy"", ""Netherlands"", ""Saudi Arabia"", ""South Africa"", ""Turkey"", ""United Kingdom"", ""United States""]","[], [""Imaging"", ""Genomics""]","[]","[""Imaging"", ""Genomics""]"
"31427959","[""Canada"", ""Sweden""]","[""Audio"", ""Text"", ""Eye-tracking"", ""Comprehension questions""], [""Audio"", ""Text"", ""Eye-tracking""]","[""Audio"", ""Text"", ""Eye-tracking"", ""Comprehension questions""]","[""Audio"", ""Text"", ""Eye-tracking""]"
"31428758","[""Canada""]","[""Video""], [""vision"", ""depth""]","[""Video""]","[""vision"", ""depth""]"
"31434533","[""Canada"", ""United States""]","[""Upper-limb motor and proprioceptive performance""], [""Motor"", ""Proprioceptive""]","[""Upper-limb motor and proprioceptive performance""]","[""Motor"", ""Proprioceptive""]"
"31438207","[""Canada""]","[""Text""], [""dialogue"", ""medications"", ""symptoms""]","[""Text""]","[""dialogue"", ""medications"", ""symptoms""]"
"31438445","[""Canada""]",NULL,NULL,NULL
"31444624","[""Canada"", ""Portugal"", ""United States""]","[""iUS"", ""MRI""], [""image data"", ""brain shift measurement""]","[""iUS"", ""MRI""]","[""image data"", ""brain shift measurement""]"
"31444660","[""Canada"", ""United States""]","[""Electronic Health Records"", ""Laboratory Tests""], [""Laboratory tests""]","[""Electronic Health Records"", ""Laboratory Tests""]","[""Laboratory tests""]"
"31445619","[""Canada"", ""Turkey""]","[""mood"", ""cognitions"", ""physical activity"", ""sleep"", ""social interactions""], [""Mood"", ""Cognitions"", ""Physical Activity"", ""Sleep"", ""Social Interactions""]","[""mood"", ""cognitions"", ""physical activity"", ""sleep"", ""social interactions""]","[""Mood"", ""Cognitions"", ""Physical Activity"", ""Sleep"", ""Social Interactions""]"
"31446127","[""Canada"", ""Japan"", ""Portugal"", ""United States""]","[""MRI"", ""Ultrasound""], [""MRI"", ""Ultrasound""]","[""MRI"", ""Ultrasound""]","[""MRI"", ""Ultrasound""]"
"31447230","[""Canada"", ""Mexico"", ""United Kingdom"", ""United States""]","[""Imaging"", ""Pathology""], [""digital imaging""]","[""Imaging"", ""Pathology""]","[""digital imaging""]"
"31448366","[""Australia"", ""Canada"", ""Turkey"", ""United States""]","[""Computed Tomography""], [""Image"", ""Clinical""]","[""Computed Tomography""]","[""Image"", ""Clinical""]"
"31449531","[""Canada""]","[""Super-resolution microscopy images""], [""Microscopy images""]","[""Super-resolution microscopy images""]","[""Microscopy images""]"
"31455518","[""Canada""]","[""Magnetic Resonance Imaging""], [""MRI"", ""Demographic Data""]","[""Magnetic Resonance Imaging""]","[""MRI"", ""Demographic Data""]"
"31456317","[""Canada""]","[""MRI"", ""ADC map""], [""MRI"", ""ADC map""]","[""MRI"", ""ADC map""]","[""MRI"", ""ADC map""]"
"31465977","[""Canada""]","[""Inertial Measurement Unit (IMU)"", ""Surface Electromyography (sEMG)""], [""IMU"", ""sEMG""]","[""Inertial Measurement Unit (IMU)"", ""Surface Electromyography (sEMG)""]","[""IMU"", ""sEMG""]"
"31469648","[""Canada"", ""France"", ""Tunisia""]","[""EEG""], [""EEG"", ""signals""]","[""EEG""]","[""EEG"", ""signals""]"
"31472262","[""Canada""]",NULL,NULL,"[""FLAIR MRI""]"
"31473518","[""Canada""]","[""Anterior-posterior (AP)"", ""Lateral (LAT)""], [""Anterior-posterior (AP) view"", ""Lateral (LAT) view""]","[""Anterior-posterior (AP)"", ""Lateral (LAT)""]","[""Anterior-posterior (AP) view"", ""Lateral (LAT) view""]"
"31476750","[""Canada""]","[""Magnetic Resonance Imaging""], [""Dynamic imaging"", ""3D""]","[""Magnetic Resonance Imaging""]","[""Dynamic imaging"", ""3D""]"
"31477924","[""Canada"", ""China"", ""Hong Kong""]","[""Biochemical"", ""Cell-based""], [""molecular""]","[""Biochemical"", ""Cell-based""]","[""molecular""]"
"31479590","[""Australia"", ""Canada"", ""Germany"", ""United Kingdom"", ""United States""]","[""Text""], [""text""]","[""Text""]","[""text""]"
"31502268","[""Austria"", ""Canada""]","[""Functional Connectivity"", ""Seed-Based""], [""functional connectivity"", ""machine learning""]","[""Functional Connectivity"", ""Seed-Based""]","[""functional connectivity"", ""machine learning""]"
"31505292","[""Canada"", ""Iran"", ""Switzerland""]","[""Magnetic Resonance Imaging""], [""MRI""]","[""Magnetic Resonance Imaging""]","[""MRI""]"
"31507022","[""Canada""]","[""FDG-PET images""], [""PET images""]","[""FDG-PET images""]","[""PET images""]"
"31534203","[""Australia"", ""Belgium"", ""Canada"", ""France"", ""Italy"", ""Netherlands"", ""Turkey"", ""United Kingdom"", ""United States""]","[""Pathology""], []","[""Pathology""]","[]"
"31508367","[""Canada"", ""France""]","[""MR"", ""ADC""], [""MRI""]","[""MR"", ""ADC""]","[""MRI""]"
"31510700","[""Canada"", ""Germany""]","[""Somatic mutation"", ""Copy number aberration"", ""Gene expression""], [""Gene expression"", ""Somatic mutation"", ""Copy number aberration""]","[""Somatic mutation"", ""Copy number aberration"", ""Gene expression""]","[""Gene expression"", ""Somatic mutation"", ""Copy number aberration""]"
"31513271","[""Canada"", ""Germany"", ""Italy"", ""Switzerland"", ""United States""]","[""Imaging""], []","[""Imaging""]","[]"
"31513622","[""Canada""]","[""EEG""], [""EEG""]","[""EEG""]","[""EEG""]"
"31517022","[""Canada""]","[""MRI""], [""MRI""]","[""MRI""]","[""MRI""]"
"31518278","[""Canada""]","[""Wearable Sensor Data""], [""Wearable"", ""RAI-HC""]","[""Wearable Sensor Data""]","[""Wearable"", ""RAI-HC""]"
"31519923","[""Canada"", ""Germany""]","[""MRI""], MRI","[""MRI""]","MRI"
"31520320","[""Canada""]","[""Neuropsychological"", ""Clinical""], [""Image"", ""Text""]","[""Neuropsychological"", ""Clinical""]","[""Image"", ""Text""]"
"31521248","[""Canada"", ""South Korea""]","[""fMRI"", ""ICA""], [""MRI""]","[""fMRI"", ""ICA""]","[""MRI""]"
"31525468","[""Canada""]",NULL,NULL,"[""Image"", ""Clinical""]"
"31526255","[""Canada""]","[""Dual-Energy X-ray Absorptiometry"", ""Vertebral Fracture Assessment""], [""Dual-energy x-ray absorptiometry""]","[""Dual-Energy X-ray Absorptiometry"", ""Vertebral Fracture Assessment""]","[""Dual-energy x-ray absorptiometry""]"
"31542453","[""Canada""]","[""Spirometry""], [""Respiratory""]","[""Spirometry""]","[""Respiratory""]"
"31542646","[""Canada"", ""Germany"", ""United States""]","[""MRI""], [""Image Data""]","[""MRI""]","[""Image Data""]"
"31546048","[""Canada"", ""Germany"", ""United States""]","[""MRI""], [""T1-weighted MRIs""]","[""MRI""]","[""T1-weighted MRIs""]"
"31551457","[""Canada"", ""Pakistan""]",NULL,"[""Primary Care Patients""]",NULL
"31558433","[""Canada"", ""Saudi Arabia""]",NULL,NULL,"[{""Modality"": ""Cardiac Surgery""}]"
"31570096","[""Canada"", ""China"", ""Japan""]","[""Clinical"", ""Laboratory""], [""Clinical and laboratory parameters""]","[""Clinical"", ""Laboratory""]","[""Clinical and laboratory parameters""]"
"31576001","[""Canada""]","[""Whole Slide Images"", ""Digital Slides""], [""Images""]","[""Whole Slide Images"", ""Digital Slides""]","[""Images""]"
"31581142","[""Canada""]","[""Electrophysiology""], [""Electrical signals"", ""Mechanical stimuli""]","[""Electrophysiology""]","[""Electrical signals"", ""Mechanical stimuli""]"
"31586416","[""Canada"", ""Mexico""]","[""3D models"", ""Color maps""], [""3D scans"", ""anthropometric measurements""]","[""3D models"", ""Color maps""]","[""3D scans"", ""anthropometric measurements""]"
"31591579","[""Canada"", ""India"", ""United States""]","[""Single-cell data""], [""cytometry""]","[""Single-cell data""]","[""cytometry""]"
"31599345","[""Canada""]","[""Neurological"", ""Clinical""], [""soleus Hoffmann reflexes"", ""Modified Ashworth Scale""]","[""Neurological"", ""Clinical""]","[""soleus Hoffmann reflexes"", ""Modified Ashworth Scale""]"
"31609046","[""Canada""]","[""Image""], [""Image"", ""MRI""]","[""Image""]","[""Image"", ""MRI""]"
"31610776","[""Canada"", ""United States""]","[""home care clients""], [""Assistive devices"", ""Unsteady gait""]","[""home care clients""]","[""Assistive devices"", ""Unsteady gait""]"
"31615566","[""Canada""]","[""laboratory results"", ""demographic data""], [""Age"", ""Sex"", ""Fasting blood glucose"", ""Body mass index"", ""High-density lipoprotein"", ""Triglycerides"", ""Blood pressure""]","[""laboratory results"", ""demographic data""]","[""Age"", ""Sex"", ""Fasting blood glucose"", ""Body mass index"", ""High-density lipoprotein"", ""Triglycerides"", ""Blood pressure""]"
"31619130","[""Canada"", ""Poland""]","[""Real-World Data"", ""Medical""], []","[""Real-World Data"", ""Medical""]","[]"
"31622838","[""Canada"", ""China""]","[""MR Imaging""], [""MRI""]","[""MR Imaging""]","[""MRI""]"
"31631618","[""Canada"", ""China""]","[""Magnetic Resonance Imaging (MRI)""], [""MRI""]","[""Magnetic Resonance Imaging (MRI)""]","[""MRI""]"
"31633863","[""Canada""]","[""T1-weighted MRI""], [""MRI""]","[""T1-weighted MRI""]","[""MRI""]"
"31636101","[""Canada"", ""China"", ""United States""]","[""Images""], [""Image""]","[""Images""]","[""Image""]"
"31636895","[""Canada"", ""United States""]",NULL,NULL,NULL
"31638491","[""Canada""]","[""CT"", ""MRI""], [""CT"", ""MRI""]","[""CT"", ""MRI""]","[""CT"", ""MRI""]"
"31650017","[""Canada""]","[""retina""], [""retina""]","[""retina""]","[""retina""]"
"31655198","[""Canada"", ""Netherlands""]","[""Infrared"", ""Computed Tomography""], [""Infrared"", ""Computed tomography""]","[""Infrared"", ""Computed Tomography""]","[""Infrared"", ""Computed tomography""]"
"31655612","[""Canada""]","[""motor"", ""kinesthetic""], [{""Modality_Name"": ""Motor""}]","[""motor"", ""kinesthetic""]","[{""Modality_Name"": ""Motor""}]"
"31656049","[""Canada"", ""Switzerland"", ""United Kingdom""]","[""Self-reported"", ""Biomarkers""], [""textual""]","[""Self-reported"", ""Biomarkers""]","[""textual""]"
"31661761","[""Canada"", ""India""]","[""Electroencephalograph (EEG)"", ""Dynamic signature""], [""Dynamic signatures"", ""EEG signals""]","[""Electroencephalograph (EEG)"", ""Dynamic signature""]","[""Dynamic signatures"", ""EEG signals""]"
"31663066","[""Canada"", ""Turkey"", ""United States""]","[""Genomic data"", ""Clinical data""], [""genomic"", ""mutation""]","[""Genomic data"", ""Clinical data""]","[""genomic"", ""mutation""]"
"31666135","[""Canada""]","[""Vision"", ""Robotics""], [""Vision"", ""Proprioception""]","[""Vision"", ""Robotics""]","[""Vision"", ""Proprioception""]"
"31667829","[""Canada"", ""Czechia"", ""Germany"", ""Italy"", ""Poland"", ""United States""]","[""Clinical""], [{""text"": true}, {""image"": null}]","[""Clinical""]","[{""text"": true}, {""image"": null}]"
"31671333","[""Belgium"", ""Canada"", ""Iran"", ""Switzerland""]","[""Echocardiography""], [""2D echocardiographic images""]","[""Echocardiography""]","[""2D echocardiographic images""]"
"31675444","[""Canada""]","[""Computed Tomography (CT)"", ""Three-Dimensional""], [""Image"", ""Fluence""]","[""Computed Tomography (CT)"", ""Three-Dimensional""]","[""Image"", ""Fluence""]"
"31679176","[""Australia"", ""Canada"", ""United States""]","[""RNA-seq"", "" Histology""], [""transcripts""]","[""RNA-seq"", "" Histology""]","[""transcripts""]"
"31683260","[""Canada""]","[""Computed-Tomography (CT)"", ""Images""], [""Head and Neck CT images""]","[""Computed-Tomography (CT)"", ""Images""]","[""Head and Neck CT images""]"
"31691273","[""Canada"", ""United Kingdom""]","[""MRI""], [""MRI""]","[""MRI""]","[""MRI""]"
"31694835","[""Canada""]","[""Histology"", ""Exome sequencing"", ""RNA-sequencing analysis""], [""Histology and molecularly characterized by cytology and histology, exome sequencing, and RNA-sequencing analysis""]","[""Histology"", ""Exome sequencing"", ""RNA-sequencing analysis""]","[""Histology and molecularly characterized by cytology and histology, exome sequencing, and RNA-sequencing analysis""]"
"31696396","[""Australia"", ""Canada"", ""France"", ""Japan"", ""United States""]","[""Text"", ""Numerical""], [{""Tags"": [], ""Modality"": ""Text""}, {""Tags"": [], ""Modality"": ""Image""}, {""Tags"": [], ""Modality"": ""Audio""}]","[""Text"", ""Numerical""]","[{""Tags"": [], ""Modality"": ""Text""}, {""Tags"": [], ""Modality"": ""Image""}, {""Tags"": [], ""Modality"": ""Audio""}]"
"31712272","[""Australia"", ""Canada""]","[""Text""], [""text""]","[""Text""]","[""text""]"
"31723436","[""Canada""]","[""EDSS"", ""MSFC"", ""T2 lesion volume"", ""Brain parenchymal fraction""], [""Imaging"", ""Demographics""]","[""EDSS"", ""MSFC"", ""T2 lesion volume"", ""Brain parenchymal fraction""]","[""Imaging"", ""Demographics""]"
"31728792","[""Canada"", ""Japan"", ""Netherlands"", ""United States""]","[""Machine-Based""], [null, null, null, ""image"", null, ""image"", null, null, ""video"", null]","[""Machine-Based""]","[null, null, null, ""image"", null, ""image"", null, null, ""video"", null]"
"31730484","[""Canada"", ""Japan"", ""United States""]","[""Narrative clinical notes"", ""Chart review""], [""natural language processing"", ""knowledge-based rules""]","[""Narrative clinical notes"", ""Chart review""]","[""natural language processing"", ""knowledge-based rules""]"
"31730620","[""Canada""]","[""mRNAseq"", ""microarrays""], [""Gene expression values (≈ words)"", ""microarrays"", ""mRNAseq modality""]","[""mRNAseq"", ""microarrays""]","[""Gene expression values (≈ words)"", ""microarrays"", ""mRNAseq modality""]"
"31731092","[""Canada"", ""China""]","[""Fundus images""], [{""Text"": ""fundus images""}]","[""Fundus images""]","[{""Text"": ""fundus images""}]"
"31732979","[""Canada"", ""Germany""]",NULL,NULL,"[""genetic markers"", ""plasma concentrations""]"
"31736698","[""Canada"", ""France"", ""United States""]","[""fMRI""], [{""Modality"": ""Brain imaging""}, {""Modality"": ""fMRI""}]","[""fMRI""]","[{""Modality"": ""Brain imaging""}, {""Modality"": ""fMRI""}]"
"31737980","[""Canada""]","[""T1-weighted MRI""], [""3-dimensional T1-weighted MRI""]","[""T1-weighted MRI""]","[""3-dimensional T1-weighted MRI""]"
"31746764","[""Canada""]","[""App Use"", ""Pain Statistics""], {""Text"": null, ""Audio"": null}","[""App Use"", ""Pain Statistics""]","{""Text"": null, ""Audio"": null}"
"31755665","[""Australia"", ""Canada""]","[""Imaging data"", ""Functional connectivity""], [{""Modality_Name"": ""MRI""}, {""Modality_Name"": ""EEG""}]","[""Imaging data"", ""Functional connectivity""]","[{""Modality_Name"": ""MRI""}, {""Modality_Name"": ""EEG""}]"
"31758044","[""Canada""]","[""EEG"", ""ERP""], [""EEG"", ""ERP""]","[""EEG"", ""ERP""]","[""EEG"", ""ERP""]"
"31760210","[""Canada"", ""India"", ""Japan""]","[""EEG""], [""EEG""]","[""EEG""]","[""EEG""]"
"31769622","[""Canada"", ""Spain"", ""United States""]","[""magnetic resonance imaging""], [""Brain Volume"", ""Cortical Thickness""]","[""magnetic resonance imaging""]","[""Brain Volume"", ""Cortical Thickness""]"
"31772171","[""Canada"", ""United Kingdom""]","[""Cortical thickness""], [""cortical thickness data"", ""core-domain phenotypic features""]","[""Cortical thickness""]","[""cortical thickness data"", ""core-domain phenotypic features""]"
"31780395","[""Canada"", ""South Korea""]","[""CT imaging""], [""Imaging""]","[""CT imaging""]","[""Imaging""]"
"31785402","[""Canada"", ""China"", ""Korea, Republic of"", ""United States""]","[""T1-weighted"", ""T2-weighted""], [""T1-weighted"", ""T2-weighted""]","[""T1-weighted"", ""T2-weighted""]","[""T1-weighted"", ""T2-weighted""]"
"31787423","[""Brazil"", ""Canada""]","[""psychiatric diagnoses"", ""psychiatric symptoms""], {""text_data"": false, ""audio_data"": false, ""image_data"": false}","[""psychiatric diagnoses"", ""psychiatric symptoms""]","{""text_data"": false, ""audio_data"": false, ""image_data"": false}"
"31795060","[""Canada"", ""Taiwan""]","[""MRI""], [""MRI"", ""Image analysis""]","[""MRI""]","[""MRI"", ""Image analysis""]"
"31795063","[""Canada""]","[""Fluorodeoxyglucose positron emission tomography""], [""MRI"", ""Positron Emission Tomography""]","[""Fluorodeoxyglucose positron emission tomography""]","[""MRI"", ""Positron Emission Tomography""]"
"31796060","[""Canada"", ""United States""]","[""text"", ""bibliometrics""], [""Text""]","[""text"", ""bibliometrics""]","[""Text""]"
"31797142","[""Canada"", ""Iran""]","[""Magnetic Resonance Images""], [""MRI""]","[""Magnetic Resonance Images""]","[""MRI""]"
"31797592","[""Canada""]",NULL,"[""text""]",NULL
"31798403","[""Canada""]","[""EEG""], [""EEG""]","[""EEG""]","[""EEG""]"
"31800431","[""Canada""]","[""Virtual Reality""], [""Virtual reality"", ""Surgical simulation""]","[""Virtual Reality""]","[""Virtual reality"", ""Surgical simulation""]"
"31805020","[""Austria"", ""Canada"", ""Rwanda"", ""Turkey"", ""Uganda"", ""United States""]","[""age"", ""vital signs (heart rate, respiratory rate, and temperature) capillary refill time, altered mental state""], [""Age"", ""Respiratory rate"", ""Capillary refill time"", ""Altered mental state""]","[""age"", ""vital signs (heart rate, respiratory rate, and temperature) capillary refill time, altered mental state""]","[""Age"", ""Respiratory rate"", ""Capillary refill time"", ""Altered mental state""]"
"31812131","[""Canada""]","[""Magnetic Resonance (MR)""], [""MR images""]","[""Magnetic Resonance (MR)""]","[""MR images""]"
"31815574","[""Canada"", ""Turkey"", ""United States""]","[""Computed Tomography""], [""CT scans""]","[""Computed Tomography""]","[""CT scans""]"
"31816503","[""Canada""]","[""Medical Imaging""], [""image data"", ""text data""]","[""Medical Imaging""]","[""image data"", ""text data""]"
"31821482","[""Canada"", ""France"", ""Germany"", ""Japan"", ""Netherlands"", ""Turkey"", ""Ukraine"", ""United Kingdom"", ""United States""]","[""Serial PT-INR values""], [""prothrombin time international normalized ratio measurements""]","[""Serial PT-INR values""]","[""prothrombin time international normalized ratio measurements""]"
"31821865","[""Canada"", ""Saudi Arabia""]","[""Magnetic resonance imaging""], [""MRI"", ""T1-weighted images""]","[""Magnetic resonance imaging""]","[""MRI"", ""T1-weighted images""]"
"31822130","[""Canada""]","[""video"", ""audio""], [""robotic pet seal"", ""video recording""]","[""video"", ""audio""]","[""robotic pet seal"", ""video recording""]"
"31832652","[""Canada""]",NULL,NULL,"[""Virtual Reality"", ""Artificial Intelligence""]"
"31835700","[""Canada"", ""United States""]","[""RNA-Seq""], [""gene expression"", ""mRNA""]","[""RNA-Seq""]","[""gene expression"", ""mRNA""]"
"31845024","[""Canada"", ""United Kingdom""]",NULL,NULL,NULL
"31852412","[""Canada"", ""Czechia"", ""South Korea"", ""Spain"", ""Turkey"", ""United States""]","[""Medical""], [""Computed Tomography""]","[""Medical""]","[""Computed Tomography""]"
"35174892","[""Canada""]","[""MR""], [""Imaging"", ""Ultrasound""]","[""MR""]","[""Imaging"", ""Ultrasound""]"
"31860899","[""Canada""]","[""Ultrasound"", ""Fluoroscopy""], [""Ultrasound""]","[""Ultrasound"", ""Fluoroscopy""]","[""Ultrasound""]"
"31863034","[""Canada""]","[""Diffusion-Weighted Magnetic Resonance Imaging (DWI)""], [""Imaging""]","[""Diffusion-Weighted Magnetic Resonance Imaging (DWI)""]","[""Imaging""]"
"31866804","[""Canada"", ""China"", ""Cuba"", ""United States""]","[""EEG""], [""EEG""]","[""EEG""]","[""EEG""]"
"31867331","[""Canada""]",NULL,NULL,"[""Text"", ""Calcium homeostasis"", ""Mitochondrial function""]"
"31871069","[""Australia"", ""Canada"", ""France"", ""Netherlands"", ""Spain"", ""United Kingdom"", ""United States""]",NULL,NULL,"[""Image data"", ""Clinical data""]"
"31872289","[""Canada"", ""France""]","[], [""text""]","[]","[""text""]"
"31883208","[""Canada""]","[""Ankle proprioception""], [""torque perturbations"", ""gait speed""]","[""Ankle proprioception""]","[""torque perturbations"", ""gait speed""]"
"31884486","[""Canada"", ""United States""]","[""PET imaging"", ""Neuropsychological tests"", ""MRI volumetrics"", ""Cerebrospinal fluid biomarkers""], [""Imaging"", ""Biomarkers""]","[""PET imaging"", ""Neuropsychological tests"", ""MRI volumetrics"", ""Cerebrospinal fluid biomarkers""]","[""Imaging"", ""Biomarkers""]"
"31887617","[""Canada"", ""Denmark"", ""Hong Kong"", ""Iran"", ""Netherlands""]","[""3D ultrasound images""], [""3D ultrasound""]","[""3D ultrasound images""]","[""3D ultrasound""]"
"31899530","[""Canada"", ""United Kingdom"", ""United States""]",NULL,NULL,"[""Text data"", ""Image data""]"
"31900980","[""Canada"", ""Finland""]","[""3D Kinematics""], [""three-dimensional kinematic data""]","[""3D Kinematics""]","[""three-dimensional kinematic data""]"
"31901611","[""Canada"", ""China""]","[""Imaging""], [""Image""]","[""Imaging""]","[""Image""]"
"31915534","[""Canada"", ""United Kingdom""]","[""Quantitative ultrasound"", ""Radiomic""], [""Ultrasound""]","[""Quantitative ultrasound"", ""Radiomic""]","[""Ultrasound""]"
"31918375","[""Canada"", ""United States""]","[""Clinical"", ""Imaging""], [""SPECT"", ""clinical""]","[""Clinical"", ""Imaging""]","[""SPECT"", ""clinical""]"
"31918991","[""Canada""]","[""Upper limb sensorimotor and cognition functions""], [""motor"", ""cognitive"", ""sensory""]","[""Upper limb sensorimotor and cognition functions""]","[""motor"", ""cognitive"", ""sensory""]"
"31927071","[""Brazil"", ""Canada"", ""Singapore""]","[""Genetic data"", ""Environmental data""], [{""Type"": ""Emotional over-eating"", ""Method"": ""Child Eating Behavior Questionnaire""}, {""Type"": ""Food Responsiveness"", ""Method"": ""Child Eating Behavior Questionnaire""}, {""Type"": ""Food Enjoyment"", ""Method"": ""Child Eating Behavior Questionnaire""}]","[""Genetic data"", ""Environmental data""]","[{""Type"": ""Emotional over-eating"", ""Method"": ""Child Eating Behavior Questionnaire""}, {""Type"": ""Food Responsiveness"", ""Method"": ""Child Eating Behavior Questionnaire""}, {""Type"": ""Food Enjoyment"", ""Method"": ""Child Eating Behavior Questionnaire""}]"
"31932608","[""Canada"", ""Italy"", ""Luxembourg"", ""United Kingdom""]","[""ECG""], [""ECG""]","[""ECG""]","[""ECG""]"
"31937619","[""Canada"", ""China"", ""United States""]","[""MR Imaging""], [""MRI""]","[""MR Imaging""]","[""MRI""]"
"31950862","[""Canada""]","[""NeuroTracker""], [""3D multiple object tracking""]","[""NeuroTracker""]","[""3D multiple object tracking""]"
"31952981","[""Canada"", ""China"", ""France"", ""Netherlands""]","[""EEG""], [""EEG""]","[""EEG""]","[""EEG""]"
"31955415","[""Canada""]","[""3D LGE-MR"", ""2D""], [""MRI"", ""3D""]","[""3D LGE-MR"", ""2D""]","[""MRI"", ""3D""]"
"31961432","[""Canada"", ""Netherlands""]","[""16S rRNA gene sequencing"", ""Metagenomic sequencing""], [""16S rRNA gene sequencing"", ""metagenomic sequencing""]","[""16S rRNA gene sequencing"", ""Metagenomic sequencing""]","[""16S rRNA gene sequencing"", ""metagenomic sequencing""]"
"31964625","[""Canada""]","[""Affiliation""], [{""Modality"": ""CD8[+] T cells""}, {""Modality"": ""IL22-producing CD8[+] Tc22 subset""}]","[""Affiliation""]","[{""Modality"": ""CD8[+] T cells""}, {""Modality"": ""IL22-producing CD8[+] Tc22 subset""}]"
"31967531","[""Canada""]","[""Eye gaze"", ""Auditory feedback"", ""Vibrotactile feedback""], [""Auditory"", ""Vibrotactile""]","[""Eye gaze"", ""Auditory feedback"", ""Vibrotactile feedback""]","[""Auditory"", ""Vibrotactile""]"
"31967990","[""Canada"", ""United States""]","[""Gene expression"", ""Drug response""], [""Gene Expression"", ""Drug Response""]","[""Gene expression"", ""Drug response""]","[""Gene Expression"", ""Drug Response""]"
"31969896","[""Canada"", ""Pakistan""]",NULL,"[""Clinical measurements""]",NULL
"31971257","[""Canada"", ""China"", ""France""]","[""Facial skin signs"", ""Selfie pictures""], [""images"", ""lighting conditions""]","[""Facial skin signs"", ""Selfie pictures""]","[""images"", ""lighting conditions""]"
"31971940","[""Canada"", ""United States""]",NULL,"[""Genomic Biology""]",NULL
"31973994","[""Canada""]",NULL,NULL,"[""Survey"", ""Questionnaire""]"
"31978179","[""Canada"", ""Germany""]","[""MRI"", ""Diffusion and Perfusion""], [""MRI"", ""Diffusion and Perfusion""]","[""MRI"", ""Diffusion and Perfusion""]","[""MRI"", ""Diffusion and Perfusion""]"
"31982495","[""Canada"", ""United Kingdom"", ""United States""]","[""thermograms""], [""thermal imaging""]","[""thermograms""]","[""thermal imaging""]"
"31989163","[""Canada""]","[""blood"", ""brain""], [""Gene Expression"", ""Neuropathology"", ""Clinical Deterioration""]","[""blood"", ""brain""]","[""Gene Expression"", ""Neuropathology"", ""Clinical Deterioration""]"
"31999324","[""Canada"", ""France"", ""Germany"", ""United States""]","[""Functional MRI"", ""Behavioral questionnaire""], [""Functional brain measurements""]","[""Functional MRI"", ""Behavioral questionnaire""]","[""Functional brain measurements""]"
"32003517","[""Canada""]","[""MRI"", ""Clinical""], [""MRI""]","[""MRI"", ""Clinical""]","[""MRI""]"
"32007318","[""Canada"", ""United States""]","[""Computed Tomography (CT) scans""], [""CT scans""]","[""Computed Tomography (CT) scans""]","[""CT scans""]"
"32007701","[""Canada"", ""China""]","[""Echocardiography""], [""2D"", ""3D""]","[""Echocardiography""]","[""2D"", ""3D""]"
"32011021","[""Canada"", ""Turkey""]","[""Magnetic Resonance Angiography""], [""3D non-Cartesian image data""]","[""Magnetic Resonance Angiography""]","[""3D non-Cartesian image data""]"
"32013871","[""Canada""]","[""CT"", ""Images""], [""CT images""]","[""CT"", ""Images""]","[""CT images""]"
"32016430","[""Canada"", ""China"", ""Hong Kong""]","[""functional magnetic resonance imaging"", ""working memory""], [""fMRI""]","[""functional magnetic resonance imaging"", ""working memory""]","[""fMRI""]"
"32021737","[""Canada"", ""Turkey""]","[""fMRI"", ""MRI""], [""Structural imaging"", ""Functional imaging""]","[""fMRI"", ""MRI""]","[""Structural imaging"", ""Functional imaging""]"
"32023504","[""Canada"", ""Netherlands""]","[""CT"", ""RT""], [""clinical"", ""imaging"", ""RT""]","[""CT"", ""RT""]","[""clinical"", ""imaging"", ""RT""]"
"32024819","[""Canada"", ""United Kingdom"", ""United States""]","[""genomics""], genomics, genetics","[""genomics""]","genomics, genetics"
"32024849","[""Canada"", ""Croatia"", ""Netherlands"", ""United States""]","[""Genomic""], [""Genomics"", ""Pathology""]","[""Genomic""]","[""Genomics"", ""Pathology""]"
"32025015","[""Canada"", ""Denmark"", ""Estonia"", ""Germany"", ""Japan"", ""Poland"", ""Spain"", ""Sweden"", ""Switzerland"", ""United Kingdom"", ""United States""]",NULL,NULL,"[]"
"32026444","[""Canada"", ""United States""]","[""Bi-planar radiographs"", ""3D reconstruction"", ""Da Vinci views""], [""radiographs"", ""3D reconstruction""]","[""Bi-planar radiographs"", ""3D reconstruction"", ""Da Vinci views""]","[""radiographs"", ""3D reconstruction""]"
"32039563","[""Canada"", ""United States""]","[""Clinical"", ""Biological""], [""clinical"", ""biological""]","[""Clinical"", ""Biological""]","[""clinical"", ""biological""]"
"32042111","[""Canada"", ""United States""]","[""hand motion""], [""hand motion"", ""spectrotemporal characteristics""]","[""hand motion""]","[""hand motion"", ""spectrotemporal characteristics""]"
"32045708","[""Canada""]","[""mJOA score"", ""SF-36 (MCS) and PCS""], [""machine learning"", ""logistic regression""]","[""mJOA score"", ""SF-36 (MCS) and PCS""]","[""machine learning"", ""logistic regression""]"
"32053425","[""Australia"", ""Brazil"", ""Canada"", ""United States""]","[""Photographs""], [""Photographs"", ""Videos""]","[""Photographs""]","[""Photographs"", ""Videos""]"
"32054511","[""Canada""]","[""Robot""], [""Sensorimotor_control"", ""Visuospatial_skills""]","[""Robot""]","[""Sensorimotor_control"", ""Visuospatial_skills""]"
"32055239","[""Canada""]",NULL,"[]",NULL
"32056739","[""Canada""]","[""Administrative""], [""text""]","[""Administrative""]","[""text""]"
"32059918","[""Canada"", ""South Korea""]","[""Automated Breast Ultrasound""], [""Transverse"", ""Coronal""]","[""Automated Breast Ultrasound""]","[""Transverse"", ""Coronal""]"
"32063026","[""Canada"", ""India"", ""Netherlands"", ""Pakistan""]","[""CT"", ""FDG PET-CT""], [{""Modality"": ""Computed Tomography (CT)""}, {""Modality"": ""[18]F-FDG PET-CT""}]","[""CT"", ""FDG PET-CT""]","[{""Modality"": ""Computed Tomography (CT)""}, {""Modality"": ""[18]F-FDG PET-CT""}]"
"32064241","[""Canada""]","[""Sagittal"", ""Ultrasound""], [""Ultrasound images""]","[""Sagittal"", ""Ultrasound""]","[""Ultrasound images""]"
"32068890","[""Canada"", ""China"", ""Netherlands""]",NULL,"[""Laryngtorhinolaryngology""]",NULL
"32069213","[""Canada"", ""China"", ""United States""]","[""Text""], [""Text"", ""Dialogue""]","[""Text""]","[""Text"", ""Dialogue""]"
"32070812","[""Canada"", ""United States""]","[""Electrical"", ""Pneumatic""], [""Electrical median nerve stimulation"", ""Pneumatic stimulation""]","[""Electrical"", ""Pneumatic""]","[""Electrical median nerve stimulation"", ""Pneumatic stimulation""]"
"32071251","[""Canada"", ""United States""]","[""Clinical""], [""text""]","[""Clinical""]","[""text""]"
"32071965","[""Canada"", ""France""]","[""voice localizer paradigm"", ""functional magnetic resonance imaging""], [""Voice perception""]","[""voice localizer paradigm"", ""functional magnetic resonance imaging""]","[""Voice perception""]"
"32072271","[""Canada"", ""Netherlands"", ""Switzerland"", ""United Kingdom""]",NULL,"[""Functional testing""]",NULL
"32076662","[""Canada""]","[""Magnetic Resonance Imaging""], [{""modality"": ""image"", ""quantity"": 100}, {""modality"": ""video"", ""quantity"": 50}]","[""Magnetic Resonance Imaging""]","[{""modality"": ""image"", ""quantity"": 100}, {""modality"": ""video"", ""quantity"": 50}]"
"32079905","[""Canada"", ""Netherlands"", ""Turkey"", ""United States""]","[""Chest computed tomography"", ""Dual-energy x-ray absorptiometry""], [""Chest Computed Tomography""]","[""Chest computed tomography"", ""Dual-energy x-ray absorptiometry""]","[""Chest Computed Tomography""]"
"32088358","[""Canada""]","[""symptom assessments""], []","[""symptom assessments""]","[]"
"32088562","[""Canada"", ""Netherlands""]","[""Radiomics""], [""radiomics"", ""clinical outcomes""]","[""Radiomics""]","[""radiomics"", ""clinical outcomes""]"
"32108120","[""Australia"", ""Canada"", ""Jersey"", ""Netherlands"", ""United States""]","[""Text""], [""Text"", ""Image""]","[""Text""]","[""Text"", ""Image""]"
"32108230","[""Algeria"", ""Canada"", ""Chile"", ""France""]","[""electrophysiological activity""], [""Electrophysiology"", ""Neuroimaging""]","[""electrophysiological activity""]","[""Electrophysiology"", ""Neuroimaging""]"
"32109360","[""Canada""]","[{""Modality"": ""DNA sequencing""}, {""Modality"": ""RNA sequencing""}], [""bacterial"", ""fungal""]","[{""Modality"": ""DNA sequencing""}, {""Modality"": ""RNA sequencing""}]","[""bacterial"", ""fungal""]"
"32110753","[""Canada"", ""Israel"", ""United Kingdom"", ""United States""]","[""Medical""], {""variables_used"": [{""modality"": ""medical"", ""variables"": 68}, {""modality"": ""demographics"", ""variables"": null}]}","[""Medical""]","{""variables_used"": [{""modality"": ""medical"", ""variables"": 68}, {""modality"": ""demographics"", ""variables"": null}]}"
"32111185","[""Canada""]","[""Whole-exome sequencing""], [""Genomics"", ""Machine learning""]","[""Whole-exome sequencing""]","[""Genomics"", ""Machine learning""]"
"32130646","[""Canada""]","[""ECG"", ""CT""], [""ECG-gated CT volumes""]","[""ECG"", ""CT""]","[""ECG-gated CT volumes""]"
"32135531","[""Canada""]","[""Magnetic Resonance Imaging""], [{""Modality"": ""MRI""}]","[""Magnetic Resonance Imaging""]","[{""Modality"": ""MRI""}]"
"32144629","[""Canada""]","[""Structured Light Scanning""], [""3D Surface Models"", ""Texture Information""]","[""Structured Light Scanning""]","[""3D Surface Models"", ""Texture Information""]"
"32152777","[""Canada""]","[""Microvascular breast reconstructions""], [""Text"", ""Classification""]","[""Microvascular breast reconstructions""]","[""Text"", ""Classification""]"
"32153047","[""Canada"", ""Ireland"", ""United Kingdom""]","[""DNA methylation"", ""cf-RNA expression""], [""DNA Methylation"", ""Cell-Free RNA""]","[""DNA methylation"", ""cf-RNA expression""]","[""DNA Methylation"", ""Cell-Free RNA""]"
"32157112","[""Canada"", ""United States""]","[""RNA-Seq""], [{""count"": 1, ""modality"": ""microRNA""}]","[""RNA-Seq""]","[{""count"": 1, ""modality"": ""microRNA""}]"
"32161279","[""Canada"", ""Germany"", ""Italy"", ""Netherlands"", ""Switzerland""]","[], [{""modality"": ""Image""}, {""modality"": ""Text""}]","[]","[{""modality"": ""Image""}, {""modality"": ""Text""}]"
"32164378","[""Canada""]","[""Apparent diffusion coefficient (ADC) imaging"", ""Computed high-b value diffusion weighted imaging (CHB-DWI)"", ""Diffusion weighted imaging (DWI)""], [""DWI"", ""CHB-DWI""]","[""Apparent diffusion coefficient (ADC) imaging"", ""Computed high-b value diffusion weighted imaging (CHB-DWI)"", ""Diffusion weighted imaging (DWI)""]","[""DWI"", ""CHB-DWI""]"
"32164523","[""Canada""]","[""Gene expression data""], [""Gene expression data""]","[""Gene expression data""]","[""Gene expression data""]"
"32165206","[""Australia"", ""Austria"", ""Belgium"", ""Canada"", ""France"", ""Japan"", ""United Kingdom"", ""United States""]","[""Molecular"", ""Pathologic""], [""Image"", ""Text""]","[""Molecular"", ""Pathologic""]","[""Image"", ""Text""]"
"32166265","[""Canada""]","[""Clinical""], [""Medical records"", ""Laboratory values""]","[""Clinical""]","[""Medical records"", ""Laboratory values""]"
"32166768","[""Canada""]","[""3D Transrectal Ultrasound""], [""3D transrectal ultrasound images""]","[""3D Transrectal Ultrasound""]","[""3D transrectal ultrasound images""]"
"32174253","[""Canada""]","[""Ultrasound""], {""Image_Texture_Variables"": 31}","[""Ultrasound""]","{""Image_Texture_Variables"": 31}"
"32174330","[""Canada"", ""China""]","[""Cardiac magnetic resonance imaging""], [""optical flow"", ""motion features""]","[""Cardiac magnetic resonance imaging""]","[""optical flow"", ""motion features""]"
"32178532","[""Austria"", ""Canada"", ""Germany"", ""Italy"", ""Russia"", ""Turkey"", ""United States""]","[""Clinical"", ""Administrative""], Clinical","[""Clinical"", ""Administrative""]","Clinical"
"32179311","[""Canada""]","[""Electrocardiography"", ""Echocardiography"", ""Magnetic resonance imaging"", ""Coronary angiography""], electrocardiography, echocardiography, magnetic resonance imaging, and coronary angiography","[""Electrocardiography"", ""Echocardiography"", ""Magnetic resonance imaging"", ""Coronary angiography""]","electrocardiography, echocardiography, magnetic resonance imaging, and coronary angiography"
"32181922","[""Canada"", ""Georgia""]","[""Ultrasound""], [""Ultrasound Imaging"", ""US videos of the UE""]","[""Ultrasound""]","[""Ultrasound Imaging"", ""US videos of the UE""]"
"32185618","[""Canada"", ""France"", ""Iran"", ""Netherlands"", ""United States""]","[""Computed Tomography"", ""Positron Emission Tomography""], [""PET"", ""CT""]","[""Computed Tomography"", ""Positron Emission Tomography""]","[""PET"", ""CT""]"
"32185875","[""Canada"", ""Netherlands"", ""United States""]","[""Whole slide imaging""], [""Histology"", ""Immunogenetics""]","[""Whole slide imaging""]","[""Histology"", ""Immunogenetics""]"
"32187319","[""Australia"", ""Belgium"", ""Brazil"", ""Canada"", ""Germany"", ""Israel"", ""Portugal"", ""United Kingdom"", ""United States""]",NULL,NULL,"[""Text""]"
"32193665","[""Canada""]","[""CT scans"", ""Histopathology""], [""Computerized Tomography""]","[""CT scans"", ""Histopathology""]","[""Computerized Tomography""]"
"32193870","[""Canada"", ""Iran"", ""Switzerland""]","[""Computed Tomography (CT)""], [""Computed Tomography""]","[""Computed Tomography (CT)""]","[""Computed Tomography""]"
"32198433","[""Canada"", ""Jamaica"", ""Poland"", ""Spain"", ""United States""]","[""Clinical Variables""], [""Age at diagnosis"", ""Lymph nodes""]","[""Clinical Variables""]","[""Age at diagnosis"", ""Lymph nodes""]"
"32204950","[""Canada""]","[""Clinical""], [""detailed clinical information""]","[""Clinical""]","[""detailed clinical information""]"
"32206688","[""Canada"", ""United States""]","[""Medical images"", ""Planar (two-dimensional) medical images"", ""Volumetric (three-dimensional) medical images""], [""Planar (2D)"", ""Volumetric (3D)""]","[""Medical images"", ""Planar (two-dimensional) medical images"", ""Volumetric (three-dimensional) medical images""]","[""Planar (2D)"", ""Volumetric (3D)""]"
"32208981","[""Canada""]","[""Video"", ""Other""], [""Video-recordings""]","[""Video"", ""Other""]","[""Video-recordings""]"
"32211747","[""Canada"", ""United States""]","[""genetic"", ""contact investigation""], [""text""]","[""genetic"", ""contact investigation""]","[""text""]"
"32211946","[""Canada"", ""United States""]","[""Abdominal Imaging""], [""Abdominal imaging"", ""Prostate cancer""]","[""Abdominal Imaging""]","[""Abdominal imaging"", ""Prostate cancer""]"
"32217212","[""Canada"", ""United States""]","[""Motion"", ""Ground Reaction Force""], [{""Modality"": ""Motion""}]","[""Motion"", ""Ground Reaction Force""]","[{""Modality"": ""Motion""}]"
"32220502","[""Canada"", ""China"", ""Netherlands""]","[""Functional MRI""], [""MRI""]","[""Functional MRI""]","[""MRI""]"
"32222642","[""Canada""]","[""Dose""], [""dose distributions"", ""predicted dose distributions""]","[""Dose""]","[""dose distributions"", ""predicted dose distributions""]"
"32231077","[""Canada"", ""France""]","[""MRI"", ""T2"", ""ADC""], [""MRI"", ""ADC map""]","[""MRI"", ""T2"", ""ADC""]","[""MRI"", ""ADC map""]"
"32232546","[""Canada""]","[""16S rRNA-based high-throughput sequencing""], [{""text"": ""Fasting insulin and glucose levels""}, {""text"": ""insulin resistance was calculated with the homeostasis model assessment of insulin resistance (HOMA-IR)""}]","[""16S rRNA-based high-throughput sequencing""]","[{""text"": ""Fasting insulin and glucose levels""}, {""text"": ""insulin resistance was calculated with the homeostasis model assessment of insulin resistance (HOMA-IR)""}]"
"32235059","[""Canada"", ""Jordan"", ""United States""]","[""PET"", ""FDG-PET""], [""PET""]","[""PET"", ""FDG-PET""]","[""PET""]"
"32246035","[""Canada""]","[""Magnetoencephalography""], [""MEG connectome profiles""]","[""Magnetoencephalography""]","[""MEG connectome profiles""]"
"32248366","[""Canada""]","[""CT""], CT","[""CT""]","CT"
"32249734","[""Australia"", ""Canada"", ""United States""]","[""healthcare""], [""healthcare"", ""analytics"", ""artificial intelligence""]","[""healthcare""]","[""healthcare"", ""analytics"", ""artificial intelligence""]"
"32250302","[""Canada""]","[""Neuroimaging"", ""Clinical""], [""Image"", ""Clinical""]","[""Neuroimaging"", ""Clinical""]","[""Image"", ""Clinical""]"
"32272344","[""Canada"", ""China""]","[""Cardiovascular magnetic resonance (CMR) images""], [""MRI"", ""Computer Vision""]","[""Cardiovascular magnetic resonance (CMR) images""]","[""MRI"", ""Computer Vision""]"
"32273836","[""Canada""]","[""T1"", ""T2""], [""T1-weighted"", ""T2-weighted""]","[""T1"", ""T2""]","[""T1-weighted"", ""T2-weighted""]"
"32287265","[""Canada"", ""Germany"", ""United Kingdom"", ""United States""]","[""mRNA"", ""microarray""], [""blood"", ""muscle""]","[""mRNA"", ""microarray""]","[""blood"", ""muscle""]"
"32303098","[""Australia"", ""Canada"", ""United Kingdom"", ""United States""]",NULL,"[""Health data""]",NULL
"32304875","[""Canada""]","[""text""], text, structured data","[""text""]","text, structured data"
"32317241","[""Canada""]","[""prostate brachytherapy""], [""Dosimetry"", ""Treatment plan modifications""]","[""prostate brachytherapy""]","[""Dosimetry"", ""Treatment plan modifications""]"
"32318076","[""Austria"", ""Canada"", ""France""]",NULL,"[""Bioclinical data""]",NULL
"32319263","[""Canada""]","[""Raman spectroscopy""], [""Raman spectroscopy""]","[""Raman spectroscopy""]","[""Raman spectroscopy""]"
"32326349","[""Algeria"", ""Canada""]","[""Smart homes""], [""Spatial"", ""Temporal""]","[""Smart homes""]","[""Spatial"", ""Temporal""]"
"32328674","[""Canada""]","[""Hand Radiographs""], [""X-ray""]","[""Hand Radiographs""]","[""X-ray""]"
"32328990","[""Canada"", ""France"", ""Netherlands"", ""South Korea"", ""United Kingdom"", ""United States""]",NULL,NULL,NULL
"32329074","[""Canada""]","[""Computed Tomography""], [""Computed Tomography""]","[""Computed Tomography""]","[""Computed Tomography""]"
"32329723","[""Australia"", ""Canada"", ""China"", ""Finland"", ""Hong Kong"", ""Netherlands"", ""New Zealand"", ""Singapore"", ""Sweden"", ""United Kingdom"", ""United States""]",NULL,NULL,NULL
"32333121","[""Canada"", ""United States""]","[""brain extracts"", ""NMR"", ""DI/LC-MS/MS""], [""metabolomics"", ""NMR and DI/LC-MS/MS""]","[""brain extracts"", ""NMR"", ""DI/LC-MS/MS""]","[""metabolomics"", ""NMR and DI/LC-MS/MS""]"
"32348182","[""Canada"", ""Israel""]","[""FDG PET"", ""CT"", ""PET/CT""], [""PET images""]","[""FDG PET"", ""CT"", ""PET/CT""]","[""PET images""]"
"32356095","[""Canada""]","[""Ultrasound imaging"", ""RF data""], [""Ultrasound image""]","[""Ultrasound imaging"", ""RF data""]","[""Ultrasound image""]"
"32361562","[""Canada""]",NULL,NULL,"[""demographic""]"
"32365192","[""Canada""]","[""blood""], [""MicroRNA""]","[""blood""]","[""MicroRNA""]"
"32366785","[""Canada"", ""France"", ""United Kingdom"", ""United States""]","[""Amyloid PET"", ""FDG PET""], [""PET""]","[""Amyloid PET"", ""FDG PET""]","[""PET""]"
"32369563","[""Canada""]","[""Tensor""], [""tensor factorization"", ""deep neural network""]","[""Tensor""]","[""tensor factorization"", ""deep neural network""]"
"32372384","[""Canada"", ""South Korea"", ""United States""]","[""Temporal Enhanced Ultrasound (TeUS)"", ""Apparent Diffusion Coefficient (ADC)"", ""Magnetic Resonance Imaging (MRI)""], [""MRI"", ""Ultrasound""]","[""Temporal Enhanced Ultrasound (TeUS)"", ""Apparent Diffusion Coefficient (ADC)"", ""Magnetic Resonance Imaging (MRI)""]","[""MRI"", ""Ultrasound""]"
"32379801","[""Canada""]","[""Optoelectronic system"", ""Markers""], [""marker positions on FOs surfaces""]","[""Optoelectronic system"", ""Markers""]","[""marker positions on FOs surfaces""]"
"32383971","[""Canada"", ""Turkey""]","[""Administrative health data""], []","[""Administrative health data""]","[]"
"32387817","[""Canada""]",NULL,"[]",NULL
"32388549","[""Canada"", ""United Kingdom"", ""United States""]","[""text""], [""text""]","[""text""]","[""text""]"
"32396346","[""Canada""]","[""Metaproteomic"", ""Proteomics""], [""proteomics"", ""metaproteomics""]","[""Metaproteomic"", ""Proteomics""]","[""proteomics"", ""metaproteomics""]"
"32399513","[""Canada"", ""United States""]","[""Digital biomarkers""], [""digital biomarkers""]","[""Digital biomarkers""]","[""digital biomarkers""]"
"32399621","[""Canada"", ""Germany"", ""United States""]","[""PET/CT""], [""PET/CT""]","[""PET/CT""]","[""PET/CT""]"
"32404485","[""Canada"", ""Japan""]","[""Coronary Angioscopy""], [""Images""]","[""Coronary Angioscopy""]","[""Images""]"
"32406850","[""Canada""]","[""Text""], [""AI"", ""Health Technology Assessment""]","[""Text""]","[""AI"", ""Health Technology Assessment""]"
"32407457","[""Canada""]","[""Gene"", ""Expression""], [""Gene expression"", ""DNA methylation"", ""Copy number alteration""]","[""Gene"", ""Expression""]","[""Gene expression"", ""DNA methylation"", ""Copy number alteration""]"
"32409715","[""Canada"", ""United States""]","[""Medical Imaging""], [""3D inputs"", ""Multi-scale input""]","[""Medical Imaging""]","[""3D inputs"", ""Multi-scale input""]"
"32410265","[""Canada"", ""United States""]",NULL,"[""Administrative databases""]",NULL
"32413546","[""Canada"", ""United States""]","[""Computed Tomography (CT)""], [{""Dose-volume histograms (DVHs)"": true}, {""Computed tomography images"": true}]","[""Computed Tomography (CT)""]","[{""Dose-volume histograms (DVHs)"": true}, {""Computed tomography images"": true}]"
"32424317","[""Canada"", ""China"", ""Singapore"", ""United Kingdom""]","[""structural and functional network profiling"", ""biophysical simulations""], [""structural and functional network profiling"", ""biophysical simulations""]","[""structural and functional network profiling"", ""biophysical simulations""]","[""structural and functional network profiling"", ""biophysical simulations""]"
"32426059","[""Canada"", ""Finland""]","[""Near Infrared Spectroscopy""], [""Near infrared spectroscopy""]","[""Near Infrared Spectroscopy""]","[""Near infrared spectroscopy""]"
"32426346","[""Canada""]","[""3-dimensional (3D) trajectory data""], [""3D trajectory data""]","[""3-dimensional (3D) trajectory data""]","[""3D trajectory data""]"
"32444812","[""Canada"", ""China"", ""France"", ""United States""]",NULL,NULL,"[""Text""]"
"32433583","[""Canada"", ""Germany""]","[""3T"", ""FLAIR""], [""Image"", ""Survey""]","[""3T"", ""FLAIR""]","[""Image"", ""Survey""]"
"32434127","[""Canada"", ""China"", ""France""]","[""CT"", ""angiography""], [""CT Scan"", ""MRI""]","[""CT"", ""angiography""]","[""CT Scan"", ""MRI""]"
"32437969","[""Canada"", ""Finland""]","[""Micro-Computed Tomography""], [""Micro-computed Tomography""]","[""Micro-Computed Tomography""]","[""Micro-computed Tomography""]"
"32439869","[""Canada"", ""United States""]","[""Clinical notes"", ""Lab tests"", ""Billing codes""], [""text"", ""image""]","[""Clinical notes"", ""Lab tests"", ""Billing codes""]","[""text"", ""image""]"
"32441656","[""Canada""]","[""Infrared Video""], [""Video"", ""Body movements""]","[""Infrared Video""]","[""Video"", ""Body movements""]"
"32442307","[""Canada""]","[""Metabolomics"", ""Gene expression"", ""Copy number"", ""Mutation profiles""], [""omics"", ""pharmacological""]","[""Metabolomics"", ""Gene expression"", ""Copy number"", ""Mutation profiles""]","[""omics"", ""pharmacological""]"
"32445550","[""Canada"", ""China""]","[""Epidemiological data"", ""Clinical symptoms"", ""CT nodule-based radiomic features"", ""Tumor biomarkers""], [""epidemiological data"", ""clinical symptoms"", ""tumor biomarkers"", ""CT nodule-based radiomic features""]","[""Epidemiological data"", ""Clinical symptoms"", ""CT nodule-based radiomic features"", ""Tumor biomarkers""]","[""epidemiological data"", ""clinical symptoms"", ""tumor biomarkers"", ""CT nodule-based radiomic features""]"
"32446241","[""Austria"", ""Canada"", ""Switzerland""]","[""fMRI""], [{""Details"": null, ""Modality"": ""fMRI""}, {""Details"": null, ""Modality"": ""ICNs functional connectivity""}]","[""fMRI""]","[{""Details"": null, ""Modality"": ""fMRI""}, {""Details"": null, ""Modality"": ""ICNs functional connectivity""}]"
"32449747","[""Canada""]","[""Operational Taxonomic Units""], [{""modality"": ""microbiome data""}, {""modality"": ""operational taxonomic units (OTUs)""}]","[""Operational Taxonomic Units""]","[{""modality"": ""microbiome data""}, {""modality"": ""operational taxonomic units (OTUs)""}]"
"32467650","[""Belgium"", ""Canada"", ""France"", ""Germany"", ""Honduras"", ""Kuwait"", ""Nigeria"", ""Pakistan"", ""Spain"", ""Turkey"", ""United Kingdom"", ""United States""]","[""France""], [""Pathology""]","[""France""]","[""Pathology""]"
"32452574","[""Canada"", ""China""]","[""Functional MRI"", ""Magnetic resonance imaging"", ""White matter""], [""magnetic resonance imaging"", ""fMRI""]","[""Functional MRI"", ""Magnetic resonance imaging"", ""White matter""]","[""magnetic resonance imaging"", ""fMRI""]"
"32453488","[""Canada"", ""Sweden"", ""Turkey""]","[""Brain MRI"", ""Synthetic MRI""], [""brain MRI""]","[""Brain MRI"", ""Synthetic MRI""]","[""brain MRI""]"
"32454115","[""Canada"", ""Switzerland""]","[""Magnetic resonance imaging"", ""Diffusion tensor imaging""], [""MRI""]","[""Magnetic resonance imaging"", ""Diffusion tensor imaging""]","[""MRI""]"
"32455927","[""Canada""]","[""Accelerometer"", ""Motion""], [""Accelerometer"", ""Motion data""]","[""Accelerometer"", ""Motion""]","[""Accelerometer"", ""Motion data""]"
"32462314","[""Canada"", ""United Kingdom""]","[""Chest X-ray scans""], [""radiographs""]","[""Chest X-ray scans""]","[""radiographs""]"
"32463180","[""Australia"", ""Austria"", ""Belgium"", ""Canada"", ""France"", ""Georgia"", ""Germany"", ""Spain"", ""United Kingdom"", ""United States""]","[null], [""Text"", ""Image""]","[null]","[""Text"", ""Image""]"
"32464565","[""Canada"", ""South Korea""]","[""Computed Tomography""], [""Image""]","[""Computed Tomography""]","[""Image""]"
"32473385","[""Canada"", ""China"", ""United States""]","[""miRNA""], [""miRNA""]","[""miRNA""]","[""miRNA""]"
"32474393","[""Canada""]",NULL,NULL,"[""geriatric syndromes"", ""functional assessments""]"
"32475986","[""Canada"", ""United States""]",NULL,"[""Three-dimensional""]",NULL
"32477683","[""Canada"", ""Lebanon"", ""Turkey""]","[""Clinical"", ""Molecular""], [{""Tag"": [], ""Name"": null}, {""Tag"": [""Blood tests""], ""Name"": ""Clinical""}, {""Tag"": [], ""Name"": null}]","[""Clinical"", ""Molecular""]","[{""Tag"": [], ""Name"": null}, {""Tag"": [""Blood tests""], ""Name"": ""Clinical""}, {""Tag"": [], ""Name"": null}]"
"36154454","[""Canada""]",NULL,"[""Surgical video""]",NULL
"32493224","[""Canada"", ""United States""]",NULL,"[""Saliva""]",NULL
"32500070","[""Canada"", ""China"", ""Hong Kong"", ""United Kingdom""]","[""ECG""], [""ECG"", ""electrophysiology""]","[""ECG""]","[""ECG"", ""electrophysiology""]"
"32501805","[""Canada""]",NULL,"[""SMS text messaging""]",NULL
"32515116","[""Canada"", ""United States""]","[""Text""], [""numerical ratings"", ""written reviews""]","[""Text""]","[""numerical ratings"", ""written reviews""]"
"32531021","[""Canada""]","[""accelerometer""], [""accelerometer""]","[""accelerometer""]","[""accelerometer""]"
"32532358","[""Canada""]","[""Force myography""], [""force myography"", ""anthropometric measures""]","[""Force myography""]","[""force myography"", ""anthropometric measures""]"
"32533137","[""Canada"", ""Israel"", ""Taiwan"", ""United States""]","[""Nuclear Medicine"", ""Cardiovascular""], [""ECG"", ""Imaging""]","[""Nuclear Medicine"", ""Cardiovascular""]","[""ECG"", ""Imaging""]"
"32535888","[""Canada"", ""China"", ""Hong Kong"", ""United Kingdom"", ""United States""]","[""Laboratory data"", ""Echocardiographic assessment"", ""Electrocardiographic P-wave indices""], {""Modality"": [{""Name"": ""electrocardiographic P-wave indices""}, {""Name"": ""echocardiographic assessment""}, {""Name"": ""neutrophil-to-lymphocyte ratio (NLR)""}, {""Name"": ""prognostic nutritional index (PNI)""}]}","[""Laboratory data"", ""Echocardiographic assessment"", ""Electrocardiographic P-wave indices""]","{""Modality"": [{""Name"": ""electrocardiographic P-wave indices""}, {""Name"": ""echocardiographic assessment""}, {""Name"": ""neutrophil-to-lymphocyte ratio (NLR)""}, {""Name"": ""prognostic nutritional index (PNI)""}]}"
"32536605","[""Canada"", ""Ireland""]","[""Faecal""], {""Microbiome data"": true}","[""Faecal""]","{""Microbiome data"": true}"
"32540846","[""Canada"", ""United States""]",NULL,NULL,NULL
"32544823","[""Canada""]",NULL,"[""Interview"", ""Movement""]",NULL
"32554169","[""Canada"", ""China"", ""United States""]","[""CT""], [""Computed Tomography""]","[""CT""]","[""Computed Tomography""]"
"32554374","[""Canada""]","[""Text-based conversations""], Text","[""Text-based conversations""]","Text"
"32555410","[""Canada""]","[""Histopathology""], [""histologic tissue components"", ""nuclei maps"", ""lumina maps""]","[""Histopathology""]","[""histologic tissue components"", ""nuclei maps"", ""lumina maps""]"
"32558750","[""Canada"", ""Turkey""]","[""Audiometric"", ""Numerical"", ""Text""], [""Text"", ""Numerical""]","[""Audiometric"", ""Numerical"", ""Text""]","[""Text"", ""Numerical""]"
"32561782","[""Canada""]","[""MRI"", ""Serum""], {""adipokines/inflammatory factors"": null}","[""MRI"", ""Serum""]","{""adipokines/inflammatory factors"": null}"
"32563597","[""Brazil"", ""Canada"", ""Germany"", ""Italy"", ""Netherlands"", ""Sweden"", ""United States""]",NULL,NULL,"[""text""]"
"32568668","[""Canada"", ""United States""]","[""T1-precontrast"", ""Fluid Attenuated Inversion Recovery (FLAIR)"", ""T1-postcontrast""], [""T1-precontrast"", ""Fluid attenuated inversion recovery (FLAIR)"", ""T1-postcontrast""]","[""T1-precontrast"", ""Fluid Attenuated Inversion Recovery (FLAIR)"", ""T1-postcontrast""]","[""T1-precontrast"", ""Fluid attenuated inversion recovery (FLAIR)"", ""T1-postcontrast""]"
"32570691","[""Canada""]",NULL,"[""Patient Timestamp""]",NULL
"32571444","[""Canada"", ""Germany"", ""Greece"", ""Hungary"", ""Netherlands"", ""Spain"", ""Switzerland"", ""United Kingdom""]",NULL,NULL,"{""image"": [""Centre for Human Brain Health, School of Psychology""], ""video"": null}"
"32571904","[""Canada"", ""Philippines"", ""Turkey"", ""United States""]","[""Behavioral"", ""Social"", ""Psychological""], [""Economic factors"", ""Social factors"", ""Psychological factors""]","[""Behavioral"", ""Social"", ""Psychological""]","[""Economic factors"", ""Social factors"", ""Psychological factors""]"
"32580177","[""Canada"", ""Netherlands"", ""Slovenia"", ""United Kingdom""]","[""Computed Tomography"", ""Radiographs""], [""radiographs"", ""CTs""]","[""Computed Tomography"", ""Radiographs""]","[""radiographs"", ""CTs""]"
"32580207","[""Canada"", ""Germany""]","[""Imaging""], [""image""]","[""Imaging""]","[""image""]"
"32581221","[""Canada"", ""France""]","[""Magnetic Resonance Imaging"", ""Positron Emission Tomography"", ""Computed Tomography""], [""Imaging"", ""Computed Tomography""]","[""Magnetic Resonance Imaging"", ""Positron Emission Tomography"", ""Computed Tomography""]","[""Imaging"", ""Computed Tomography""]"
"32582542","[""Canada"", ""China"", ""Pakistan""]","[""Serum Tumor Markers""], [{""Text"": ""Serum tumor markers"", ""Label"": """", ""NlmCategory"": """"}]","[""Serum Tumor Markers""]","[{""Text"": ""Serum tumor markers"", ""Label"": """", ""NlmCategory"": """"}]"
"32583617","[""Canada""]","[""Computed Tomography"", ""Dynamic Susceptibility Contrast Perfusion-Weighted MRI""], [""CTP"", ""PWI""]","[""Computed Tomography"", ""Dynamic Susceptibility Contrast Perfusion-Weighted MRI""]","[""CTP"", ""PWI""]"
"32591639","[""Canada""]","[""Genomics"", ""Protein-protein interaction analysis""], [""Molecular"", ""Imaging""]","[""Genomics"", ""Protein-protein interaction analysis""]","[""Molecular"", ""Imaging""]"
"32591889","[""Canada"", ""France""]","[""Magnetic Resonance Imaging""], [""MRI"", ""PSA""]","[""Magnetic Resonance Imaging""]","[""MRI"", ""PSA""]"
"32592462","[""Australia"", ""Canada"", ""China"", ""United States""]",NULL,"[""3D genome"", ""DNA loci""]",NULL
"32594794","[""Australia"", ""Canada"", ""Hong Kong"", ""Turkey""]","[""Blood Pressure""], [""Blood Pressure Readings""]","[""Blood Pressure""]","[""Blood Pressure Readings""]"
"32597194","[""Canada"", ""China""]","[""RNA""], [""RNA"", ""miRNA"", ""mRNA""]","[""RNA""]","[""RNA"", ""miRNA"", ""mRNA""]"
"32599279","[""Canada""]","[""CT"", ""MRI""], [""Image""]","[""CT"", ""MRI""]","[""Image""]"
"32599552","[""Canada""]","[""Arterial Spin Labelling (ASL)"", ""Blood Oxygen Level Dependent (BOLD)""], [""Arterial Spin Labelled fMRI"", ""Blood Oxygen Level Dependent (BOLD) fMRI""]","[""Arterial Spin Labelling (ASL)"", ""Blood Oxygen Level Dependent (BOLD)""]","[""Arterial Spin Labelled fMRI"", ""Blood Oxygen Level Dependent (BOLD) fMRI""]"
"32601678","[""Canada"", ""Germany"", ""Switzerland"", ""United Kingdom""]","[""upper limb motor recovery""], [""Upper limb motor recovery""]","[""upper limb motor recovery""]","[""Upper limb motor recovery""]"
"32602222","[""Canada"", ""United States""]","[""US""], [""Image"", ""Text""]","[""US""]","[""Image"", ""Text""]"
"32604080","[""Canada""]","[""Computed Tomography (CT)""], [""CT scans""]","[""Computed Tomography (CT)""]","[""CT scans""]"
"32605433","[""Canada"", ""Iraq"", ""United States""]","[""Electromyography""], [""Electromyography""]","[""Electromyography""]","[""Electromyography""]"
"32610095","[""Canada"", ""France"", ""United States""]","[""Metagenomics"", ""Metabolomics""], [""stool microbiomes"", ""serum albumin levels"", ""age""]","[""Metagenomics"", ""Metabolomics""]","[""stool microbiomes"", ""serum albumin levels"", ""age""]"
"32611681","[""Canada"", ""United States""]","[""RNA""], [""RNA sequencing""]","[""RNA""]","[""RNA sequencing""]"
"32614505","[""Canada"", ""United States""]","[""T1-weighted magnetic resonance imaging (MRI)""], [""T1-weighted MRI images""]","[""T1-weighted magnetic resonance imaging (MRI)""]","[""T1-weighted MRI images""]"
"32615979","[""Canada""]","[""Robot-based"", null], [""motor"", ""sensory"", ""cognitive""]","[""Robot-based"", null]","[""motor"", ""sensory"", ""cognitive""]"
"32616912","[""Canada""]","[""Computed Tomography""], [""Textural analyses""]","[""Computed Tomography""]","[""Textural analyses""]"
"32617525","[""Brazil"", ""Canada"", ""France"", ""India"", ""Italy"", ""Kenya"", ""Oman"", ""Pakistan"", ""South Africa"", ""Thailand"", ""United Arab Emirates"", ""United Kingdom"", ""United States""]",NULL,NULL,NULL
"32622121","[""Canada""]","[""CT scans"", ""dosimetry data""], [""Imaging data (CT scans), Dosimetry data""]","[""CT scans"", ""dosimetry data""]","[""Imaging data (CT scans), Dosimetry data""]"
"32623366","[""Canada""]","[""accelerometry""], [""9-axis inertial sensor data""]","[""accelerometry""]","[""9-axis inertial sensor data""]"
"32627049","[""Canada""]","[""CT""], [""CT""]","[""CT""]","[""CT""]"
"32635216","[""Canada"", ""Germany"", ""United States""]","[""PET/CT""], [""PET"", ""CT""]","[""PET/CT""]","[""PET"", ""CT""]"
"32636008","[""Canada"", ""Italy""]","[""Electromyography""], [""Muscle activity"", ""Wrist movement""]","[""Electromyography""]","[""Muscle activity"", ""Wrist movement""]"
"32636768","[""Australia"", ""Canada""]","[""Cognitive and mood measures"", ""Neuropsychological measures""], [""Cognitive, mood, social cognition""]","[""Cognitive and mood measures"", ""Neuropsychological measures""]","[""Cognitive, mood, social cognition""]"
"32637418","[""Canada"", ""China""]",NULL,NULL,NULL
"32640028","[""Canada""]",NULL,NULL,"[""Gram-negative bacteria""]"
"32641740","[""Canada"", ""United States""]","[""Inertial Measurement Units""], [""IMUs""]","[""Inertial Measurement Units""]","[""IMUs""]"
"32645927","[""Canada"", ""Russia""]","[""Plasma"", ""Urine""], [""plasma"", ""urine""]","[""Plasma"", ""Urine""]","[""plasma"", ""urine""]"
"32646685","[""Canada""]","[""Ultrasound""], [""ultrasound""]","[""Ultrasound""]","[""ultrasound""]"
"32649890","[""Canada"", ""United States""]","[""CT scans""], [""3D_image_data"", ""Anatomical_features""]","[""CT scans""]","[""3D_image_data"", ""Anatomical_features""]"
"32650152","[""Canada""]","[""EEG""], [""Electroencephalogram""]","[""EEG""]","[""Electroencephalogram""]"
"32651401","[""Canada""]",NULL,NULL,"[""temporal data"", ""physiological signals""]"
"32655572","[""Argentina"", ""Belgium"", ""Canada"", ""Denmark""]","[""MHC-associated peptide proteomics""], [""MHC-associated peptide proteomics (MAPPs) assays""]","[""MHC-associated peptide proteomics""]","[""MHC-associated peptide proteomics (MAPPs) assays""]"
"32658741","[""Canada"", ""Singapore""]","[""Ultrasound""], [""Ultrasound""]","[""Ultrasound""]","[""Ultrasound""]"
"32662055","[""Canada""]","[""CT""], [""Dynamic CT angiography""]","[""CT""]","[""Dynamic CT angiography""]"
"32664955","[""Canada""]","[""Visual"", ""Motor""], [""Visual"", ""Haptic""]","[""Visual"", ""Motor""]","[""Visual"", ""Haptic""]"
"32672513","[""Canada""]","[""Motor and sensory impairments""], [""motor"", ""sensory""]","[""Motor and sensory impairments""]","[""motor"", ""sensory""]"
"32673230","[""Canada"", ""United Kingdom""]","[""Text""], {""text"": null}","[""Text""]","{""text"": null}"
"32681101","[""Canada"", ""France"", ""United Kingdom""]",NULL,NULL,"[""cognitive function"", ""neural organisation""]"
"32682223","[""Canada"", ""United States""]","[""Neural recordings"", ""Robotics""], [""Intracortical neural recordings""]","[""Neural recordings"", ""Robotics""]","[""Intracortical neural recordings""]"
"32682719","[""Austria"", ""Canada"", ""Georgia"", ""Italy"", ""Korea, Republic of"", ""Portugal"", ""Singapore"", ""South Korea"", ""United Kingdom"", ""United States""]",NULL,"[""Imaging"", ""Cardiology""]",NULL
"32686118","[""Canada"", ""China"", ""Hong Kong"", ""United Kingdom"", ""United States""]","[""Imaging"", ""Pathology""], [""Image""]","[""Imaging"", ""Pathology""]","[""Image""]"
"32686236","[""Canada"", ""France"", ""Japan"", ""Korea, Republic of""]","[""selfie pictures""], [""Image"", ""Text""]","[""selfie pictures""]","[""Image"", ""Text""]"
"32686506","[""Canada""]",NULL,NULL,NULL
"32686681","[""Canada""]",NULL,NULL,"[""speech""]"
"32687564","[""Canada"", ""United States""]",NULL,NULL,NULL
"32688049","[""Canada""]","[""MRI""], MRI","[""MRI""]","MRI"
"32696007","[""Canada""]","[""blood""], [""immunoassays"", ""machine learning""]","[""blood""]","[""immunoassays"", ""machine learning""]"
"32701148","[""Canada"", ""Georgia"", ""United States""]","[""Laboratory""], [""text"", ""image""]","[""Laboratory""]","[""text"", ""image""]"
"32701655","[""Canada""]","[""Diffusion tensor imaging"", ""Tractography""], [""Diffusion tensor imaging"", ""Gaussian process classification""]","[""Diffusion tensor imaging"", ""Tractography""]","[""Diffusion tensor imaging"", ""Gaussian process classification""]"
"32703973","[""Canada""]","[""Computed Tomography"", ""Positron Emission Tomography""], [""Computed Tomography"", ""Positron Emission Tomography""]","[""Computed Tomography"", ""Positron Emission Tomography""]","[""Computed Tomography"", ""Positron Emission Tomography""]"
"32704450","[""Canada"", ""Thailand""]","[], [""Text""]","[]","[""Text""]"
"32710834","[""Canada"", ""Germany"", ""Korea, Republic of"", ""Poland"", ""United States""]",NULL,NULL,"[{""ForeName"": ""Jaewoo"", ""Initials"": ""J"", ""LastName"": ""Kang""}, {""ForeName"": ""Yuanfang"", ""Initials"": ""Y"", ""LastName"": ""Guan""}]"
"32715024","[""Canada""]","[""Histopathology""], [""histological"", ""radiological""]","[""Histopathology""]","[""histological"", ""radiological""]"
"32716959","[""Canada"", ""United States""]","[""Ultrasound""], [""Text Data"", ""Image Data""]","[""Ultrasound""]","[""Text Data"", ""Image Data""]"
"32719123","[""Canada"", ""Germany"", ""Israel"", ""Italy"", ""Netherlands"", ""New Zealand"", ""Puerto Rico"", ""Switzerland"", ""Turkey"", ""United Kingdom"", ""United States""]",NULL,NULL,NULL
"32719375","[""Canada"", ""United States""]",NULL,NULL,"[{""Department of Anesthesiology, Perioperative and Pain Medicine, Stanford University, Stanford, USA"": [""Audio"", ""Text""]}, {""Department of Pediatrics, Stanford University, Stanford, USA"": [""Video"", ""Image""]}]"
"32720232","[""Canada"", ""United States""]","[""None""], [""Psychiatry"", ""Medicine""]","[""None""]","[""Psychiatry"", ""Medicine""]"
"32720647","[""Canada""]","[""GPS""], [""GPS data""]","[""GPS""]","[""GPS data""]"
"32732917","[""Canada"", ""Germany"", ""United Kingdom"", ""United States""]","[""transcriptome"", ""brain imaging""], [""Image"", ""Text""]","[""transcriptome"", ""brain imaging""]","[""Image"", ""Text""]"
"32732967","[""Canada"", ""France"", ""Germany""]","[""Questionnaire"", ""Observation Schedule""], [""social"", ""communication""]","[""Questionnaire"", ""Observation Schedule""]","[""social"", ""communication""]"
"32740935","[""Canada""]","[""IMAGE""], [""Image acquisition""]","[""IMAGE""]","[""Image acquisition""]"
"32743554","[""Canada"", ""Israel"", ""Netherlands"", ""United States""]","[""miRNA""], [""miRNA"", ""microRNA""]","[""miRNA""]","[""miRNA"", ""microRNA""]"
"32746967","[""Canada"", ""Cyprus"", ""Italy"", ""Korea, Republic of"", ""Switzerland"", ""Taiwan"", ""United Kingdom""]","[""fMRI"", ""BOLD""], [{""Tags"": [""fMRI BOLD signal""], ""Modality"": ""fMRI""}, {""Tags"": [""Hurts exponent (H) model""], ""Modality"": ""Computational modeling""}]","[""fMRI"", ""BOLD""]","[{""Tags"": [""fMRI BOLD signal""], ""Modality"": ""fMRI""}, {""Tags"": [""Hurts exponent (H) model""], ""Modality"": ""Computational modeling""}]"
"32749585","[""Canada""]","[""MRI"", ""CT""], [""MRI"", ""CT""]","[""MRI"", ""CT""]","[""MRI"", ""CT""]"
"32750012","[""Canada""]","[""Text""], [""text""]","[""Text""]","[""text""]"
"32754898","[""Australia"", ""Brazil"", ""Canada"", ""Italy"", ""Thailand""]","[""Biochemical"", ""Immune""], [{""tags"": [""research articles""], ""modality_name"": ""Text data""}, {""tags"": [], ""modality_name"": ""Image data""}]","[""Biochemical"", ""Immune""]","[{""tags"": [""research articles""], ""modality_name"": ""Text data""}, {""tags"": [], ""modality_name"": ""Image data""}]"
"32758450","[""Australia"", ""Austria"", ""Canada"", ""Czechia"", ""France"", ""Germany"", ""Netherlands"", ""New Zealand"", ""Spain"", ""Sweden"", ""United Kingdom"", ""United States""]",NULL,NULL,NULL
"34010050","[""Canada"", ""Turkey"", ""United States""]",NULL,NULL,"[""text"", null]"
"32758649","[""Canada""]","[""Magnetic Resonance Imaging"", ""Ultraviolet Fluorescence"", ""Ultrasonography""], [""magnetic resonance imaging"", ""ultraviolet fluorescence""]","[""Magnetic Resonance Imaging"", ""Ultraviolet Fluorescence"", ""Ultrasonography""]","[""magnetic resonance imaging"", ""ultraviolet fluorescence""]"
"32761917","[""Canada""]","[""Computed Tomography (CT)""], [""CT scans""]","[""Computed Tomography (CT)""]","[""CT scans""]"
"32767763","[""Canada"", ""Germany"", ""Netherlands"", ""Switzerland"", ""United Kingdom"", ""United States""]","[""Imaging"", ""Electroencephalography"", ""Pathology"", ""Digital technologies""], [{""modality_name"": ""EEG"", ""used_in_paper"": true}, {""modality_name"": ""MRI"", ""used_in_paper"": true}]","[""Imaging"", ""Electroencephalography"", ""Pathology"", ""Digital technologies""]","[{""modality_name"": ""EEG"", ""used_in_paper"": true}, {""modality_name"": ""MRI"", ""used_in_paper"": true}]"
"32770269","[""Canada"", ""United States""]","[""Audio""], [""Audio""]","[""Audio""]","[""Audio""]"
"32770817","[""Canada"", ""China""]","[""Age"", ""General adiposity (BMI)"", ""Visceral adiposity (Waist-to-Height Ratio, a Body Shape Index)"", ""Vital signs (systolic blood pressure, diastolic blood pressure, pulse)""], [""vital signs"", ""adiposity indexes""]","[""Age"", ""General adiposity (BMI)"", ""Visceral adiposity (Waist-to-Height Ratio, a Body Shape Index)"", ""Vital signs (systolic blood pressure, diastolic blood pressure, pulse)""]","[""vital signs"", ""adiposity indexes""]"
"32771618","[""Austria"", ""Canada"", ""France"", ""United States""]","[""fMRI"", ""task-activation""], [""fMRI"", ""task-activation""]","[""fMRI"", ""task-activation""]","[""fMRI"", ""task-activation""]"
"32775335","[""Belgium"", ""Bulgaria"", ""Canada"", ""France"", ""Italy"", ""Netherlands"", ""Sweden"", ""Switzerland"", ""United States""]",NULL,NULL,"health care systems, cancer, antimicrobial resistance, primary care"
"32797086","[""Canada"", ""United States""]","[""intraductal""], [""text""]","[""intraductal""]","[""text""]"
"32803448","[""Canada""]","[""Breathing Sounds""], [""Breathing sounds""]","[""Breathing Sounds""]","[""Breathing sounds""]"
"32809874","[""Canada"", ""Turkey"", ""United States""]","[""Biomarkers"", ""Inflammatory biomarkers""], [""Text""]","[""Biomarkers"", ""Inflammatory biomarkers""]","[""Text""]"
"32816765","[""Canada"", ""Turkey"", ""United States""]","[""MRI"", ""CT Scan""], [""image"", ""text""]","[""MRI"", ""CT Scan""]","[""image"", ""text""]"
"32818081","[""Canada""]","[""Optical Coherence Tomography Angiography"", ""Image""], [""Image"", ""Enface images""]","[""Optical Coherence Tomography Angiography"", ""Image""]","[""Image"", ""Enface images""]"
"32819467","[""Canada"", ""United States""]","[""ECG"", ""Clinical features""], [""ECG""]","[""ECG"", ""Clinical features""]","[""ECG""]"
"32819981","[""Canada"", ""Israel"", ""Singapore"", ""United States""]","[""Text""], [""text messaging""]","[""Text""]","[""text messaging""]"
"32823970","[""Canada""]","[""2D descriptors""], [""2D descriptors""]","[""2D descriptors""]","[""2D descriptors""]"
"32826891","[""Canada"", ""Egypt""]","[null], []","[null]","[]"
"32832912","[""Canada"", ""United States""]","[""Routine clinical data""], [""text"", ""machine learning""]","[""Routine clinical data""]","[""text"", ""machine learning""]"
"32833747","[""Canada""]",NULL,NULL,"[]"
"32834174","[""Canada"", ""China"", ""India"", ""Taiwan""]",NULL,NULL,"[""Text""]"
"32834831","[""Canada"", ""Jordan""]","[""Wearable sensors""], [""symptoms""]","[""Wearable sensors""]","[""symptoms""]"
"32840766","[""Canada"", ""Pakistan""]","[""Blood biochemistry (CBC, LFTs, RFTs) results"", ""Clinical variables""], [""Text"", ""Table""]","[""Blood biochemistry (CBC, LFTs, RFTs) results"", ""Clinical variables""]","[""Text"", ""Table""]"
"32843633","[""Canada"", ""France"", ""Germany"", ""Singapore"", ""United Kingdom"", ""United States""]","[""Images"", ""Brain scans""], [""images"", ""text""]","[""Images"", ""Brain scans""]","[""images"", ""text""]"
"32845061","[""Canada"", ""China"", ""Hong Kong"", ""United States""]","[""Biological"", ""Clinical""], [""text""]","[""Biological"", ""Clinical""]","[""text""]"
"32845249","[""Canada""]",NULL,NULL,"[""medical imaging"", ""text""]"
"32848533","[""Canada""]","[""Functional MRI""], [""fMRI""]","[""Functional MRI""]","[""fMRI""]"
"32849918","[""Canada""]","[""Imaging""], [{""type"": [""MRI""], ""features"": 135}]","[""Imaging""]","[{""type"": [""MRI""], ""features"": 135}]"
"32852320","[""Canada"", ""United States""]",NULL,NULL,"[""Clinical data"", ""Medical diagnosis""]"
"32853182","[""Canada"", ""Israel"", ""Spain"", ""United States""]",NULL,NULL,"[]"
"32854798","[""Canada"", ""Denmark"", ""United Kingdom""]",NULL,"[""Electronic Health Records"", ""Health Administrative Data""]",NULL
"32855842","[""Canada""]","[""Retinal OCT-A""], [""retinal imaging"", ""angiography""]","[""Retinal OCT-A""]","[""retinal imaging"", ""angiography""]"
"32859912","[""Canada"", ""United States""]","[""Whole genomes""], [""Whole genome sequencing""]","[""Whole genomes""]","[""Whole genome sequencing""]"
"32862015","[""Canada"", ""United States""]","[""Computed Tomography (CT)""], [""Image data"", ""Text data""]","[""Computed Tomography (CT)""]","[""Image data"", ""Text data""]"
"32864270","[""Canada"", ""South Africa"", ""Turkey"", ""United States""]","[""Chest X-ray images""], [""X-ray""]","[""Chest X-ray images""]","[""X-ray""]"
"32864596","[""Canada"", ""United States""]","[""Computed Tomography (CT)"", ""Clinical Information""], [""CT"", null]","[""Computed Tomography (CT)"", ""Clinical Information""]","[""CT"", null]"
"32880697","[""Canada"", ""United States""]","[""Medical Imaging""], [{""Modality"": ""Images""}, {""Modality"": ""Clinical data""}]","[""Medical Imaging""]","[{""Modality"": ""Images""}, {""Modality"": ""Clinical data""}]"
"32887670","[""Canada"", ""China"", ""Japan"", ""Sweden""]",NULL,NULL,"[]"
"32888727","[""Canada"", ""Mexico""]",NULL,NULL,"[{""Modality"": ""Force""}, {""Modality"": ""Torque""}]"
"32900610","[""Canada""]","[""Vision"", ""Gait""], [""Vision-based markerless motion capture""]","[""Vision"", ""Gait""]","[""Vision-based markerless motion capture""]"
"32903670","[""Canada""]","[""Visual"", ""Audio""], [{""Modality"": ""Spatial presence""}, {""Modality"": ""Engagement""}]","[""Visual"", ""Audio""]","[{""Modality"": ""Spatial presence""}, {""Modality"": ""Engagement""}]"
"32904064","[""Canada""]","[""Proteomics"", ""Blood sample""], [""Protein""]","[""Proteomics"", ""Blood sample""]","[""Protein""]"
"32908645","[""Canada"", ""Saudi Arabia""]",NULL,NULL,NULL
"32915810","[""Canada""]","[""Respiratory inductance plethysmography""], [""Respiratory signals""]","[""Respiratory inductance plethysmography""]","[""Respiratory signals""]"
"32919184","[""Brazil"", ""Canada"", ""Netherlands""]","[""Anthropometric parameters"", ""Surgical data""], [""anthropometric parameters"", ""machine-learning models""]","[""Anthropometric parameters"", ""Surgical data""]","[""anthropometric parameters"", ""machine-learning models""]"
"32927257","[""Canada"", ""Croatia"", ""Cyprus"", ""Germany"", ""Greece"", ""India"", ""Italy"", ""Spain"", ""United States""]","[""3-D""], [""Computed Tomography"", ""Magnetic Resonance Imaging""]","[""3-D""]","[""Computed Tomography"", ""Magnetic Resonance Imaging""]"
"32928593","[""Canada""]","[""Wearable sensors""], [""Walking test""]","[""Wearable sensors""]","[""Walking test""]"
"32935059","[""Canada"", ""Turkey""]","[""Electronic Medical Record (EMR)""], [""electronic medical record database"", ""Rockwood Clinical Frailty scale""]","[""Electronic Medical Record (EMR)""]","[""electronic medical record database"", ""Rockwood Clinical Frailty scale""]"
"32936770","[""Canada""]",NULL,NULL,NULL
"32938996","[""Canada"", ""France"", ""United Arab Emirates"", ""United States""]",NULL,NULL,"[""Electromagnetic fields"", ""Glucose samples""]"
"32943286","[""Canada"", ""Czechia"", ""Poland"", ""Turkey"", ""United States""]","[""lung transplant biopsies"", ""microarrays"", ""machine learning""], [""biopsy""]","[""lung transplant biopsies"", ""microarrays"", ""machine learning""]","[""biopsy""]"
"32943654","[""Canada""]","[""CT""], [""CT""]","[""CT""]","[""CT""]"
"32945910","[""Canada""]","[""Anatomical""], [""cortical thickness""]","[""Anatomical""]","[""cortical thickness""]"
"32955669","[""Canada"", ""China"", ""United States""]","[""PET""], [""image""]","[""PET""]","[""image""]"
"32957946","[""Canada""]",NULL,NULL,"[]"
"32958802","[""Canada"", ""France""]","[""Computational"", ""Mathematical""], [""inhibitory and excitatory populations""]","[""Computational"", ""Mathematical""]","[""inhibitory and excitatory populations""]"
"32960180","[""Canada""]","[""CGM devices"", ""user input""], [""Continous glucose monitoring"", ""User interaction""]","[""CGM devices"", ""user input""]","[""Continous glucose monitoring"", ""User interaction""]"
"32962272","[""Canada"", ""United States""]","[""Text""], [""Text""]","[""Text""]","[""Text""]"
"32971358","[""Austria"", ""Canada"", ""France""]","[""video""], [""Video""]","[""video""]","[""Video""]"
"32972660","[""Canada""]","[""Sensors""], [{""Text"": ""sensor data, knowledge-based models and tools""}]","[""Sensors""]","[{""Text"": ""sensor data, knowledge-based models and tools""}]"
"32975523","[""Canada""]",NULL,NULL,"{""Modality"": [{""Type"": ""Health-related features""}, {""Type"": ""Mortality Prediction""}]}"
"32978299","[""Canada"", ""United States""]","[""DNA sequence"", ""Chromatin accessibility""], [""DNA sequence"", ""Chromatin accessibility""]","[""DNA sequence"", ""Chromatin accessibility""]","[""DNA sequence"", ""Chromatin accessibility""]"
"32982920","[""Canada""]","[""Multi-phase CT Angiography""], [""CT Angiography""]","[""Multi-phase CT Angiography""]","[""CT Angiography""]"
"32987299","[""Canada"", ""South Korea""]","[""MRI""], [""MRI"", ""T1-weighted MRI and FLAIR""]","[""MRI""]","[""MRI"", ""T1-weighted MRI and FLAIR""]"
"32991907","[""Canada"", ""Colombia"", ""Qatar"", ""United States""]","[""Images""], [""images""]","[""Images""]","[""images""]"
"32992069","[""Argentina"", ""Canada"", ""Chile"", ""Colombia"", ""Czechia"", ""Germany"", ""United States""]","[""speech""], [""Language"", ""Spontaneous monologues""]","[""speech""]","[""Language"", ""Spontaneous monologues""]"
"32997560","[""Canada"", ""Saudi Arabia"", ""Tunisia""]","[""Computed Tomography"", ""Radiological images""], [""Computed Tomography (CT)""]","[""Computed Tomography"", ""Radiological images""]","[""Computed Tomography (CT)""]"
"33002841","[""Canada"", ""United States""]","[""ECG""], [""ECG""]","[""ECG""]","[""ECG""]"
"33003163","[""Canada"", ""Turkey""]","[""Histologic"", ""Endoscopic""], [""Clinical"", ""Endoscopic"", ""Radiologic"", ""Histologic""]","[""Histologic"", ""Endoscopic""]","[""Clinical"", ""Endoscopic"", ""Radiologic"", ""Histologic""]"
"33003524","[""Canada"", ""United States""]","[""Capillary blood glucose measurements"", ""Glucose sensor data""], [""text""]","[""Capillary blood glucose measurements"", ""Glucose sensor data""]","[""text""]"
"33005028","[""Canada"", ""China"", ""United States""]","[""Brain imaging""], [{""images"": []}, {""text"": []}]","[""Brain imaging""]","[{""images"": []}, {""text"": []}]"
"33028696","[""Canada"", ""India"", ""United States""]",NULL,NULL,NULL
"33032774","[""Canada"", ""China""]",NULL,NULL,NULL
"33033241","[""Australia"", ""Brazil"", ""Canada"", ""China"", ""Germany"", ""India"", ""Italy"", ""Japan"", ""Korea, Republic of"", ""Netherlands"", ""Norway"", ""Portugal"", ""South Africa"", ""Spain"", ""Sweden"", ""Switzerland"", ""United Kingdom"", ""United States""]","[""Structural neuroimaging""], [{""count"": 2, ""modality"": ""image""}, {""count"": 3, ""modality"": ""text""}]","[""Structural neuroimaging""]","[{""count"": 2, ""modality"": ""image""}, {""count"": 3, ""modality"": ""text""}]"
"33033492","[""Canada""]","[""Gene Expression""], [""gene expression""]","[""Gene Expression""]","[""gene expression""]"
"33037266","[""Canada"", ""Jersey"", ""United States""]","[""Image""], [{""value"": null}]","[""Image""]","[{""value"": null}]"
"33038139","[""Canada"", ""United States""]","[""Clinical""], [""Image"", ""Text""]","[""Clinical""]","[""Image"", ""Text""]"
"33044396","[""Canada"", ""France""]","[""Functional brain networks""], [""MRI""]","[""Functional brain networks""]","[""MRI""]"
"33051513","[""Canada""]","[""sex"", ""age"", ""septic episode number""], [{""modality"": ""text""}]","[""sex"", ""age"", ""septic episode number""]","[{""modality"": ""text""}]"
"33066454","[""Canada""]","[""brain image""], [""Brain Images"", ""Deep Learning""]","[""brain image""]","[""Brain Images"", ""Deep Learning""]"
"33064342","[""Australia"", ""Canada"", ""Germany"", ""Netherlands"", ""South Africa"", ""United Kingdom"", ""United States""]",NULL,NULL,NULL
"33068438","[""Canada""]","[""Sperm-specific chromatin immunoprecipitation""], [""ChIP-seq""]","[""Sperm-specific chromatin immunoprecipitation""]","[""ChIP-seq""]"
"33068873","[""Canada""]","[""Medical Imaging""], [""MRI""]","[""Medical Imaging""]","[""MRI""]"
"33071806","[""Canada"", ""United States""]","[""Images""], [""Immunofluorescence (IF) images of CD8[+] T lymphocytes""]","[""Images""]","[""Immunofluorescence (IF) images of CD8[+] T lymphocytes""]"
"33074746","[""Canada""]","[""Brain fMRI images""], [""Brain fMRI images""]","[""Brain fMRI images""]","[""Brain fMRI images""]"
"33104825","[""Canada"", ""France""]",NULL,"[""Surgical""]",NULL
"33075640","[""Canada""]","[""Image""], [""MRI""]","[""Image""]","[""MRI""]"
"33075658","[""Canada"", ""Germany"", ""United States""]","[""PET"", ""CT""], [""PET"", ""CT""]","[""PET"", ""CT""]","[""PET"", ""CT""]"
"33082371","[""Canada"", ""Croatia"", ""France"", ""Japan"", ""United States""]","[""CT scans"", ""MRI""], [""CT scan images"", ""patient information""]","[""CT scans"", ""MRI""]","[""CT scan images"", ""patient information""]"
"33094925","[""Canada"", ""China"", ""Hong Kong"", ""United Kingdom""]","[""Electrocardiography"", ""Echocardiography"", ""Blood inflammatory marker""], [""atrial and ventricular measurements from electrocardiography"", ""echocardiography"", ""blood inflammatory marker [neutrophil-to-lymphocyte ratio (NLR)]"", ""prognostic nutritional index (PNI)""]","[""Electrocardiography"", ""Echocardiography"", ""Blood inflammatory marker""]","[""atrial and ventricular measurements from electrocardiography"", ""echocardiography"", ""blood inflammatory marker [neutrophil-to-lymphocyte ratio (NLR)]"", ""prognostic nutritional index (PNI)""]"
"33112249","[""Canada""]","[""image recognition"", ""food identification""], [""Image Recognition""]","[""image recognition"", ""food identification""]","[""Image Recognition""]"
"33113221","[""Canada""]","[""Medical""], [""None""]","[""Medical""]","[""None""]"
"33116187","[""Canada""]","[""EEG""], [""EEG"", ""Accelerometer"", ""Gyroscope""]","[""EEG""]","[""EEG"", ""Accelerometer"", ""Gyroscope""]"
"33125268","[""Australia"", ""Canada"", ""France"", ""United Kingdom""]","[], []","[]","[]"
"33131085","[""Canada""]","[""Native and Contrast-Enhanced T1-Mapping"", ""CINE""], [""Magnetic Resonance"", ""Computed Tomography""]","[""Native and Contrast-Enhanced T1-Mapping"", ""CINE""]","[""Magnetic Resonance"", ""Computed Tomography""]"
"33131680","[""Belgium"", ""Canada"", ""Georgia"", ""United States""]","[""Electrophysiology""], [""Electrophysiology"", ""Imaging""]","[""Electrophysiology""]","[""Electrophysiology"", ""Imaging""]"
"33134953","[""Canada""]","[""Metabolomics Profiling"", ""Proton nuclear magnetic resonance""], [""Blood samples""]","[""Metabolomics Profiling"", ""Proton nuclear magnetic resonance""]","[""Blood samples""]"
"33142939","[""Canada""]","[""Thermal""], [""Thermal images""]","[""Thermal""]","[""Thermal images""]"
"33144919","[""Canada""]","[""Ultrasound""], [""Medical Imaging""]","[""Ultrasound""]","[""Medical Imaging""]"
"33145781","[""Canada""]","[""Audio""], [""Vocal""]","[""Audio""]","[""Vocal""]"
"33149148","[""Canada"", ""United States""]","[""Pathology"", ""Transcriptome""], [""images"", ""text""]","[""Pathology"", ""Transcriptome""]","[""images"", ""text""]"
"33151041","[""Canada""]",NULL,"[""KB slides"", ""Flow cytometry""]",NULL
"33151087","[""Canada""]","[""CT""], [""CT""]","[""CT""]","[""CT""]"
"33154370","[""Canada"", ""France""]","[""Mass Spectrometry""], [""Spectrometry""]","[""Mass Spectrometry""]","[""Spectrometry""]"
"33154417","[""Canada"", ""Kenya"", ""Malawi"", ""Netherlands"", ""United Kingdom""]","[""Faecal VOCs""], [""chemical""]","[""Faecal VOCs""]","[""chemical""]"
"33159092","[""Canada"", ""India""]","[""Functional magnetic resonance imaging""], [""fMRI""]","[""Functional magnetic resonance imaging""]","[""fMRI""]"
"33161063","[""Canada"", ""India"", ""United States""]","[""Parent-report""], [""parent-report data""]","[""Parent-report""]","[""parent-report data""]"
"33161275","[""Australia"", ""Canada""]","[""Acceleration and angular velocity""], [""Accelerometer and gyroscope data""]","[""Acceleration and angular velocity""]","[""Accelerometer and gyroscope data""]"
"33166800","[""Canada"", ""China""]","[""Brain networks""], [{""Modality"": ""Image""}]","[""Brain networks""]","[{""Modality"": ""Image""}]"
"33177493","[""Canada""]","[""immunofluorescence-based phenotypes"", ""single-cell sequencing data""], [""microscopy"", ""sequencing""]","[""immunofluorescence-based phenotypes"", ""single-cell sequencing data""]","[""microscopy"", ""sequencing""]"
"33166947","[""Canada""]","[""Magnetoencephalography"", ""functional connectome data""], [""Alpha and high gamma bands""]","[""Magnetoencephalography"", ""functional connectome data""]","[""Alpha and high gamma bands""]"
"33167779","[""Canada"", ""Germany"", ""Turkey"", ""United Kingdom"", ""United States""]","[""Electrocardiogram"", ""Cardiovascular""], [""electrocardiogram""]","[""Electrocardiogram"", ""Cardiovascular""]","[""electrocardiogram""]"
"33168895","[""Canada""]","[""Computed Tomography (CT)""], [""CT scans""]","[""Computed Tomography (CT)""]","[""CT scans""]"
"33168947","[""Canada"", ""United Kingdom""]","[""brain imaging"", ""behavioral""], [""Image""]","[""brain imaging"", ""behavioral""]","[""Image""]"
"33174832","[""Canada"", ""United Kingdom""]","[""Whole-genome sequencing data""], [""text"", ""phylogenetic""]","[""Whole-genome sequencing data""]","[""text"", ""phylogenetic""]"
"33174853","[""Canada""]","[""Text""], [""text""]","[""Text""]","[""text""]"
"33176582","[""Canada""]","[""Plasma""], [""Plasma""]","[""Plasma""]","[""Plasma""]"
"33177614","[""Canada"", ""France"", ""United States""]","[""Electronic health records""], [""Clinical features"", ""Pre-existing PVR""]","[""Electronic health records""]","[""Clinical features"", ""Pre-existing PVR""]"
"33182258","[""Canada""]","[""Accelerometer"", ""Gyroscope""], [""Accelerometer"", ""Gyroscope""]","[""Accelerometer"", ""Gyroscope""]","[""Accelerometer"", ""Gyroscope""]"
"33184741","[""Canada"", ""India""]","[""Carotid ultrasound imaging"", ""Coronary angiography""], [""ultrasound imaging"", ""angiography""]","[""Carotid ultrasound imaging"", ""Coronary angiography""]","[""ultrasound imaging"", ""angiography""]"
"33187484","[""Canada"", ""United States""]","[""Blood culture""], [""blood cultures""]","[""Blood culture""]","[""blood cultures""]"
"33190462","[""Canada"", ""Iran""]","[""Clinical""], [""Text""]","[""Clinical""]","[""Text""]"
"33193341","[""Canada"", ""Chile""]","[""RNA-based TaqMan qPCR assays"", ""microarray platform""], Transcriptomic data","[""RNA-based TaqMan qPCR assays"", ""microarray platform""]","Transcriptomic data"
"33199349","[""Canada""]","[""counts"", ""event rates""], [""Counts and event rates""]","[""counts"", ""event rates""]","[""Counts and event rates""]"
"33202340","[""Canada"", ""China""]","[""Structural T1-weighted MRI scan""], [""MRI""]","[""Structural T1-weighted MRI scan""]","[""MRI""]"
"33205549","[""Canada"", ""Lebanon"", ""United States""]","[""Demographic"", ""Symptomatic"", ""Clinical""], [""text""]","[""Demographic"", ""Symptomatic"", ""Clinical""]","[""text""]"
"33207017","[""Australia"", ""Canada""]","[""RNA-seq""], [""RNA"", ""Genetics""]","[""RNA-seq""]","[""RNA"", ""Genetics""]"
"33207776","[""Canada"", ""Germany"", ""Iran"", ""Spain""]","[""Questionnaires""], [""Text""]","[""Questionnaires""]","[""Text""]"
"33211237","[""Canada""]","[""Echo""], [""Echocardiogram"", ""Video""]","[""Echo""]","[""Echocardiogram"", ""Video""]"
"33216001","[""Canada""]","[""movement in the house"", ""sleep"", ""physical activity"", ""sedentary behavior""], [""Motion data"", ""Thermometer data""]","[""movement in the house"", ""sleep"", ""physical activity"", ""sedentary behavior""]","[""Motion data"", ""Thermometer data""]"
"33219845","[""Canada"", ""Netherlands""]","[""Magnetic Resonance Imaging""], [""Image"", ""Signal""]","[""Magnetic Resonance Imaging""]","[""Image"", ""Signal""]"
"33224093","[""Canada"", ""Japan"", ""United Kingdom""]","[""Functional MRI"", ""Positron Emission Tomography""], [""FLAIR"", ""PET""]","[""Functional MRI"", ""Positron Emission Tomography""]","[""FLAIR"", ""PET""]"
"33224912","[""Australia"", ""Canada"", ""Poland"", ""Trinidad and Tobago"", ""United Kingdom"", ""United States""]","[""Telemedicine""], [""Telemedicine"", ""Healthcare""]","[""Telemedicine""]","[""Telemedicine"", ""Healthcare""]"
"33233605","[""Canada"", ""Ireland"", ""Italy"", ""Switzerland""]","[""audio"", ""visual""], [""text"", ""audio""]","[""audio"", ""visual""]","[""text"", ""audio""]"
"33240071","[""Canada"", ""China"", ""Japan"", ""Netherlands"", ""Singapore""]","[""Medical Imaging""], [""Medical Images""]","[""Medical Imaging""]","[""Medical Images""]"
"33242116","[""Canada"", ""China"", ""India"", ""United States""]","[""fMRI""], [""static"", ""dynamic""]","[""fMRI""]","[""static"", ""dynamic""]"
"33246080","[""Canada""]","[""Movement"", ""Sensor data""], [""kinematic scores"", ""upper arm kinematic scores""]","[""Movement"", ""Sensor data""]","[""kinematic scores"", ""upper arm kinematic scores""]"
"33247597","[""Canada""]","[""Magnetic resonance imaging""], [""Magnetic resonance imaging""]","[""Magnetic resonance imaging""]","[""Magnetic resonance imaging""]"
"33260101","[""Canada"", ""Iran""]","[""SPECT images""], [""SPECT"", ""MRI""]","[""SPECT images""]","[""SPECT"", ""MRI""]"
"33260138","[""Canada"", ""Turkey"", ""United States""]","[""Magnetic Resonance Imaging (T2-weighted MR images)""], [""Magnetic Resonance Imaging (MRI)""]","[""Magnetic Resonance Imaging (T2-weighted MR images)""]","[""Magnetic Resonance Imaging (MRI)""]"
"33262083","[""Brazil"", ""Canada"", ""Italy"", ""Spain""]","[""Numerical"", ""Statistical""], []","[""Numerical"", ""Statistical""]","[]"
"33264099","[""Canada"", ""France""]","[""Natural Body Motion"", ""Natural Voice""], [""Natural body motion"", ""Natural voice""]","[""Natural Body Motion"", ""Natural Voice""]","[""Natural body motion"", ""Natural voice""]"
"33278743","[""Canada""]",NULL,NULL,"[""Transdiagnostic digital intervention""]"
"33280248","[""Canada""]",NULL,NULL,"[""text""]"
"33280549","[""Canada"", ""France"", ""Italy"", ""Panama"", ""South Africa"", ""Spain"", ""Turkey"", ""United Kingdom"", ""United States"", ""Venezuela""]","[""Computed Tomography""], [{""modality1"": null}, {""modality2"": null}]","[""Computed Tomography""]","[{""modality1"": null}, {""modality2"": null}]"
"33294774","[""Canada"", ""China"", ""United States""]",NULL,NULL,"[""X-rays"", ""CT scans""]"
"33285711","[""Canada"", ""Israel"", ""Turkey"", ""United States""]","[""CT scans""], [""Imaging"", ""Clinical Data""]","[""CT scans""]","[""Imaging"", ""Clinical Data""]"
"33288765","[""Canada"", ""United States""]","[""genomic""], [""single-sample"", ""multi-region sampling""]","[""genomic""]","[""single-sample"", ""multi-region sampling""]"
"33289519","[""Canada""]","[""mJOA score""], [""Surgical Intervention"", ""Functional Status""]","[""mJOA score""]","[""Surgical Intervention"", ""Functional Status""]"
"33289613","[""Canada""]","[""Proton MRI"", ""Helium 3 MRI""], [""Proton MRI"", ""Hyperpolarized helium 3 ([3]He) MRI""]","[""Proton MRI"", ""Helium 3 MRI""]","[""Proton MRI"", ""Hyperpolarized helium 3 ([3]He) MRI""]"
"33289695","[""Canada"", ""Germany""]","[], {""Text"": true}","[]","{""Text"": true}"
"33293364","[""Canada""]","[""ultrasound"", ""ventilator settings"", ""blood gases""], [""Ultrasound""]","[""ultrasound"", ""ventilator settings"", ""blood gases""]","[""Ultrasound""]"
"33304928","[""Canada""]","[""3D-MDA"", ""Cardiac magnetic resonance (CMR)""], [""Imaging Data"", ""Clinical Characteristics""]","[""3D-MDA"", ""Cardiac magnetic resonance (CMR)""]","[""Imaging Data"", ""Clinical Characteristics""]"
"33310630","[""Canada"", ""Finland"", ""United States""]","[""EEG""], [""face processing"", ""temporal and spatial""]","[""EEG""]","[""face processing"", ""temporal and spatial""]"
"33316095","[""Canada""]","[""Electronic medical records""], [""Electronic Medical Records""]","[""Electronic medical records""]","[""Electronic Medical Records""]"
"33317634","[""Canada"", ""United States""]","[""Genomic"", ""Epigenetic""], [{""value"": ""DNA methylation""}]","[""Genomic"", ""Epigenetic""]","[{""value"": ""DNA methylation""}]"
"33324443","[""Canada"", ""France""]","[""RNA-Seq""], Gene expression","[""RNA-Seq""]","Gene expression"
"33381838","[""Canada""]",NULL,"[""Phylogenetically related samples""]",NULL
"33328086","[""Canada"", ""Pakistan"", ""Singapore""]","[""Chest x-ray""], [""chest x-ray""]","[""Chest x-ray""]","[""chest x-ray""]"
"33336385","[""Canada"", ""Mexico""]","[""Thermal imaging""], [""infrared thermography""]","[""Thermal imaging""]","[""infrared thermography""]"
"33420533","[""Canada"", ""Taiwan""]","[""Functional Magnetic Resonance Imaging (fMRI)""], [""fMRI""]","[""Functional Magnetic Resonance Imaging (fMRI)""]","[""fMRI""]"
"33350595","[""Canada"", ""United States""]","[""Medical records""], [""ANN""]","[""Medical records""]","[""ANN""]"
"33359305","[""Canada"", ""China""]","[""Spectroscopy""], [""Spectra"", ""Images""]","[""Spectroscopy""]","[""Spectra"", ""Images""]"
"33360558","[""Austria"", ""Brazil"", ""Canada""]","[""electroencephalography""], [""Sleep""]","[""electroencephalography""]","[""Sleep""]"
"33360844","[""Canada"", ""France""]","[""Image""], [""image""]","[""Image""]","[""image""]"
"33361262","[""Canada""]","[""MRI""], [""From the Translational and Clinical Research Institute (N.S.), Faculty of Medical Sciences, and Computational Neuroscience, Neurology, and Psychiatry Lab (N.S., Y.W., N.M.d.S., P.N.T.), Interdisciplinary Computing and Complex BioSystems Group, School of Computing, Newcastle University, Newcastle Upon Tyne; NIHR University College London Hospitals Biomedical Research Centre (Y.W., A.M., A.W.M., J.d.T., S.B.V., G.P.W., J.S.D., P.N.T.), UCL Institute of Neurology, Queen Square; Centre for Medical Image Computing (S.B.V.), University College London; Epilepsy Society MRI Unit (S.B.V., G.P.W., J.S.D), Chalfont St Peter, UK; and Department of Medicine (G.P.W.,), Division of Neurology, Queen's University, Kingston, Ontario, Canada.""]","[""MRI""]","[""From the Translational and Clinical Research Institute (N.S.), Faculty of Medical Sciences, and Computational Neuroscience, Neurology, and Psychiatry Lab (N.S., Y.W., N.M.d.S., P.N.T.), Interdisciplinary Computing and Complex BioSystems Group, School of Computing, Newcastle University, Newcastle Upon Tyne; NIHR University College London Hospitals Biomedical Research Centre (Y.W., A.M., A.W.M., J.d.T., S.B.V., G.P.W., J.S.D., P.N.T.), UCL Institute of Neurology, Queen Square; Centre for Medical Image Computing (S.B.V.), University College London; Epilepsy Society MRI Unit (S.B.V., G.P.W., J.S.D), Chalfont St Peter, UK; and Department of Medicine (G.P.W.,), Division of Neurology, Queen's University, Kingston, Ontario, Canada.""]"
"33368705","[""Australia"", ""Canada""]","[""MRI""], [""MRI"", ""Digital""]","[""MRI""]","[""MRI"", ""Digital""]"
"33376135","[""Canada""]",NULL,NULL,"[""Transcriptome""]"
"33387276","[""Canada"", ""France""]","[""Nomogram""], [""text""]","[""Nomogram""]","[""text""]"
"33390261","[""Canada""]","[""Numerical rating scale (NRS)"", ""Categorical data (gender, age)""], [""Numerical rating scale"", ""Perioperative i.v. dexamethasone""]","[""Numerical rating scale (NRS)"", ""Categorical data (gender, age)""]","[""Numerical rating scale"", ""Perioperative i.v. dexamethasone""]"
"33391794","[""Canada"", ""Netherlands"", ""Sweden"", ""United Kingdom"", ""United States""]",NULL,NULL,"[""biomedical"", ""computational""]"
"33393055","[""Canada""]","[""Robot"", ""Visual""], [""kinarm robot"", ""upper limb function""]","[""Robot"", ""Visual""]","[""kinarm robot"", ""upper limb function""]"
"33394116","[""Canada"", ""Saudi Arabia"", ""Switzerland"", ""United States""]","[""Imaging""], [""MRI""]","[""Imaging""]","[""MRI""]"
"33395976","[""Canada"", ""Italy"", ""United Kingdom""]","[""Magnetoencephalography""], [""EEG""]","[""Magnetoencephalography""]","[""EEG""]"
"33395997","[""Canada""]","[""Functional connectivity"", ""Structural connectivity""], [""fMRI"", ""Structural connectivity""]","[""Functional connectivity"", ""Structural connectivity""]","[""fMRI"", ""Structural connectivity""]"
"33396526","[""Canada""]","[""Simulation"", ""Machine Learning""], [""Simulation Tool""]","[""Simulation"", ""Machine Learning""]","[""Simulation Tool""]"
"33400140","[""Canada""]","[""Robot""], [""Robot-based"", ""Traditional assessment""]","[""Robot""]","[""Robot-based"", ""Traditional assessment""]"
"33406155","[""Canada""]","[""Clinical""], [""Medical time series records""]","[""Clinical""]","[""Medical time series records""]"
"33407780","[""Canada"", ""United Kingdom""]","[""Text"", ""Image""], []","[""Text"", ""Image""]","[]"
"33408329","[""Canada"", ""China""]","[""Functional MRI""], [""medical imaging"", ""neurocognitive information""]","[""Functional MRI""]","[""medical imaging"", ""neurocognitive information""]"
"33410754","[""Australia"", ""Canada""]","[""Text""], [""Text-Based""]","[""Text""]","[""Text-Based""]"
"33418122","[""Canada"", ""United States""]","[""MRI""], [""MRI"", ""Artificial Brain Tumor Models""]","[""MRI""]","[""MRI"", ""Artificial Brain Tumor Models""]"
"33420416","[""Australia"", ""Belgium"", ""Bulgaria"", ""Canada"", ""Croatia"", ""Denmark"", ""Finland"", ""France"", ""Germany"", ""Netherlands"", ""Norway"", ""Poland"", ""Portugal"", ""Spain"", ""Sweden"", ""United Kingdom"", ""United States""]",NULL,NULL,"[{""modality"": ""Images""}, {""modality"": ""Text""}]"
"33422088","[""Canada""]","[""Text""], {""Text"": true}","[""Text""]","{""Text"": true}"
"33422894","[""Canada"", ""South Korea"", ""United States""]","[""Structural magnetic resonance imaging scans""], [""MRI""]","[""Structural magnetic resonance imaging scans""]","[""MRI""]"
"33423132","[""Canada"", ""Italy"", ""United States""]","[""Ultrasound"", ""Grayscale""], [""Ultrasound""]","[""Ultrasound"", ""Grayscale""]","[""Ultrasound""]"
"33425953","[""Canada""]","[""CT images""], [""image""]","[""CT images""]","[""image""]"
"33429290","[""Canada""]","[""accelerometer""], [""accelerometer""]","[""accelerometer""]","[""accelerometer""]"
"33430830","[""Australia"", ""Canada"", ""Taiwan""]","[""Structural MRI""], [""Structural MRI""]","[""Structural MRI""]","[""Structural MRI""]"
"33439725","[""Canada""]","[""Clinical"", ""Pathological""], [""estrogen receptor (ER) status"", ""human epidermal growth factor-2 (HER2) status"", ""Nottingham grade""]","[""Clinical"", ""Pathological""]","[""estrogen receptor (ER) status"", ""human epidermal growth factor-2 (HER2) status"", ""Nottingham grade""]"
"33441847","[""Canada"", ""France"", ""Germany"", ""Italy"", ""Japan"", ""Romania"", ""Spain"", ""Sweden"", ""Switzerland"", ""Taiwan"", ""United States""]",NULL,NULL,"{""Text"": true, ""Audio"": false, ""Image"": false}"
"33442676","[""Canada"", ""South Korea"", ""Taiwan"", ""Thailand"", ""Turkey"", ""United States""]",NULL,"[""Medical""]",NULL
"33445089","[""Canada"", ""China"", ""United Kingdom"", ""United States""]","[""Visual processing"", ""Spatial memory"", ""Attention"", ""Executive function""], [""Cognitive"", ""Visual""]","[""Visual processing"", ""Spatial memory"", ""Attention"", ""Executive function""]","[""Cognitive"", ""Visual""]"
"33446607","[""Canada"", ""United Kingdom""]","[""Prospectively collected clinical data""], [""Clinical"", ""Lung function""]","[""Prospectively collected clinical data""]","[""Clinical"", ""Lung function""]"
"33446647","[""Canada"", ""China""]","[""3 T imaging""], [""brain structural"", ""clinical""]","[""3 T imaging""]","[""brain structural"", ""clinical""]"
"33446815","[""Canada"", ""Netherlands"", ""Singapore""]","[""structural co-variation"", ""autoencoder neural networks""], [""Structural"", ""Functional""]","[""structural co-variation"", ""autoencoder neural networks""]","[""Structural"", ""Functional""]"
"33446870","[""Canada""]","[""CT Images""], [""CT Images""]","[""CT Images""]","[""CT Images""]"
"33447694","[""Canada""]","[""Plasma NEFAs""], {""chemical composition"": null}","[""Plasma NEFAs""]","{""chemical composition"": null}"
"33450500","[""Canada"", ""Iran"", ""Turkey""]",NULL,NULL,"[""season (or month)"", ""EDSS score""]"
"33458268","[""Canada"", ""United States""]","[""Computed Tomography""], [""Computed Tomography""]","[""Computed Tomography""]","[""Computed Tomography""]"
"33472890","[""Austria"", ""Canada"", ""Denmark"", ""France"", ""Germany"", ""Israel"", ""Netherlands"", ""Norway"", ""Spain"", ""United Kingdom"", ""United States""]",NULL,NULL,"{""Text"": null, ""Audio"": null, ""Image"": null}"
"33478563","[""Canada""]","[""Upper Extremity""], [""Upper extremity"", ""Robotics""]","[""Upper Extremity""]","[""Upper extremity"", ""Robotics""]"
"33480187","[""Canada"", ""Germany"", ""United States""]","[""Neuroimaging""], [{""Voxels in the brain."": [""MRI"", ""Imaging""]}]","[""Neuroimaging""]","[{""Voxels in the brain."": [""MRI"", ""Imaging""]}]"
"33481459","[""Canada"", ""United States""]","[""Chest Radiographs"", ""Computed Tomography (CT)""], [""Chest CT"", ""Chest Radiograph""]","[""Chest Radiographs"", ""Computed Tomography (CT)""]","[""Chest CT"", ""Chest Radiograph""]"
"33486639","[""Canada""]","[""Image""], [""image"", ""nuclear features""]","[""Image""]","[""image"", ""nuclear features""]"
"33501414","[""Bangladesh"", ""Canada"", ""Kenya"", ""United States"", ""Zambia"", ""Zimbabwe""]",NULL,"[""Biometric Data"", ""Laboratory Analysis""]",NULL
"33504243","[""Canada"", ""Italy""]","[""Medical records""], [""blood levels""]","[""Medical records""]","[""blood levels""]"
"33504254","[""Canada""]","[""Blood glucose concentration changes""], [""text"", ""numeric""]","[""Blood glucose concentration changes""]","[""text"", ""numeric""]"
"33515058","[""Canada"", ""United States""]",NULL,"[""Medical""]",NULL
"33515845","[""Canada""]","[""Electrophysiological testing""], [""electrophysiological testing""]","[""Electrophysiological testing""]","[""electrophysiological testing""]"
"33529665","[""Canada""]","[""Clinical"", ""Laboratory""], [""ECG"", ""Imaging""]","[""Clinical"", ""Laboratory""]","[""ECG"", ""Imaging""]"
"33531261","[""Brazil"", ""Canada"", ""Spain""]",NULL,NULL,NULL
"33532625","[""Canada""]","[""Proton nuclear magnetic resonance spectroscopy""], [""Urine samples""]","[""Proton nuclear magnetic resonance spectroscopy""]","[""Urine samples""]"
"33533050","[""Canada"", ""Netherlands"", ""United Kingdom""]","[""PET"", ""4D PET""], [""Dynamic PET imaging""]","[""PET"", ""4D PET""]","[""Dynamic PET imaging""]"
"33534111","[""Canada""]","[""Histological breast cancer features""], [""histological"", ""machine learning""]","[""Histological breast cancer features""]","[""histological"", ""machine learning""]"
"33539251","[""Canada"", ""France"", ""United States""]","[""Radiological"", ""Chemical""], [""text"", ""affiliations""]","[""Radiological"", ""Chemical""]","[""text"", ""affiliations""]"
"33549146","[""Canada"", ""United States""]",NULL,"[""Fecal microbiota composition""]",NULL
"33550508","[""Canada""]","[""OCT-A"", ""Imaging""], [""Image""]","[""OCT-A"", ""Imaging""]","[""Image""]"
"33553523","[""Canada"", ""France""]","[""Movement patterns""], [""Image"", ""Video""]","[""Movement patterns""]","[""Image"", ""Video""]"
"33554457","[""Canada"", ""United States""]","[""Facial features""], [""Image""]","[""Facial features""]","[""Image""]"
"33557612","[""Canada"", ""United States""]","[""Magnetic Resonance Imaging""], [{""modality"": ""MRI""}]","[""Magnetic Resonance Imaging""]","[{""modality"": ""MRI""}]"
"33558044","[""Canada"", ""United States""]",NULL,NULL,"{""#text"": [""self-reported measures""], ""$type"": ""array""}"
"33559004","[""Canada"", ""Japan""]","[""2D images""], [""image""]","[""2D images""]","[""image""]"
"33564942","[""Canada"", ""United States""]",NULL,NULL,"[""Text"", ""Image""]"
"33577203","[""Canada""]","[""text""], [""text""]","[""text""]","[""text""]"
"33577219","[""Canada"", ""United States""]","[""Audiology""], [""Audiology-Only Predictors"", ""All Predictors""]","[""Audiology""]","[""Audiology-Only Predictors"", ""All Predictors""]"
"33579858","[""Canada""]","[""Neuroimaging""], [""FDG-PET""]","[""Neuroimaging""]","[""FDG-PET""]"
"33580109","[""Canada""]",NULL,NULL,"[""administrative data""]"
"33581336","[""Canada"", ""China""]","[""Whole-exome Sequencing Data""], [""Genomics"", ""Oncology""]","[""Whole-exome Sequencing Data""]","[""Genomics"", ""Oncology""]"
"33582272","[""Canada"", ""France""]","[""fMRI""], [""brain activity"", ""cognitive states""]","[""fMRI""]","[""brain activity"", ""cognitive states""]"
"33599043","[""Canada"", ""Israel"", ""United States""]","[""1.5T"", ""Inversion-recovery segmented gradient-echo"", ""Balanced steady-state free-precession""], [""MRI"", ""cine sequences""]","[""1.5T"", ""Inversion-recovery segmented gradient-echo"", ""Balanced steady-state free-precession""]","[""MRI"", ""cine sequences""]"
"33601012","[""Canada""]","[""surgical data""], {""spine_surgery_cases"": true}","[""surgical data""]","{""spine_surgery_cases"": true}"
"33602921","[""Canada"", ""France"", ""United States""]",NULL,NULL,"[]"
"33610035","[""Canada"", ""United States""]","[""PPG"", ""OVG""], [""PPG"", ""OVG""]","[""PPG"", ""OVG""]","[""PPG"", ""OVG""]"
"33611042","[""Canada"", ""Iran"", ""Thailand"", ""United Kingdom""]","[""Fluid Dynamics"", ""Thermal Engineering"", ""Multiphase Flow""], [""Fluid Dynamics"", ""Artificial Intelligence""]","[""Fluid Dynamics"", ""Thermal Engineering"", ""Multiphase Flow""]","[""Fluid Dynamics"", ""Artificial Intelligence""]"
"33617523","[""Canada"", ""Germany""]","[""Three-Dimensional (3D) image data""], [""image""]","[""Three-Dimensional (3D) image data""]","[""image""]"
"33622655","[""Canada"", ""United States""]","[""Magnetic Resonance Imaging"", ""Diffusion Tensor Imaging"", ""Functional Magnetic Resonance Imaging""], [""Imaging""]","[""Magnetic Resonance Imaging"", ""Diffusion Tensor Imaging"", ""Functional Magnetic Resonance Imaging""]","[""Imaging""]"
"33631293","[""Canada""]","[""Linear regression"", ""Neural network models""], [""Time""]","[""Linear regression"", ""Neural network models""]","[""Time""]"
"33634751","[""Argentina"", ""Australia"", ""Austria"", ""Bangladesh"", ""Belgium"", ""Brazil"", ""Bulgaria"", ""Canada"", ""Chile"", ""China"", ""Croatia"", ""Cyprus"", ""Czechia"", ""Denmark"", ""Egypt"", ""Estonia"", ""Finland"", ""France"", ""Georgia"", ""Germany"", ""Greece"", ""Hong Kong"", ""Hungary"", ""Iceland"", ""India"", ""Indonesia"", ""Iran"", ""Iraq"", ""Ireland"", ""Israel"", ""Italy"", ""Jamaica"", ""Japan"", ""Jersey"", ""Korea, Republic of"", ""Luxembourg"", ""Macao"", ""Malaysia"", ""Malta"", ""Mexico"", ""Netherlands"", ""New Zealand"", ""Norway"", ""Palestinian Territory"", ""Poland"", ""Portugal"", ""Romania"", ""Russia"", ""Serbia"", ""Singapore"", ""Slovakia"", ""Slovenia"", ""South Africa"", ""South Korea"", ""Spain"", ""Sweden"", ""Switzerland"", ""Taiwan"", ""Thailand"", ""Tunisia"", ""Turkey"", ""United Arab Emirates"", ""United Kingdom"", ""United States"", ""Uruguay"", ""Venezuela""]",NULL,NULL,"[{""count"": 2, ""value"": ""Image""}, {""count"": 1, ""value"": ""Text""}, {""count"": 0, ""value"": ""Audio""}, {""count"": 0, ""value"": ""Video""}]"
"33638031","[""Canada"", ""France"", ""Iran""]","[""ECG""], ECG","[""ECG""]","ECG"
"33639645","[""Canada"", ""China""]","[""Height"", ""Weight"", ""Body Mass Index"", ""Age"", ""Gender"", ""Systolic blood pressure"", ""Diastolic blood pressure"", ""Mean arterial pressure"", ""Pulse pressure"", ""Pulse""], [""Physiological signals"", ""Demographics""]","[""Height"", ""Weight"", ""Body Mass Index"", ""Age"", ""Gender"", ""Systolic blood pressure"", ""Diastolic blood pressure"", ""Mean arterial pressure"", ""Pulse pressure"", ""Pulse""]","[""Physiological signals"", ""Demographics""]"
"33640674","[""Canada""]","[""Positron emission tomography"", ""Fluorodeoxyglucose""], [""fluorodeoxyglucose positron emission tomography imaging""]","[""Positron emission tomography"", ""Fluorodeoxyglucose""]","[""fluorodeoxyglucose positron emission tomography imaging""]"
"33643910","[""Canada"", ""France"", ""Italy"", ""Martinique""]","[""PSA level"", ""Gleason grade"", ""T stage""], [""PSA level"", ""Gleason grade"", ""T stage""]","[""PSA level"", ""Gleason grade"", ""T stage""]","[""PSA level"", ""Gleason grade"", ""T stage""]"
"33644412","[""Canada""]","[""Public sector health data""], [""Text"", ""Structured Data""]","[""Public sector health data""]","[""Text"", ""Structured Data""]"
"33645908","[""Canada""]","[""Blood"", ""Brain""], [""mRNA"", ""gene_expression""]","[""Blood"", ""Brain""]","[""mRNA"", ""gene_expression""]"
"33649398","[""Canada""]","[""Imaging"", ""Genomics""], [""MRI"", ""CT scan""]","[""Imaging"", ""Genomics""]","[""MRI"", ""CT scan""]"
"33650265","[""Austria"", ""Canada"", ""France"", ""Germany"", ""Iran"", ""Italy"", ""Japan"", ""Jordan"", ""Netherlands"", ""Russia"", ""Saudi Arabia"", ""Switzerland"", ""United States""]","[""Urology"", ""Reproducive Health""], Imaging","[""Urology"", ""Reproducive Health""]","Imaging"
"33651938","[""Canada""]",NULL,"[""Mass Spectrometry Imaging""]",NULL
"33657184","[""Canada""]","[""Clinical Notes"", ""Radiology""], [""Text"", ""Radiology""]","[""Clinical Notes"", ""Radiology""]","[""Text"", ""Radiology""]"
"33658605","[""Canada"", ""Denmark"", ""Korea, Republic of"", ""Singapore"", ""United States""]",NULL,NULL,"[{""modality"": ""text""}, {""modality"": ""video""}, {""modality"": ""audio""}, {""modality"": ""image""}, {""modality"": null}]"
"33672259","[""Canada""]","[""MR imaging""], [""MRI""]","[""MR imaging""]","[""MRI""]"
"33683608","[""Canada""]",NULL,NULL,"{""text"": null, ""multimedia"": null}"
"33691201","[""Canada"", ""Denmark"", ""Iran"", ""Netherlands"", ""Switzerland""]","[""Medical imaging""], [""electronic health records"", ""medical images""]","[""Medical imaging""]","[""electronic health records"", ""medical images""]"
"33692779","[""Canada"", ""Georgia"", ""India"", ""United States""]","[""Peripheral blood cells"", ""Clinical data""], [""Gene expression"", ""Clinical data""]","[""Peripheral blood cells"", ""Clinical data""]","[""Gene expression"", ""Clinical data""]"
"33704076","[""Canada""]","[""Inertial sensor data""], [""Inertial sensor data"", ""Physiotherapy exercises""]","[""Inertial sensor data""]","[""Inertial sensor data"", ""Physiotherapy exercises""]"
"33705439","[""Austria"", ""Canada"", ""Czechia"", ""Poland"", ""Spain""]","[""Self-report""], [""Subjective fear of the virus"", ""Perceived health""]","[""Self-report""]","[""Subjective fear of the virus"", ""Perceived health""]"
"33707478","[""Canada""]","[""Biomedical""], []","[""Biomedical""]","[]"
"33710292","[""Canada"", ""France""]","[""Text""], [""text""]","[""Text""]","[""text""]"
"33711482","[""Canada""]","[""MRI""], [""MRI"", ""Behavioral data""]","[""MRI""]","[""MRI"", ""Behavioral data""]"
"33716814","[""Brazil"", ""Canada""]","[""Magnetic Resonance Imaging""], [""Gray matter-segmented"", ""White matter-segmented""]","[""Magnetic Resonance Imaging""]","[""Gray matter-segmented"", ""White matter-segmented""]"
"33717471","[""Canada""]","[""Magnetic resonance imaging"", ""Cine three-chamber plane""], [""Imaging""]","[""Magnetic resonance imaging"", ""Cine three-chamber plane""]","[""Imaging""]"
"33723044","[""Canada"", ""United States""]",NULL,NULL,"[""Text""]"
"33726819","[""Australia"", ""Belgium"", ""Brazil"", ""Canada"", ""Chile"", ""China"", ""France"", ""Germany"", ""India"", ""Israel"", ""Italy"", ""Netherlands"", ""Saudi Arabia"", ""Singapore"", ""South Africa"", ""Spain"", ""Switzerland"", ""Thailand"", ""United Arab Emirates"", ""United Kingdom"", ""United States""]",NULL,NULL,"[""Text"", ""Image""]"
"33730576","[""Canada"", ""Israel"", ""Italy""]","[""Clinical"", ""Genomic""], [""images"", ""text""]","[""Clinical"", ""Genomic""]","[""images"", ""text""]"
"33731738","[""Canada""]","[""Ultrasound""], [""Ultrasound""]","[""Ultrasound""]","[""Ultrasound""]"
"33733120","[""Canada""]","[""Clinical"", ""Demographic""], [""Image"", ""Text""]","[""Clinical"", ""Demographic""]","[""Image"", ""Text""]"
"33739635","[""Canada"", ""China"", ""United States""]","[""Computed Tomography""], [""Image""]","[""Computed Tomography""]","[""Image""]"
"33743572","[""Canada""]","[""Serum miRNA levels"", ""Urine metabolite concentrations""], [""serum microRNAs"", ""urine metabolites""]","[""Serum miRNA levels"", ""Urine metabolite concentrations""]","[""serum microRNAs"", ""urine metabolites""]"
"33747150","[""Canada""]","[""Serum levels"", ""X-rays"", ""Magnetic Resonance Imaging""], [""Adipokines"", ""Inflammatory factors""]","[""Serum levels"", ""X-rays"", ""Magnetic Resonance Imaging""]","[""Adipokines"", ""Inflammatory factors""]"
"33749148","[""Canada""]",NULL,"[""Radiographs"", ""Magnetic Resonance Imaging""]",NULL
"33750311","[""Canada"", ""China""]","[""Height"", ""Weight"", ""Calculated Body Mass Index"", ""Age"", ""Race/Ethnicity"", ""Sex""], [""Height"", ""Weight"", ""Age"", ""Sex""]","[""Height"", ""Weight"", ""Calculated Body Mass Index"", ""Age"", ""Race/Ethnicity"", ""Sex""]","[""Height"", ""Weight"", ""Age"", ""Sex""]"
"33753252","[""Canada"", ""Lebanon"", ""United States""]","[""Patch testing""], [""skin images"", ""patient information""]","[""Patch testing""]","[""skin images"", ""patient information""]"
"33753312","[""Australia"", ""Canada"", ""China"", ""Finland"", ""France"", ""Germany"", ""United Kingdom"", ""United States""]",NULL,NULL,"[]"
"33755393","[""Canada""]","[""genomic data"", ""clinical data""], [""hematology"", ""laboratory medicine"", ""pathobiology""]","[""genomic data"", ""clinical data""]","[""hematology"", ""laboratory medicine"", ""pathobiology""]"
"33756222","[""Canada""]","[""Computed Tomography (CT)""], [""two-dimensional"", ""three-dimensional""]","[""Computed Tomography (CT)""]","[""two-dimensional"", ""three-dimensional""]"
"33760390","[""Canada"", ""Germany""]","[""Gait data"", ""In vivo knee loads""], [""biomechanical data"", ""magnetic resonance imaging""]","[""Gait data"", ""In vivo knee loads""]","[""biomechanical data"", ""magnetic resonance imaging""]"
"33762385","[""Canada"", ""United Kingdom""]","[""Acute Stroke"", ""Medical Imaging""], [""age"", ""gender"", ""modified Rankin Scale (mRS)"", ""National Institutes of Health Stroke Scale (NIHSS)""]","[""Acute Stroke"", ""Medical Imaging""]","[""age"", ""gender"", ""modified Rankin Scale (mRS)"", ""National Institutes of Health Stroke Scale (NIHSS)""]"
"33764818","[""Canada"", ""United Kingdom"", ""United States""]",NULL,NULL,"[""Clinical data"", ""Imaging""]"
"33766511","[""Canada"", ""United Kingdom"", ""United States""]",NULL,NULL,"[""skin images"", ""medical data""]"
"33767382","[""Canada"", ""Thailand"", ""United States""]",NULL,NULL,"[]"
"33767948","[""Canada""]","[""Electronic Medical Records (EMRs)""], [""Primary care providers"", ""Electronic Medical Records""]","[""Electronic Medical Records (EMRs)""]","[""Primary care providers"", ""Electronic Medical Records""]"
"33770412","[""Canada"", ""Italy"", ""Netherlands"", ""New Zealand"", ""United Kingdom""]","[""Amylase Value in the Drain (AVD)""], [""Amplase Value in the Drain (AVD)"", ""Amylase levels""]","[""Amylase Value in the Drain (AVD)""]","[""Amplase Value in the Drain (AVD)"", ""Amylase levels""]"
"33770525","[""Canada"", ""France"", ""Germany"", ""Ireland"", ""United Kingdom"", ""United States""]","[""Neuroimaging""], [null, null, null, null, null, null, null, null, null, null, null, null]","[""Neuroimaging""]","[null, null, null, null, null, null, null, null, null, null, null, null]"
"33770561","[""Brazil"", ""Canada""]","[""MR""], [""Magnetic Resonance Imaging""]","[""MR""]","[""Magnetic Resonance Imaging""]"
"33772334","[""Belgium"", ""Canada"", ""France"", ""Netherlands""]","[""PET/CT""], [""images"", ""text""]","[""PET/CT""]","[""images"", ""text""]"
"33772335","[""Canada"", ""France"", ""Spain""]","[""PET""], [""PET images"", ""clinical data""]","[""PET""]","[""PET images"", ""clinical data""]"
"33777664","[""Canada"", ""Ireland"", ""United Kingdom""]",NULL,NULL,"[""text"", ""voice""]"
"33780034","[""Canada"", ""China""]","[""Peptide plane""], [""Computer Science"", ""Biochemistry Molecular Biology""]","[""Peptide plane""]","[""Computer Science"", ""Biochemistry Molecular Biology""]"
"33780727","[""Canada"", ""United Kingdom"", ""United States""]","[""Electroencephalogram (EEG)""], [{""Type"": ""scalograms"", ""Modality"": ""EEG""}, {""Modality"": ""image-like format""}]","[""Electroencephalogram (EEG)""]","[{""Type"": ""scalograms"", ""Modality"": ""EEG""}, {""Modality"": ""image-like format""}]"
"33781576","[""Canada"", ""Denmark"", ""United Kingdom""]","[""MRI""], [""MRI""]","[""MRI""]","[""MRI""]"
"33785730","[""Canada"", ""Netherlands"", ""United Kingdom""]","[""EEG""], ['EEG', 'face/non-face paradigm']","[""EEG""]","['EEG', 'face/non-face paradigm']"
"33789178","[""Canada"", ""China""]","[""Ultrasound""], [""Ultrasound images""]","[""Ultrasound""]","[""Ultrasound images""]"
"33802354","[""Canada"", ""Taiwan""]","[""Magnetic Resonance Imaging""], Magnetic Resonance Imaging","[""Magnetic Resonance Imaging""]","Magnetic Resonance Imaging"
"33804307","[""Austria"", ""Canada"", ""Greece"", ""Iran"", ""Switzerland"", ""United States""]",NULL,NULL,"[""text""]"
"33804317","[""Canada""]","[""Inertial Sensors""], [""Inertial data""]","[""Inertial Sensors""]","[""Inertial data""]"
"33804986","[""Canada""]","[""ERP""], [""Faces"", ""Gaze""]","[""ERP""]","[""Faces"", ""Gaze""]"
"33806984","[""Canada""]","[""Accelerometer"", ""Gyroscope"", ""Plantar pressure""], [""accelerometer"", ""gyroscope"", ""plantar pressure""]","[""Accelerometer"", ""Gyroscope"", ""Plantar pressure""]","[""accelerometer"", ""gyroscope"", ""plantar pressure""]"
"33811557","[""Canada"", ""Germany""]",NULL,"[""ECG"", ""Blood pressure""]",NULL
"33820939","[""Canada"", ""United States""]",NULL,NULL,"[""text"", ""image""]"
"33823116","[""Canada"", ""United States""]","[""Laboratory Data"", ""Clinical Data""], [""Text""]","[""Laboratory Data"", ""Clinical Data""]","[""Text""]"
"33823944","[""Canada""]",NULL,NULL,NULL
"33824310","[""Canada"", ""Netherlands"", ""Spain"", ""United Kingdom"", ""United States""]","[""brain MRI scans""], [""MRI""]","[""brain MRI scans""]","[""MRI""]"
"33824317","[""Canada"", ""China"", ""Hong Kong"", ""United Kingdom""]","[], {""genomics"": true}","[]","{""genomics"": true}"
"33826233","[""Canada""]","[""Fisher's Linear Discriminant Function"", ""Linear Repeated-Measures Mixed Models"", ""Unsupervised Longitudinal Clustering Machine Learning Algorithm""], [""medical imaging"", null]","[""Fisher's Linear Discriminant Function"", ""Linear Repeated-Measures Mixed Models"", ""Unsupervised Longitudinal Clustering Machine Learning Algorithm""]","[""medical imaging"", null]"
"33828156","[""Canada""]","[""proteome""], [""text"", ""machine learning""]","[""proteome""]","[""text"", ""machine learning""]"
"33829043","[""Canada""]","[""Ultrasound""], [""Ultrasound""]","[""Ultrasound""]","[""Ultrasound""]"
"33848231","[""Canada"", ""Netherlands""]",NULL,NULL,"[""classification"", ""regression""]"
"33836309","[""Canada"", ""United States""]","[""DXA vertebral fracture assessment images"", ""Single-energy and dual-energy images""], [""Image""]","[""DXA vertebral fracture assessment images"", ""Single-energy and dual-energy images""]","[""Image""]"
"33879394","[""Belgium"", ""Canada"", ""Italy""]",NULL,NULL,"[""Text"", ""Image""]"
"33848710","[""Canada""]","[""EEG"", ""Eye images from camera""], [""Eye movement""]","[""EEG"", ""Eye images from camera""]","[""Eye movement""]"
"33849253","[""Canada""]","[""BMI"", ""HbA1C"", ""Education""], [""BMI"", ""HbA1C"", ""Education""]","[""BMI"", ""HbA1C"", ""Education""]","[""BMI"", ""HbA1C"", ""Education""]"
"33850128","[""Canada"", ""Germany"", ""Italy"", ""Singapore"", ""South Korea"", ""United Kingdom"", ""United States""]","[""Neuroimaging"", ""Phenotypic data""], [""Neuroimaging"", ""Transcriptomics""]","[""Neuroimaging"", ""Phenotypic data""]","[""Neuroimaging"", ""Transcriptomics""]"
"33853614","[""Brazil"", ""Canada""]","[""Robotics"", ""Virtual Reality"", ""Electrical Stimulation""], [""robotics"", ""virtual reality""]","[""Robotics"", ""Virtual Reality"", ""Electrical Stimulation""]","[""robotics"", ""virtual reality""]"
"33856350","[""Canada"", ""China"", ""United States""]","[""Vital signs"", ""Electronic health records""], [""heart rate"", ""respiratory rate"", ""blood oxygen saturation (SpO2)"", ""age"", ""gender"", ""admission type"", ""first care unit"", ""cardiovascular disease history""]","[""Vital signs"", ""Electronic health records""]","[""heart rate"", ""respiratory rate"", ""blood oxygen saturation (SpO2)"", ""age"", ""gender"", ""admission type"", ""first care unit"", ""cardiovascular disease history""]"
"33880420","[""Canada"", ""Spain"", ""United States""]","[""Next-generation sequencing (NGS)"", ""Computational predictor""], [""RNA sequencing"", ""Artificial intelligence""]","[""Next-generation sequencing (NGS)"", ""Computational predictor""]","[""RNA sequencing"", ""Artificial intelligence""]"
"33857785","[""Brazil"", ""Canada""]","[""Clinical"", ""Sociodemographic""], [""Clinical"", ""historical"", ""sociodemographic""]","[""Clinical"", ""Sociodemographic""]","[""Clinical"", ""historical"", ""sociodemographic""]"
"33858815","[""Canada"", ""United States""]","[""Transplant recipient data""], [{""Modality"": ""Image""}, {""Modality"": ""Text""}]","[""Transplant recipient data""]","[{""Modality"": ""Image""}, {""Modality"": ""Text""}]"
"33863713","[""Canada""]",NULL,NULL,"[""synthetic data"", ""real clinical trial data""]"
"33865966","[""Canada"", ""United States""]","[""Accelerometry""], [""Accelerometry""]","[""Accelerometry""]","[""Accelerometry""]"
"33870137","[""Canada"", ""Georgia""]",NULL,"[""Rodents""]",NULL
"33870190","[""Canada"", ""Germany""]","[""motor items""], [""brain imaging""]","[""motor items""]","[""brain imaging""]"
"33879063","[""Canada""]",NULL,NULL,"[""high-content microscopy""]"
"33888984","[""Canada""]",NULL,NULL,"[""Mental rotation task""]"
"33891933","[""Canada"", ""China""]","[""Clinical""], [""Text""]","[""Clinical""]","[""Text""]"
"33895632","[""Canada"", ""France"", ""Germany"", ""Italy"", ""Netherlands"", ""Portugal"", ""Spain"", ""Sweden"", ""United Kingdom""]",NULL,NULL,"[{""Tag"": null, ""Country"": ""Portugal""}, {""Tag"": null, ""Country"": ""United Kingdom""}, {""Tag"": null, ""Country"": ""Canada""}, {""Tag"": null, ""Country"": ""Germany""}]"
"33909990","[""Canada"", ""Denmark"", ""Estonia"", ""Germany"", ""Italy"", ""Netherlands"", ""Norway"", ""Spain"", ""United Kingdom"", ""United States""]",NULL,NULL,NULL
"33912622","[""Canada""]","[""CT"", ""x-ray""], [""CT images"", ""x-ray images""]","[""CT"", ""x-ray""]","[""CT images"", ""x-ray images""]"
"33914797","[""Canada"", ""United States""]","[""Swept-source optical coherence tomography (OCT) imaging"", ""Triton""], [""Optical Coherence Tomography (OCT)""]","[""Swept-source optical coherence tomography (OCT) imaging"", ""Triton""]","[""Optical Coherence Tomography (OCT)""]"
"33915960","[""Canada""]","[""T1-weighted MRI""], {""MRI"": true}","[""T1-weighted MRI""]","{""MRI"": true}"
"33923286","[""Canada"", ""Switzerland""]","[""EEG""], [""EEG""]","[""EEG""]","[""EEG""]"
"33923975","[""Canada""]","[""Video"", ""Brain activity""], [""Video"", ""Image""]","[""Video"", ""Brain activity""]","[""Video"", ""Image""]"
"33927208","[""Canada"", ""Iran""]","[""CT scan""], [""Computed Tomography (CT)""]","[""CT scan""]","[""Computed Tomography (CT)""]"
"33934542","[""Belgium"", ""Canada"", ""United Kingdom"", ""United States""]","[""Medical""], [""text"", ""image""]","[""Medical""]","[""text"", ""image""]"
"33937724","[""Canada"", ""China"", ""United States""]",NULL,NULL,"[""Text"", ""Image""]"
"33940534","[""Canada"", ""Iran""]","[""Computed Tomography""], [""CT images""]","[""Computed Tomography""]","[""CT images""]"
"33951562","[""Canada"", ""United States""]","[""Accelerometer signals""], [""Accelerometer""]","[""Accelerometer signals""]","[""Accelerometer""]"
"33953261","[""Canada"", ""United States""]","[""hand motion signals""], [{""hand motion signals"": true}]","[""hand motion signals""]","[{""hand motion signals"": true}]"
"33955603","[""Belgium"", ""Canada"", ""Israel"", ""Italy"", ""Netherlands"", ""United Kingdom"", ""United States""]",NULL,NULL,"[{""Modality"": ""Images""}, {""Modality"": ""Text""}]"
"33956307","[""Canada""]","[""iKnife""], [""mass spectrometry""]","[""iKnife""]","[""mass spectrometry""]"
"33956971","[""Canada""]","[""Medication orders"", ""Pharmacological profiles""], [""Unsupervised machine learning""]","[""Medication orders"", ""Pharmacological profiles""]","[""Unsupervised machine learning""]"
"33962603","[""Argentina"", ""Australia"", ""Austria"", ""Brazil"", ""Canada"", ""China"", ""Colombia"", ""Ecuador"", ""France"", ""Germany"", ""Greece"", ""India"", ""Italy"", ""Mexico"", ""Morocco"", ""Spain"", ""Thailand"", ""Tunisia"", ""Turkey"", ""United States"", ""Uruguay""]","[""Affiliation""], [{""tags"": null, ""Country"": ""Australia""}, {""tags"": null, ""Country"": ""Germany""}, {""tags"": null, ""Country"": ""India""}, {""tags"": null, ""Country"": ""Turkey""}, {""tags"": null, ""Country"": ""South Korea""}, {""tags"": null, ""Country"": ""Tunisia""}, {""tags"": null, ""Country"": ""Ecuador""}, {""tags"": null, ""Country"": ""Greece""}, {""tags"": null, ""Country"": ""Morocco""}, {""tags"": null, ""Country"": ""Thailand""}, {""tags"": null, ""Country"": ""USA""}, {""tags"": null, ""Country"": ""Austria""}, {""tags"": null, ""Country"": ""Spain""}]","[""Affiliation""]","[{""tags"": null, ""Country"": ""Australia""}, {""tags"": null, ""Country"": ""Germany""}, {""tags"": null, ""Country"": ""India""}, {""tags"": null, ""Country"": ""Turkey""}, {""tags"": null, ""Country"": ""South Korea""}, {""tags"": null, ""Country"": ""Tunisia""}, {""tags"": null, ""Country"": ""Ecuador""}, {""tags"": null, ""Country"": ""Greece""}, {""tags"": null, ""Country"": ""Morocco""}, {""tags"": null, ""Country"": ""Thailand""}, {""tags"": null, ""Country"": ""USA""}, {""tags"": null, ""Country"": ""Austria""}, {""tags"": null, ""Country"": ""Spain""}]"
"33963192","[""Austria"", ""Canada"", ""China"", ""Egypt"", ""France"", ""Germany"", ""Korea, Republic of"", ""Norway"", ""Spain"", ""United Kingdom"", ""United States""]",NULL,NULL,NULL
"33963834","[""Canada"", ""China""]","[""Gene expression"", ""Methylation""], [""Gene expression"", ""Methylation profiles""]","[""Gene expression"", ""Methylation""]","[""Gene expression"", ""Methylation profiles""]"
"33964517","[""Canada""]","[""ECG"", ""blood tests""], {""time series"": true, ""receiver operating characteristic curve"": true}","[""ECG"", ""blood tests""]","{""time series"": true, ""receiver operating characteristic curve"": true}"
"33964887","[""Canada"", ""Netherlands""]",NULL,NULL,"[""focus group""]"
"33976261","[""Canada"", ""France"", ""Germany""]","[""MRI""], [""structural and functional MRI""]","[""MRI""]","[""structural and functional MRI""]"
"33977272","[""Australia"", ""Canada"", ""Tunisia"", ""Turkey"", ""United Kingdom"", ""United States""]",NULL,"[""MRI""]",NULL
"33979407","[""Canada"", ""United States""]","[""EEG""], [""EEG""]","[""EEG""]","[""EEG""]"
"33980254","[""Canada""]","[""Robot"", ""MRI""], [{""Modality"": ""Sensory""}, {""Modality"": ""Motor""}]","[""Robot"", ""MRI""]","[{""Modality"": ""Sensory""}, {""Modality"": ""Motor""}]"
"33984844","[""Brazil"", ""Canada"", ""United States""]","[""ECG""], [""ECG""]","[""ECG""]","[""ECG""]"
"33987451","[""Canada"", ""United States""]","[""histology images""], [""Image""]","[""histology images""]","[""Image""]"
"33988925","[""Canada"", ""Taiwan"", ""United States""]","[""Structural Magnetic Resonance Imaging""], [""MRI""]","[""Structural Magnetic Resonance Imaging""]","[""MRI""]"
"33989352","[""Canada"", ""South Korea""]","[""EEG""], [""EEG""]","[""EEG""]","[""EEG""]"
"33991581","[""Austria"", ""Belgium"", ""Canada"", ""France"", ""Germany"", ""Italy"", ""Netherlands"", ""Spain"", ""Switzerland"", ""United Kingdom"", ""United States""]",NULL,NULL,"[]"
"33997620","[""Canada"", ""United States""]",NULL,"[""QC"", ""NY""]",NULL
"34003504","[""Canada"", ""Finland"", ""Nigeria"", ""Switzerland"", ""United Kingdom"", ""United States""]","[""Text"", ""Nil""], [{""modality"": ""text""}, {""modality"": ""none specified""}]","[""Text"", ""Nil""]","[{""modality"": ""text""}, {""modality"": ""none specified""}]"
"34004274","[""Canada"", ""Lebanon"", ""United States""]",NULL,"[""Electronic medical record data"", ""Machine learning algorithms""]",NULL
"34006910","[""Canada""]","[""Magnetic Resonance Imaging (MRI)""], [""MRI""]","[""Magnetic Resonance Imaging (MRI)""]","[""MRI""]"
"34019229","[""Canada"", ""Spain"", ""United States""]","[""Text"", ""Numerical""], {""demographics"": null}","[""Text"", ""Numerical""]","{""demographics"": null}"
"34020414","[""Canada"", ""United States""]","[""Clinical"", ""Demographic"", ""Expectations"", ""Cognitive Appraisal""], [""Text""]","[""Clinical"", ""Demographic"", ""Expectations"", ""Cognitive Appraisal""]","[""Text""]"
"34021186","[""Canada""]","[""electrical signals"", ""nerve action potentials""], [{""Text"": ""electrophysiological"", ""NlmCategory"": null}, {""Text"": ""sensor"", ""NlmCategory"": null}]","[""electrical signals"", ""nerve action potentials""]","[{""Text"": ""electrophysiological"", ""NlmCategory"": null}, {""Text"": ""sensor"", ""NlmCategory"": null}]"
"34023273","[""Canada"", ""United Kingdom"", ""United States""]","[""Echocardiography"", ""Computed Tomography"", ""Cardiovascular Magnetic Resonance Imaging""], [""echocardiography"", ""computed tomography (CT)"", ""cardiovascular magnetic resonance (CMR) imaging""]","[""Echocardiography"", ""Computed Tomography"", ""Cardiovascular Magnetic Resonance Imaging""]","[""echocardiography"", ""computed tomography (CT)"", ""cardiovascular magnetic resonance (CMR) imaging""]"
"34023562","[""Canada""]","[""Diffusion MRI""], [""Diffusion MRI""]","[""Diffusion MRI""]","[""Diffusion MRI""]"
"34025338","[""Canada""]","[""3T anatomical brain MRI"", ""DTI""], [""Diffusion Tensor Imaging"", ""Anatomical MRI""]","[""3T anatomical brain MRI"", ""DTI""]","[""Diffusion Tensor Imaging"", ""Anatomical MRI""]"
"34025567","[""Canada""]","[""Imaging"", ""Clinical""], [""MRI"", ""CT scans""]","[""Imaging"", ""Clinical""]","[""MRI"", ""CT scans""]"
"34026680","[""Canada"", ""China"", ""United States""]","[""Fetal Heart Rate"", ""Arterial Blood Pressure""], [""electrocardiogram"", ""blood pressure""]","[""Fetal Heart Rate"", ""Arterial Blood Pressure""]","[""electrocardiogram"", ""blood pressure""]"
"34027017","[""Canada""]","[""GPS""], [""GPS"", ""spatial patterns"", ""temporal patterns""]","[""GPS""]","[""GPS"", ""spatial patterns"", ""temporal patterns""]"
"34028616","[""Canada"", ""United States""]","[""Saliva RNA biomarkers""], [{""saliva RNA biomarkers levels"": null}, {""balance and cognitive test performance"": null}]","[""Saliva RNA biomarkers""]","[{""saliva RNA biomarkers levels"": null}, {""balance and cognitive test performance"": null}]"
"34031407","[""Canada"", ""United States""]","[""fMRI""], [""fMRI""]","[""fMRI""]","[""fMRI""]"
"34032855","[""Canada""]",NULL,"[""administrative health data"", ""laboratory measurements"", ""drug benefits"", ""health care system interactions"", ""social determinants of health"", ""ambulatory care and hospitalization records""]",NULL
"34033588","[""Canada"", ""Turkey"", ""United Kingdom""]",NULL,"[""Demographic"", ""Laboratory"", ""Clinical""]",NULL
"34039572","[""Canada""]",NULL,"[""Administrative health data""]",NULL
"34042732","[""Canada""]",NULL,NULL,"[""Diabetes dataset""]"
"34048901","[""Austria"", ""Brazil"", ""Canada"", ""China"", ""Germany"", ""Israel"", ""Japan"", ""Korea, Republic of"", ""Netherlands"", ""Norway"", ""Sweden"", ""Switzerland"", ""United Kingdom"", ""United States""]",NULL,NULL,"[""EEG"", ""fMRI""]"
"34050220","[""Canada""]","[""Electromyography""], [""Electromyography""]","[""Electromyography""]","[""Electromyography""]"
"34050594","[""Canada"", ""France"", ""Singapore"", ""United Kingdom"", ""United States""]",NULL,NULL,"[""Text""]"
"34052016","[""Australia"", ""Canada"", ""Finland"", ""Iran"", ""Singapore"", ""Taiwan"", ""United States""]","[""Skin Cancer Images""], [""skin cancer image classification""]","[""Skin Cancer Images""]","[""skin cancer image classification""]"
"34055577","[""Canada"", ""Saudi Arabia"", ""United States""]","[""text""], [""text""]","[""text""]","[""text""]"
"34060330","[""Canada"", ""United States""]","[""Genomics""], [""text""]","[""Genomics""]","[""text""]"
"34063945","[""Canada""]","[""Ultrasound"", ""Radiography""], [""3DUS"", ""radiography""]","[""Ultrasound"", ""Radiography""]","[""3DUS"", ""radiography""]"
"34066857","[""Canada""]","[""Computed Tomography""], [""Imaging""]","[""Computed Tomography""]","[""Imaging""]"
"34069566","[""Canada""]","[""Breathing sounds"", ""Anthropometric features""], [""anthropometric features"", ""breathing sounds""]","[""Breathing sounds"", ""Anthropometric features""]","[""anthropometric features"", ""breathing sounds""]"
"34072863","[""Canada"", ""Switzerland""]","[""Genomic"", ""Clinical""], [""Pathology"", ""Molecular Pathology""]","[""Genomic"", ""Clinical""]","[""Pathology"", ""Molecular Pathology""]"
"34076582","[""Canada""]","[""Video"", ""Audio""], [""Video"", ""Audio""]","[""Video"", ""Audio""]","[""Video"", ""Audio""]"
"34077793","[""Austria"", ""Canada"", ""Turkey""]",NULL,"[""pain scores"", ""numeric rating scale"", ""brief pain inventory interference items"", ""patient global impression of change""]",NULL
"34078897","[""Australia"", ""Belgium"", ""Brazil"", ""Canada"", ""Finland"", ""France"", ""Germany"", ""Sweden"", ""United Kingdom"", ""United States""]","[""Imaging"", null], [""Radiology"", ""Neurology""]","[""Imaging"", null]","[""Radiology"", ""Neurology""]"
"34079932","[""Canada"", ""China""]","[""MRI""], [""MRI""]","[""MRI""]","[""MRI""]"
"34080185","[""Canada""]","[""PROMs"", ""Seizure data""], [{""value"": ""text""}]","[""PROMs"", ""Seizure data""]","[{""value"": ""text""}]"
"34080611","[""Canada"", ""United Kingdom""]","[""Structural brain measures (volume, surface area, and cortical thickness)""], [""Text""]","[""Structural brain measures (volume, surface area, and cortical thickness)""]","[""Text""]"
"34080784","[""Canada"", ""China"", ""Greece"", ""Hong Kong"", ""United Kingdom""]","[""Medical records""], [""age"", ""sex"", ""variables in the modified frailty index"", ""Deyo's Charlson co-morbidity index (≥2)"", ""neutrophil-to-lymphocyte ratio (NLR)"", ""prognostic nutritional index""]","[""Medical records""]","[""age"", ""sex"", ""variables in the modified frailty index"", ""Deyo's Charlson co-morbidity index (≥2)"", ""neutrophil-to-lymphocyte ratio (NLR)"", ""prognostic nutritional index""]"
"34080925","[""Canada"", ""Turkey"", ""United States""]","[""EEG""], [""EEG""]","[""EEG""]","[""EEG""]"
"34083812","[""Canada""]","[""Radiation Therapy""], [""Medical Imaging""]","[""Radiation Therapy""]","[""Medical Imaging""]"
"34087549","[""Canada""]","[""Structural Neuroimaging""], [""Imaging""]","[""Structural Neuroimaging""]","[""Imaging""]"
"34088354","[""Canada""]","[""Speech""], [""Speech""]","[""Speech""]","[""Speech""]"
"34093387","[""Canada"", ""Denmark""]","[""Diffusion-weighted MRI"", ""Perfusion-weighted MRI""], [""MRI"", ""clinical parameters""]","[""Diffusion-weighted MRI"", ""Perfusion-weighted MRI""]","[""MRI"", ""clinical parameters""]"
"34095832","[""Canada""]","[""Magnetoencephalography""], [""EEG"", ""Magnetoencephalography""]","[""Magnetoencephalography""]","[""EEG"", ""Magnetoencephalography""]"
"34102758","[""Canada"", ""Switzerland""]","[""Computed Tomography"", ""Magnetic Resonance Imaging""], [""CTA"", ""MRI""]","[""Computed Tomography"", ""Magnetic Resonance Imaging""]","[""CTA"", ""MRI""]"
"34103062","[""Canada"", ""Jordan""]","[""Imaging""], [""Image"", ""Survey""]","[""Imaging""]","[""Image"", ""Survey""]"
"34104876","[""Canada"", ""China"", ""Philippines""]","[""Metabolomic markers"", ""Sex"", ""Birth weight""], [""blood_samples""]","[""Metabolomic markers"", ""Sex"", ""Birth weight""]","[""blood_samples""]"
"34108858","[""Canada""]","[""EMG""], [""Myoelectric signals""]","[""EMG""]","[""Myoelectric signals""]"
"34111849","[""Canada"", ""China"", ""Ireland"", ""United Kingdom""]","[""Electroencephalography (EEG)"", ""Upper limb MI tasks""], [""EEG""]","[""Electroencephalography (EEG)"", ""Upper limb MI tasks""]","[""EEG""]"
"34114173","[""Canada""]","[""2D image-based surrogates"", ""3D MRI"", ""4D MRI"", ""Ultrasound""], [""Image"", ""US""]","[""2D image-based surrogates"", ""3D MRI"", ""4D MRI"", ""Ultrasound""]","[""Image"", ""US""]"
"34117309","[""Canada"", ""Greece""]","[""EEG""], [""EEG"", null]","[""EEG""]","[""EEG"", null]"
"34127064","[""Canada"", ""South Africa"", ""United States""]","[""GPS""], [{""Modality"": ""GPS data loggers""}, {""Modality"": ""Cerebrospinal fluid biomarkers""}]","[""GPS""]","[{""Modality"": ""GPS data loggers""}, {""Modality"": ""Cerebrospinal fluid biomarkers""}]"
"34127421","[""Canada"", ""Iran""]",NULL,"[""Medical""]",NULL
"34131161","[""Canada"", ""France""]",NULL,"[""Sociodemographic and Familial Characteristics"", ""Mental Health and Substance Use""]",NULL
"34131749","[""Canada"", ""United States""]","[""MRI""], [""MRI""]","[""MRI""]","[""MRI""]"
"34134988","[""Canada"", ""Korea, Republic of""]",NULL,"[""Color""]",NULL
"34140617","[""Canada"", ""United States""]","[""Neuroimaging""], [""neuroimaging""]","[""Neuroimaging""]","[""neuroimaging""]"
"34142418","[""Canada""]",NULL,"[""Natural-language processing""]",NULL
"34145556","[""Canada"", ""Romania"", ""United States""]","[""3D rotational angiography""], [""Image"", ""Hemodynamic""]","[""3D rotational angiography""]","[""Image"", ""Hemodynamic""]"
"34146771","[""Australia"", ""Belgium"", ""Canada"", ""Czechia"", ""Hungary"", ""Iran"", ""Italy"", ""Kuwait"", ""Netherlands"", ""Portugal"", ""Spain"", ""Switzerland"", ""Tunisia"", ""Turkey""]",NULL,NULL,NULL
"34151806","[""Canada"", ""Spain""]","[""questionnaire""], [""Neuropsychological"", ""General Health""]","[""questionnaire""]","[""Neuropsychological"", ""General Health""]"
"34153625","[""Canada"", ""China""]","[""Medical images""], [""Image"", ""Text""]","[""Medical images""]","[""Image"", ""Text""]"
"34153626","[""Canada"", ""United States""]","[""MRI""], {""Imaging Modalities"": [""Magnetic Resonance Imaging""]}","[""MRI""]","{""Imaging Modalities"": [""Magnetic Resonance Imaging""]}"
"34154320","[""Belgium"", ""Canada"", ""Italy"", ""United Kingdom""]","[""angiography"", ""pressure""], [""pressure"", ""diastolic pressure ratio""]","[""angiography"", ""pressure""]","[""pressure"", ""diastolic pressure ratio""]"
"34156354","[""Canada""]","[""CT"", ""MRI""], [""image"", ""dosage""]","[""CT"", ""MRI""]","[""image"", ""dosage""]"
"34156719","[""Canada"", ""United States""]","[""CT""], [""image"", ""text""]","[""CT""]","[""image"", ""text""]"
"34159195","[""Canada"", ""China""]","[""Blood Biomarkers""], [""blood panel"", ""machine learning""]","[""Blood Biomarkers""]","[""blood panel"", ""machine learning""]"
"34160618","[""Canada"", ""Netherlands""]",NULL,"[""Ultrasound"", ""Biopsy""]",NULL
"34173089","[""Canada""]","[""Radiographs""], [""image"", ""text""]","[""Radiographs""]","[""image"", ""text""]"
"34174347","[""Canada"", ""China""]","[""Biochemical""], [""biochemical indices""]","[""Biochemical""]","[""biochemical indices""]"
"34176681","[""Canada"", ""United Kingdom"", ""United States""]","[""Blood""], [""blood-based"", ""cfDNA sequencing""]","[""Blood""]","[""blood-based"", ""cfDNA sequencing""]"
"34179769","[""Canada""]",NULL,NULL,"text"
"34181661","[""Canada"", ""China""]","[""Clinical"", ""Computer Science""], [""depression"", ""symptoms""]","[""Clinical"", ""Computer Science""]","[""depression"", ""symptoms""]"
"34185253","[""Canada"", ""Israel""]","[""Magnetic Resonance Imaging""], [""MRI"", ""U-Net""]","[""Magnetic Resonance Imaging""]","[""MRI"", ""U-Net""]"
"34185798","[""Canada"", ""Israel"", ""Mexico"", ""United States""]",NULL,"[""Demographic"", ""Physiologic"", ""Clinical""]",NULL
"34191801","[""Canada"", ""Iran""]",NULL,"[""Singleton Gestation"", ""Pregnancy Data""]",NULL
"34193519","[""Canada""]",NULL,"[""text""]",NULL
"34197503","[""Canada"", ""France"", ""Turkey""]","[""Magnetic Resonance Imaging"", ""Positron Emission Tomography""], [""MRI"", ""PET""]","[""Magnetic Resonance Imaging"", ""Positron Emission Tomography""]","[""MRI"", ""PET""]"
"34207437","[""Canada"", ""Colombia"", ""Mexico""]","[""Symptoms""], [""Symptoms""]","[""Symptoms""]","[""Symptoms""]"
"34208179","[""Canada"", ""Korea, Republic of""]","[""Convolutional Neural Network"", ""Long-Short Term Memory""], [""Smart Medical Bed"", ""Convolutional Neural Network (CNN)""]","[""Convolutional Neural Network"", ""Long-Short Term Memory""]","[""Smart Medical Bed"", ""Convolutional Neural Network (CNN)""]"
"34209154","[""Canada""]","[""2D MRI""], [""Magnetic Resonance Imaging (MRI)""]","[""2D MRI""]","[""Magnetic Resonance Imaging (MRI)""]"
"34214101","[""Canada"", ""Iran"", ""Jersey"", ""United States""]","[""Invasive"", ""Non-invasive""], [""invasive"", ""non-invasive""]","[""Invasive"", ""Non-invasive""]","[""invasive"", ""non-invasive""]"
"34214980","[""Brazil"", ""Canada"", ""China"", ""Germany"", ""Hong Kong"", ""Japan"", ""Netherlands"", ""United Kingdom"", ""United States""]",NULL,"[null]",NULL
"34215614","[""Canada"", ""Spain"", ""Tanzania"", ""United States""]","[""Audio""], [""Audio""]","[""Audio""]","[""Audio""]"
"34217560","[""Canada"", ""China""]","[""B-Mode Ultrasound""], [""Ultrasound images""]","[""B-Mode Ultrasound""]","[""Ultrasound images""]"
"34228341","[""Canada"", ""Israel"", ""Switzerland"", ""Taiwan"", ""United States""]","[""Imaging"", ""Clinical""], [""myocardial perfusion imaging (MPI)"", ""angiography""]","[""Imaging"", ""Clinical""]","[""myocardial perfusion imaging (MPI)"", ""angiography""]"
"34228974","[""Canada""]",NULL,NULL,"[{""ForeName"": ""Habib"", ""LastName"": ""Jabagi"", ""Affiliation"": [""Division of Cardiac Surgery, University of Ottawa Heart Institute, Ottawa, Ontario, Canada. Electronic address: hijabagi@yahoo.com.""]}, {""ForeName"": ""Vincent"", ""LastName"": ""Chan"", ""Affiliation"": [""Division of Cardiac Surgery, University of Ottawa Heart Institute, Ottawa, Ontario, Canada.""]}, {""ForeName"": ""Marc"", ""LastName"": ""Ruel"", ""Affiliation"": [""Division of Cardiac Surgery, University of Ottawa Heart Institute, Ottawa, Ontario, Canada.""]}, {""ForeName"": ""Thierry G"", ""LastName"": ""Mesana"", ""Affiliation"": [""Division of Cardiac Surgery, University of Ottawa Heart Institute, Ottawa, Ontario, Canada.""]}, {""ForeName"": ""Munir"", ""LastName"": ""Boodhwani"", ""Affiliation"": [""Division of Cardiac Surgery, University of Ottawa Heart Institute, Ottawa, Ontario, Canada.""]}]"
"34229308","[""Canada"", ""Germany""]","[""EEG""], [""sensorimotor rhythms (SMRs)"", ""heart rate variability""]","[""EEG""]","[""sensorimotor rhythms (SMRs)"", ""heart rate variability""]"
"34233616","[""Canada""]","[""administrative data"", ""statistical analysis""], [""Text""]","[""administrative data"", ""statistical analysis""]","[""Text""]"
"34235131","[""Canada""]","[], [""Census data"", ""Comorbidities""]","[]","[""Census data"", ""Comorbidities""]"
"34238616","[""Canada""]","[""3-D ultrasound""], [{""Modality"": ""Ultrasound""}, {""Modality"": ""Image""}]","[""3-D ultrasound""]","[{""Modality"": ""Ultrasound""}, {""Modality"": ""Image""}]"
"34243824","[""Canada"", ""United States""]","[""Survey"", ""Questionnaire""], [""Survey"", ""Questionnaire""]","[""Survey"", ""Questionnaire""]","[""Survey"", ""Questionnaire""]"
"34245019","[""Canada"", ""Sweden"", ""United States""]","[""Text"", ""Clinical variables""], [{""Modality"": [""Text"", ""Image""]}]","[""Text"", ""Clinical variables""]","[{""Modality"": [""Text"", ""Image""]}]"
"34248903","[""Canada""]","[""Oral Swab"", ""Supragingival Plaque""], [""Oral Swab"", ""Dental Plaque""]","[""Oral Swab"", ""Supragingival Plaque""]","[""Oral Swab"", ""Dental Plaque""]"
"34250463","[""Canada"", ""United Kingdom""]",NULL,NULL,NULL
"34254200","[""Canada"", ""China""]","[""Diffusion-Weighted MRI""], [""MRI""]","[""Diffusion-Weighted MRI""]","[""MRI""]"
"34255727","[""Austria"", ""Canada"", ""Germany""]","[""Mobile App"", ""Remote Assessment""], [""text""]","[""Mobile App"", ""Remote Assessment""]","[""text""]"
"34255973","[""Austria"", ""Canada"", ""Germany"", ""Netherlands"", ""Sweden"", ""United Kingdom""]",NULL,NULL,"[""text"", ""image""]"
"34256707","[""Canada""]",NULL,"[""Complete Blood Count""]",NULL
"34259870","[""Canada"", ""Israel"", ""Taiwan"", ""United States""]",NULL,NULL,"[""Echocardiography"", ""Nuclear Medicine""]"
"34262079","[""Canada"", ""United States""]","[""Diffusion Tensor Imaging (DTI)""], [""Diffusion Tensor Imaging""]","[""Diffusion Tensor Imaging (DTI)""]","[""Diffusion Tensor Imaging""]"
"34262646","[""Canada""]","[""T2-weighted magnetic resonance imaging (MRI)""], [""Magnetic Resonance Imaging""]","[""T2-weighted magnetic resonance imaging (MRI)""]","[""Magnetic Resonance Imaging""]"
"34265451","[""Canada""]","[""text""], [""text""]","[""text""]","[""text""]"
"34267327","[""Canada"", ""United States""]","[""Clinical Data"", ""Protein Expression""], [""Text"", ""Machine Learning""]","[""Clinical Data"", ""Protein Expression""]","[""Text"", ""Machine Learning""]"
"34275140","[""Canada"", ""Singapore"", ""United States""]","[""Clinical"", ""Neurophysiological"", ""Imaging""], [""text"", ""image""]","[""Clinical"", ""Neurophysiological"", ""Imaging""]","[""text"", ""image""]"
"34284765","[""Canada""]",NULL,"[""medication use"", ""diagnostic codes and procedures""]",NULL
"34285187","[""Canada"", ""Germany"", ""Netherlands"", ""Switzerland"", ""United Kingdom"", ""United States""]","[null, null], [""Text"", ""Image""]","[null, null]","[""Text"", ""Image""]"
"34293685","[""Canada""]","[""Computed Tomography (CT) images""], [{""Modality"": ""CT images""}]","[""Computed Tomography (CT) images""]","[{""Modality"": ""CT images""}]"
"34297511","[""Canada"", ""United States""]","[""3D camera"", ""Infrared imaging""], [""Infrared imaging""]","[""3D camera"", ""Infrared imaging""]","[""Infrared imaging""]"
"34300453","[""Canada"", ""Tunisia""]","[""Acceleration time series data""], [""Accelerometer""]","[""Acceleration time series data""]","[""Accelerometer""]"
"34308560","[""Canada"", ""United States""]","[""Magnetic Resonance Imaging (MRI)""], [""Magnetic Resonance Imaging""]","[""Magnetic Resonance Imaging (MRI)""]","[""Magnetic Resonance Imaging""]"
"34310676","[""Argentina"", ""Canada"", ""United States""]","[""calcium imaging"", ""fMRI""], [""calcium imaging"", ""fMRI""]","[""calcium imaging"", ""fMRI""]","[""calcium imaging"", ""fMRI""]"
"34311121","[""Canada"", ""United States""]","[""TMS""], [""TMS measures""]","[""TMS""]","[""TMS measures""]"
"34312733","[""Canada""]","[""ultrasound""], [""Ultrasound"", ""Robotics""]","[""ultrasound""]","[""Ultrasound"", ""Robotics""]"
"34315030","[""Australia"", ""Bangladesh"", ""Canada""]",NULL,"[""Digital patient records""]",NULL
"34322947","[""Canada"", ""Georgia"", ""Germany"", ""Israel"", ""United Kingdom"", ""United States""]",NULL,NULL,NULL
"34327181","[""Canada"", ""Japan""]","[""Respiratory support"", ""Oral feeding""], [""electroencephalogram"", ""respiratory""]","[""Respiratory support"", ""Oral feeding""]","[""electroencephalogram"", ""respiratory""]"
"34327623","[""Canada"", ""China""]","[""Computed Tomography (CT)""], [""Computed Tomography""]","[""Computed Tomography (CT)""]","[""Computed Tomography""]"
"34327851","[""Canada"", ""China"", ""United States""]",NULL,"[""Microbiota composition""]",NULL
"34328661","[""Canada"", ""Georgia"", ""United States""]","[""Mammograms"", ""Breast CT""], [""Mammograms""]","[""Mammograms"", ""Breast CT""]","[""Mammograms""]"
"34348214","[""Canada""]","[""Biomedical images""], [""biomedical image"", ""depthwise convolutional network""]","[""Biomedical images""]","[""biomedical image"", ""depthwise convolutional network""]"
"34337338","[""Canada"", ""China"", ""Hong Kong"", ""Japan"", ""United States""]","[""Histopathology""], [""Histopathology"", ""Machine Learning""]","[""Histopathology""]","[""Histopathology"", ""Machine Learning""]"
"34339947","[""Australia"", ""Brazil"", ""Canada"", ""China"", ""Finland"", ""Germany"", ""Iran"", ""Ireland"", ""Italy"", ""Mexico"", ""Spain"", ""United Kingdom"", ""United States""]","[""Temporalology"", ""Genetics""], [""MRI"", ""EEG""]","[""Temporalology"", ""Genetics""]","[""MRI"", ""EEG""]"
"34342503","[""Canada""]",NULL,NULL,NULL
"34343854","[""Canada""]","[""CT""], [""CT scan""]","[""CT""]","[""CT scan""]"
"34344175","[""Canada""]",NULL,NULL,"[]"
"34344562","[""Canada"", ""United States""]","[""Cardiac Ultrasound"", ""Inertial Measurement Device""], [""Image"", ""Probe motion""]","[""Cardiac Ultrasound"", ""Inertial Measurement Device""]","[""Image"", ""Probe motion""]"
"34349566","[""Canada""]","[""Electronic Medical Records""], [""echocardiogram""]","[""Electronic Medical Records""]","[""echocardiogram""]"
"34352294","[""Canada"", ""United States""]","[""Neuroimaing""], [{""modality"": ""structural neuroimaing""}, {""modality"": ""biological""}]","[""Neuroimaing""]","[{""modality"": ""structural neuroimaing""}, {""modality"": ""biological""}]"
"34352654","[""Canada""]","[""T1-weighted MRI"", ""T2-weighted MRI""], [""MRI""]","[""T1-weighted MRI"", ""T2-weighted MRI""]","[""MRI""]"
"34352741","[""Canada""]","[""Electromyography"", ""Kinematic""], [""Electromyography"", ""Kinematic signals""]","[""Electromyography"", ""Kinematic""]","[""Electromyography"", ""Kinematic signals""]"
"34353531","[""Belgium"", ""Canada"", ""Germany"", ""Singapore"", ""South Korea"", ""United Kingdom"", ""United States""]","[""MRI"", null], [""Cardiology""]","[""MRI"", null]","[""Cardiology""]"
"34357510","[""Canada"", ""Vietnam""]","[""Pelvis Radiographs""], [""X-ray""]","[""Pelvis Radiographs""]","[""X-ray""]"
"34358231","[""Canada"", ""Netherlands"", ""Sweden"", ""United Kingdom""]","[""Text"", ""Other""], [""Glasgow Coma Score (GCS)"", ""Pupil Reactivity""]","[""Text"", ""Other""]","[""Glasgow Coma Score (GCS)"", ""Pupil Reactivity""]"
"34359623","[""Canada"", ""United States""]","[""MRI"", ""CT""], [""CT"", ""MRI""]","[""MRI"", ""CT""]","[""CT"", ""MRI""]"
"34367729","[""Canada"", ""Switzerland""]","[""RNA""], [""microbiome"", ""clinical data""]","[""RNA""]","[""microbiome"", ""clinical data""]"
"34370986","[""Canada""]","[""EBUS images""], [""Images""]","[""EBUS images""]","[""Images""]"
"34372915","[""Canada"", ""United Kingdom"", ""United States""]","[""genomics""], [""text"", ""genomic data""]","[""genomics""]","[""text"", ""genomic data""]"
"34384621","[""Canada"", ""United States""]","[""Single-surgeon RARP"", ""Patient-reported outcomes""], [""patient-reported outcomes""]","[""Single-surgeon RARP"", ""Patient-reported outcomes""]","[""patient-reported outcomes""]"
"34387095","[""Canada"", ""Turkey"", ""United States""]","[""Imaging"", ""Genomics""], [""Imaging data"", ""Genomic information""]","[""Imaging"", ""Genomics""]","[""Imaging data"", ""Genomic information""]"
"34389724","[""Canada"", ""United States""]","[""Genomics"", ""Population Genetics""], [""blood samples"", ""genomics""]","[""Genomics"", ""Population Genetics""]","[""blood samples"", ""genomics""]"
"34390964","[""Canada""]","[""Text""], [""Text""]","[""Text""]","[""Text""]"
"34391314","[""Canada"", ""Iran""]","[""Pneumatic actuators""], [""Pneumatic Actuators"", ""Pressure Sensors""]","[""Pneumatic actuators""]","[""Pneumatic Actuators"", ""Pressure Sensors""]"
"34392363","[""Australia"", ""Canada"", ""Iran"", ""Tunisia"", ""Turkey"", ""United Kingdom"", ""United States""]","[""Imaging"", ""Medical Imaging""], [""radiology""]","[""Imaging"", ""Medical Imaging""]","[""radiology""]"
"34393823","[""Canada""]","[""Electrograms""], [""Unipolar Electrograms""]","[""Electrograms""]","[""Unipolar Electrograms""]"
"34396283","[""Canada"", ""United States""]","[""Clinical""], [""text"", ""image""]","[""Clinical""]","[""text"", ""image""]"
"34404460","[""Canada""]","[""single-cell RNA-seq""], [{""Country"": ""Canada"", ""Affiliation"": ""Department of Pathology and Laboratory Medicine, Department of Statistics, University of British Columbia, Vancouver, BC, Canada.""}, {""Country"": ""Canada"", ""Affiliation"": ""Department of Molecular Oncology, BC Cancer, Vancouver, BC, Canada.""}, {""Country"": ""USA"", ""Affiliation"": ""Computer Science and Artificial Intelligence Laboratory, Massachusetts Institute of Technology, Cambridge, MA, USA.""}, {""Country"": ""USA"", ""Affiliation"": ""Broad Institute of MIT and Harvard, Cambridge, MA, USA.""}]","[""single-cell RNA-seq""]","[{""Country"": ""Canada"", ""Affiliation"": ""Department of Pathology and Laboratory Medicine, Department of Statistics, University of British Columbia, Vancouver, BC, Canada.""}, {""Country"": ""Canada"", ""Affiliation"": ""Department of Molecular Oncology, BC Cancer, Vancouver, BC, Canada.""}, {""Country"": ""USA"", ""Affiliation"": ""Computer Science and Artificial Intelligence Laboratory, Massachusetts Institute of Technology, Cambridge, MA, USA.""}, {""Country"": ""USA"", ""Affiliation"": ""Broad Institute of MIT and Harvard, Cambridge, MA, USA.""}]"
"34408203","[""Canada"", ""United States""]","[""Face""], [""fMRI"", ""Face""]","[""Face""]","[""fMRI"", ""Face""]"
"34409590","[""Canada""]","[""demographics"", ""laboratory tests""], [{""Label"": """", ""Category"": """"}]","[""demographics"", ""laboratory tests""]","[{""Label"": """", ""Category"": """"}]"
"34411121","[""Canada"", ""France"", ""South Africa""]","[""Non-activity-related clinical data""], [""Actimetry measurements"", ""Patient- and physician-reported estimates""]","[""Non-activity-related clinical data""]","[""Actimetry measurements"", ""Patient- and physician-reported estimates""]"
"34413728","[""Canada""]","[""Text""], [""genetic data"", ""environmental data""]","[""Text""]","[""genetic data"", ""environmental data""]"
"34414331","[""Canada"", ""Japan""]","[""Medical"", ""Clinical""], [""electrocardiogram"", ""vital signs""]","[""Medical"", ""Clinical""]","[""electrocardiogram"", ""vital signs""]"
"34414995","[""Canada"", ""Taiwan""]","[""Functional Magnetic Resonance Imaging"", ""Neuropsychological Tests""], [""rs-fMRI"", ""neuropsychological tests""]","[""Functional Magnetic Resonance Imaging"", ""Neuropsychological Tests""]","[""rs-fMRI"", ""neuropsychological tests""]"
"34416844","[""Canada""]",NULL,"[""registry""]",NULL
"34416855","[""Canada""]","[""omics""], [""radiation therapy""]","[""omics""]","[""radiation therapy""]"
"34417899","[""Canada"", ""Switzerland""]","[""Positron emission tomography"", ""Fluorodeoxyglucose""], [""FDG-PET imaging""]","[""Positron emission tomography"", ""Fluorodeoxyglucose""]","[""FDG-PET imaging""]"
"34419753","[""Canada"", ""Georgia"", ""United States""]",NULL,NULL,"[""Gene expression"", null]"
"34420885","[""Canada"", ""China""]",NULL,"[""Clinical"", ""Biochemical""]",NULL
"34426170","[""Canada""]","[""Virtual Reality"", ""Simulated Surgical Procedure""], [""motion"", ""safety"", ""efficiency""]","[""Virtual Reality"", ""Simulated Surgical Procedure""]","[""motion"", ""safety"", ""efficiency""]"
"34454414","[""Canada""]",NULL,"[""Administrative datasets""]",NULL
"34426586","[""Canada""]","[""Arm"", ""Cognitive""], [""motor"", ""cognitive""]","[""Arm"", ""Cognitive""]","[""motor"", ""cognitive""]"
"34430044","[""Canada"", ""China"", ""United States""]","[""Images""], [""Images""]","[""Images""]","[""Images""]"
"34432601","[""Canada"", ""Denmark"", ""Netherlands""]","[""Text""], [""Text"", ""Multimedia""]","[""Text""]","[""Text"", ""Multimedia""]"
"34433834","[""Canada"", ""United States""]","[""Whole-Blood Transcriptomics Data""], [""Whole-Blood Transcriptomics""]","[""Whole-Blood Transcriptomics Data""]","[""Whole-Blood Transcriptomics""]"
"34441340","[""Canada"", ""Croatia"", ""Cyprus"", ""Germany"", ""Greece"", ""Hungary"", ""India"", ""Italy"", ""United Kingdom"", ""United States""]",NULL,NULL,"{""A"": [""India""], ""M"": [""USA""], ""S"": [""USA""], ""V"": [""USA""], ""Z"": [""Hungary""], ""GD"": [""UK""], ""JS"": [""USA""], ""SK"": [""USA""]}"
"34448704","[""Canada""]",NULL,"[""Clinical""]",NULL
"34451039","[""Australia"", ""Canada"", ""China"", ""Hong Kong"", ""New Zealand"", ""United States""]","[""Sensors""], [""knee adduction moment"", ""knee flexion moment""]","[""Sensors""]","[""knee adduction moment"", ""knee flexion moment""]"
"34453326","[""Canada""]","[""electroencephalography""], []","[""electroencephalography""]","[]"
"34454954","[""Canada""]","[""fMRI"", ""EEG""], [{""Modality"": ""EEG""}, {""Modality"": ""fMRI""}]","[""fMRI"", ""EEG""]","[{""Modality"": ""EEG""}, {""Modality"": ""fMRI""}]"
"34460077","[""Canada""]",NULL,"[""Self-reported cognition"", ""Cognitive test performance""]",NULL
"34460576","[""Canada""]","[""Microwave Tomography""], [""Microwave images""]","[""Microwave Tomography""]","[""Microwave images""]"
"34463636","[""Canada"", ""Germany""]","[""Binary""], [""Infection""]","[""Binary""]","[""Infection""]"
"34463809","[""Canada"", ""Germany"", ""Sweden"", ""United States""]","[""PET/CT"", ""Low-Dose CT""], [""Imaging"", ""Clinical data""]","[""PET/CT"", ""Low-Dose CT""]","[""Imaging"", ""Clinical data""]"
"34466045","[""Belgium"", ""Canada"", ""France"", ""United States""]","[""Electromyographic activity (EMG-MMA)"", ""MJM""], [""EMG-MMA"", ""MJM""]","[""Electromyographic activity (EMG-MMA)"", ""MJM""]","[""EMG-MMA"", ""MJM""]"
"34467426","[""Canada"", ""United States""]","[""MRI"", ""TRUS""], [""T2-weighted (T2W) MRI"", ""Apparent diffusion coefficient (ADC)""]","[""MRI"", ""TRUS""]","[""T2-weighted (T2W) MRI"", ""Apparent diffusion coefficient (ADC)""]"
"34469211","[""Canada""]","[""Imaging"", ""Medical""], []","[""Imaging"", ""Medical""]","[]"
"34471189","[""Canada"", ""Iran"", ""United States""]","[""sagittal"", ""frontal""], [""sagittal and frontal motion planes""]","[""sagittal"", ""frontal""]","[""sagittal and frontal motion planes""]"
"34472611","[""Canada""]",NULL,NULL,"[""Alerts"", ""Code status orders""]"
"34487910","[""Australia"", ""Canada""]","[""Web-based""], [""Video"", ""Text""]","[""Web-based""]","[""Video"", ""Text""]"
"34487983","[""Canada"", ""United States""]","[""Image""], [""Image"", ""Video""]","[""Image""]","[""Image"", ""Video""]"
"34489404","[""Canada"", ""United States""]","[""transcriptomic""], [""gene embeddings"", ""topic embeddings""]","[""transcriptomic""]","[""gene embeddings"", ""topic embeddings""]"
"34490899","[""Canada"", ""South Korea""]","[""Computed Tomography""], [{""Type"": ""Computed Tomography"", ""Modality"": ""Imaging""}]","[""Computed Tomography""]","[{""Type"": ""Computed Tomography"", ""Modality"": ""Imaging""}]"
"34496940","[""Canada"", ""United States""]","[""Clinical features"", ""Blood markers""], [{""Modality"": ""Clinical""}, {""Modality"": ""Blood markers""}]","[""Clinical features"", ""Blood markers""]","[{""Modality"": ""Clinical""}, {""Modality"": ""Blood markers""}]"
"34500139","[""Canada""]","[""Multi-Parametric MR Images""], [""MRI"", ""Histopathology""]","[""Multi-Parametric MR Images""]","[""MRI"", ""Histopathology""]"
"34501270","[""Canada"", ""Spain""]","[""ICU data""], [""text"", ""ml""]","[""ICU data""]","[""text"", ""ml""]"
"34503526","[""Canada""]","[""3D phase diagrams"", ""Sobolev norm values""], [""3D phase diagrams"", ""Sobolev norm values""]","[""3D phase diagrams"", ""Sobolev norm values""]","[""3D phase diagrams"", ""Sobolev norm values""]"
"34507158","[""Canada"", ""China""]","[""clinical images"", ""dermoscopic images""], [""clinical images"", ""dermoscopic images""]","[""clinical images"", ""dermoscopic images""]","[""clinical images"", ""dermoscopic images""]"
"34508027","[""Canada"", ""Czechia"", ""Germany"", ""Netherlands"", ""Switzerland"", ""Turkey"", ""United States""]",NULL,NULL,"{""text"": null, ""image"": null, ""video"": null}"
"34508095","[""Canada"", ""United States""]","[""Gene expression"", ""Neuropathology""], [{""Name"": ""gene expression""}, {""Name"": ""human phenotypes""}]","[""Gene expression"", ""Neuropathology""]","[{""Name"": ""gene expression""}, {""Name"": ""human phenotypes""}]"
"34515639","[""Canada"", ""Taiwan""]","[""Electronic Health Records""], [""Textual"", ""Demographic""]","[""Electronic Health Records""]","[""Textual"", ""Demographic""]"
"34515942","[""Canada""]","[""2D Video""], [""Video"", ""Motion data""]","[""2D Video""]","[""Video"", ""Motion data""]"
"34516674","[""Canada""]",NULL,NULL,"[""robot pets"", ""dementia care""]"
"34522068","[""Australia"", ""Canada"", ""Saudi Arabia""]","[""Computed Tomography (CT) scan"", ""X-ray images""], [""Image"", ""Sensor data""]","[""Computed Tomography (CT) scan"", ""X-ray images""]","[""Image"", ""Sensor data""]"
"34525993","[""Canada""]",NULL,NULL,"[""Healthcare"", ""Artificial Intelligence""]"
"34526544","[""Australia"", ""Canada"", ""China""]",NULL,NULL,"[""Administrative health data"", ""Medication history"", ""Hospital admissions data""]"
"34526639","[""Canada"", ""Germany"", ""United Kingdom""]","[""Compression ultrasound"", ""Ultrasound videos""], [""ultrasound"", ""video""]","[""Compression ultrasound"", ""Ultrasound videos""]","[""ultrasound"", ""video""]"
"34526654","[""Canada"", ""Germany""]","[""Functional Magnetic Resonance Imaging (fMRI)""], [""fMRI"", ""structural MRI""]","[""Functional Magnetic Resonance Imaging (fMRI)""]","[""fMRI"", ""structural MRI""]"
"34526699","[""Brazil"", ""Canada"", ""Taiwan"", ""Thailand"", ""United Kingdom"", ""United States""]",NULL,NULL,NULL
"34528885","[""Canada"", ""United States""]","[""Mobile"", ""Outpatient""], [null]","[""Mobile"", ""Outpatient""]","[null]"
"34530336","[""Canada""]","[""Computed Tomography""], [""CT scans"", ""MRI scans""]","[""Computed Tomography""]","[""CT scans"", ""MRI scans""]"
"34541337","[""Canada"", ""Turkey""]","[""Electronic medical records"", ""Medications"", ""Billing codes""], [""Electronic medical records"", ""billing codes""]","[""Electronic medical records"", ""Medications"", ""Billing codes""]","[""Electronic medical records"", ""billing codes""]"
"34547916","[""Canada"", ""India""]","[""SERS""], [{""Modality"": ""Raman spectroscopy""}]","[""SERS""]","[{""Modality"": ""Raman spectroscopy""}]"
"34551312","[""Canada""]",NULL,NULL,"[""variant sets""]"
"34555562","[""Canada""]","[""magnetic resonance imaging"", ""brain features""], {""Functional"": null, ""Structural"": true}","[""magnetic resonance imaging"", ""brain features""]","{""Functional"": null, ""Structural"": true}"
"34557674","[""Canada""]","[""Voice""], [""Voice Monitoring""]","[""Voice""]","[""Voice Monitoring""]"
"34561528","[""Canada"", ""Germany"", ""Switzerland""]","[""Chest Radiographs"", ""Brain Computed Tomography (CT) Scans""], [""Image"", ""Computed Tomography (CT)""]","[""Chest Radiographs"", ""Brain Computed Tomography (CT) Scans""]","[""Image"", ""Computed Tomography (CT)""]"
"34563122","[""Canada""]",NULL,NULL,"[{""ForeName"": ""Asmita"", ""Initials"": ""A"", ""LastName"": ""Bhattarai""}, {""ForeName"": ""Gina"", ""Initials"": ""G"", ""LastName"": ""Dimitropoulos""}, {""ForeName"": ""Brian"", ""Initials"": ""B"", ""LastName"": ""Marriott""}, {""ForeName"": ""Jaime"", ""Initials"": ""J"", ""LastName"": ""Paget""}, {""ForeName"": ""Andrew G M"", ""Initials"": ""AGM"", ""LastName"": ""Bulloch""}, {""ForeName"": ""Suzanne C"", ""Initials"": ""SC"", ""LastName"": ""Tough""}, {""ForeName"": ""Scott B"", ""Initials"": ""SB"", ""LastName"": ""Patten""}]"
"34566600","[""Canada"", ""United States""]","[""Resting-State EEG"", ""Structural MRI""], [""Resting-state EEG"", ""Structural MRI""]","[""Resting-State EEG"", ""Structural MRI""]","[""Resting-state EEG"", ""Structural MRI""]"
"34568504","[""Canada"", ""Spain""]","[""Knee images""], [""MRI""]","[""Knee images""]","[""MRI""]"
"34573331","[""Canada"", ""United States""]","[""Whole blood""], [""Genetic""]","[""Whole blood""]","[""Genetic""]"
"34579745","[""Canada""]","[""Gene expression""], [""Gene expression""]","[""Gene expression""]","[""Gene expression""]"
"34581405","[""Canada"", ""Israel"", ""United States""]","[""Clinical"", ""Demographic""], [""clinical and demographic predictor variables"", ""prodromal symptom remission""]","[""Clinical"", ""Demographic""]","[""clinical and demographic predictor variables"", ""prodromal symptom remission""]"
"34582343","[""Canada""]","[""Computed Tomography (CT)""], [""Computed tomography""]","[""Computed Tomography (CT)""]","[""Computed tomography""]"
"34582617","[""Canada""]","[""Simulation""], [""artificially induced NK cells (aiNK-WT)"", ""TME simulations""]","[""Simulation""]","[""artificially induced NK cells (aiNK-WT)"", ""TME simulations""]"
"34587564","[""Canada"", ""China""]","[""Computed Tomography Angiography""], [""CTA images""]","[""Computed Tomography Angiography""]","[""CTA images""]"
"34589701","[""Canada""]","[""Questionnaire"", ""Patient Level Data""], [""Text""]","[""Questionnaire"", ""Patient Level Data""]","[""Text""]"
"34598071","[""Canada"", ""Saudi Arabia""]","[""MRI""], [""MRI""]","[""MRI""]","[""MRI""]"
"34600329","[""Canada""]","[""Color"", ""Depth""], [""Color and depth video""]","[""Color"", ""Depth""]","[""Color and depth video""]"
"34600848","[""Canada"", ""Greece"", ""Italy"", ""Jersey"", ""Spain"", ""Sweden"", ""United States""]",NULL,"[""Text"", ""Numerical""]",NULL
"34602478","[""Canada""]","[""MRI"", ""cerebrospinal fluid amyloid-β""], [""MRI"", ""cognitive test scores""]","[""MRI"", ""cerebrospinal fluid amyloid-β""]","[""MRI"", ""cognitive test scores""]"
"34606915","[""Canada"", ""Germany"", ""Greece"", ""Italy"", ""Korea, Republic of"", ""Spain"", ""Turkey""]",NULL,NULL,"[]"
"34607591","[""Canada"", ""India""]","[""Symptoms""], [""text""]","[""Symptoms""]","[""text""]"
"34609322","[""Australia"", ""Canada"", ""United States""]","[""Capnography""], [""capnography""]","[""Capnography""]","[""capnography""]"
"34637473","[""Canada""]","[""Plantar pressure"", ""Lower limb acceleration""], [""Plantar pressure"", ""Lower limb acceleration""]","[""Plantar pressure"", ""Lower limb acceleration""]","[""Plantar pressure"", ""Lower limb acceleration""]"
"34616282","[""Canada""]","[""Speech"", ""Eye-Movement""], [""Language"", ""Eye movement""]","[""Speech"", ""Eye-Movement""]","[""Language"", ""Eye movement""]"
"34618413","[""Canada"", ""Italy"", ""United States""]","[""Image""], [""Imaging"", ""Pathology""]","[""Image""]","[""Imaging"", ""Pathology""]"
"34619571","[""Canada""]","[""Text"", ""Numerical""], [""Demographic data""]","[""Text"", ""Numerical""]","[""Demographic data""]"
"34620391","[""Canada"", ""Germany"", ""South Africa""]","[""Echocardiographic"", ""Hemodynamic""], [""echocardiography"", ""hemodynamics""]","[""Echocardiographic"", ""Hemodynamic""]","[""echocardiography"", ""hemodynamics""]"
"34621541","[""Canada"", ""Greece"", ""United States""]",NULL,NULL,"[{""modal1"": ""X-ray""}, {""modal2"": ""MRI""}]"
"34622225","[""Canada"", ""Switzerland"", ""United States""]","[""Hematoxylin and eosin (HE)-stained tissues""], [""hematoxylin and eosin (HE)-stained tissues""]","[""Hematoxylin and eosin (HE)-stained tissues""]","[""hematoxylin and eosin (HE)-stained tissues""]"
"34623400","[""Canada""]","[""Neural activity""], [{""EEG"": true}]","[""Neural activity""]","[{""EEG"": true}]"
"34625565","[""Canada"", ""China""]","[""Medical images""], [""medical images""]","[""Medical images""]","[""medical images""]"
"34633514","[""Canada""]","[""fMRI""], [""fMRI""]","[""fMRI""]","[""fMRI""]"
"34634635","[""Canada"", ""India""]","[""Hematoxylin and Eosin (HE)""], [""Histopathological images"", ""Convolutional Neural Network""]","[""Hematoxylin and Eosin (HE)""]","[""Histopathological images"", ""Convolutional Neural Network""]"
"34635910","[""Belgium"", ""Bulgaria"", ""Canada"", ""Cyprus"", ""Denmark"", ""France"", ""Germany"", ""Greece"", ""Hungary"", ""Ireland"", ""Israel"", ""Italy"", ""Malta"", ""Poland"", ""Portugal"", ""Spain"", ""Sweden"", ""Switzerland"", ""United Arab Emirates"", ""United Kingdom"", ""United States""]",NULL,NULL,"[""Gastroenterology"", ""Surgery""]"
"34643554","[""Canada""]","[""audiovisual"", ""robotic""], [""Audio"", ""Visual""]","[""audiovisual"", ""robotic""]","[""Audio"", ""Visual""]"
"34655865","[""Canada"", ""United States""]","[""fMRI""], [""Functional Magnetic Resonance Images (fMRI)""]","[""fMRI""]","[""Functional Magnetic Resonance Images (fMRI)""]"
"34656869","[""Canada"", ""China""]","[""MRI""], [""MRI"", ""Cognitive Score""]","[""MRI""]","[""MRI"", ""Cognitive Score""]"
"34665141","[""Canada""]",NULL,NULL,"[""Web-based Resources"", ""Mobile Apps"", ""Twitter Content""]"
"34665476","[""Canada""]","[""Echocardiographic""], [""Demographic and clinical parameters"", ""Medical imaging""]","[""Echocardiographic""]","[""Demographic and clinical parameters"", ""Medical imaging""]"
"34668699","[""Canada"", ""China"", ""United States""]",NULL,"[""Structural"", ""Biophysical""]",NULL
"34675275","[""Canada"", ""Iran""]","[""Nil""], [""BiLSTM"", ""ML""]","[""Nil""]","[""BiLSTM"", ""ML""]"
"34678267","[""Canada""]",NULL,NULL,NULL
"34679099","[""Canada""]","[""Transcriptome""], [""mRNA sequences"", ""codon arrangement""]","[""Transcriptome""]","[""mRNA sequences"", ""codon arrangement""]"
"34680474","[""Canada"", ""Germany""]","[""MRI"", ""Clinical Variables""], [""MRI""]","[""MRI"", ""Clinical Variables""]","[""MRI""]"
"34686327","[""Canada"", ""China""]","[], [""gene_expression"", ""protein_expression""]","[]","[""gene_expression"", ""protein_expression""]"
"34686914","[""Canada"", ""United States""]","[""kidney function measurements"", ""vesicoureteral reflux grade"", ""renal dysplasia at presentation""], [""Urology"", ""Surgery""]","[""kidney function measurements"", ""vesicoureteral reflux grade"", ""renal dysplasia at presentation""]","[""Urology"", ""Surgery""]"
"34694564","[""Canada""]","[""MRI""], [""MRI""]","[""MRI""]","[""MRI""]"
"34705042","[""Belgium"", ""Canada"", ""United States""]","[""Functional magnetic resonance imaging (fMRI)""], [""Functional Magnetic Resonance Imaging""]","[""Functional magnetic resonance imaging (fMRI)""]","[""Functional Magnetic Resonance Imaging""]"
"34706413","[""Brazil"", ""Canada""]",NULL,NULL,"[""Demographic"", ""Clinical""]"
"34706445","[""Canada"", ""United States""]","[""Electronic medical records""], [""Text""]","[""Electronic medical records""]","[""Text""]"
"34707133","[""Brazil"", ""Canada""]","[""Magnetic Resonance Imaging""], [""brain imaging""]","[""Magnetic Resonance Imaging""]","[""brain imaging""]"
"34707419","[""Canada"", ""China""]",NULL,NULL,NULL
"34710675","[""Canada""]","[""brain regions"", ""MRI""], [""brain MRI""]","[""brain regions"", ""MRI""]","[""brain MRI""]"
"34713065","[""Canada""]","[""Endometriosis Health Profile"", ""Pain Catastrophizing Scale"", ""Depression score"", ""Anxiety score"", ""Abdominal wall pain"", ""Pelvic floor tenderness""], [""text"", ""machine learning""]","[""Endometriosis Health Profile"", ""Pain Catastrophizing Scale"", ""Depression score"", ""Anxiety score"", ""Abdominal wall pain"", ""Pelvic floor tenderness""]","[""text"", ""machine learning""]"
"34713143","[""Canada""]","[""Speech"", ""Audio""], [""audio"", ""speech""]","[""Speech"", ""Audio""]","[""audio"", ""speech""]"
"34715288","[""Canada"", ""United States""]","[""MRI""], [""MRI""]","[""MRI""]","[""MRI""]"
"34716214","[""Canada"", ""Italy"", ""Taiwan"", ""United Kingdom"", ""United States""]",NULL,"[""electronic""]",NULL
"34716400","[""Brazil"", ""Canada"", ""China"", ""United States""]",NULL,NULL,NULL
"34717189","[""Canada""]","[""Histopathology"", ""Whole-slide images""], [""Histology"", ""Whole-slide images""]","[""Histopathology"", ""Whole-slide images""]","[""Histology"", ""Whole-slide images""]"
"34719494","[""Canada"", ""Italy""]","[""Magnetic Resonance Image""], [""MRI""]","[""Magnetic Resonance Image""]","[""MRI""]"
"34719765","[""Austria"", ""Canada"", ""United States""]","[""Medical University"", ""Department of Psychiatry"", ""Knight Alzheimer Disease Research Center""], {""text"": false, ""image"": false, ""video"": false}","[""Medical University"", ""Department of Psychiatry"", ""Knight Alzheimer Disease Research Center""]","{""text"": false, ""image"": false, ""video"": false}"
"34726496","[""Canada"", ""United States""]","[""grid"", ""project""], [{""modality"": ""Text""}, {""modality"": ""Images""}]","[""grid"", ""project""]","[{""modality"": ""Text""}, {""modality"": ""Images""}]"
"34734350","[""Canada""]","[""Vital Signs"", ""ECG Findings"", ""Blood Tests""], [""Text"", ""Image""]","[""Vital Signs"", ""ECG Findings"", ""Blood Tests""]","[""Text"", ""Image""]"
"34735529","[""Canada""]","[""Hematoxylin and eosin"", ""Feulgen-thionin staining""], [""hematoxylin eosin"", ""Feulgen-thionin staining""]","[""Hematoxylin and eosin"", ""Feulgen-thionin staining""]","[""hematoxylin eosin"", ""Feulgen-thionin staining""]"
"34736872","[""Canada""]","[""VCUG""], [""Image analysis"", ""Machine learning""]","[""VCUG""]","[""Image analysis"", ""Machine learning""]"
"34737020","[""Canada""]","[""Text"", ""Numerical""], [""Survey Data"", ""Questionnaire Data""]","[""Text"", ""Numerical""]","[""Survey Data"", ""Questionnaire Data""]"
"34737094","[""Canada"", ""China"", ""Georgia"", ""Taiwan"", ""United States""]",NULL,"[""Serum data""]",NULL
"34738844","[""Canada""]",NULL,"[""Categorical features"", ""Continuous features""]",NULL
"34740952","[""Canada"", ""France"", ""Netherlands"", ""Poland"", ""United States""]",NULL,NULL,"[""radiology""]"
"34743445","[""Canada"", ""United States""]","[""Oncology""], [""Medical images"", ""Clinical data""]","[""Oncology""]","[""Medical images"", ""Clinical data""]"
"34744927","[""Canada"", ""United States""]","[""self-report measures""], [""text"", ""numeric""]","[""self-report measures""]","[""text"", ""numeric""]"
"34747691","[""Canada""]","[""Sleep""], [""sleep study"", ""mandibular positioner""]","[""Sleep""]","[""sleep study"", ""mandibular positioner""]"
"34760216","[""Canada""]","[""peptides"", ""HPLC""], [""Genetic"", ""Chemical""]","[""peptides"", ""HPLC""]","[""Genetic"", ""Chemical""]"
"34761053","[""Canada""]","[""gene delivery"", ""ultrasound""], [""Brain""]","[""gene delivery"", ""ultrasound""]","[""Brain""]"
"34763798","[""Canada"", ""Iran"", ""United States""]","[""Medical Images""], [""images""]","[""Medical Images""]","[""images""]"
"34766125","[""Canada""]",NULL,"[""Gene Expression""]",NULL
"34767577","[""Canada"", ""Israel"", ""United States""]",NULL,"[""Clinical data""]",NULL
"34770281","[""Canada"", ""Slovenia""]","[""Accelerometer"", ""Gyroscope""], [""Accelerometer"", ""Gyroscope""]","[""Accelerometer"", ""Gyroscope""]","[""Accelerometer"", ""Gyroscope""]"
"34770729","[""Canada"", ""United States""]","[""Inertial motion unit (IMU)-based physiological vibration acceleration""], [""Wearable inertial motion unit (IMU)-based physiological vibration acceleration sensor""]","[""Inertial motion unit (IMU)-based physiological vibration acceleration""]","[""Wearable inertial motion unit (IMU)-based physiological vibration acceleration sensor""]"
"34773476","[""Canada"", ""United States""]","[""Clinical"", ""Ultrasound""], [""ultrasound""]","[""Clinical"", ""Ultrasound""]","[""ultrasound""]"
"34773974","[""Canada"", ""United Kingdom"", ""United States""]",NULL,"[""Imaging"", ""Genomics""]",NULL
"34776600","[""Canada""]","[""Smartphone app use""], [""Smartphone app use"", ""Fatigue/boredom""]","[""Smartphone app use""]","[""Smartphone app use"", ""Fatigue/boredom""]"
"34777332","[""Australia"", ""Canada"", ""France"", ""United States""]","[""Single Cell RNA sequencing"", ""Serum antibody titers""], [{""Modality"": ""Single Cell RNA Sequencing""}]","[""Single Cell RNA sequencing"", ""Serum antibody titers""]","[{""Modality"": ""Single Cell RNA Sequencing""}]"
"34782835","[""Canada"", ""China""]","[""Medical Big Data""], [""Neural Network"", ""Simulated Annealing Algorithm""]","[""Medical Big Data""]","[""Neural Network"", ""Simulated Annealing Algorithm""]"
"34786311","[""Canada"", ""India"", ""Russia"", ""Saudi Arabia"", ""Sri Lanka"", ""United Kingdom""]",NULL,NULL,NULL
"34786572","[""Canada""]","[""Metabolomics""], [""NMR spectroscopy""]","[""Metabolomics""]","[""NMR spectroscopy""]"
"34788078","[""Canada"", ""China"", ""France""]","[""Medical""], [""text"", ""image""]","[""Medical""]","[""text"", ""image""]"
"34788342","[""Canada""]","[""Vision""], [""gait"", ""sacrum mediolateral range of motion""]","[""Vision""]","[""gait"", ""sacrum mediolateral range of motion""]"
"34791422","[""Australia"", ""Canada"", ""France"", ""Germany"", ""United Kingdom"", ""United States""]","[""electronic monitoring"", ""electronic health records"", ""smartphones"", ""wearables""], [""Electronic Monitoring"", ""Electronic Health Records"", ""Smartphones""]","[""electronic monitoring"", ""electronic health records"", ""smartphones"", ""wearables""]","[""Electronic Monitoring"", ""Electronic Health Records"", ""Smartphones""]"
"34793435","[""Canada"", ""France"", ""Netherlands"", ""Spain"", ""United Kingdom"", ""United States""]",NULL,NULL,"[""Survey"", ""Questionnaire""]"
"34797702","[""Canada"", ""United States""]","[""Computed Tomography""], [""CT""]","[""Computed Tomography""]","[""CT""]"
"34797972","[""Canada"", ""Netherlands"", ""United Kingdom""]","[""Raman spectroscopy"", ""Deep learning""], [""Hyperspectral Raman images""]","[""Raman spectroscopy"", ""Deep learning""]","[""Hyperspectral Raman images""]"
"34798245","[""Canada"", ""Switzerland"", ""United States""]","[""Accelerometry""], [""acceleration""]","[""Accelerometry""]","[""acceleration""]"
"34799114","[""Canada""]",NULL,"[""birth conditions"", ""offspring longevity""]",NULL
"34802712","[""Canada""]","[""NCCT""], [""Computed Tomography""]","[""NCCT""]","[""Computed Tomography""]"
"34810001","[""Canada""]",NULL,NULL,NULL
"34812362","[""Canada"", ""Iran""]",NULL,NULL,"[""temperature"", ""cough rate"", ""respiratory rate"", ""blood oxygen saturation""]"
"34818936","[""Canada""]","[""structured"", ""unstructured""], [""Structured data"", ""Unstructured text""]","[""structured"", ""unstructured""]","[""Structured data"", ""Unstructured text""]"
"34819128","[""Canada"", ""Iran""]","[""visual field"", ""perimetry""], [""Image"", ""Perimetry""]","[""visual field"", ""perimetry""]","[""Image"", ""Perimetry""]"
"34823246","[""Canada"", ""Germany"", ""Israel"", ""Netherlands"", ""Turkey""]","[""Clinical""], [""Medical Images"", ""ECG""]","[""Clinical""]","[""Medical Images"", ""ECG""]"
"34829370","[""Canada""]","[""PET""], [""Positron Emission Tomography (PET) scans""]","[""PET""]","[""Positron Emission Tomography (PET) scans""]"
"34829396","[""Canada""]","[""Lung Ultrasound""], [""Ultrasound""]","[""Lung Ultrasound""]","[""Ultrasound""]"
"34829456","[""Canada"", ""Cyprus"", ""India"", ""United States""]","[""Ultrasound""], [""Ultrasound""]","[""Ultrasound""]","[""Ultrasound""]"
"34829787","[""Australia"", ""Canada"", ""Spain"", ""Taiwan""]","[""Clinical""], [""Clinical"", ""Psychiatric""]","[""Clinical""]","[""Clinical"", ""Psychiatric""]"
"34837331","[""Canada""]","[""Raman spectroscopy""], [""Spectral bands""]","[""Raman spectroscopy""]","[""Spectral bands""]"
"34837951","[""Canada"", ""United States""]",NULL,NULL,"[""Classification"", ""Regression""]"
"34838066","[""Canada""]","[""Plantar pressure""], [""Plantar pressure data""]","[""Plantar pressure""]","[""Plantar pressure data""]"
"34839147","[""Canada""]","[""T1-weighted magnetic resonance images""], [""MRI"", ""T1-weighted""]","[""T1-weighted magnetic resonance images""]","[""MRI"", ""T1-weighted""]"
"34850171","[""Canada"", ""Germany"", ""Turkey"", ""United Kingdom"", ""United States""]","[""Diagnostic Imaging""], [""MRI"", ""CT""]","[""Diagnostic Imaging""]","[""MRI"", ""CT""]"
"34851292","[""Canada"", ""United States""]","[""Neuroscience""], {}","[""Neuroscience""]","{}"
"34854943","[""Canada"", ""United States""]","[""Optical Coherence Tomography"", ""Coronary Angiography""], [""optical coherence tomography (OCT)"", ""coronary angiography""]","[""Optical Coherence Tomography"", ""Coronary Angiography""]","[""optical coherence tomography (OCT)"", ""coronary angiography""]"
"34856391","[""Canada"", ""China"", ""Georgia""]","[""Web""], [""text""]","[""Web""]","[""text""]"
"34858824","[""Canada"", ""Italy"", ""United Kingdom""]","[""Otolaryngology-Head and Neck Surgery""], {""modality1"": null, ""modality2"": null}","[""Otolaryngology-Head and Neck Surgery""]","{""modality1"": null, ""modality2"": null}"
"34862541","[""Canada"", ""Germany"", ""Slovenia"", ""Switzerland""]","[""Neuroimaging""], [""MRI"", ""CT""]","[""Neuroimaging""]","[""MRI"", ""CT""]"
"34863649","[""Canada"", ""Netherlands"", ""New Zealand"", ""Singapore"", ""Taiwan"", ""United States""]","[""ECG"", ""Imaging""], [""echocardiogram"", ""ECG""]","[""ECG"", ""Imaging""]","[""echocardiogram"", ""ECG""]"
"34864143","[""Canada""]","[""Text""], [""Structured Numeric Data"", ""Categorical Data"", ""Unstructured Text Data""]","[""Text""]","[""Structured Numeric Data"", ""Categorical Data"", ""Unstructured Text Data""]"
"34864679","[""Canada"", ""Iran"", ""United States""]",NULL,"[""Demographic"", ""Genetic"", ""Neuropsychiatric"", ""Neuroimaging""]",NULL
"34867950","[""Canada"", ""Germany""]","[""SOMAscan platform""], [""Proteomics""]","[""SOMAscan platform""]","[""Proteomics""]"
"34869483","[""Canada"", ""Iran"", ""Spain""]","[""symptoms"", ""blood biomarkers"", ""chest CT scan""], [""symptoms and signs"", ""blood biomarkers""]","[""symptoms"", ""blood biomarkers"", ""chest CT scan""]","[""symptoms and signs"", ""blood biomarkers""]"
"34871837","[""Canada"", ""China""]","[""Electrocardiogram""], [""ECG images""]","[""Electrocardiogram""]","[""ECG images""]"
"34871982","[""Canada""]","[""Radiology reports"", ""ICD-10 codes""], [""Computed Tomography (CT)"", ""Extremity compression ultrasound (US)"", ""Nuclear ventilation-perfusion (VQ) scans""]","[""Radiology reports"", ""ICD-10 codes""]","[""Computed Tomography (CT)"", ""Extremity compression ultrasound (US)"", ""Nuclear ventilation-perfusion (VQ) scans""]"
"34878526","[""Australia"", ""Canada"", ""United Kingdom"", ""United States""]",NULL,NULL,"[""interview schedule"", ""machine learning algorithm""]"
"34880311","[""Canada"", ""Iraq""]","[""Image""], [""Image""]","[""Image""]","[""Image""]"
"34880856","[""Canada"", ""Sri Lanka"", ""Vietnam""]",NULL,NULL,"[""Biological""]"
"34887449","[""Canada"", ""China""]","[""RNA""], [""retina"", ""heart""]","[""RNA""]","[""retina"", ""heart""]"
"34887739","[""Canada""]","[""EEG"", ""EMG""], [""EEG"", ""EMG""]","[""EEG"", ""EMG""]","[""EEG"", ""EMG""]"
"34889978","[""Belgium"", ""Canada"", ""France"", ""Germany"", ""Italy"", ""Sweden"", ""United Kingdom""]","[""Medical""], [{""ForeName"": ""Simone"", ""Initials"": ""S"", ""LastName"": ""Furini""}]","[""Medical""]","[{""ForeName"": ""Simone"", ""Initials"": ""S"", ""LastName"": ""Furini""}]"
"34893776","[""Canada""]","[""chest radiographs""], [""chest X-ray"", ""medical imaging""]","[""chest radiographs""]","[""chest X-ray"", ""medical imaging""]"
"34898324","[""Canada""]",NULL,NULL,NULL
"34898544","[""Canada"", ""United Kingdom""]","[""Digital Pathology Imaging""], [""Image"", ""Text""]","[""Digital Pathology Imaging""]","[""Image"", ""Text""]"
"34899212","[""Canada"", ""Greece""]","[""EEG""], [""EEG""]","[""EEG""]","[""EEG""]"
"34899827","[""Canada"", ""Iran"", ""Sweden"", ""Turkey""]",NULL,"[""miRNA""]",NULL
"34909565","[""Canada""]",NULL,NULL,"[""Neuroimaging""]"
"34929344","[""Canada"", ""India""]","[""Functional magnetic resonance imaging""], Imaging, machine learning","[""Functional magnetic resonance imaging""]","Imaging, machine learning"
"34916084","[""Canada"", ""Italy"", ""United Kingdom""]",NULL,NULL,"[""Image"", ""Other""]"
"34917694","[""Canada"", ""Pakistan""]","[""Chest Radiograph""], [""Chest radiograph""]","[""Chest Radiograph""]","[""Chest radiograph""]"
"34919072","[""Canada""]","[""Open Magnetic Resonance Images"", ""Regions of Interest (ROIs)""], [""Spinal Muscles""]","[""Open Magnetic Resonance Images"", ""Regions of Interest (ROIs)""]","[""Spinal Muscles""]"
"34920543","[""Brazil"", ""Canada"", ""China"", ""Korea, Republic of"", ""Kuwait"", ""Mexico"", ""Philippines"", ""Saudi Arabia"", ""Sweden"", ""Taiwan"", ""United States""]",NULL,NULL,"[""text"", ""image""]"
"34921162","[""Argentina"", ""Canada"", ""Germany"", ""United States""]","[""Electrocardiogram""], [""Maternal abdominal electrocardiograms"", ""Fetal ECG""]","[""Electrocardiogram""]","[""Maternal abdominal electrocardiograms"", ""Fetal ECG""]"
"34921746","[""Canada"", ""Germany""]","[""Functional MRI"", ""Neurofeedback""], [""fMRI"", ""EEG""]","[""Functional MRI"", ""Neurofeedback""]","[""fMRI"", ""EEG""]"
"34923280","[""Canada""]","[""Audio""], [""audio"", ""spectrograms""]","[""Audio""]","[""audio"", ""spectrograms""]"
"34927450","[""Canada""]","[""Magnetic resonance imaging""], [""Imaging""]","[""Magnetic resonance imaging""]","[""Imaging""]"
"34936195","[""Canada""]","[""Dosimetry""], [""Dosimetry"", ""Radiation therapy""]","[""Dosimetry""]","[""Dosimetry"", ""Radiation therapy""]"
"34936894","[""Canada""]","[""Administrative data""], [""administrative""]","[""Administrative data""]","[""administrative""]"
"34937750","[""Canada"", ""France"", ""Germany"", ""Switzerland"", ""United States""]","[""upper limb Fugl-Meyer (FM) scores""], [""upper limb Fugl-Meyer (FM) scores""]","[""upper limb Fugl-Meyer (FM) scores""]","[""upper limb Fugl-Meyer (FM) scores""]"
"34938605","[""Canada"", ""China""]","[""DNA methylation""], [""DNA methylation"", ""machine learning""]","[""DNA methylation""]","[""DNA methylation"", ""machine learning""]"
"34949699","[""Canada"", ""Germany""]","[""CT""], [""computed tomography""]","[""CT""]","[""computed tomography""]"
"34950616","[""Canada""]",NULL,"[""NICU patient data""]",NULL
"34953074","[""Canada"", ""France"", ""Switzerland"", ""United States""]","[""HR-pQCT""], [""Computed Tomography""]","[""HR-pQCT""]","[""Computed Tomography""]"
"34953160","[""Canada""]",NULL,NULL,NULL
"34954633","[""Canada""]","[""brain gene expression microarray data""], [""microarray"", ""machine learning""]","[""brain gene expression microarray data""]","[""microarray"", ""machine learning""]"
"34957914","[""Canada"", ""Germany""]","[""Medical Imaging"", ""Clinical Outcomes""], [""Text""]","[""Medical Imaging"", ""Clinical Outcomes""]","[""Text""]"
"35101728","[""Canada"", ""United States""]","[""multi-modal""], [""image"", ""multi-modal""]","[""multi-modal""]","[""image"", ""multi-modal""]"
"34966902","[""Canada""]","[""EEG""], [""EEG signals""]","[""EEG""]","[""EEG signals""]"
"34967848","[""Australia"", ""Azerbaijan"", ""Bangladesh"", ""Benin"", ""Botswana"", ""Brazil"", ""Brunei"", ""Bulgaria"", ""Canada"", ""Chile"", ""China"", ""Colombia"", ""Croatia"", ""Denmark"", ""Egypt"", ""Estonia"", ""Ethiopia"", ""Faroe Islands"", ""Finland"", ""France"", ""Gambia"", ""Georgia"", ""Germany"", ""Ghana"", ""Greece"", ""Guatemala"", ""Guyana"", ""Hong Kong"", ""Hungary"", ""India"", ""Indonesia"", ""Iran"", ""Iraq"", ""Italy"", ""Japan"", ""Jordan"", ""Kazakhstan"", ""Kenya"", ""Kuwait"", ""Libya"", ""Malaysia"", ""Mexico"", ""Micronesia"", ""Mongolia"", ""Morocco"", ""Nepal"", ""Netherlands"", ""New Zealand"", ""Nigeria"", ""Norway"", ""Oman"", ""Pakistan"", ""Panama"", ""Peru"", ""Philippines"", ""Poland"", ""Portugal"", ""Qatar"", ""Romania"", ""Russia"", ""Saudi Arabia"", ""Serbia"", ""South Africa"", ""South Korea"", ""Spain"", ""Sri Lanka"", ""Sweden"", ""Switzerland"", ""Taiwan"", ""Thailand"", ""Tunisia"", ""Turkey"", ""Uganda"", ""Ukraine"", ""United Arab Emirates"", ""United Kingdom"", ""United States"", ""Uzbekistan"", ""Vietnam"", ""Yemen""]",NULL,NULL,"[""text"", ""image""]"
"34971918","[""Canada""]",NULL,NULL,"[""Machine Learning""]"
"34972694","[""Canada""]",NULL,NULL,"[""bedside care""]"
"34977072","[""Canada""]",NULL,NULL,NULL
"34978635","[""Canada""]","[""Ultrasound""], [""Ultrasound""]","[""Ultrasound""]","[""Ultrasound""]"
"34979435","[""Canada"", ""United States""]","[""Histopathology""], Images","[""Histopathology""]","Images"
"34983017","[""Canada""]","[""skin image""], [""images""]","[""skin image""]","[""images""]"
"35033305","[""Canada""]","[""Ultrasound""], [""Ultrasound""]","[""Ultrasound""]","[""Ultrasound""]"
"34992127","[""Canada"", ""Korea, Republic of"", ""Turkey""]","[""MRI""], [""MRI"", ""T1-weighted imaging""]","[""MRI""]","[""MRI"", ""T1-weighted imaging""]"
"34996927","[""Canada""]","[""RNA-Seq""], [""gene expression patterns""]","[""RNA-Seq""]","[""gene expression patterns""]"
"34997373","[""Brazil"", ""Canada"", ""United States""]","[""MRI"", ""ESR"", ""CRP""], [""MRI""]","[""MRI"", ""ESR"", ""CRP""]","[""MRI""]"
"35002915","[""Canada"", ""Italy"", ""Spain"", ""United States""]","[""Video""], [""Video"", ""Inertial measurement units""]","[""Video""]","[""Video"", ""Inertial measurement units""]"
"35006495","[""Canada"", ""United States""]","[""Chest radiographs""], [""chest radiographs""]","[""Chest radiographs""]","[""chest radiographs""]"
"35007286","[""Canada""]","[""English Longitudinal Study of Aging (ELSA) data""], [""health variables"", ""demographic, lifestyle, and medical background information""]","[""English Longitudinal Study of Aging (ELSA) data""]","[""health variables"", ""demographic, lifestyle, and medical background information""]"
"35007352","[""Canada"", ""United States""]","[""Hematoxylin and eosin""], [{""Modality"": ""Whole Slide Images (WSIs)""}, {""Modality"": ""Hematoxylin and Eosin-stained images""}]","[""Hematoxylin and eosin""]","[{""Modality"": ""Whole Slide Images (WSIs)""}, {""Modality"": ""Hematoxylin and Eosin-stained images""}]"
"35009639","[""Austria"", ""Canada"", ""Germany"", ""Italy""]","[""EEG""], [{""Modality"": ""EEG"", ""Description"": ""Electroencephalography""}, {""Modality"": ""VR"", ""Description"": ""Virtual reality""}]","[""EEG""]","[{""Modality"": ""EEG"", ""Description"": ""Electroencephalography""}, {""Modality"": ""VR"", ""Description"": ""Virtual reality""}]"
"35013227","[""Canada"", ""Hungary""]","[""Proteomics""], [""Proteomics""]","[""Proteomics""]","[""Proteomics""]"
"35017538","[""Canada"", ""United Kingdom"", ""United States""]",NULL,NULL,"[{""modality1"": ""nuclear and mitochondrial somatic mutational landscape""}, {""modality2"": ""tumour-types""}]"
"35018791","[""Canada""]","[""Brain Connectivity"", ""Structural and Functional Connectomes""], [""diffusion weighted"", ""resting state functional magnetic resonance imaging""]","[""Brain Connectivity"", ""Structural and Functional Connectomes""]","[""diffusion weighted"", ""resting state functional magnetic resonance imaging""]"
"35019849","[""Canada""]","[""Text""], [{""ModalityType"": ""Text""}]","[""Text""]","[{""ModalityType"": ""Text""}]"
"35021305","[""Canada"", ""United States""]","[""Clinical"", ""Hormonal"", ""Semen Analysis""], [""hormonal"", ""clinical"", ""semen analysis""]","[""Clinical"", ""Hormonal"", ""Semen Analysis""]","[""hormonal"", ""clinical"", ""semen analysis""]"
"35025073","[""Canada"", ""United States""]","[""Computed Tomography""], [""Image""]","[""Computed Tomography""]","[""Image""]"
"35025756","[""Canada"", ""United States""]","[""Email"", ""Internet""], [""self-reported data""]","[""Email"", ""Internet""]","[""self-reported data""]"
"35026177","[""Canada"", ""France"", ""Ireland"", ""Italy"", ""United States""]","[""Hospital Medicine"", ""Pulmonary"", ""Critical Care""], []","[""Hospital Medicine"", ""Pulmonary"", ""Critical Care""]","[]"
"35027333","[""Australia"", ""Canada"", ""Colombia"", ""Netherlands""]","[""RNA-sequencing"", ""Proteomics""], [{""Modality"": ""Clinical Data""}]","[""RNA-sequencing"", ""Proteomics""]","[{""Modality"": ""Clinical Data""}]"
"35027755","[""Canada"", ""Finland"", ""Georgia"", ""Netherlands"", ""Sweden"", ""United States""]","[""Image""], [{""count"": null, ""modality"": ""image""}, {""count"": null, ""modality"": ""text""}]","[""Image""]","[{""count"": null, ""modality"": ""image""}, {""count"": null, ""modality"": ""text""}]"
"35030208","[""Canada"", ""United States""]","[], [""Text"", ""Questionnaire""]","[]","[""Text"", ""Questionnaire""]"
"35034778","[""Canada""]","[""Computer Science"", ""Pediatrics"", ""Pathology and Laboratory Medicine"", ""Clinical Neurological Sciences"", ""Physiology and Pharmacology""], [""text"", ""image""]","[""Computer Science"", ""Pediatrics"", ""Pathology and Laboratory Medicine"", ""Clinical Neurological Sciences"", ""Physiology and Pharmacology""]","[""text"", ""image""]"
"35039069","[""Canada"", ""Italy"", ""Netherlands"", ""United States""]",NULL,NULL,"[""Text"", ""Survival Data""]"
"35048041","[""Canada""]","[""oral""], [""visual analytics"", ""clinical presentation""]","[""oral""]","[""visual analytics"", ""clinical presentation""]"
"35048782","[""Canada"", ""Turkey""]",NULL,NULL,NULL
"35054194","[""Canada""]","[""CXR images""], [""Images""]","[""CXR images""]","[""Images""]"
"35056931","[""Canada"", ""Iran"", ""United States""]","[""Computational Modeling"", ""Finite Element Method""], [""temperature-sensitive liposomes"", ""magnetic hyperthermia""]","[""Computational Modeling"", ""Finite Element Method""]","[""temperature-sensitive liposomes"", ""magnetic hyperthermia""]"
"35058354","[""Canada"", ""United States""]","[""genomics"", ""histology""], [""mRNA measurements""]","[""genomics"", ""histology""]","[""mRNA measurements""]"
"35058431","[""Canada"", ""Japan""]","[""structural brain MRI findings""], [""MRI"", ""T1-weighted images""]","[""structural brain MRI findings""]","[""MRI"", ""T1-weighted images""]"
"35062167","[""Canada""]",NULL,NULL,NULL
"35063339","[""Canada"", ""Spain""]","[""Echocardiographic"", ""Doppler velocity"", ""Age"", ""Body surface area""], [""Doppler velocity traces"", ""Regional longitudinal strain""]","[""Echocardiographic"", ""Doppler velocity"", ""Age"", ""Body surface area""]","[""Doppler velocity traces"", ""Regional longitudinal strain""]"
"35063866","[""Canada"", ""France""]","[""speech""], {""speech"": true, ""eye_movement_sleep_behavior"": true}","[""speech""]","{""speech"": true, ""eye_movement_sleep_behavior"": true}"
"35066631","[""Canada"", ""France""]","[""CT""], {""CT images"": true, ""Histopathology"": true}","[""CT""]","{""CT images"": true, ""Histopathology"": true}"
"35072145","[""Canada""]",NULL,NULL,"[]"
"35074702","[""Canada""]",NULL,"[""Functional MRI""]",NULL
"35099942","[""Canada"", ""China"", ""United Kingdom"", ""United States""]",NULL,"[""Serum Metabolic Fingerprints""]",NULL
"35077592","[""Canada"", ""France"", ""United States""]","[""laboratory"", ""echocardiographic""], [{""type"": ""Physiological""}]","[""laboratory"", ""echocardiographic""]","[{""type"": ""Physiological""}]"
"35084341","[""Canada""]","[""Web""], [""text""]","[""Web""]","[""text""]"
"35085294","[""Canada""]","[""Quantitative ultrasound"", ""Elastography""], [""ultrasound"", ""elastography""]","[""Quantitative ultrasound"", ""Elastography""]","[""ultrasound"", ""elastography""]"
"35087180","[""Canada""]","[""Speech"", ""Handwriting Recognition"", ""Natural Language Processing""], [""Speech"", ""Handwriting recognition""]","[""Speech"", ""Handwriting Recognition"", ""Natural Language Processing""]","[""Speech"", ""Handwriting recognition""]"
"35091423","[""Canada""]",NULL,NULL,"[""text"", null]"
"35098027","[""Canada"", ""United States""]",NULL,NULL,NULL
"35099382","[""Canada""]","[""Clinicopathological""], [""SHapley Additive exPlanations"", ""Receiver-operating-characteristic curve""]","[""Clinicopathological""]","[""SHapley Additive exPlanations"", ""Receiver-operating-characteristic curve""]"
"35102489","[""Canada""]","[""Electrovestibulography (EVestG) signals""], [""EVestG signals""]","[""Electrovestibulography (EVestG) signals""]","[""EVestG signals""]"
"35102519","[""Canada"", ""China""]",NULL,NULL,"[""Text""]"
"35111593","[""Canada"", ""Iran"", ""United States""]","[""Imaging"", ""Dopamine transposer - single photon emission computed tomography (DAT SPECT) images""], [{""text"": ""SPECT-based radiomics features"", ""category"": ""modality""}, {""text"": ""MRI images"", ""category"": ""modality""}]","[""Imaging"", ""Dopamine transposer - single photon emission computed tomography (DAT SPECT) images""]","[{""text"": ""SPECT-based radiomics features"", ""category"": ""modality""}, {""text"": ""MRI images"", ""category"": ""modality""}]"
"35113677","[""Canada""]","[""Administrative data"", ""Dietary data""], [""Dietary data"", ""Socioeconomic, demographic, psychological, and behavioural variables""]","[""Administrative data"", ""Dietary data""]","[""Dietary data"", ""Socioeconomic, demographic, psychological, and behavioural variables""]"
"35118777","[""Belgium"", ""Canada"", ""Germany"", ""Italy"", ""Netherlands"", ""Portugal"", ""Spain"", ""Sweden"", ""Switzerland"", ""United Kingdom""]",NULL,NULL,NULL
"35120173","[""Canada"", ""United States""]","[""Ultrasonography""], [""Ultrasonography""]","[""Ultrasonography""]","[""Ultrasonography""]"
"35121948","[""Canada"", ""Germany"", ""Netherlands"", ""United States""]","[""Electronic Health Records (EHRs)"", ""medical notes""], [""health data"", ""medical notes""]","[""Electronic Health Records (EHRs)"", ""medical notes""]","[""health data"", ""medical notes""]"
"35122077","[""Canada""]",NULL,NULL,"[""Image"", ""Text""]"
"35126902","[""Canada"", ""China""]","[""Scalp EEG""], [""scalp EEG""]","[""Scalp EEG""]","[""scalp EEG""]"
"35127487","[""Canada""]",NULL,NULL,"[""Digital twin technology""]"
"35135685","[""Canada""]","[""EMR""], [""Natural Language Processing"", ""Value-based care""]","[""EMR""]","[""Natural Language Processing"", ""Value-based care""]"
"35136125","[""Belgium"", ""Canada"", ""Hungary"", ""United Kingdom"", ""United States""]","[""Gas chromatography"", ""Mass spectrometry""], [""Volatile Organic Compounds (VOCs)"", ""Gas Chromatography"", ""Time-of-Flight Mass Spectrometry""]","[""Gas chromatography"", ""Mass spectrometry""]","[""Volatile Organic Compounds (VOCs)"", ""Gas Chromatography"", ""Time-of-Flight Mass Spectrometry""]"
"35137490","[""Canada"", ""Ireland"", ""United States""]","[""Radiographs""], Radiographs","[""Radiographs""]","Radiographs"
"35138012","[""Canada"", ""Germany""]","[""Structural Magnetic Resonance Imaging"", ""Angiography""], [""magnetic resonance imaging"", ""angiography""]","[""Structural Magnetic Resonance Imaging"", ""Angiography""]","[""magnetic resonance imaging"", ""angiography""]"
"35141430","[""Canada"", ""United States""]","[""Health data"", ""Vaccine coverage""], [""Text""]","[""Health data"", ""Vaccine coverage""]","[""Text""]"
"35148170","[""Canada""]","[""Clinical"", ""Demographic""], [""breast or axilla""]","[""Clinical"", ""Demographic""]","[""breast or axilla""]"
"35150255","[""Canada"", ""China""]","[""Sequence"", ""Structural""], [""sequence features"", ""structural features""]","[""Sequence"", ""Structural""]","[""sequence features"", ""structural features""]"
"35157713","[""Canada"", ""United States""]","[""Swept-source OCT"", ""OCT-angiography""], [""Optical Coherence Tomography"", ""Angiography""]","[""Swept-source OCT"", ""OCT-angiography""]","[""Optical Coherence Tomography"", ""Angiography""]"
"35168594","[""Canada"", ""Norway"", ""United Kingdom"", ""United States""]","[""Text""], [""text""]","[""Text""]","[""text""]"
"35169170","[""Canada"", ""France""]","[""Plethysmogram tracings (PPG)""], [""Plethysmogram tracings""]","[""Plethysmogram tracings (PPG)""]","[""Plethysmogram tracings""]"
"35171745","[""Canada"", ""Spain""]","[""Local field potentials"", ""Single-neuron recordings""], [""LFPs"", ""spikes""]","[""Local field potentials"", ""Single-neuron recordings""]","[""LFPs"", ""spikes""]"
"35172791","[""Canada"", ""United States""]",NULL,"[""Healthcare Utilization""]",NULL
"35174358","[""Canada""]","[""Facial expressions""], [""facial expression""]","[""Facial expressions""]","[""facial expression""]"
"35177717","[""Canada""]","[""Endoscopic still images""], [""Image""]","[""Endoscopic still images""]","[""Image""]"
"35178000","[""Canada""]","[""Text"", ""Audio/Visual""], [""Text"", ""Speech""]","[""Text"", ""Audio/Visual""]","[""Text"", ""Speech""]"
"35179046","[""Canada"", ""United Kingdom"", ""United States""]",NULL,NULL,NULL
"35180634","[""Canada"", ""China""]","[""Functional Connectivity"", ""Resting-State""], [""fMRI""]","[""Functional Connectivity"", ""Resting-State""]","[""fMRI""]"
"35184845","[""Canada"", ""United States""]","[""Image""], [""Images""]","[""Image""]","[""Images""]"
"35193167","[""Canada"", ""China"", ""United Kingdom"", ""United States""]","["" facial expressions""], [""face"", ""emotion""]","["" facial expressions""]","[""face"", ""emotion""]"
"35193790","[""Canada""]","[""Audio""], [""Audio""]","[""Audio""]","[""Audio""]"
"35194075","[""Canada"", ""United States""]","[""CT scans""], [""CT""]","[""CT scans""]","[""CT""]"
"35200318","[""Canada""]","[""sEMG""], [""surface Electromyography (sEMG)"", ""prosthetic hand control""]","[""sEMG""]","[""surface Electromyography (sEMG)"", ""prosthetic hand control""]"
"35202044","[""Canada""]","[""T1-weighted anatomical MRI""], [""T1-weighted anatomical MRI""]","[""T1-weighted anatomical MRI""]","[""T1-weighted anatomical MRI""]"
"35207705","[""Canada"", ""France""]",NULL,"[""Age"", ""Body mass index"", ""Smoking habits"", ""Systemic pathologies"", ""Diet"", ""Alcohol"", ""Educational level"", ""Hormonal status""]",NULL
"35210316","[""Canada"", ""Germany"", ""United States""]",NULL,NULL,"[""Imaging"", ""Machine Learning""]"
"35210331","[""Australia"", ""Canada"", ""France"", ""Germany"", ""Jersey"", ""Netherlands"", ""Switzerland"", ""United Kingdom"", ""United States""]","[""Neuroradiology"", ""Radiology"", ""Neurology"", ""Medicine""], [""Neuroradiology"", ""Radiology"", ""Neurology""]","[""Neuroradiology"", ""Radiology"", ""Neurology"", ""Medicine""]","[""Neuroradiology"", ""Radiology"", ""Neurology""]"
"35210482","[""Canada""]","[""Volumetric data"", ""Structured patient clinical data""], [""medical imaging data"", ""structured patient clinical data""]","[""Volumetric data"", ""Structured patient clinical data""]","[""medical imaging data"", ""structured patient clinical data""]"
"35214095","[""Canada"", ""United States""]","[""Fluid Flow"", ""Solute Transport""], [""Text"", ""Abstract""]","[""Fluid Flow"", ""Solute Transport""]","[""Text"", ""Abstract""]"
"35216753","[""Canada""]","[""Text"", ""Image""], [""Image"", ""Text""]","[""Text"", ""Image""]","[""Image"", ""Text""]"
"35216930","[""Canada"", ""Poland"", ""United Kingdom"", ""United States""]",NULL,NULL,"[""CT""]"
"35225756","[""Australia"", ""Austria"", ""Canada"", ""France"", ""Germany"", ""Italy"", ""Japan"", ""Poland"", ""Romania"", ""Spain"", ""Sweden"", ""Switzerland"", ""Taiwan"", ""Turkey"", ""United States""]",NULL,NULL,"[null, null, null, null, null, null]"
"35230690","[""Canada""]","[""Genomic""], [""genomic interactions"", ""genes"", ""proteins"", ""pathways""]","[""Genomic""]","[""genomic interactions"", ""genes"", ""proteins"", ""pathways""]"
"35231927","[""Canada"", ""France"", ""United States""]","[""Functional MRI""], [""fMRI""]","[""Functional MRI""]","[""fMRI""]"
"35240789","[""Australia"", ""Canada"", ""India"", ""Iran"", ""Turkey"", ""United States""]","[""Cardiac MRI"", ""Other imaging factors""], [""Images""]","[""Cardiac MRI"", ""Other imaging factors""]","[""Images""]"
"35243952","[""Canada"", ""Jersey""]","[""Health insurance claims""], [""claims"", ""demographics""]","[""Health insurance claims""]","[""claims"", ""demographics""]"
"35244484","[""Canada""]","[""Functional Magnetic Resonance Imaging""], [""fMRI""]","[""Functional Magnetic Resonance Imaging""]","[""fMRI""]"
"35245898","[""Canada"", ""France""]","[""Neuroimaging""], [""image"", ""network""]","[""Neuroimaging""]","[""image"", ""network""]"
"35247215","[""Canada""]","[""survey""], [""surveys"", ""inventories""]","[""survey""]","[""surveys"", ""inventories""]"
"35251123","[""Canada"", ""United Kingdom""]","[""Microbiome""], [""taxonomic features"", ""batch effect correction""]","[""Microbiome""]","[""taxonomic features"", ""batch effect correction""]"
"35264564","[""Brazil"", ""Canada"", ""Germany"", ""Israel"", ""Norway"", ""Russia"", ""Slovakia"", ""United States""]",NULL,NULL,NULL
"35265932","[""Canada""]","[""Invasive angiography""], [""Invasive angiography"", ""Noninvasive diagnostic modalities""]","[""Invasive angiography""]","[""Invasive angiography"", ""Noninvasive diagnostic modalities""]"
"35266984","[""Belgium"", ""Canada"", ""United Kingdom""]","[""Serum samples"", ""Liquid chromatography coupled to high-resolution mass spectrometry""], [""Bioassay"", ""Liquid chromatography coupled to high-resolution mass spectrometry""]","[""Serum samples"", ""Liquid chromatography coupled to high-resolution mass spectrometry""]","[""Bioassay"", ""Liquid chromatography coupled to high-resolution mass spectrometry""]"
"35267555","[""Canada""]","[""Medical images"", ""Quantitative ultrasound""], [""Medical Imaging""]","[""Medical images"", ""Quantitative ultrasound""]","[""Medical Imaging""]"
"35269470","[""Brazil"", ""Canada"", ""Germany"", ""Slovakia"", ""United States""]","[""Research"", ""Medical""], [""text"", ""image""]","[""Research"", ""Medical""]","[""text"", ""image""]"
"35271077","[""Canada"", ""Pakistan""]","[""Brain signal"", ""Motor cortex""], [{""Modality"": ""fNIRS""}]","[""Brain signal"", ""Motor cortex""]","[{""Modality"": ""fNIRS""}]"
"35273914","[""Canada"", ""China"", ""Japan"", ""Spain"", ""Sweden""]",NULL,NULL,"[{""ForeName"": ""Ying"", ""Initials"": ""Y"", ""LastName"": ""He""}, {""ForeName"": ""Ting"", ""Initials"": ""T"", ""LastName"": ""Bian""}]"
"35279142","[""Canada""]",NULL,NULL,NULL
"35287090","[""Canada"", ""Ireland"", ""Netherlands""]","[""T1-weighted MRI"", ""Diffusion MRI""], [""MRI"", ""Survey""]","[""T1-weighted MRI"", ""Diffusion MRI""]","[""MRI"", ""Survey""]"
"35293872","[""Canada"", ""United States""]","[""TEXT""], [""text data""]","[""TEXT""]","[""text data""]"
"35294251","[""Canada"", ""Germany"", ""Singapore"", ""United States""]","[""brain functional magnetic resonance imaging"", ""behavioral""], [""fMRI""]","[""brain functional magnetic resonance imaging"", ""behavioral""]","[""fMRI""]"
"35294539","[""Canada""]","[""Electronic Health Record (EHR)""], [""text"", ""image""]","[""Electronic Health Record (EHR)""]","[""text"", ""image""]"
"35296767","[""Canada""]",NULL,"[""Publicly available dataset""]",NULL
"35297114","[""Canada"", ""Switzerland"", ""Turkey"", ""United States""]","[""7 T MRI""], [""7 T MRI"", ""MP2RAGE"", ""T2 *-weighted GRE""]","[""7 T MRI""]","[""7 T MRI"", ""MP2RAGE"", ""T2 *-weighted GRE""]"
"35301516","[""Canada"", ""China""]","[""Structural magnetic resonance imaging""], [""Grey Matter Images""]","[""Structural magnetic resonance imaging""]","[""Grey Matter Images""]"
"35301676","[""Canada"", ""Iran""]","[""Single-Lead ECG""], [""ECG""]","[""Single-Lead ECG""]","[""ECG""]"
"35305545","[""Canada"", ""Germany"", ""Spain""]","[""MRI""], [""Image""]","[""MRI""]","[""Image""]"
"35305867","[""Canada"", ""United States""]","[""Genomic""], [""Text""]","[""Genomic""]","[""Text""]"
"35306044","[""Canada""]","[""ECG"", ""EDA"", ""EGG"", ""Respiration"", ""Body temperature"", ""Skin temperature"", ""Body movements""], [""ECG"", ""EDA"", ""EGG"", ""respiration"", ""body and skin temperature"", ""body movements""]","[""ECG"", ""EDA"", ""EGG"", ""Respiration"", ""Body temperature"", ""Skin temperature"", ""Body movements""]","[""ECG"", ""EDA"", ""EGG"", ""respiration"", ""body and skin temperature"", ""body movements""]"
"35311178","[""Australia"", ""Canada"", ""Switzerland"", ""United Kingdom"", ""United States""]","[""Clinical"", ""Genomic""], [""Text""]","[""Clinical"", ""Genomic""]","[""Text""]"
"35314708","[""Canada""]",NULL,NULL,"Text"
"35317793","[""Canada""]",NULL,NULL,"[""Physician Claims"", ""Hospital Discharge""]"
"35321230","[""Canada"", ""United States""]","[""functional magnetic resonance imaging"", ""diffusion MRI""], [""fmri"", ""diffusion MRI""]","[""functional magnetic resonance imaging"", ""diffusion MRI""]","[""fmri"", ""diffusion MRI""]"
"35321918","[""Canada"", ""United States""]",NULL,NULL,"[{""Modality_used"": ""Imaging"", ""Type_of_Modalitiy"": ""CT Scan""}, {""Modality_used"": ""Physiological signals"", ""Type_of_Modalitiy"": ""ECG""}]"
"35322668","[""Australia"", ""Canada"", ""Turkey"", ""United States""]","[""Text""], [{""value"": ""text""}, {""value"": ""administrative data""}]","[""Text""]","[{""value"": ""text""}, {""value"": ""administrative data""}]"
"35329938","[""Canada"", ""China""]","[""fMRI""], [""Functional Connectivity""]","[""fMRI""]","[""Functional Connectivity""]"
"35334336","[""Canada""]","[""EEG""], [""EEG""]","[""EEG""]","[""EEG""]"
"35336541","[""Canada""]","[""Kinematic data""], [""Kinematic_data"", ""Motion_capture_system""]","[""Kinematic data""]","[""Kinematic_data"", ""Motion_capture_system""]"
"35341955","[""Canada""]","[""Echocardiographic"", ""Invasive""], [""echocardiography"", ""invasive pressure measurements""]","[""Echocardiographic"", ""Invasive""]","[""echocardiography"", ""invasive pressure measurements""]"
"35354470","[""Canada""]","[""Gait""], [""Gait Data""]","[""Gait""]","[""Gait Data""]"
"35360446","[""Canada""]","[""CT images""], [""Imaging"", ""Computed Tomography""]","[""CT images""]","[""Imaging"", ""Computed Tomography""]"
"35360927","[""Canada"", ""Germany"", ""United Kingdom""]",NULL,NULL,"[""text""]"
"35361575","[""Canada"", ""Iran"", ""Turkey"", ""United States""]","[""MR imaging""], [""T2-weighted"", ""gadolinium-enhanced T1-weighted""]","[""MR imaging""]","[""T2-weighted"", ""gadolinium-enhanced T1-weighted""]"
"35361921","[""Canada"", ""United States""]","[""Whole-blood DNAm""], [""genomics"", ""epigenetics""]","[""Whole-blood DNAm""]","[""genomics"", ""epigenetics""]"
"35363276","[""Canada"", ""United States""]",NULL,NULL,"[""morphological, locomotor, sensory and learning phenotypes""]"
"35365510","[""Canada""]","[""Administrative health data""], [""healthcare""]","[""Administrative health data""]","[""healthcare""]"
"35366258","[""Canada""]","[""blood""], [""IgM"", ""IgA"", ""IgG""]","[""blood""]","[""IgM"", ""IgA"", ""IgG""]"
"35367562","[""Canada"", ""France"", ""United Kingdom""]","[""CT""], [""Software-based nonrigid two- and three-dimensional aortic deformational intraoperative assessment""]","[""CT""]","[""Software-based nonrigid two- and three-dimensional aortic deformational intraoperative assessment""]"
"35369856","[""Canada""]","[""Kinematics"", ""Motion""], [""Kinematics""]","[""Kinematics"", ""Motion""]","[""Kinematics""]"
"35372193","[""Canada"", ""France""]",NULL,NULL,"[""text""]"
"35372638","[""Canada"", ""Taiwan"", ""United States""]",NULL,NULL,NULL
"35377036","[""Canada""]","[""Ultrasound""], [""Ultrasound""]","[""Ultrasound""]","[""Ultrasound""]"
"35377253","[""Canada""]","[""clinical""], [""Ontologies""]","[""clinical""]","[""Ontologies""]"
"35377806","[""Canada"", ""United States""]","[""single-cell RNA-sequencing""], [{""Name"": ""Cellular"", ""Description"": null}, {""Name"": ""Transcriptional"", ""Description"": null}]","[""single-cell RNA-sequencing""]","[{""Name"": ""Cellular"", ""Description"": null}, {""Name"": ""Transcriptional"", ""Description"": null}]"
"35379856","[""Canada"", ""Italy""]","[""Chest X-rays""], [{""count"": 224316, ""modality"": ""Chest X-ray images""}]","[""Chest X-rays""]","[{""count"": 224316, ""modality"": ""Chest X-ray images""}]"
"35406569","[""Canada"", ""Iran"", ""Russia""]","[""FTIR"", ""XRD"", ""FESEM"", ""TEM"", ""VSM""], [""Images"", ""Chemical analysis""]","[""FTIR"", ""XRD"", ""FESEM"", ""TEM"", ""VSM""]","[""Images"", ""Chemical analysis""]"
"35381453","[""Canada"", ""Colombia"", ""Israel"", ""United States""]","[""Medical imaging""], [""SPECT"", ""PET""]","[""Medical imaging""]","[""SPECT"", ""PET""]"
"35385045","[""Canada""]","[""Optical Coherence Tomography"", ""Clinical Features""], [""optical coherence tomography (OCT)"", "" clinical features""]","[""Optical Coherence Tomography"", ""Clinical Features""]","[""optical coherence tomography (OCT)"", "" clinical features""]"
"35387650","[""Canada""]",NULL,NULL,"[""Demographic"", ""Comorbidity"", ""Procedural""]"
"35388080","[""Canada""]","[""RGB images of retinal fundus"", ""Metadata""], [""RGB fundus images"", ""metadata""]","[""RGB images of retinal fundus"", ""Metadata""]","[""RGB fundus images"", ""metadata""]"
"35389187","[""Canada""]","[""Ordinal""], [""Ordinal data""]","[""Ordinal""]","[""Ordinal data""]"
"35391768","[""Canada""]","[""X-ray""], [""Image"", ""Text""]","[""X-ray""]","[""Image"", ""Text""]"
"35391789","[""Australia"", ""Canada"", ""Denmark"", ""Finland"", ""Germany"", ""Italy"", ""Switzerland"", ""United Kingdom"", ""United States""]",NULL,NULL,NULL
"35394862","[""Brazil"", ""Canada"", ""China"", ""Czechia"", ""Georgia"", ""Germany"", ""Ghana"", ""India"", ""Italy"", ""Netherlands"", ""Philippines"", ""Switzerland"", ""Turkey"", ""Turkmenistan"", ""United Kingdom"", ""United States""]","[""Text""], []","[""Text""]","[]"
"35396530","[""Canada""]","[""Light microscopic images"", ""Osmium tetroxide-stained rat nerves""], [""image"", ""histomorphometry""]","[""Light microscopic images"", ""Osmium tetroxide-stained rat nerves""]","[""image"", ""histomorphometry""]"
"35404833","[""Canada""]","[""Ultrasound""], [""Ultrasound""]","[""Ultrasound""]","[""Ultrasound""]"
"35405523","[""Canada"", ""Israel"", ""United States""]","[""Cardiovascular signatures""], [""Affiliation""]","[""Cardiovascular signatures""]","[""Affiliation""]"
"35408081","[""Canada""]","[""Electrocardiogram""], [""ECG"", ""Spectrogram""]","[""Electrocardiogram""]","[""ECG"", ""Spectrogram""]"
"35410226","[""Canada"", ""China"", ""United States""]","[""Cardiovascular magnetic resonance (CMR) images""], [""Imaging Data"", ""Cardiovascular Data""]","[""Cardiovascular magnetic resonance (CMR) images""]","[""Imaging Data"", ""Cardiovascular Data""]"
"35415406","[""Canada""]",NULL,NULL,"[""Machine learning"", ""Predictive systems""]"
"35415417","[""Canada""]","[""Optic Nerve Image""], [""Image"", ""Shape Information""]","[""Optic Nerve Image""]","[""Image"", ""Shape Information""]"
"35415436","[""Canada""]",NULL,NULL,"[""Blood glucose concentration"", ""Carbohydrate intake"", ""Exercise intensity""]"
"35415448","[""Brazil"", ""Canada""]","[""Radars"", ""Thermal Camera""], [""radar"", ""thermal camera"", ""motion tracking suit""]","[""Radars"", ""Thermal Camera""]","[""radar"", ""thermal camera"", ""motion tracking suit""]"
"35415612","[""Canada""]","[""Arterial blood pressure"", ""Heart rate""], [""Heart rate"", ""Arterial blood pressure""]","[""Arterial blood pressure"", ""Heart rate""]","[""Heart rate"", ""Arterial blood pressure""]"
"35418698","[""Canada""]","[""Bedside computed X-ray (CXR)""], [""image"", ""text""]","[""Bedside computed X-ray (CXR)""]","[""image"", ""text""]"
"35418839","[""Canada"", ""Italy"", ""United Kingdom""]","[""Magnetic""], [""Neuromagnetic signals""]","[""Magnetic""]","[""Neuromagnetic signals""]"
"35419507","[""Canada""]","[""Motion"", ""Physiological indicators""], [""Motion"", ""Physiological""]","[""Motion"", ""Physiological indicators""]","[""Motion"", ""Physiological""]"
"35419699","[""Canada"", ""United States""]","[""SPECT""], [""SPECT""]","[""SPECT""]","[""SPECT""]"
"35422402","[""Canada"", ""United States""]","[""CT""], [""Sagittal images"", ""Axial images""]","[""CT""]","[""Sagittal images"", ""Axial images""]"
"35439663","[""Canada""]","[""Image""], [""X-rays"", ""CT-scans""]","[""Image""]","[""X-rays"", ""CT-scans""]"
"35426912","[""Canada"", ""France""]","[""Electronic Health Record"", ""Brain Imaging"", ""Health Survey"", ""Intensive Care""], [""Imaging"", ""Survey""]","[""Electronic Health Record"", ""Brain Imaging"", ""Health Survey"", ""Intensive Care""]","[""Imaging"", ""Survey""]"
"35431026","[""Brazil"", ""Canada"", ""Philippines""]","[""Clinical"", ""Administrative""], [""Administrative""]","[""Clinical"", ""Administrative""]","[""Administrative""]"
"35434676","[""Canada"", ""United States""]","[""Electronic health records"", ""Genomic data""], [""None""]","[""Electronic health records"", ""Genomic data""]","[""None""]"
"35442533","[""Canada""]","[""Diagnostic"", ""Anatomical"", ""Dosimetric""], [""Image""]","[""Diagnostic"", ""Anatomical"", ""Dosimetric""]","[""Image""]"
"35443626","[""Canada""]",NULL,NULL,NULL
"35443717","[""Canada""]","[""Gene expression""], [""RNA""]","[""Gene expression""]","[""RNA""]"
"35445698","[""Canada""]","[""Genomics"", ""Multi-omics""], [{""Modality"": ""multi-omics cancer data"", ""Description"": ""three types of high-dimensional omics data""}]","[""Genomics"", ""Multi-omics""]","[{""Modality"": ""multi-omics cancer data"", ""Description"": ""three types of high-dimensional omics data""}]"
"35447735","[""Canada""]","[""numerical"", ""clinical""], {""pam"": 6, ""k_prototype"": 6, ""hierarchical_clustering"": 6}","[""numerical"", ""clinical""]","{""pam"": 6, ""k_prototype"": 6, ""hierarchical_clustering"": 6}"
"35448224","[""Canada"", ""Tunisia""]","[""DaTSCAN SPECT Imaging Features"", ""Clinical""], [""clinical"", ""DaTSCAN SPECT Imaging Features""]","[""DaTSCAN SPECT Imaging Features"", ""Clinical""]","[""clinical"", ""DaTSCAN SPECT Imaging Features""]"
"35449371","[""Canada"", ""Poland"", ""Switzerland"", ""United Kingdom"", ""United States""]",NULL,NULL,"[""Novel dataset"", ""Multiple disease areas""]"
"35469087","[""Canada""]",NULL,NULL,NULL
"35454066","[""Canada"", ""Malaysia"", ""Saudi Arabia"", ""United States""]","[""Magnetic Resonance""], [""Magnetic Resonance (MR) images""]","[""Magnetic Resonance""]","[""Magnetic Resonance (MR) images""]"
"35459150","[""Canada"", ""Sweden""]","[""physiological"", ""objective""], [""heart rate variability"", ""sleep"", ""activity""]","[""physiological"", ""objective""]","[""heart rate variability"", ""sleep"", ""activity""]"
"35459793","[""Canada"", ""United States""]",NULL,NULL,NULL
"35462216","[""Canada"", ""China""]","[""MRI""], [""MRI""]","[""MRI""]","[""MRI""]"
"35463119","[""Canada""]","[""Metabolomics""], [""Breath"", ""Plasma""]","[""Metabolomics""]","[""Breath"", ""Plasma""]"
"35466939","[""Canada"", ""United Kingdom"", ""United States""]","[""MRI"", ""Genetic Data""], [""MRI"", ""Genetic""]","[""MRI"", ""Genetic Data""]","[""MRI"", ""Genetic""]"
"35467517","[""Australia"", ""Canada""]",NULL,"[""Text""]",NULL
"35472473","[""Canada"", ""United Kingdom""]","[""Behavioral""], [""behavioural"", ""emotional""]","[""Behavioral""]","[""behavioural"", ""emotional""]"
"35474073","[""Belgium"", ""Canada"", ""Czechia"", ""Finland"", ""Germany"", ""Netherlands"", ""Switzerland""]","[""ECG""], [""ECG"", ""Image""]","[""ECG""]","[""ECG"", ""Image""]"
"35475554","[""Canada"", ""Netherlands"", ""United Kingdom"", ""United States""]","[""Genotype-phenotype data""], [""Text""]","[""Genotype-phenotype data""]","[""Text""]"
"35477557","[""Canada"", ""Japan"", ""Jersey"", ""United States""]","[""genomics""], [""gene_expression""]","[""genomics""]","[""gene_expression""]"
"35482216","[""Canada"", ""India""]","[""Image"", ""Path960"", ""BreakHis""], [""Image"", ""Color histogram"", ""Local Binary Pattern""]","[""Image"", ""Path960"", ""BreakHis""]","[""Image"", ""Color histogram"", ""Local Binary Pattern""]"
"35482653","[""Canada""]","[""Genomics""], [""Genomics"", null]","[""Genomics""]","[""Genomics"", null]"
"35483906","[""Canada"", ""United States""]","[""MR Imaging""], [""MR imaging""]","[""MR Imaging""]","[""MR imaging""]"
"35486643","[""Canada"", ""South Korea"", ""United States""]","[""Brain Imaging""], [""brain imaging""]","[""Brain Imaging""]","[""brain imaging""]"
"35489707","[""Canada""]","[""X-ray""], [""X-Ray""]","[""X-ray""]","[""X-Ray""]"
"35490557","[""Canada"", ""China"", ""Singapore"", ""Turkey"", ""United States""]","[""Near-Infrared Spectroscopy""], [""fNIRS"", ""cognitive""]","[""Near-Infrared Spectroscopy""]","[""fNIRS"", ""cognitive""]"
"35490641","[""Canada"", ""China"", ""Hungary"", ""Iran"", ""Slovakia"", ""United States""]","[""3D simulation"", ""Tumor growth""], [""Medical Imaging""]","[""3D simulation"", ""Tumor growth""]","[""Medical Imaging""]"
"35495111","[""Canada"", ""Norway""]","[""Genomics"", ""Epigenetics""], [""DNA sequence variation"", ""differential methylation"", ""gene expression""]","[""Genomics"", ""Epigenetics""]","[""DNA sequence variation"", ""differential methylation"", ""gene expression""]"
"35496371","[""Canada""]","[""Motion (accelerometer)"", ""Physiological indicators (blood volume pulse, electrodermal activity, and skin temperature)""], [""accelerometer"", ""blood volume pulse"", ""electrodermal activity"", ""skin temperature""]","[""Motion (accelerometer)"", ""Physiological indicators (blood volume pulse, electrodermal activity, and skin temperature)""]","[""accelerometer"", ""blood volume pulse"", ""electrodermal activity"", ""skin temperature""]"
"35511879","[""Belgium"", ""Canada"", ""Qatar"", ""United States""]","[""retinal vessel analysis"", ""computed tomography angiography""], [""Image data (retinal fundus images), Clinical outcomes""]","[""retinal vessel analysis"", ""computed tomography angiography""]","[""Image data (retinal fundus images), Clinical outcomes""]"
"35500807","[""Canada""]","[""MRI""], [""MRI""]","[""MRI""]","[""MRI""]"
"35503738","[""Canada""]","[""Tertiary academic hospital centers""], [{""label"": ""Modalities"", ""value"": ""surgical data""}]","[""Tertiary academic hospital centers""]","[{""label"": ""Modalities"", ""value"": ""surgical data""}]"
"35510848","[""Canada""]","[""Ultrasound""], [""Ultrasound""]","[""Ultrasound""]","[""Ultrasound""]"
"35512997","[""Canada"", ""Israel"", ""Japan"", ""United States""]","[""Nuclear Cardiology""], [{""value"": null}, {""value"": null}, {""value"": null}, {""value"": null}]","[""Nuclear Cardiology""]","[{""value"": null}, {""value"": null}, {""value"": null}, {""value"": null}]"
"35524200","[""Canada""]","[], [""Mammography"", ""Risk prediction""]","[]","[""Mammography"", ""Risk prediction""]"
"35526426","[""Canada""]",NULL,NULL,"[""text""]"
"35529862","[""Canada"", ""Egypt"", ""United Arab Emirates""]",NULL,NULL,"[""Nasopharyngeal swab samples"", ""Serum of COVID-19 patients""]"
"35536000","[""Canada"", ""China"", ""United States""]","[""diffusion tensor"", ""resting-state functional magnetic resonance imaging""], [""structural and functional MRI""]","[""diffusion tensor"", ""resting-state functional magnetic resonance imaging""]","[""structural and functional MRI""]"
"35538599","[""Canada""]","[""Gait""], [""Frontal and Sagittal Knee Angle"", ""Moment Waveforms""]","[""Gait""]","[""Frontal and Sagittal Knee Angle"", ""Moment Waveforms""]"
"35540307","[""Canada"", ""Oman"", ""Spain"", ""United States""]",NULL,NULL,"[""IoT"", ""vaccine""]"
"35550304","[""Canada"", ""United States""]",NULL,NULL,NULL
"35551279","[""Canada""]","[""text""], [""text""]","[""text""]","[""text""]"
"35553346","[""Canada"", ""United States""]",NULL,NULL,"[""EEG""]"
"35558638","[""Canada"", ""United States""]","[""Audio""], [""Audio""]","[""Audio""]","[""Audio""]"
"35562203","[""Canada""]","[""Bright-field microscopy""], [""Bright-field microscopy images""]","[""Bright-field microscopy""]","[""Bright-field microscopy images""]"
"35562794","[""Austria"", ""Belgium"", ""Canada"", ""China"", ""France"", ""Germany"", ""Ireland"", ""United States""]",NULL,"[""Flow Cytometry""]",NULL
"35567357","[""Canada""]","[""Metabolomics""], [""Metabolomics"", ""Physiological Normalization""]","[""Metabolomics""]","[""Metabolomics"", ""Physiological Normalization""]"
"35568604","[""Belgium"", ""Canada"", ""United States""]",NULL,"[""Clinical""]",NULL
"35570482","[""Canada""]","[""MRI"", ""Biomarker""], [""MRI"", ""Biomarker/risk factor""]","[""MRI"", ""Biomarker""]","[""MRI"", ""Biomarker/risk factor""]"
"35572938","[""Canada""]","[""Plantar-Pressure""], [""Plantar pressure data""]","[""Plantar-Pressure""]","[""Plantar pressure data""]"
"35576434","[""Canada""]","[""Sensor"", ""Motor""], [""Robotics"", ""Visual""]","[""Sensor"", ""Motor""]","[""Robotics"", ""Visual""]"
"35578132","[""Canada"", ""China"", ""Singapore"", ""United States""]","[""Functional connectivity""], [""resting-state functional connectivity""]","[""Functional connectivity""]","[""resting-state functional connectivity""]"
"35579325","[""Canada""]","[""Diffusion MRI"", ""Symptom measures""], [""MRI""]","[""Diffusion MRI"", ""Symptom measures""]","[""MRI""]"
"35582169","[""Canada""]","[""Light-Microscopy"", ""Image""], [""Light-Microscopy"", ""Color"", ""Morphology"", ""Microstructural Texture""]","[""Light-Microscopy"", ""Image""]","[""Light-Microscopy"", ""Color"", ""Morphology"", ""Microstructural Texture""]"
"35582390","[""Canada"", ""Hong Kong""]","[""Smartphone"", ""Machine Learning""], [""BLE"", ""Machine Learning Classifiers""]","[""Smartphone"", ""Machine Learning""]","[""BLE"", ""Machine Learning Classifiers""]"
"35590972","[""Canada"", ""China""]","[""ECG""], [""ECG""]","[""ECG""]","[""ECG""]"
"35584867","[""Canada"", ""Italy""]",NULL,NULL,"[""Text""]"
"35585624","[""Canada""]",NULL,NULL,"[""cardiopulmonary bypass"", ""cardiac surgery""]"
"35586452","[""Canada"", ""Spain"", ""United States""]","[""Acoustic""], [""Acoustic data""]","[""Acoustic""]","[""Acoustic data""]"
"35588339","[""Canada""]","[""Ultrasound""], [""Ultrasound"", ""Medical Images""]","[""Ultrasound""]","[""Ultrasound"", ""Medical Images""]"
"35594754","[""Canada"", ""United States""]","[""Electronic Medical Records""], [""Electronic Medical Records"", ""Claims Data""]","[""Electronic Medical Records""]","[""Electronic Medical Records"", ""Claims Data""]"
"35596758","[""Canada""]",NULL,NULL,"[""Administrative Data"", ""Survey Data"", ""Questionnaire Data""]"
"35601842","[""Canada"", ""France""]","[""SEIR model"", ""Machine learning classification model""], [{""Modality"": ""SEIR model""}, {""Modality"": ""clinical severity risk""}]","[""SEIR model"", ""Machine learning classification model""]","[{""Modality"": ""SEIR model""}, {""Modality"": ""clinical severity risk""}]"
"35603264","[""Canada"", ""United States""]","[""Electronic health record data""], [""uncomplicated urinary tract infections"", ""infections""]","[""Electronic health record data""]","[""uncomplicated urinary tract infections"", ""infections""]"
"35603380","[""Canada""]",NULL,NULL,"[""Viral Load"", ""Productively Infected Cells""]"
"35606655","[""Canada"", ""Czechia""]","[""CT angiography""], [""CT angiography"", ""MRI"", ""scanner""]","[""CT angiography""]","[""CT angiography"", ""MRI"", ""scanner""]"
"35607982","[""Canada"", ""United Kingdom""]",NULL,NULL,NULL
"35608211","[""Canada"", ""United States""]","[""Imaging"", ""Cardiovascular""], [""image"", ""functional""]","[""Imaging"", ""Cardiovascular""]","[""image"", ""functional""]"
"35608262","[""Canada""]",NULL,"[""TMS"", ""Electrical stimulation""]",NULL
"35612005","[""Canada""]",NULL,"[""Toenails""]",NULL
"35612024","[""Canada"", ""Italy""]","[""Biomarkers""], [""blood sugar"", ""body mass index"", ""high-density lipoprotein levels""]","[""Biomarkers""]","[""blood sugar"", ""body mass index"", ""high-density lipoprotein levels""]"
"35614153","[""Canada""]",NULL,NULL,"[""text""]"
"35616520","[""Canada"", ""France"", ""Germany"", ""United Kingdom"", ""United States""]",NULL,NULL,"[{""modality"": ""None""}, {""modality"": ""Department of Child and Adolescent Psychiatry and Psychotherapy, University Medical Centre Göttingen, Göttingen, Germany.""}]"
"35620143","[""Canada""]",NULL,"[""Electronic Health Record"", ""Patient Monitors""]",NULL
"35624544","[""Canada""]","[""MRI""], {""Other Modalities"": [], ""Imaging Modalities"": [""MRI""]}","[""MRI""]","{""Other Modalities"": [], ""Imaging Modalities"": [""MRI""]}"
"35632058","[""Canada"", ""India""]","[""sEMG""], [""Electromyography""]","[""sEMG""]","[""Electromyography""]"
"35632155","[""Canada"", ""United States""]","[""Upper limb exercises""], [""Anthropomorphic Exoskeleton Robot""]","[""Upper limb exercises""]","[""Anthropomorphic Exoskeleton Robot""]"
"35640774","[""Canada"", ""Turkey"", ""United Kingdom"", ""United States""]","[""EHR"", ""Insurance Claims""], [""Electronic health record""]","[""EHR"", ""Insurance Claims""]","[""Electronic health record""]"
"35641101","[""Canada"", ""France"", ""United States""]","[""Echocardiographic""], [""Echocardiographic"", ""Clinical""]","[""Echocardiographic""]","[""Echocardiographic"", ""Clinical""]"
"35641411","[""Canada""]","[""Echocardiograms""], [""echocardiograms""]","[""Echocardiograms""]","[""echocardiograms""]"
"35648455","[""Canada""]","[""Biomedical"", ""clinician-reported"", ""patient-reported""], [""Text"", ""Image""]","[""Biomedical"", ""clinician-reported"", ""patient-reported""]","[""Text"", ""Image""]"
"35657100","[""Canada"", ""United States""]","[""Videofluoroscopic"", ""Kinematic""], [""video"", ""kinematics""]","[""Videofluoroscopic"", ""Kinematic""]","[""video"", ""kinematics""]"
"35657648","[""Canada""]","[""Laboratory blood tests"", ""Vitals"", ""Age"", ""Sex"", ""Admission diagnosis""], [""text"", ""numeric data""]","[""Laboratory blood tests"", ""Vitals"", ""Age"", ""Sex"", ""Admission diagnosis""]","[""text"", ""numeric data""]"
"35658811","[""Canada"", ""Germany""]","[""Imaging""], [""Health satisfaction"", ""Subjective social standing""]","[""Imaging""]","[""Health satisfaction"", ""Subjective social standing""]"
"35659446","[""Canada"", ""United States""]","[""T1 weighted MRI scans"", ""SPECT"", ""CSF""], [""Neuroimaging"", ""Biological""]","[""T1 weighted MRI scans"", ""SPECT"", ""CSF""]","[""Neuroimaging"", ""Biological""]"
"35661152","[""Canada"", ""United States""]","[""Imaging"", ""Clinical""], [""Diagnostic Imaging"", ""Neurosurgery"", ""Pediatrics""]","[""Imaging"", ""Clinical""]","[""Diagnostic Imaging"", ""Neurosurgery"", ""Pediatrics""]"
"35664103","[""Canada""]",NULL,"[""Demographic information"", ""Symptoms"", ""Co-morbidities"", ""Electronic medical records""]",NULL
"35670996","[""Canada"", ""Germany"", ""United States""]","[""Neurology"", ""Radiology""], [""text""]","[""Neurology"", ""Radiology""]","[""text""]"
"35676445","[""Canada"", ""United States""]","[""Radiation Oncology"", ""Biomedical Data Science""], [""affiliation"", ""radiation oncology""]","[""Radiation Oncology"", ""Biomedical Data Science""]","[""affiliation"", ""radiation oncology""]"
"35680953","[""Canada"", ""Hungary""]","[""EEG""], [""EEG"", ""multiscale entropy""]","[""EEG""]","[""EEG"", ""multiscale entropy""]"
"35686988","[""Canada""]","[""Binary images"", ""Center of mass coordinates""], {""Types"": [""Binary images"", ""Center of mass coordinates""]}","[""Binary images"", ""Center of mass coordinates""]","{""Types"": [""Binary images"", ""Center of mass coordinates""]}"
"35688143","[""Canada"", ""France"", ""Germany"", ""United States""]","[""Electrocardiograms""], [""ECG"", ""Reduced-lead electrocardiograms""]","[""Electrocardiograms""]","[""ECG"", ""Reduced-lead electrocardiograms""]"
"35688888","[""Canada""]","[""ASEX""], [""health records"", ""Arizona Sexual Experiences Scale (ASEX)""]","[""ASEX""]","[""health records"", ""Arizona Sexual Experiences Scale (ASEX)""]"
"35690537","[""Canada""]","[""CT lung imaging"", ""Lung function measurements""], [""CT images"", ""lung function measurements""]","[""CT lung imaging"", ""Lung function measurements""]","[""CT images"", ""lung function measurements""]"
"35690622","[""Canada""]","[""RNA-seq""], [""Transcriptomic data""]","[""RNA-seq""]","[""Transcriptomic data""]"
"35690630","[""Canada""]","[""Digital Histopathology""], [""histology images"", ""wavelet features"", ""graph-based features""]","[""Digital Histopathology""]","[""histology images"", ""wavelet features"", ""graph-based features""]"
"35694571","[""Canada"", ""Egypt"", ""India"", ""Malaysia"", ""South Africa""]","[""image""], [""Image"", ""Biomedical""]","[""image""]","[""Image"", ""Biomedical""]"
"35694836","[""Canada"", ""United States""]","[""Imaging"", ""Clinical status""], [""Urology""]","[""Imaging"", ""Clinical status""]","[""Urology""]"
"35700006","[""Canada""]",NULL,NULL,"[{""Modality"": ""Biological""}, {""Modality"": ""Healthcare""}]"
"35701461","[""Canada""]","[""Planning-CT""], [""CT images""]","[""Planning-CT""]","[""CT images""]"
"35705626","[""Canada""]","[""nasopharyngeal metabolome""], [""Metabolome"", ""Viral load""]","[""nasopharyngeal metabolome""]","[""Metabolome"", ""Viral load""]"
"35710638","[""Canada"", ""Israel"", ""United States""]","[""metabolomics"", ""gas chromatography-liquid chromatography mass spectrometry""], [""Liquid chromatography"", ""Mass spectrometry""]","[""metabolomics"", ""gas chromatography-liquid chromatography mass spectrometry""]","[""Liquid chromatography"", ""Mass spectrometry""]"
"35711337","[""Canada"", ""Iran""]","[""FLAIR""], [""FLAIR""]","[""FLAIR""]","[""FLAIR""]"
"35719866","[""Canada""]","[""Electronic Health Records (EHRs)""], [{""name"": ""Natural Language Processing (NLP)""}]","[""Electronic Health Records (EHRs)""]","[{""name"": ""Natural Language Processing (NLP)""}]"
"35720015","[""Canada"", ""Italy""]","[""Clinical"", ""Pathological""], [{""pathology_data"": true}, {""radiology_data"": true}]","[""Clinical"", ""Pathological""]","[{""pathology_data"": true}, {""radiology_data"": true}]"
"35720974","[""Canada"", ""China"", ""Greece"", ""Spain"", ""Sweden"", ""Taiwan"", ""United States""]",NULL,"[""Sequencing""]",NULL
"35724468","[""Canada"", ""France"", ""India"", ""Italy""]","[""Radiation Oncology"", ""Otorhinolaryngology - Head and Neck Surgery"", ""Medical Oncology""], []","[""Radiation Oncology"", ""Otorhinolaryngology - Head and Neck Surgery"", ""Medical Oncology""]","[]"
"35726954","[""Canada""]","[""Flow cytometry""], [""Flow cytometry"", ""Radar plots"", ""Support Vector Machine (SVM)"", ""Principal Component Analysis (PCA)"", ""t-SNE"", ""UMAP""]","[""Flow cytometry""]","[""Flow cytometry"", ""Radar plots"", ""Support Vector Machine (SVM)"", ""Principal Component Analysis (PCA)"", ""t-SNE"", ""UMAP""]"
"35727568","[""Canada""]","[""MRI""], [""MRI"", ""Clinical""]","[""MRI""]","[""MRI"", ""Clinical""]"
"35727872","[""Canada"", ""Israel"", ""Switzerland"", ""Taiwan"", ""Turkey"", ""United States""]",NULL,"[""Imaging"", ""Nuclear Medicine""]",NULL
"35731736","[""Canada""]","[""Ultrasound""], [""fetal ultrasound images""]","[""Ultrasound""]","[""fetal ultrasound images""]"
"35732856","[""Canada"", ""China""]","[""Ocular Coherence Tomography (OCT) imaging"", ""multifocal Electroretinogram (mfERG)""], [""electroretinogram (mfERG)"", ""ocular coherence tomography (OCT)""]","[""Ocular Coherence Tomography (OCT) imaging"", ""multifocal Electroretinogram (mfERG)""]","[""electroretinogram (mfERG)"", ""ocular coherence tomography (OCT)""]"
"35738052","[""Canada"", ""China"", ""France""]","[""Functional Connectomes""], [""brain activity"", ""functional connectomes""]","[""Functional Connectomes""]","[""brain activity"", ""functional connectomes""]"
"35740270","[""Canada""]","[""Imaging""], [""MRI""]","[""Imaging""]","[""MRI""]"
"35740780","[""Canada"", ""Italy""]","[""Movement analysis""], [""Movement"", ""Gestational age"", ""Birthweight""]","[""Movement analysis""]","[""Movement"", ""Gestational age"", ""Birthweight""]"
"35746121","[""Brazil"", ""Canada"", ""Ecuador""]","[""oxygen saturation level"", ""body temperature"", ""heart rate"", ""cough sound""], [""oxygen saturation level"", ""body temperature"", ""heart rate"", ""cough sound""]","[""oxygen saturation level"", ""body temperature"", ""heart rate"", ""cough sound""]","[""oxygen saturation level"", ""body temperature"", ""heart rate"", ""cough sound""]"
"35751196","[""Canada"", ""Cyprus"", ""Greece"", ""Hungary"", ""India"", ""Italy"", ""United Kingdom"", ""United States""]",NULL,NULL,"[]"
"35759039","[""Canada""]","[""Surgical Information Management Systems"", ""Hospital records""], [""surgery"", ""anesthesia""]","[""Surgical Information Management Systems"", ""Hospital records""]","[""surgery"", ""anesthesia""]"
"35759808","[""Canada"", ""Egypt"", ""Saudi Arabia""]",NULL,NULL,NULL
"35764770","[""Canada""]",NULL,NULL,"[""Text""]"
"35767811","[""Canada"", ""Netherlands"", ""United States""]",NULL,NULL,"[""text"", ""affiliation information""]"
"35771564","[""Canada""]","[""Edmonton Symptom Assessment System (ESAS) scores""], [""ESAS scores"", ""clinical and demographic factors""]","[""Edmonton Symptom Assessment System (ESAS) scores""]","[""ESAS scores"", ""clinical and demographic factors""]"
"35774480","[""Canada""]","[""EEG""], [""EEG"", ""fMRI""]","[""EEG""]","[""EEG"", ""fMRI""]"
"35777174","[""Canada""]","[""Brain images"", ""YouTube videos"", ""Natural images""], [""images"", ""videos""]","[""Brain images"", ""YouTube videos"", ""Natural images""]","[""images"", ""videos""]"
"35778618","[""Canada""]","[""T2-weighted MRI""], [""MRI"", ""CT""]","[""T2-weighted MRI""]","[""MRI"", ""CT""]"
"35783256","[""Canada"", ""Croatia""]","[""Genomic biomarkers"", ""DNA mutation data""], [{""Modality"": ""Text""}, {""Modality"": ""Images""}]","[""Genomic biomarkers"", ""DNA mutation data""]","[{""Modality"": ""Text""}, {""Modality"": ""Images""}]"
"35783851","[""Canada""]","[""Cardiovascular magnetic resonance (CMR) imaging"", ""Electronic Health Information""], [""Imaging"", ""Physiological""]","[""Cardiovascular magnetic resonance (CMR) imaging"", ""Electronic Health Information""]","[""Imaging"", ""Physiological""]"
"35794186","[""Canada"", ""Taiwan""]","[""Whole-brain white matter tracts""], [""neurodevelopmental disorders"", ""attention-deficit/hyperactivity disorder (ADHD)"", ""autism spectrum disorder (ASD)""]","[""Whole-brain white matter tracts""]","[""neurodevelopmental disorders"", ""attention-deficit/hyperactivity disorder (ADHD)"", ""autism spectrum disorder (ASD)""]"
"35795874","[""Canada""]","[""2D joint trajectories"", ""3D library""], [""2D"", ""3D""]","[""2D joint trajectories"", ""3D library""]","[""2D"", ""3D""]"
"35809887","[""Canada"", ""United States""]","[""Magnetic Resonance Angiography"", ""MR imaging""], [""MRI""]","[""Magnetic Resonance Angiography"", ""MR imaging""]","[""MRI""]"
"35810588","[""Canada"", ""China""]","[""Histopathology"", ""Imaging""], [{""Modality"": ""histopathology images""}, {""Modality"": ""functional staining""}]","[""Histopathology"", ""Imaging""]","[{""Modality"": ""histopathology images""}, {""Modality"": ""functional staining""}]"
"35814055","[""Canada"", ""United States""]","[""Auditory""], [""Auditory""]","[""Auditory""]","[""Auditory""]"
"35815015","[""Canada"", ""United Kingdom"", ""United States""]","[""Structural neuroimaging data (T1-weighted)""], [""MRI""]","[""Structural neuroimaging data (T1-weighted)""]","[""MRI""]"
"35817777","[""Canada""]","[""Video"", ""Motion Capture""], [""Video"", ""Motion capture""]","[""Video"", ""Motion Capture""]","[""Video"", ""Motion capture""]"
"35819161","[""Canada""]",NULL,"[""Pathology"", ""Surgery""]",NULL
"35820713","[""Canada""]","[""Nursing staff""], [""Software"", ""Nursing Staff""]","[""Nursing staff""]","[""Software"", ""Nursing Staff""]"
"35821428","[""Canada"", ""Israel""]","[""MRI"", ""Ultrasound""], [""MRI"", ""ultrasound""]","[""MRI"", ""Ultrasound""]","[""MRI"", ""ultrasound""]"
"35841241","[""Canada""]","[""Demographics"", ""Cognitive tests"", ""Imaging"", ""APOE Genotype""], [""demographics"", ""cognitive tests"", ""APOE genotype"", ""brain imaging data""]","[""Demographics"", ""Cognitive tests"", ""Imaging"", ""APOE Genotype""]","[""demographics"", ""cognitive tests"", ""APOE genotype"", ""brain imaging data""]"
"35846158","[""Belgium"", ""Canada"", ""United States""]","[""Amyloid"", ""Fluorodeoxyglucose""], [""positron emission tomography"", ""fluorodeoxyglucose""]","[""Amyloid"", ""Fluorodeoxyglucose""]","[""positron emission tomography"", ""fluorodeoxyglucose""]"
"35861853","[""Canada"", ""India"", ""United States""]","[""Accelerometer""], [""Accelerometer"", ""Clinical assessment metrics""]","[""Accelerometer""]","[""Accelerometer"", ""Clinical assessment metrics""]"
"35866396","[""Canada""]","[""Ultrasound Imaging""], [""Ultrasound videos"", ""Processed images""]","[""Ultrasound Imaging""]","[""Ultrasound videos"", ""Processed images""]"
"35867160","[""Canada"", ""United States""]","[""Kidney ultrasounds"", ""Clinical data""], [""Ultrasound"", ""MRI""]","[""Kidney ultrasounds"", ""Clinical data""]","[""Ultrasound"", ""MRI""]"
"35868354","[""Canada""]",NULL,NULL,"[""Imaging""]"
"35872359","[""Canada"", ""China""]","[""Cardiac MRI""], [""Short-axis Cardiac MRI""]","[""Cardiac MRI""]","[""Short-axis Cardiac MRI""]"
"35878565","[""Canada"", ""France"", ""Germany"", ""Switzerland"", ""United States""]","[""Nonbrain"", ""Structural MRI"", ""Functional connectivity""], [""non-brain data"", ""structural MRI"", ""functional connectivity""]","[""Nonbrain"", ""Structural MRI"", ""Functional connectivity""]","[""non-brain data"", ""structural MRI"", ""functional connectivity""]"
"35879995","[""Canada"", ""Qatar"", ""United States""]","[""RNA sequencing""], [{""Modality"": ""Text""}, {""Modality"": ""Image""}]","[""RNA sequencing""]","[{""Modality"": ""Text""}, {""Modality"": ""Image""}]"
"35881210","[""Canada""]","[""Ultrasound""], [""Ultrasound""]","[""Ultrasound""]","[""Ultrasound""]"
"35887329","[""Canada"", ""Denmark"", ""United Kingdom"", ""United States""]","[""Proteomic Biomarkers""], [""text"", ""image""]","[""Proteomic Biomarkers""]","[""text"", ""image""]"
"35887611","[""Benin"", ""Canada"", ""Israel""]","[""Personal information"", ""Medical history"", ""Genetic variants""], [""text""]","[""Personal information"", ""Medical history"", ""Genetic variants""]","[""text""]"
"35929952","[""Canada"", ""Jordan"", ""United Kingdom"", ""United States""]","[""Laboratory data"", ""Demographic data""], [""text"", ""machine learning""]","[""Laboratory data"", ""Demographic data""]","[""text"", ""machine learning""]"
"35891394","[""Canada"", ""Lebanon"", ""United States""]","[""Viral load measurements"", ""Number of cases""], [""Ct"", ""Number of cases""]","[""Viral load measurements"", ""Number of cases""]","[""Ct"", ""Number of cases""]"
"35892186","[""Canada""]","[""ICD codes""], [{""Text"": true}]","[""ICD codes""]","[{""Text"": true}]"
"35904877","[""Australia"", ""Canada""]",NULL,NULL,"[""Text""]"
"35905414","[""Canada"", ""United States""]",NULL,"[""Hospitalization data""]",NULL
"35906315","[""Canada"", ""United States""]","[""Cardiorespiratory signals""], [""cardiorespiratory signals""]","[""Cardiorespiratory signals""]","[""cardiorespiratory signals""]"
"35908273","[""Canada"", ""United States""]","[""Raman spectroscopy""], [""Spectroscopy""]","[""Raman spectroscopy""]","[""Spectroscopy""]"
"35908308","[""Canada""]","[""fMRI""], [""fMRI""]","[""fMRI""]","[""fMRI""]"
"35912214","[""Canada"", ""Germany"", ""Netherlands""]","[""MRI""], [""Gadolinium-enhanced T1-weighted MRIs""]","[""MRI""]","[""Gadolinium-enhanced T1-weighted MRIs""]"
"35920839","[""Canada"", ""United States""]","[""Continuous glucose monitoring"", ""Short-acting insulin doses"", ""Tracking long-acting insulin doses""], [""Continuous glucose monitoring"", ""Short-acting insulin doses"", ""Long-acting insulin doses""]","[""Continuous glucose monitoring"", ""Short-acting insulin doses"", ""Tracking long-acting insulin doses""]","[""Continuous glucose monitoring"", ""Short-acting insulin doses"", ""Long-acting insulin doses""]"
"35925430","[""Canada"", ""France""]","[""Nociception Level Index values""], [""Nociception score"", ""Fentanyl consumption""]","[""Nociception Level Index values""]","[""Nociception score"", ""Fentanyl consumption""]"
"35931319","[""Canada"", ""Netherlands"", ""Russia""]","[""Proteomics"", ""Metabolites""], [""Protein"", ""Metabolite""]","[""Proteomics"", ""Metabolites""]","[""Protein"", ""Metabolite""]"
"35938254","[""Canada"", ""United States""]","[""social media conversations""], [""Text""]","[""social media conversations""]","[""Text""]"
"35941333","[""Canada""]","[""Ultrasound""], [""Ultrasound"", ""Palpation""]","[""Ultrasound""]","[""Ultrasound"", ""Palpation""]"
"35943774","[""Australia"", ""Canada""]","[""Administrative Data""], [""Administrative Data"", ""Machine Learning""]","[""Administrative Data""]","[""Administrative Data"", ""Machine Learning""]"
"35945505","[""Canada""]","[""dermoscopy images""], [""image""]","[""dermoscopy images""]","[""image""]"
"35946086","[""Canada"", ""Netherlands"", ""United States""]","[""Optical coherence tomography""], {""Images"": null, ""OCT features"": true}","[""Optical coherence tomography""]","{""Images"": null, ""OCT features"": true}"
"35950762","[""Canada""]","[""MS1""], {""Modalities List"": [{""Modality"": ""MS1"", ""Description"": null}, {""Modality"": ""MS/MS"", ""Description"": null}]}","[""MS1""]","{""Modalities List"": [{""Modality"": ""MS1"", ""Description"": null}, {""Modality"": ""MS/MS"", ""Description"": null}]}"
"35951085","[""Canada"", ""Iran""]","[""Endorectal ultrasound""], [""endorectal ultrasound""]","[""Endorectal ultrasound""]","[""endorectal ultrasound""]"
"35951588","[""Canada""]","[""Questionnaire"", ""Physical Activity Behaviours"", ""Dietary Behaviours""], [""Survey"", ""Physical activity"", ""Diet"", ""Sleep""]","[""Questionnaire"", ""Physical Activity Behaviours"", ""Dietary Behaviours""]","[""Survey"", ""Physical activity"", ""Diet"", ""Sleep""]"
"35953082","[""Australia"", ""Brazil"", ""Canada"", ""China"", ""Denmark"", ""Finland"", ""Germany"", ""Italy"", ""Spain"", ""Switzerland"", ""United Kingdom"", ""United States""]",NULL,NULL,NULL
"35956358","[""Canada"", ""Germany""]","[""Stool DNA""], [""metagenomic"", ""clinical""]","[""Stool DNA""]","[""metagenomic"", ""clinical""]"
"35962372","[""Canada""]","[""CES-D-10""], None","[""CES-D-10""]","None"
"35963613","[""Canada""]","[""Video""], [""lumbar flexion-extension movements"", ""elbow flexion-extension movements""]","[""Video""]","[""lumbar flexion-extension movements"", ""elbow flexion-extension movements""]"
"35965158","[""Canada""]","[""Computed Tomography""], [""Texture-Based CT Lung Radiomic Features""]","[""Computed Tomography""]","[""Texture-Based CT Lung Radiomic Features""]"
"35967110","[""Canada""]","[""Laboratory features"", ""Urinalysis""], [{""Modality"": ""Laboratory data""}, {""Modality"": ""Demographics""}]","[""Laboratory features"", ""Urinalysis""]","[{""Modality"": ""Laboratory data""}, {""Modality"": ""Demographics""}]"
"35968931","[""Canada""]","[""3D sensors"", ""SERS""], [""Liquid Biopsy"", ""Nanoengineering""]","[""3D sensors"", ""SERS""]","[""Liquid Biopsy"", ""Nanoengineering""]"
"35970914","[""Canada"", ""Germany"", ""Spain"", ""United States""]","[""Facial phenotyping"", ""Medical records""], [""photos"", ""videos""]","[""Facial phenotyping"", ""Medical records""]","[""photos"", ""videos""]"
"35980437","[""Canada"", ""Georgia"", ""United States""]","[""intraoral periapical radiographs"", ""CBCT""], [""Image""]","[""intraoral periapical radiographs"", ""CBCT""]","[""Image""]"
"35983595","[""Canada"", ""Iran""]","[""Transcriptome""], [""transcriptome analysis"", ""machine learning""]","[""Transcriptome""]","[""transcriptome analysis"", ""machine learning""]"
"35985186","[""Canada""]","[""B-mode"", ""M-mode""], [""M-mode images"", ""B-mode videos""]","[""B-mode"", ""M-mode""]","[""M-mode images"", ""B-mode videos""]"
"35990802","[""Argentina"", ""Australia"", ""Austria"", ""Bangladesh"", ""Belgium"", ""Brazil"", ""Bulgaria"", ""Canada"", ""Chile"", ""China"", ""Colombia"", ""Croatia"", ""Denmark"", ""Finland"", ""France"", ""Germany"", ""Greece"", ""Hong Kong"", ""Hungary"", ""India"", ""Ireland"", ""Israel"", ""Italy"", ""Japan"", ""Latvia"", ""Malaysia"", ""Mexico"", ""Morocco"", ""Nepal"", ""Netherlands"", ""New Zealand"", ""North Macedonia"", ""Norway"", ""Pakistan"", ""Philippines"", ""Poland"", ""Romania"", ""Russia"", ""Senegal"", ""Serbia"", ""Slovakia"", ""South Africa"", ""Spain"", ""Sweden"", ""Switzerland"", ""Taiwan"", ""Turkey"", ""Ukraine"", ""United Arab Emirates"", ""United Kingdom"", ""United States""]","[""text""], [""Text"", ""Text"", ""Text"", ""Text"", ""Text"", ""Text"", ""Text"", ""Text"", ""Text""]","[""text""]","[""Text"", ""Text"", ""Text"", ""Text"", ""Text"", ""Text"", ""Text"", ""Text"", ""Text""]"
"35995896","[""Canada"", ""Iran"", ""Sweden"", ""Switzerland""]","[""Magnetic Resonance Imaging (MRI)""], [""Magnetic Resonance Imaging (MRI)""]","[""Magnetic Resonance Imaging (MRI)""]","[""Magnetic Resonance Imaging (MRI)""]"
"35999259","[""Canada""]","[""RNA expression""], [""miRNA""]","[""RNA expression""]","[""miRNA""]"
"36000351","[""Canada"", ""Iran""]","[""Imaging""], [""Image data"", ""Radiomics features""]","[""Imaging""]","[""Image data"", ""Radiomics features""]"
"36002969","[""Canada"", ""Switzerland""]","[""EEG""], [""EEG""]","[""EEG""]","[""EEG""]"
"36004538","[""Canada""]","[""Clinical"", ""Neuroimaging"", ""Molecular""], [""clinical"", ""neuroimaging"", ""molecular""]","[""Clinical"", ""Neuroimaging"", ""Molecular""]","[""clinical"", ""neuroimaging"", ""molecular""]"
"36007520","[""Belgium"", ""Canada"", ""Israel""]","[""ECG"", ""Clinical data""], [""ECG""]","[""ECG"", ""Clinical data""]","[""ECG""]"
"36010953","[""Canada"", ""China""]","[""Intraocular"", ""Neurosurgery""], [""Ophthalmology""]","[""Intraocular"", ""Neurosurgery""]","[""Ophthalmology""]"
"36046472","[""Canada"", ""United States""]","[""Structural Magnetic Resonance Imaging (MRI)""], [""MRI"", ""Magnetic Resonance Imaging""]","[""Structural Magnetic Resonance Imaging (MRI)""]","[""MRI"", ""Magnetic Resonance Imaging""]"
"36029344","[""Canada"", ""Italy"", ""United States""]","[""Computed Tomography"", ""Magnetic Resonance Imaging""], [""text""]","[""Computed Tomography"", ""Magnetic Resonance Imaging""]","[""text""]"
"36030226","[""Canada"", ""United Kingdom"", ""United States""]","[""Phone-based"", ""Self-assessment""], [""behavioral data"", ""self-assessment""]","[""Phone-based"", ""Self-assessment""]","[""behavioral data"", ""self-assessment""]"
"36040842","[""Canada""]","[""blood"", ""tumor""], [""Blood"", ""T cells""]","[""blood"", ""tumor""]","[""Blood"", ""T cells""]"
"36041077","[""Canada"", ""United States""]","[""pressure"", ""temperature"", ""moisture""], {""Humidity"": true, ""Temperature"": true, ""Surface_pressure"": true}","[""pressure"", ""temperature"", ""moisture""]","{""Humidity"": true, ""Temperature"": true, ""Surface_pressure"": true}"
"36043477","[""Canada""]","[""Computed Tomography"", ""Echocardiogram""], [""CT pulmonary angiography"", ""Echocardiogram""]","[""Computed Tomography"", ""Echocardiogram""]","[""CT pulmonary angiography"", ""Echocardiogram""]"
"36045491","[""Canada""]","[""Raman spectroscopy"", ""Ultrasound""], [""Raman Spectroscopy"", null]","[""Raman spectroscopy"", ""Ultrasound""]","[""Raman Spectroscopy"", null]"
"36046104","[""Canada""]","[""Brain MRI"", ""Sex classification""], [""MRI"", ""T1-weighted""]","[""Brain MRI"", ""Sex classification""]","[""MRI"", ""T1-weighted""]"
"36050434","[""Canada"", ""Switzerland""]","[""CT""], [""Computed Tomography""]","[""CT""]","[""Computed Tomography""]"
"36052317","[""Canada""]","[""Imaging""], [""images"", ""text""]","[""Imaging""]","[""images"", ""text""]"
"36055837","[""Canada"", ""Denmark"", ""Switzerland"", ""Turkey""]","[""Milk Mid-infrared Reflectance Spectroscopy""], [""Spectroscopy""]","[""Milk Mid-infrared Reflectance Spectroscopy""]","[""Spectroscopy""]"
"36057424","[""Canada"", ""China"", ""Portugal"", ""Spain""]","[""Genomics""], [""expression"", ""methylation""]","[""Genomics""]","[""expression"", ""methylation""]"
"36057825","[""Canada"", ""United States""]","[""FDG-PET"", ""Metabolic brain features""], [""FDG-PET""]","[""FDG-PET"", ""Metabolic brain features""]","[""FDG-PET""]"
"36064040","[""Canada"", ""United States""]","[""CT"", ""Imaging""], [""Imaging""]","[""CT"", ""Imaging""]","[""Imaging""]"
"36068275","[""Canada""]","[""Raman spectroscopy"", ""Biopsy""], [""spectrum"", ""biopsy""]","[""Raman spectroscopy"", ""Biopsy""]","[""spectrum"", ""biopsy""]"
"36069963","[""Canada"", ""China""]","[""Clinical"", ""Biochemical""], [""Medical Records"", ""Electronic Medical Records""]","[""Clinical"", ""Biochemical""]","[""Medical Records"", ""Electronic Medical Records""]"
"36071172","[""Australia"", ""Belgium"", ""Brazil"", ""Canada"", ""China"", ""Croatia"", ""Denmark"", ""Faroe Islands"", ""Finland"", ""France"", ""Germany"", ""Iceland"", ""Italy"", ""Netherlands"", ""Norway"", ""Singapore"", ""Sweden"", ""Switzerland"", ""United Kingdom"", ""United States""]",NULL,NULL,"[""image"", ""text""]"
"36072822","[""Canada"", ""United States""]","[""Laboratory results"", ""Demographics"", ""Clinical characteristics""], [""Electronic health records"", ""Laboratory results""]","[""Laboratory results"", ""Demographics"", ""Clinical characteristics""]","[""Electronic health records"", ""Laboratory results""]"
"36085571","[""Canada""]","[""Raman Spectroscopy"", ""Multiparametric Magnetic Resonance Images""], [""Raman spectroscopy"", ""Multiparametric magnetic resonance images""]","[""Raman Spectroscopy"", ""Multiparametric Magnetic Resonance Images""]","[""Raman spectroscopy"", ""Multiparametric magnetic resonance images""]"
"36089590","[""Australia"", ""Canada"", ""Spain""]","[""Genetic data""], [""Genomic data"", ""Mitochondrial DNA haplogroups""]","[""Genetic data""]","[""Genomic data"", ""Mitochondrial DNA haplogroups""]"
"36093771","[""Belgium"", ""Canada""]","[""Lumbosacral joint efforts"", ""gait""], [""gait disorder""]","[""Lumbosacral joint efforts"", ""gait""]","[""gait disorder""]"
"36093921","[""Austria"", ""Belgium"", ""Canada"", ""China"", ""Colombia"", ""Finland"", ""Japan"", ""Taiwan"", ""United States""]",NULL,NULL,"[""Image"", ""Text""]"
"36095953","[""Canada""]","[""mp-MRI"", ""Histology""], [""mp-MRI""]","[""mp-MRI"", ""Histology""]","[""mp-MRI""]"
"36103642","[""Canada"", ""United States""]","[""Computed Tomography""], [""CT scans""]","[""Computed Tomography""]","[""CT scans""]"
"36103772","[""Canada""]","[""4D CT perfusion imaging"", ""Perfusion parameter maps""], [""4D CT perfusion imaging""]","[""4D CT perfusion imaging"", ""Perfusion parameter maps""]","[""4D CT perfusion imaging""]"
"36104292","[""Brazil"", ""Canada"", ""Italy""]",NULL,NULL,"[""text"", ""image""]"
"36104471","[""Canada"", ""Qatar"", ""United States""]","[""Physiology"", ""Neurology"", ""Neuroscience""], [{""Modality"": ""Physiology""}, {""Modality"": ""Neurology""}]","[""Physiology"", ""Neurology"", ""Neuroscience""]","[{""Modality"": ""Physiology""}, {""Modality"": ""Neurology""}]"
"36104854","[""Canada"", ""France"", ""Germany""]","[""gray matter volumes"", ""resting-state functional connectivity""], [""Brain_Structure_Function_Relationship"", ""Resting-State_Functional_Connectivity""]","[""gray matter volumes"", ""resting-state functional connectivity""]","[""Brain_Structure_Function_Relationship"", ""Resting-State_Functional_Connectivity""]"
"36109720","[""Canada""]","[""Functional Magnetic Resonance Imaging (fMRI)"", ""Diffusion Tensor Imaging (DTI)""], [""Imaging"", ""Functional magnetic resonance imaging (fMRI)""]","[""Functional Magnetic Resonance Imaging (fMRI)"", ""Diffusion Tensor Imaging (DTI)""]","[""Imaging"", ""Functional magnetic resonance imaging (fMRI)""]"
"36119746","[""Canada"", ""United States""]","[""Voltage gradient"", ""Photoplethysmographic""], [""Signal"", ""Image""]","[""Voltage gradient"", ""Photoplethysmographic""]","[""Signal"", ""Image""]"
"36122214","[""Canada"", ""France""]",NULL,NULL,"[""Visual classification task""]"
"36126124","[""Canada"", ""Poland"", ""Turkey"", ""United States""]","[""Imaging""], []","[""Imaging""]","[]"
"36143197","[""Canada"", ""Spain""]",NULL,NULL,"[""text"", ""affiliation""]"
"36129754","[""Canada""]","[""Speech""], [""Speech"", ""Text""]","[""Speech""]","[""Speech"", ""Text""]"
"36133802","[""Canada""]",NULL,NULL,"[""Images"", ""Text""]"
"36134028","[""Canada""]","[""Transcriptome""], Transcriptome modifications, p53 transcriptional signature","[""Transcriptome""]","Transcriptome modifications, p53 transcriptional signature"
"36135395","[""Bangladesh"", ""Canada""]","[""blood components""], [""Vital blood components""]","[""blood components""]","[""Vital blood components""]"
"36137759","[""Canada"", ""Poland"", ""United States""]","[""SPECT"", ""CT""], [""SPECT"", ""CT""]","[""SPECT"", ""CT""]","[""SPECT"", ""CT""]"
"36141080","[""Canada""]","[""Acoustic""], [""Acoustic"", ""Spectral""]","[""Acoustic""]","[""Acoustic"", ""Spectral""]"
"36141457","[""Australia"", ""Canada""]","[""Chest X-rays""], [""CXR Images""]","[""Chest X-rays""]","[""CXR Images""]"
"36146361","[""Canada""]","[""Load cell data""], [""Inexpensive load cells"", ""Bed""]","[""Load cell data""]","[""Inexpensive load cells"", ""Bed""]"
"36146592","[""Canada"", ""United States""]",NULL,NULL,"[""Text""]"
"36155266","[""Canada"", ""China""]","[""Magnetic resonance imaging"", ""Resting-state""], [""Magnetic Resonance Imaging"", ""Functional Homogeneity""]","[""Magnetic resonance imaging"", ""Resting-state""]","[""Magnetic Resonance Imaging"", ""Functional Homogeneity""]"
"36157589","[""Canada"", ""United States""]","[""blood counts""], [""Hematology"", ""Medical Oncology""]","[""blood counts""]","[""Hematology"", ""Medical Oncology""]"
"36159862","[""Canada""]","[""Serum""], [""Serum proteome"", ""Autoantibody data""]","[""Serum""]","[""Serum proteome"", ""Autoantibody data""]"
"36159919","[""Canada"", ""Georgia"", ""United States""]","[""Survey""], [{""Modality"": ""Survey data""}, {""Modality"": ""Questionnaire data""}]","[""Survey""]","[{""Modality"": ""Survey data""}, {""Modality"": ""Questionnaire data""}]"
"36163349","[""Canada""]","[""Imaging features"", ""Clinical features""], [""Relapsing-Remitting MS patients"", ""Primary Progressive MS patients""]","[""Imaging features"", ""Clinical features""]","[""Relapsing-Remitting MS patients"", ""Primary Progressive MS patients""]"
"36164267","[""Canada"", ""United States""]","[""Stool""], [""Stool samples"", ""Faecal samples""]","[""Stool""]","[""Stool samples"", ""Faecal samples""]"
"36166205","[""Canada"", ""Turkey""]","[""Biomarkers""], [""Exposure"", ""Intelligence Quotient""]","[""Biomarkers""]","[""Exposure"", ""Intelligence Quotient""]"
"36167836","[""Australia"", ""Canada"", ""India""]",NULL,"[""RNA""]",NULL
"36168038","[""Canada"", ""China""]","[""Lateral Cephalometric Radiographs""], [""Image""]","[""Lateral Cephalometric Radiographs""]","[""Image""]"
"36171426","[""Austria"", ""Canada"", ""United States""]","[""RNA"", ""Translation""], [""EEG"", ""fMRI""]","[""RNA"", ""Translation""]","[""EEG"", ""fMRI""]"
"36171558","[""Canada"", ""Denmark"", ""United States""]",NULL,"[""Administrative Claims Data""]",NULL
"36171645","[""Australia"", ""Canada"", ""China"", ""United States""]","[""DNA methylation""], Imaging, genomics","[""DNA methylation""]","Imaging, genomics"
"36179862","[""Canada""]","[""verbal""], [""verbal memory""]","[""verbal""]","[""verbal memory""]"
"36183620","[""Canada"", ""United States""]","[""X-rays""], [""radiographs""]","[""X-rays""]","[""radiographs""]"
"36183654","[""Canada"", ""China"", ""Egypt"", ""Germany"", ""Greece"", ""Hong Kong""]","[""Serum samples"", ""Latent class models""], [{""Modality"": ""Blood samples""}]","[""Serum samples"", ""Latent class models""]","[{""Modality"": ""Blood samples""}]"
"36189442","[""Canada""]",NULL,NULL,"[""text""]"
"36193910","[""Canada""]","[""Self-report"", ""Mini-International Neuropsychiatric Interview""], [""self-report"", ""interviews""]","[""Self-report"", ""Mini-International Neuropsychiatric Interview""]","[""self-report"", ""interviews""]"
"36197944","[""Canada"", ""Denmark"", ""France""]","[""Text""], [{""Modality"": ""text""}, {""Modality"": null}]","[""Text""]","[{""Modality"": ""text""}, {""Modality"": null}]"
"36206696","[""Australia"", ""Canada""]",NULL,NULL,"[""Image"", ""Text""]"
"36207536","[""Austria"", ""Canada"", ""Poland""]","[""biomedical data"", ""multi-modal""], multi-modal","[""biomedical data"", ""multi-modal""]","multi-modal"
"36208571","[""Canada"", ""Slovakia""]","[""MRI"", ""CT""], [""MRI"", ""CT""]","[""MRI"", ""CT""]","[""MRI"", ""CT""]"
"36211581","[""Canada"", ""United States""]","[""Electromechanical""], [""electrical"", ""mechanical""]","[""Electromechanical""]","[""electrical"", ""mechanical""]"
"36212148","[""Canada"", ""China""]","[""Genomic""], [""image"", ""genomic""]","[""Genomic""]","[""image"", ""genomic""]"
"36217108","[""Canada"", ""United States""]","[""Blood biomarkers""], [""blood biomarkers""]","[""Blood biomarkers""]","[""blood biomarkers""]"
"36217534","[""Canada"", ""India"", ""Singapore"", ""United Arab Emirates"", ""United Kingdom""]","[""CT Scan"", ""X-ray""], [""Image""]","[""CT Scan"", ""X-ray""]","[""Image""]"
"36217547","[""Canada"", ""Sweden""]","[""Transcriptomics"", ""Glycomic""], [""Transcriptomes"", ""Cell surface glycans""]","[""Transcriptomics"", ""Glycomic""]","[""Transcriptomes"", ""Cell surface glycans""]"
"36217911","[""Canada""]","[""Spectroscopy""], [""Spectroscopy"", ""Optical technique""]","[""Spectroscopy""]","[""Spectroscopy"", ""Optical technique""]"
"36217916","[""Canada"", ""China"", ""Hong Kong"", ""United States""]","[""Electrophysiological Signals""], [""Electrophysiological signals""]","[""Electrophysiological Signals""]","[""Electrophysiological signals""]"
"36219586","[""Austria"", ""Canada"", ""Turkey"", ""United States""]",NULL,NULL,"[""X-ray images"", ""CT scans""]"
"36228649","[""Belgium"", ""Canada"", ""Germany"", ""Ireland"", ""Italy"", ""United Kingdom""]","[""Endoscopy""], [""Video"", ""Image""]","[""Endoscopy""]","[""Video"", ""Image""]"
"36229614","[""Canada"", ""China"", ""United States""]",NULL,"[""Biological and Environmental Engineering"", ""Surgery"", ""Polymer Science and Engineering""]",NULL
"36233593","[""Canada"", ""United States""]","[""Text"", ""Nil""], []","[""Text"", ""Nil""]","[]"
"36236373","[""Canada"", ""United States""]","[""NIRS"", ""Respiratory""], [""Near-Infrared Spectroscopy""]","[""NIRS"", ""Respiratory""]","[""Near-Infrared Spectroscopy""]"
"36236422","[""Canada""]","[""Electromyography""], [""electromyography""]","[""Electromyography""]","[""electromyography""]"
"36236424","[""Canada""]","[""Video"", ""Kinematic"", ""Image""], [""Image"", ""Time-series kinematic data""]","[""Video"", ""Kinematic"", ""Image""]","[""Image"", ""Time-series kinematic data""]"
"36236752","[""Canada""]","[""Biometric"", ""Physical Layer""], [""Biometric""]","[""Biometric"", ""Physical Layer""]","[""Biometric""]"
"36238349","[""Canada""]","[""EEG""], [""electroencephalography (EEG)"", ""cold thermal pain""]","[""EEG""]","[""electroencephalography (EEG)"", ""cold thermal pain""]"
"36245949","[""Canada"", ""Israel"", ""United States""]",NULL,NULL,"[""viral RNA kinetics""]"
"36247426","[""Canada""]",NULL,"[""Imaging""]",NULL
"36248019","[""Canada"", ""Colombia""]","[""CT scans""], [""CT""]","[""CT scans""]","[""CT""]"
"36248625","[""Canada""]","[""Sensor Data""], [""Sensor data"", ""Self-reported symptoms""]","[""Sensor Data""]","[""Sensor data"", ""Self-reported symptoms""]"
"36253624","[""Canada""]",NULL,"[""Medical procedures""]",NULL
"36254822","[""Canada"", ""India"", ""United Kingdom"", ""United States""]","[""Endoscopic"", ""Frames""], [""endoscopic recordings""]","[""Endoscopic"", ""Frames""]","[""endoscopic recordings""]"
"36258306","[""Canada"", ""Israel"", ""Jersey"", ""United States""]","[""Clinical""], [""text"", ""numeric""]","[""Clinical""]","[""text"", ""numeric""]"
"36264067","[""Canada"", ""United States""]","[], [""Age"", ""Sex"", ""Surgical resection status"", ""Tumor histology and tumor site""]","[]","[""Age"", ""Sex"", ""Surgical resection status"", ""Tumor histology and tumor site""]"
"36274041","[""Canada"", ""Israel"", ""Poland"", ""Switzerland"", ""United States""]",NULL,"[""Cardiology"", ""Imaging"", ""Radiology""]",NULL
"36280197","[""Canada"", ""United States""]",NULL,NULL,"[""sleep, mental health""]"
"36284402","[""Canada"", ""Poland"", ""United States""]","[""Coronary Calcium Scores""], [""Image""]","[""Coronary Calcium Scores""]","[""Image""]"
"36287916","[""Canada""]","[""T1-weighted magnetic resonance imaging""], [""T1-weighted magnetic resonance imaging"", null]","[""T1-weighted magnetic resonance imaging""]","[""T1-weighted magnetic resonance imaging"", null]"
"36290397","[""Canada""]","[""RNA Sequencing""], [""Single-Cell RNA Sequencing Data""]","[""RNA Sequencing""]","[""Single-Cell RNA Sequencing Data""]"
"36290520","[""Canada""]","[""3D kinematics"", ""Foot angles""], [""kinematics""]","[""3D kinematics"", ""Foot angles""]","[""kinematics""]"
"36291564","[""Canada""]","[""Gait analysis"", ""Sensory assays""], [""Gait"", ""Sensory""]","[""Gait analysis"", ""Sensory assays""]","[""Gait"", ""Sensory""]"
"36291917","[""Canada""]","[""MRI""], [""MRI""]","[""MRI""]","[""MRI""]"
"36292227","[""Canada"", ""China""]","[""physiological data""], [""Physiological data""]","[""physiological data""]","[""Physiological data""]"
"36299540","[""Canada"", ""Denmark""]",NULL,NULL,"[""Virtual Reality"", ""In Vivo Exposure""]"
"36301485","[""Canada"", ""Ireland"", ""United Kingdom"", ""United States""]","[""Electronic Health Records""], {""text"": true, ""image"": null}","[""Electronic Health Records""]","{""text"": true, ""image"": null}"
"36304318","[""Canada"", ""India""]","[""Methylation"", ""Histone"", ""Human genome"", ""RNA sequences""], [""Methylation"", ""Histone"", ""Human genome"", ""RNA sequences""]","[""Methylation"", ""Histone"", ""Human genome"", ""RNA sequences""]","[""Methylation"", ""Histone"", ""Human genome"", ""RNA sequences""]"
"36306056","[""Canada""]","[""ultrasound""], [""ultrasound"", ""natural images""]","[""ultrasound""]","[""ultrasound"", ""natural images""]"
"36307551","[""Canada"", ""Switzerland"", ""United States""]","[""MRI""], [""MRI""]","[""MRI""]","[""MRI""]"
"36319708","[""Canada"", ""Germany"", ""United States""]","[""Blood serum""], [""NlmCategory"", ""blood serum""]","[""Blood serum""]","[""NlmCategory"", ""blood serum""]"
"36320964","[""Canada"", ""India"", ""Pakistan"", ""United States"", ""Venezuela""]","[""Sociodemographic profile"", ""biological, developmental, and environmental risk factors""], [""speech and language delay""]","[""Sociodemographic profile"", ""biological, developmental, and environmental risk factors""]","[""speech and language delay""]"
"36322739","[""Canada""]","[""Image"", ""Object recognition""], [""image""]","[""Image"", ""Object recognition""]","[""image""]"
"36326618","[""Canada"", ""Iran"", ""United States""]","[""T2-w"", ""T2-FLAIR"", ""T1-w"", ""T1-Gd""], [""T2-w"", ""T2-FLAIR"", ""T1-w"", ""T1-Gd""]","[""T2-w"", ""T2-FLAIR"", ""T1-w"", ""T1-Gd""]","[""T2-w"", ""T2-FLAIR"", ""T1-w"", ""T1-Gd""]"
"36327383","[""Canada""]","[""Text""], [""Text""]","[""Text""]","[""Text""]"
"36329531","[""Canada"", ""Italy"", ""Kuwait""]","[""microarray gene expression""], [{""Format"": ""microarray"", ""Modality"": ""gene expression""}]","[""microarray gene expression""]","[{""Format"": ""microarray"", ""Modality"": ""gene expression""}]"
"36332954","[""Canada"", ""United States""]",NULL,"[""Self-report questionnaires"", ""Semi-structured qualitative interviews""]",NULL
"36336953","[""Canada""]","[], [""Text data"", ""Image data""]","[]","[""Text data"", ""Image data""]"
"36344655","[""Canada"", ""Singapore"", ""United States""]","[""grey and white matter structure""], [""grey and white matter structure""]","[""grey and white matter structure""]","[""grey and white matter structure""]"
"36347838","[""Brazil"", ""Canada""]","[""Single-nucleotide polymorphisms"", ""Text analysis"", ""Psychometric scales"", ""Hospital records"", ""Resting-state regional cerebral blood flow""], [{""Modality"": ""Psychometric scales""}, {""Modality"": ""Hospital records""}]","[""Single-nucleotide polymorphisms"", ""Text analysis"", ""Psychometric scales"", ""Hospital records"", ""Resting-state regional cerebral blood flow""]","[{""Modality"": ""Psychometric scales""}, {""Modality"": ""Hospital records""}]"
"36350138","[""Canada""]","[""Radiologic""], [""Radiologic criteria"", ""Patient factors""]","[""Radiologic""]","[""Radiologic criteria"", ""Patient factors""]"
"36351912","[""Canada"", ""Singapore"", ""United Kingdom"", ""United States""]","[""Echocardiogram""], [""Echocardiogram""]","[""Echocardiogram""]","[""Echocardiogram""]"
"36355196","[""Canada"", ""China""]","[""CT scans""], [""Computed Tomography (CT) scans""]","[""CT scans""]","[""Computed Tomography (CT) scans""]"
"36357948","[""Canada""]","[""Text""], [""International Classification of Diseases"", ""Canadian Classification of Health Intervention""]","[""Text""]","[""International Classification of Diseases"", ""Canadian Classification of Health Intervention""]"
"36363901","[""Canada"", ""China"", ""Japan"", ""Singapore""]","[""ECG"", ""Breathing"", ""Motion signals""], [""ECG"", ""breathing"", ""motion signals""]","[""ECG"", ""Breathing"", ""Motion signals""]","[""ECG"", ""breathing"", ""motion signals""]"
"36366153","[""Canada"", ""Iraq"", ""United States""]","[""Electromyography""], [""Electromyography""]","[""Electromyography""]","[""Electromyography""]"
"36367134","[""Canada""]","[""Assessment""], [""EarlyDetect assessment""]","[""Assessment""]","[""EarlyDetect assessment""]"
"36367438","[""Canada"", ""United States""]","[""Physical activity"", ""Sedentary time""], [""activity"", ""sedentary time""]","[""Physical activity"", ""Sedentary time""]","[""activity"", ""sedentary time""]"
"36367528","[""Canada"", ""United States""]","[""Video"", ""Facial movement""], [""Video"", ""Audio""]","[""Video"", ""Facial movement""]","[""Video"", ""Audio""]"
"36368120","[""Canada"", ""China""]",NULL,NULL,"[""MRI"", ""2D slices"", ""3D volume""]"
"36368560","[""Canada""]","[""MRI""], [""MRI images""]","[""MRI""]","[""MRI images""]"
"36368616","[""Canada"", ""Turkey"", ""United States""]","[""Imaging""], [""Plasma proteins"", ""Clinical factors""]","[""Imaging""]","[""Plasma proteins"", ""Clinical factors""]"
"36371527","[""Canada"", ""Germany"", ""United States""]","[""Microscopy"", ""Immunohistochemistry"", ""Anatomy"", ""Etiologies"", ""Imaging""], [""Microscopy"", ""Immunohistochemistry"", ""Anatomy""]","[""Microscopy"", ""Immunohistochemistry"", ""Anatomy"", ""Etiologies"", ""Imaging""]","[""Microscopy"", ""Immunohistochemistry"", ""Anatomy""]"
"36372249","[""Brazil"", ""Canada""]","[""Laboratory tests"", ""Cardiac stress test""], [""Demographics"", ""Comorbidities"", ""Laboratory tests"", ""Cardiac stress test data""]","[""Laboratory tests"", ""Cardiac stress test""]","[""Demographics"", ""Comorbidities"", ""Laboratory tests"", ""Cardiac stress test data""]"
"36372292","[""Canada"", ""Switzerland""]","[""Electronic Medical Record""], [{""Type"": null, ""Modality"": ""Electronic medical records""}]","[""Electronic Medical Record""]","[{""Type"": null, ""Modality"": ""Electronic medical records""}]"
"36375417","[""Canada"", ""Israel""]","[""Magnetic Resonance Enterography (MRE)"", ""Biochemical biomarkers"", ""Ileocolonoscopy""], [""Magnetic Resonance Enterography (MRE), biochemical biomarkers""]","[""Magnetic Resonance Enterography (MRE)"", ""Biochemical biomarkers"", ""Ileocolonoscopy""]","[""Magnetic Resonance Enterography (MRE), biochemical biomarkers""]"
"36375561","[""Canada"", ""China""]","[""MRI""], [""MRI""]","[""MRI""]","[""MRI""]"
"36375781","[""Canada"", ""France""]","[""Electronic address"", ""Hospital name"", ""Department""], [""Arterial lactate value"", ""Intraoperative vasoactive inotropic score""]","[""Electronic address"", ""Hospital name"", ""Department""]","[""Arterial lactate value"", ""Intraoperative vasoactive inotropic score""]"
"36378672","[""Canada"", ""Georgia"", ""United States""]",NULL,NULL,"[{""Tag"": ""USA"", ""Country"": ""United States of America""}, {""Tag"": ""CA"", ""Country"": ""Canada""}]"
"36382003","[""Belgium"", ""Canada"", ""United Kingdom"", ""United States""]",NULL,"[""N/A""]",NULL
"36388142","[""Canada"", ""United States""]","[""Computed Tomography (CT)"", ""Fluorodeoxyglucose Positron Emission Tomography-Computed Tomography (FDG PET-CT)""], [""CT"", ""FDG PET-CT""]","[""Computed Tomography (CT)"", ""Fluorodeoxyglucose Positron Emission Tomography-Computed Tomography (FDG PET-CT)""]","[""CT"", ""FDG PET-CT""]"
"36394258","[""Brazil"", ""Canada"", ""United Kingdom"", ""United States""]","[""medical""], [""Text"", ""Image""]","[""medical""]","[""Text"", ""Image""]"
"36394938","[""Canada"", ""Colombia"", ""United States""]",NULL,NULL,"[""text""]"
"36395096","[""Canada"", ""Italy""]",NULL,"[""Biomarkers"", ""Electronically collected data""]",NULL
"36395604","[""Canada"", ""China""]","[""Medical Images""], [""Images""]","[""Medical Images""]","[""Images""]"
"36408897","[""Canada"", ""Jersey""]",NULL,"[""Machine learning""]",NULL
"36396455","[""Brazil"", ""Canada"", ""Sweden"", ""United States""]",NULL,"[""Montreal Neurological Institute"", ""McGill University Research Center for Studies in Aging"", ""University of Gothenburg"", ""Departments of Psychiatry and Neurology, University of Pittsburgh School of Medicine""]",NULL
"36396865","[""Canada"", ""Norway"", ""United States""]","[""Magnetic resonance imaging (MRI)""], [""MRI""]","[""Magnetic resonance imaging (MRI)""]","[""MRI""]"
"36399579","[""Canada"", ""United States""]","[""epigenomic"", ""transcriptomic"", ""proteomic"", ""metabolomic""], [""Epigenomic"", ""Transcriptomic"", ""Proteomic"", ""Metabolomic""]","[""epigenomic"", ""transcriptomic"", ""proteomic"", ""metabolomic""]","[""Epigenomic"", ""Transcriptomic"", ""Proteomic"", ""Metabolomic""]"
"36400939","[""Canada"", ""United States""]","[""Images""], [""knee osteoarthritis"", ""cervical cancer screening""]","[""Images""]","[""knee osteoarthritis"", ""cervical cancer screening""]"
"36402366","[""Canada""]","[""μCT""], {""Computed Tomography (CT)"": null}","[""μCT""]","{""Computed Tomography (CT)"": null}"
"36413905","[""Canada""]","[""Medical Image"", ""Semantic Segmentation""], [""image"", ""pixel-wise annotations""]","[""Medical Image"", ""Semantic Segmentation""]","[""image"", ""pixel-wise annotations""]"
"36414774","[""Canada"", ""United States""]",NULL,NULL,"[""text"", ""flags""]"
"36415053","[""Canada""]","[""kinematic""], [""Kinematic"", ""Time-series""]","[""kinematic""]","[""Kinematic"", ""Time-series""]"
"36418604","[""Canada""]","[""Electrocardiogram""], [""Electrocardiogram telemetry""]","[""Electrocardiogram""]","[""Electrocardiogram telemetry""]"
"36421112","[""Canada"", ""Switzerland""]","[""ECG"", ""RSP""], [""ECG"", ""RSP""]","[""ECG"", ""RSP""]","[""ECG"", ""RSP""]"
"36426508","[""Canada""]","[""text""], text","[""text""]","text"
"36426683","[""Canada"", ""United States""]",NULL,NULL,NULL
"36434628","[""Canada"", ""France""]",NULL,"[""hospital readmission prediction""]",NULL
"36438173","[""Canada"", ""China""]",NULL,"[""Clinical""]",NULL
"36440975","[""Canada"", ""Portugal"", ""Saudi Arabia""]",NULL,"[""DNA methylation"", ""Epigenetic""]",NULL
"36442460","[""Canada"", ""Netherlands"", ""United States""]","[""Imaging"", ""Clinical""], Clinical variables, imaging features","[""Imaging"", ""Clinical""]","Clinical variables, imaging features"
"36444329","[""Canada"", ""Japan""]","[""Echocardiography"", ""Biomarkers""], [""echocardiography"", ""biomarkers""]","[""Echocardiography"", ""Biomarkers""]","[""echocardiography"", ""biomarkers""]"
"36450807","[""Canada"", ""China""]","[""Electromyogram"", ""Hand gesture recognition""], [""electromyogram""]","[""Electromyogram"", ""Hand gesture recognition""]","[""electromyogram""]"
"36451356","[""Canada"", ""France""]",NULL,NULL,"[""Imaging"", ""Electrophysiology""]"
"36460275","[""Canada"", ""France""]","[""3D"", ""2D""], {""Image classification"": true}","[""3D"", ""2D""]","{""Image classification"": true}"
"36462908","[""Canada""]","[""Radiological""], [""Radiology"", ""Medical imaging""]","[""Radiological""]","[""Radiology"", ""Medical imaging""]"
"36463545","[""Canada""]","[""X-ray""], {""X-ray_images"": true}","[""X-ray""]","{""X-ray_images"": true}"
"36465088","[""Canada""]","[""Audio""], [""audio features""]","[""Audio""]","[""audio features""]"
"36465898","[""Canada"", ""France"", ""United Kingdom""]","[""PET""], [""Image""]","[""PET""]","[""Image""]"
"36469776","[""Canada"", ""Denmark"", ""Italy"", ""Sweden"", ""United States""]",NULL,NULL,NULL
"36470898","[""Australia"", ""Austria"", ""Brazil"", ""Canada"", ""Chile"", ""China"", ""Colombia"", ""Czechia"", ""Ecuador"", ""Egypt"", ""Germany"", ""Greece"", ""India"", ""Iran"", ""Luxembourg"", ""Netherlands"", ""Nigeria"", ""Spain"", ""Switzerland"", ""United Kingdom"", ""United States""]",NULL,NULL,"[{""modality"": ""image""}, {""modality"": ""text""}]"
"36471160","[""Canada"", ""Netherlands"", ""United States""]","[""T1w-CE MRI""], [""MRI""]","[""T1w-CE MRI""]","[""MRI""]"
"36472344","[""Canada"", ""Poland"", ""United States""]","[""Whole blood""], [""gene expression""]","[""Whole blood""]","[""gene expression""]"
"36473647","[""Canada"", ""France"", ""United States""]","[""MRI"", ""T1-weighted MRI"", ""T2-weighted MRI""], [""Image"", ""Text""]","[""MRI"", ""T1-weighted MRI"", ""T2-weighted MRI""]","[""Image"", ""Text""]"
"36481929","[""Canada"", ""Finland"", ""France"", ""Germany"", ""United Kingdom"", ""United States""]",NULL,NULL,NULL
"36484420","[""Canada"", ""India"", ""South Africa"", ""United States""]",NULL,NULL,"[]"
"36484722","[""Canada"", ""United Kingdom"", ""United States""]","[""Physical"", ""Balance""], []","[""Physical"", ""Balance""]","[]"
"36494770","[""Canada"", ""Saudi Arabia""]",NULL,NULL,"[{""Modality"": ""mobility measures""}, {""Modality"": ""ICF ontology""}]"
"36496303","[""Australia"", ""Canada"", ""France"", ""Netherlands"", ""Switzerland"", ""United Kingdom""]",NULL,NULL,"[""text"", ""image""]"
"36497479","[""Austria"", ""Canada"", ""Germany""]","[""Affymetrix gene expression"", ""FDG-PET signals""], [""gene expression"", ""FDG-PET signals""]","[""Affymetrix gene expression"", ""FDG-PET signals""]","[""gene expression"", ""FDG-PET signals""]"
"36499143","[""Canada""]","[""Optic nerve""], [""Immunostaining"", ""Deep Learning""]","[""Optic nerve""]","[""Immunostaining"", ""Deep Learning""]"
"36502696","[""Canada"", ""Saudi Arabia"", ""United States""]","[""Electroencephalography""], [""EEG""]","[""Electroencephalography""]","[""EEG""]"
"36508026","[""Canada"", ""Switzerland""]","[""PET""], [""PET imaging"", ""Computational model""]","[""PET""]","[""PET imaging"", ""Computational model""]"
"36508223","[""Canada"", ""France"", ""Netherlands""]","[], [""Orthopedic Surgery"", ""Hand, Upper Limb, Peripheral Nerve, Brachial Plexus and Microsurgery Unit""]","[]","[""Orthopedic Surgery"", ""Hand, Upper Limb, Peripheral Nerve, Brachial Plexus and Microsurgery Unit""]"
"36508692","[""Canada"", ""Norway""]",NULL,NULL,"[""Department of Radiology and Nuclear Medicine, Oslo University Hospital""]"
"36509776","[""Canada"", ""United States""]","[""RNA-Seq""], [""RNA-Sequence""]","[""RNA-Seq""]","[""RNA-Sequence""]"
"36512526","[""Canada""]","[""Brain Imaging""], [""Imaging"", ""Genetic data""]","[""Brain Imaging""]","[""Imaging"", ""Genetic data""]"
"36516913","[""Canada"", ""France"", ""Korea, Republic of"", ""Singapore"", ""Turkey"", ""United States"", ""Vietnam""]","[""Functional Near-Infrared Spectroscopy""], [""neuroanatomical areas""]","[""Functional Near-Infrared Spectroscopy""]","[""neuroanatomical areas""]"
"36517749","[""Canada""]","[""Coherent Anti-Stokes Raman Scattering (CARS) microscopy"", ""Non-linear Optical Imaging Modality (NLOM)""], [""CARS microscopy"", ""Coherent anti-stokes Raman scattering""]","[""Coherent Anti-Stokes Raman Scattering (CARS) microscopy"", ""Non-linear Optical Imaging Modality (NLOM)""]","[""CARS microscopy"", ""Coherent anti-stokes Raman scattering""]"
"36520580","[""Canada""]",NULL,NULL,"[""Extracellular vesicles"", ""Biomarkers""]"
"36520785","[""Canada""]",NULL,"[""Computed Tomography (CT)""]",NULL
"36523641","[""Canada""]","[""Medical Imaging"", ""Radiology""], []","[""Medical Imaging"", ""Radiology""]","[]"
"36524810","[""Canada"", ""United States""]","[""Verbal""], [""Language use"", ""Pain relief""]","[""Verbal""]","[""Language use"", ""Pain relief""]"
"36525893","[""Canada"", ""United Kingdom"", ""United States""]","[""EEG""], [""EEG""]","[""EEG""]","[""EEG""]"
"36526308","[""Canada""]","[""Video""], [""videos"", ""human pose-estimation libraries""]","[""Video""]","[""videos"", ""human pose-estimation libraries""]"
"36528631","[""Canada""]",NULL,"[""Administrative data""]",NULL
"36530359","[""Canada"", ""United Kingdom""]",NULL,NULL,NULL
"36530391","[""Brazil"", ""Canada"", ""China"", ""Ireland"", ""United States""]","[""Immune biomarkers""], [""blood biomarkers""]","[""Immune biomarkers""]","[""blood biomarkers""]"
"36530667","[""Canada"", ""Kuwait""]","[""Text""], [""Text""]","[""Text""]","[""Text""]"
"36537516","[""Canada"", ""United Kingdom""]","[], [""Text""]","[]","[""Text""]"
"36537541","[""Canada"", ""South Africa""]",NULL,"[]",NULL
"36538363","[""Canada""]","[""Natural Language Processing""], [""Medical Image Description Text Mining""]","[""Natural Language Processing""]","[""Medical Image Description Text Mining""]"
"36540986","[""Canada""]",NULL,NULL,"[]"
"36542249","[""Canada""]","[""Medical records""], [""text""]","[""Medical records""]","[""text""]"
"36544398","[""Canada"", ""Switzerland"", ""United States""]","[""Singleton pregnancies"", ""Cervical status"", ""Body Mass Index"", ""Maternal age"", ""Comorbidities""], [""Text""]","[""Singleton pregnancies"", ""Cervical status"", ""Body Mass Index"", ""Maternal age"", ""Comorbidities""]","[""Text""]"
"36545250","[""Canada""]","[""Electronic Health Record""], [""Electronic Health Records""]","[""Electronic Health Record""]","[""Electronic Health Records""]"
"36551273","[""Canada"", ""China""]",NULL,NULL,"[""text""]"
"36553079","[""Canada"", ""France"", ""United States""]","[""DECT""], [""DECT"", ""Images""]","[""DECT""]","[""DECT"", ""Images""]"
"36561835","[""Canada"", ""France"", ""India""]","[""EEG""], [""EEG"", ""images""]","[""EEG""]","[""EEG"", ""images""]"
"36568544","[""Brazil"", ""Canada"", ""Colombia""]","[""Age"", ""Sex"", ""Diseases developed during 9 years""], [""Age"", ""Sex"", ""Diseases""]","[""Age"", ""Sex"", ""Diseases developed during 9 years""]","[""Age"", ""Sex"", ""Diseases""]"
"36569558","[""Canada"", ""United States""]",NULL,"[""Health""]",NULL
"36569803","[""Canada""]","[""ECG""], [""ECG"", ""stress questionnaire data""]","[""ECG""]","[""ECG"", ""stress questionnaire data""]"
"36572484","[""Canada""]",NULL,NULL,"[""Spirometry"", ""Plethysmography""]"
"36574245","[""Canada""]",NULL,"[""Administrative health data""]",NULL
"36575159","[""Canada"", ""China""]","[""MRI""], [""MRI""]","[""MRI""]","[""MRI""]"
"36575304","[""Canada"", ""Estonia"", ""Netherlands""]","[""neuroimaging""], [""Functional MRI"", ""Structural MRI""]","[""neuroimaging""]","[""Functional MRI"", ""Structural MRI""]"
"36576153","[""Canada""]","[""Text""], [""Text""]","[""Text""]","[""Text""]"
"36580997","[""Canada"", ""China""]","[""Clinical"", ""Demographic""], [""Villalta scale""]","[""Clinical"", ""Demographic""]","[""Villalta scale""]"
"36581457","[""Canada""]",NULL,NULL,"[""Text""]"
"36584158","[""Canada""]","[""Raman spectroscopy""], [""spectroscopy""]","[""Raman spectroscopy""]","[""spectroscopy""]"
"36585083","[""Canada"", ""India""]","[""Thermography""], [""Thermal Images""]","[""Thermography""]","[""Thermal Images""]"
"36588667","[""Canada"", ""United Arab Emirates""]","[""chest X-ray images""], [""Images""]","[""chest X-ray images""]","[""Images""]"
"36612994","[""Canada"", ""France""]",NULL,NULL,NULL
"36588902","[""Canada""]","[""Brain MRI"", ""Magnetic Resonance Angiography""], [{""Label"": ""Multimodal"", ""Modality"": [""MRI"", ""MRA""]}]","[""Brain MRI"", ""Magnetic Resonance Angiography""]","[{""Label"": ""Multimodal"", ""Modality"": [""MRI"", ""MRA""]}]"
"36591527","[""Canada"", ""United States""]","[""Image""], [""multimodal""]","[""Image""]","[""multimodal""]"
"36593280","[""Canada""]",NULL,NULL,"[""Machine learning""]"
"36595257","[""Canada"", ""Iran""]","[""Medical imaging""], [""Radiomics"", ""Clinical""]","[""Medical imaging""]","[""Radiomics"", ""Clinical""]"
"36595510","[""Canada"", ""United Kingdom"", ""United States""]","[""Vestibular""], [""vestibular"", ""sensor data""]","[""Vestibular""]","[""vestibular"", ""sensor data""]"
"36597110","[""Australia"", ""Canada"", ""Germany""]",NULL,"[""mobilization""]",NULL
"36597699","[""Canada"", ""United States""]",NULL,NULL,"[""survival analysis""]"
"36598686","[""Canada""]","[""Cine cardiac magnetic resonance imaging""], [""Magnetic Resonance Imaging""]","[""Cine cardiac magnetic resonance imaging""]","[""Magnetic Resonance Imaging""]"
"36603288","[""Canada"", ""Italy"", ""Netherlands"", ""New Zealand"", ""Portugal"", ""Spain"", ""United States""]","[""Pathology""], [""Pathology"", ""Imaging""]","[""Pathology""]","[""Pathology"", ""Imaging""]"
"36603372","[""Canada"", ""China""]","[""Image""], [""Image"", ""Segmentation""]","[""Image""]","[""Image"", ""Segmentation""]"
"36604821","[""Canada"", ""Tunisia""]","[""Motor Imagery"", ""Brain-Computer Interface""], [""Electroencephalography""]","[""Motor Imagery"", ""Brain-Computer Interface""]","[""Electroencephalography""]"
"36605114","[""Canada"", ""United States""]","[""image""], [""image""]","[""image""]","[""image""]"
"36607506","[""Canada"", ""Germany""]","[""MRI"", ""CT""], [""NCCT"", ""FLAIR MRI""]","[""MRI"", ""CT""]","[""NCCT"", ""FLAIR MRI""]"
"36624107","[""Canada""]","[""Imaging"", ""Text""], [""Functional""]","[""Imaging"", ""Text""]","[""Functional""]"
"36627280","[""Canada""]",NULL,NULL,NULL
"36628172","[""Canada"", ""United States""]","[""Signal on graph""], [""graph signals""]","[""Signal on graph""]","[""graph signals""]"
"36629921","[""Canada""]",NULL,"[""Text""]",NULL
"36630722","[""Canada""]","[""CT"", ""PET/CT""], [""PET/CT"", ""Ultrasound-guided needle biopsy""]","[""CT"", ""PET/CT""]","[""PET/CT"", ""Ultrasound-guided needle biopsy""]"
"36631694","[""Canada"", ""Israel""]",NULL,NULL,"[""Medical test"", ""Model prediction mechanism""]"
"36632188","[""Canada"", ""Germany"", ""Switzerland""]","[""Anatomical features"", ""Histological and molecular features""], [""histopathologic"", ""molecular""]","[""Anatomical features"", ""Histological and molecular features""]","[""histopathologic"", ""molecular""]"
"36632859","[""Canada"", ""United States""]","[""Audio""], [""audio""]","[""Audio""]","[""audio""]"
"36635575","[""Canada"", ""Ireland"", ""United States""]","[""Metabolomics"", ""Microbiome""], [""Metabolomics"", ""Microbiome sequencing""]","[""Metabolomics"", ""Microbiome""]","[""Metabolomics"", ""Microbiome sequencing""]"
"36635594","[""Canada""]","[""Computed Tomography Angiography (CTA)""], [""CTA"", ""MIPs""]","[""Computed Tomography Angiography (CTA)""]","[""CTA"", ""MIPs""]"
"36641812","[""Canada"", ""Germany""]","[""Nailfold video capillaroscopy""], [""Images""]","[""Nailfold video capillaroscopy""]","[""Images""]"
"36645143","[""Austria"", ""Canada"", ""Italy"", ""United States""]","[""image""], [""Image"", ""Fractal dimension""]","[""image""]","[""Image"", ""Fractal dimension""]"
"36649068","[""Canada""]",NULL,NULL,"{""Text"": [""Department of Psychology, University of Toronto"", ""Centre for Addiction and Mental Health""], ""Audio"": [""Department of Psychology, University of Toronto"", ""Centre for Addiction and Mental Health""], ""Image"": null}"
"36649481","[""Canada"", ""United States""]",NULL,"[""Clinical Notes"", ""Diagnosis Codes"", ""Procedure Codes"", ""Chart Events""]",NULL
"36652661","[""Canada"", ""Turkey"", ""United States""]","[""Computed Tomography"", ""Stereotactic Body Radiotherapy""], [""CT Imaging""]","[""Computed Tomography"", ""Stereotactic Body Radiotherapy""]","[""CT Imaging""]"
"36661231","[""Canada"", ""Korea, Republic of"", ""Netherlands""]","[""verbal memory""], [""Verbal memory functions"", ""Lesion location""]","[""verbal memory""]","[""Verbal memory functions"", ""Lesion location""]"
"36661454","[""Canada""]","[""Lung Ultrasound""], {""Ultrasound"": ""Lung"", ""Deep Learning Model"": ""Classification""}","[""Lung Ultrasound""]","{""Ultrasound"": ""Lung"", ""Deep Learning Model"": ""Classification""}"
"36662732","[""Canada"", ""Colombia""]",NULL,NULL,"[""Image"", ""Text""]"
"36669727","[""Canada""]","[""Qualitative"", ""Quantitative""], [""Gait training"", ""Functional clinical therapy""]","[""Qualitative"", ""Quantitative""]","[""Gait training"", ""Functional clinical therapy""]"
"36679747","[""Canada""]","[""Inertial Sensors""], [""Wrist posture"", ""Flexion/extension"", ""Radial/ulnar deviation""]","[""Inertial Sensors""]","[""Wrist posture"", ""Flexion/extension"", ""Radial/ulnar deviation""]"
"36681776","[""Canada""]","[""Colonoscopy images""], [""Image""]","[""Colonoscopy images""]","[""Image""]"
"36681813","[""Canada"", ""United States""]","[""Flow cytometry""], [{""text"": null}]","[""Flow cytometry""]","[{""text"": null}]"
"36691875","[""Canada"", ""United States""]","[""Fluoroscopy""], [""Fluoroscopy""]","[""Fluoroscopy""]","[""Fluoroscopy""]"
"36695623","[""Canada"", ""Netherlands"", ""Sweden"", ""United Kingdom"", ""United States""]","[""Harmonized"", ""Individual""], [""Machine learning"", ""Statistics""]","[""Harmonized"", ""Individual""]","[""Machine learning"", ""Statistics""]"
"36697455","[""Canada""]",NULL,NULL,"[""Time-varying covariates"", ""Machine learning""]"
"36703133","[""Canada"", ""South Africa""]","[""location specific virus dynamics""], [""Text"", ""Mathematics""]","[""location specific virus dynamics""]","[""Text"", ""Mathematics""]"
"36711754","[""Canada"", ""China"", ""Israel"", ""Turkey"", ""United States""]",NULL,NULL,"[""Images"", ""Text""]"
"36706617","[""Canada"", ""Italy""]","[""Computer Vision"", ""Timeseries""], [""video"", ""timeseries""]","[""Computer Vision"", ""Timeseries""]","[""video"", ""timeseries""]"
"36707846","[""Canada""]","[""Kinematic""], [""Kinematic parameters""]","[""Kinematic""]","[""Kinematic parameters""]"
"36709079","[""Canada"", ""Colombia"", ""United States""]","[""Genotype"", ""Phenotype""], [""Text""]","[""Genotype"", ""Phenotype""]","[""Text""]"
"36712571","[""Canada"", ""United States""]","[""Radiology""], [""Imaging"", ""Genomics""]","[""Radiology""]","[""Imaging"", ""Genomics""]"
"36716998","[""Australia"", ""Canada"", ""Germany"", ""Greece"", ""Netherlands"", ""Singapore"", ""United Kingdom"", ""United States""]",NULL,"[""Text""]",NULL
"36724157","[""Canada"", ""United States""]",NULL,NULL,"[""Subjective and objective social deprivation""]"
"36724551","[""Canada""]","[""MRI"", ""Clinical dose distributions""], [""3D dose distributions""]","[""MRI"", ""Clinical dose distributions""]","[""3D dose distributions""]"
"36732110","[""Australia"", ""Canada"", ""United Kingdom"", ""United States""]","[""audio""], [""audio"", ""text""]","[""audio""]","[""audio"", ""text""]"
"36737625","[""Canada""]","[], [""Sociodemographic characteristics"", ""Healthcare service use"", ""Chronic diseases""]","[]","[""Sociodemographic characteristics"", ""Healthcare service use"", ""Chronic diseases""]"
"36737711","[""Canada"", ""Georgia"", ""Lebanon""]","[""heart rate"", ""systolic blood pressure"", ""coronary computed tomography angiography""], [""heart rate"", ""systolic blood pressure""]","[""heart rate"", ""systolic blood pressure"", ""coronary computed tomography angiography""]","[""heart rate"", ""systolic blood pressure""]"
"36740609","[""Canada""]","[""MRI""], [""MRI reports""]","[""MRI""]","[""MRI reports""]"
"36747065","[""Canada"", ""United States""]","[""ECG""], [""ECG""]","[""ECG""]","[""ECG""]"
"36750489","[""Belgium"", ""Canada"", ""China""]","[""MRI"", ""CT""], [""MRI"", ""CT images""]","[""MRI"", ""CT""]","[""MRI"", ""CT images""]"
"36758326","[""Canada"", ""Poland""]","[""Histopathological"", ""Cytological""], [""histopathological images"", ""cytological biopsy specimens""]","[""Histopathological"", ""Cytological""]","[""histopathological images"", ""cytological biopsy specimens""]"
"36764023","[""Canada"", ""Norway""]","[""T1-weighted MRI"", ""Pulse Amplitude Tonometry""], [""MRI"", ""Tonometry""]","[""T1-weighted MRI"", ""Pulse Amplitude Tonometry""]","[""MRI"", ""Tonometry""]"
"36765908","[""Canada"", ""Iran"", ""United States""]","[""MRI"", ""MR""], [{""Modality"": ""MRI""}, {""Modality"": ""T1-weighted and T2-FLAIR images""}]","[""MRI"", ""MR""]","[{""Modality"": ""MRI""}, {""Modality"": ""T1-weighted and T2-FLAIR images""}]"
"36772451","[""Canada""]","[""Gyroscope"", ""Wearable sensors""], [""Gyroscope data""]","[""Gyroscope"", ""Wearable sensors""]","[""Gyroscope data""]"
"36772710","[""Canada"", ""United States""]","[""Brightness mode (B-mode) ultrasound""], [""ultrasound""]","[""Brightness mode (B-mode) ultrasound""]","[""ultrasound""]"
"36777157","[""Canada""]","[""Self-reported"", ""Substance use indicators""], [""text""]","[""Self-reported"", ""Substance use indicators""]","[""text""]"
"36787672","[""Canada""]",NULL,"[""Self-reported symptom change""]",NULL
"36788215","[""Canada"", ""France"", ""United Kingdom"", ""United States"", ""Zimbabwe""]","[""Metagenomic sequencing""], [""metagenomics""]","[""Metagenomic sequencing""]","[""metagenomics""]"
"36788319","[""Canada"", ""Czechia"", ""Netherlands""]","[""ECG"", ""Pulse Oximeter"", ""Arterial Waveforms""], [""ECG"", ""Pulse oximeter""]","[""ECG"", ""Pulse Oximeter"", ""Arterial Waveforms""]","[""ECG"", ""Pulse oximeter""]"
"36808151","[""Canada"", ""Iran""]","[""Imaging data""], [""Electronic laboratory and clinical data""]","[""Imaging data""]","[""Electronic laboratory and clinical data""]"
"36810139","[""Canada"", ""China"", ""Hong Kong""]","[""Blastocyst images"", ""Patient couple's clinical features""], [""Images"", ""Clinical features""]","[""Blastocyst images"", ""Patient couple's clinical features""]","[""Images"", ""Clinical features""]"
"36812626","[""Canada"", ""United States""]","[""Cardiovascular Magnetic Resonance"", ""Late Gadolinium Enhancement""], [""MRI images""]","[""Cardiovascular Magnetic Resonance"", ""Late Gadolinium Enhancement""]","[""MRI images""]"
"36812632","[""Canada"", ""Israel"", ""United States"", ""Uruguay""]",NULL,"[""Electronic Health Records""]",NULL
"36812648","[""Canada"", ""China"", ""United States""]","[""Physiological"", ""Activity""], [""Wristband""]","[""Physiological"", ""Activity""]","[""Wristband""]"
"36817429","[""Canada"", ""China"", ""Jersey"", ""United States""]","[""Genomic"", ""Quantitative""], [""genomics""]","[""Genomic"", ""Quantitative""]","[""genomics""]"
"36818579","[""Canada""]","[""EEG""], [""visual inspection of power modulation spectrograms"", ""power modulation spectrogram inputs""]","[""EEG""]","[""visual inspection of power modulation spectrograms"", ""power modulation spectrogram inputs""]"
"36819938","[""Belgium"", ""Canada"", ""France"", ""Ireland"", ""Italy"", ""New Zealand"", ""Sri Lanka""]","[""EEG""], [""EEG""]","[""EEG""]","[""EEG""]"
"36821110","[""Canada"", ""Israel"", ""Spain"", ""United States""]",NULL,"[""X-ray"", ""MRI"", ""CT Scan""]",NULL
"36822878","[""Canada""]","[""Eye Tracking""], [""Eye-tracking data"", ""Machine Learning""]","[""Eye Tracking""]","[""Eye-tracking data"", ""Machine Learning""]"
"36836230","[""Canada""]","[""CGM data points""], [""Blood Glucose Risk Score Formula"", ""Root Mean Squared Error (RMSE)""]","[""CGM data points""]","[""Blood Glucose Risk Score Formula"", ""Root Mean Squared Error (RMSE)""]"
"36849211","[""Canada""]",NULL,"[""Health administrative data"", ""Community-level social deprivation and marginalisation""]",NULL
"36857952","[""Canada""]","[""Magnetic Resonance Imaging""], [""Image"", ""k-space""]","[""Magnetic Resonance Imaging""]","[""Image"", ""k-space""]"
"36857967","[""Canada"", ""India"", ""Singapore"", ""Taiwan""]","[""Echocardiography""], [""Image"", ""Text""]","[""Echocardiography""]","[""Image"", ""Text""]"
"36867224","[""Argentina"", ""Australia"", ""Bangladesh"", ""Belgium"", ""Brazil"", ""Bulgaria"", ""Canada"", ""Chile"", ""Cyprus"", ""Denmark"", ""Egypt"", ""Georgia"", ""Germany"", ""Greece"", ""Israel"", ""Italy"", ""Latvia"", ""Lithuania"", ""Mexico"", ""Netherlands"", ""Nigeria"", ""Pakistan"", ""Peru"", ""Poland"", ""Russia"", ""Serbia"", ""Spain"", ""Turkey"", ""Ukraine"", ""United Kingdom"", ""United States""]",NULL,NULL,NULL
"36867596","[""Canada"", ""United Kingdom""]","[""Cognitive Tests""], [""sociodemographic"", ""social engagement"", ""health"", ""physical functioning"", ""psychological"", ""health-related behaviors"", ""baseline cognitive tests""]","[""Cognitive Tests""]","[""sociodemographic"", ""social engagement"", ""health"", ""physical functioning"", ""psychological"", ""health-related behaviors"", ""baseline cognitive tests""]"
"36872936","[""Canada""]",NULL,"[""Specific cannabinoid recommendations"", ""Diagnosis information""]",NULL
"36873304","[""Canada"", ""Egypt"", ""United States""]","[""Neck-Attached Sensors"", ""Machine Learning""], [""Audio""]","[""Neck-Attached Sensors"", ""Machine Learning""]","[""Audio""]"
"36877673","[""Bangladesh"", ""Canada"", ""Zambia""]","[""Clinical"", ""Metabolomic""], [""Clinical"", ""Metabolomic""]","[""Clinical"", ""Metabolomic""]","[""Clinical"", ""Metabolomic""]"
"36880253","[""Canada""]","[""Transaction data"", ""Betting behaviour"", ""Demographics"", ""Responsible gambling tools""], [""text""]","[""Transaction data"", ""Betting behaviour"", ""Demographics"", ""Responsible gambling tools""]","[""text""]"
"36893934","[""Canada"", ""Turkey"", ""United States""]","[""medical""], [""text"", ""numeric""]","[""medical""]","[""text"", ""numeric""]"
"36894697","[""Canada"", ""United States""]","[""Magnetic Resonance Imaging (MRI)"", ""Computed Tomography (CT)""], [""MRI"", ""CT""]","[""Magnetic Resonance Imaging (MRI)"", ""Computed Tomography (CT)""]","[""MRI"", ""CT""]"
"36898486","[""Canada"", ""United States""]","[""X-Ray""], [""Image""]","[""X-Ray""]","[""Image""]"
"36899501","[""Canada"", ""China""]","[""Ultrasound""], [""Ultrasound""]","[""Ultrasound""]","[""Ultrasound""]"
"36904634","[""Canada""]","[""images"", ""videos""], [""Image"", ""Video""]","[""images"", ""videos""]","[""Image"", ""Video""]"
"36909463","[""Canada"", ""Costa Rica"", ""Netherlands"", ""Turkey"", ""United States""]","[""Digital Images""], [""images""]","[""Digital Images""]","[""images""]"
"36910911","[""Canada""]","[""free-text progress and consult notes""], [""text""]","[""free-text progress and consult notes""]","[""text""]"
"36912861","[""Canada"", ""United States""]","["" null""], [""text"", ""numeric""]","["" null""]","[""text"", ""numeric""]"
"36917868","[""Brazil"", ""Canada""]","[""Text"", ""Electronic address""], []","[""Text"", ""Electronic address""]","[]"
"36920391","[""Canada"", ""United States""]","[""Text""], [{""modality"": ""text""}]","[""Text""]","[{""modality"": ""text""}]"
"36921404","[""Australia"", ""Canada"", ""Germany""]","[""functional magnetic resonance imaging"", ""cognitive assessment battery""], [""image"", ""text""]","[""functional magnetic resonance imaging"", ""cognitive assessment battery""]","[""image"", ""text""]"
"36921979","[""Canada"", ""Poland"", ""Spain"", ""United Kingdom"", ""United States""]",NULL,"[""medical""]",NULL
"36929810","[""Canada"", ""Norway""]","[""MRI""], [""Multimodal"", ""Physiological""]","[""MRI""]","[""Multimodal"", ""Physiological""]"
"36932241","[""Australia"", ""Canada"", ""United Kingdom""]","[""medical"", ""genetic""], [""text"", ""image""]","[""medical"", ""genetic""]","[""text"", ""image""]"
"36935753","[""Canada""]","[""PPG"", ""BP""], Photoplethysmography (PPG)","[""PPG"", ""BP""]","Photoplethysmography (PPG)"
"36935935","[""Canada"", ""Iran""]",NULL,NULL,"[""Text"", ""Numbers""]"
"36944631","[""Canada"", ""United States""]","[""Magnetic resonance imaging""], [""Cardiovascular""]","[""Magnetic resonance imaging""]","[""Cardiovascular""]"
"36946533","[""Canada"", ""United States""]","[""Language""], [""Speech""]","[""Language""]","[""Speech""]"
"36958708","[""Canada"", ""Netherlands"", ""Singapore"", ""United States""]","[""Echocardiography""], [""Echocardiography""]","[""Echocardiography""]","[""Echocardiography""]"
"36959273","[""Canada""]","[""Robotic manipulandum"", ""Kinesthetic""], [""Sensorimotor control"", ""Upper-limb movements""]","[""Robotic manipulandum"", ""Kinesthetic""]","[""Sensorimotor control"", ""Upper-limb movements""]"
"36959630","[""Canada"", ""Iran""]",NULL,NULL,"[""text""]"
"36962677","[""Canada"", ""South Africa""]","[""hospital beds"", ""ventilators""], [""Text""]","[""hospital beds"", ""ventilators""]","[""Text""]"
"36962760","[""Canada"", ""United States""]","[""Metabolites"", ""Ultrasound""], [""Metabolite data"", ""Ultrasound images""]","[""Metabolites"", ""Ultrasound""]","[""Metabolite data"", ""Ultrasound images""]"
"36973382","[""Australia"", ""Canada"", ""Iran""]","[""Body composition analyzer InBody 270"", ""Fibroscan""], [""text"", ""image""]","[""Body composition analyzer InBody 270"", ""Fibroscan""]","[""text"", ""image""]"
"36975097","[""Canada""]","[""Omicron BA.4/5 spike protein""], [""text""]","[""Omicron BA.4/5 spike protein""]","[""text""]"
"36980531","[""Canada"", ""Italy""]","[""Biopsy"", ""Surgical Sample""], [""Text""]","[""Biopsy"", ""Surgical Sample""]","[""Text""]"
"36980637","[""Canada"", ""France"", ""Spain""]","[""Positron emission tomography"", ""Ultrafast Doppler"", ""Computed Tomography""], [""positron emission tomography"", ""ultrafast Doppler"", ""computed tomography""]","[""Positron emission tomography"", ""Ultrafast Doppler"", ""Computed Tomography""]","[""positron emission tomography"", ""ultrafast Doppler"", ""computed tomography""]"
"36993597","[""Canada"", ""Turkey"", ""United States""]","[""Functional MRI"", ""Diffusion tractography"", ""Cortical morphometry"", ""Positron emission tomography""], [""fMRI"", ""diffusion tractography"", ""cortical morphometry"", ""PET""]","[""Functional MRI"", ""Diffusion tractography"", ""Cortical morphometry"", ""Positron emission tomography""]","[""fMRI"", ""diffusion tractography"", ""cortical morphometry"", ""PET""]"
"36995714","[""Canada"", ""United States""]","[""Wearable device""], [""wearable device"", ""participant retention""]","[""Wearable device""]","[""wearable device"", ""participant retention""]"
"36998022","[""Brazil"", ""Canada""]","[""Pressure"", ""Flow""], [""pressure and flow waveforms""]","[""Pressure"", ""Flow""]","[""pressure and flow waveforms""]"
"37001040","[""Canada""]","[""Natural Language Processing""], [""Natural Language Processing""]","[""Natural Language Processing""]","[""Natural Language Processing""]"
"37002267","[""Canada"", ""Germany"", ""Korea, Republic of""]","[""anatomical lesion patterns"", ""language performance""], [""Anatomical lesion patterns""]","[""anatomical lesion patterns"", ""language performance""]","[""Anatomical lesion patterns""]"
"37004526","[""Canada"", ""Italy""]","[""Flow Cytometry"", ""Angiography""], [""Serum concentration"", ""Inflammatory cytokines""]","[""Flow Cytometry"", ""Angiography""]","[""Serum concentration"", ""Inflammatory cytokines""]"
"37012019","[""Canada"", ""China""]",NULL,"[""electronic records"", ""blood pressure"", ""heart rate"", ""medical history""]",NULL
"37019866","[""Canada"", ""United States""]","[""fecal"", ""whole gut transit time""], [""Probiotic intake"", ""Whole gut transit time""]","[""fecal"", ""whole gut transit time""]","[""Probiotic intake"", ""Whole gut transit time""]"
"37021166","[""Canada""]","[""Neurological""], [""Imaging data""]","[""Neurological""]","[""Imaging data""]"
"37021933","[""Canada""]","[""Gene expression profile"", ""Differential expression signature""], [""Gene Expression Profile"", ""Differential Expression Signature""]","[""Gene expression profile"", ""Differential expression signature""]","[""Gene Expression Profile"", ""Differential Expression Signature""]"
"37037147","[""Canada"", ""United States""]","[""PET/CT""], [""PET/CT""]","[""PET/CT""]","[""PET/CT""]"
"37059110","[""Canada""]","[""Computed Tomography""], [""CT"", ""MC""]","[""Computed Tomography""]","[""CT"", ""MC""]"
"37059267","[""Canada"", ""United States""]","[""Image""], [""Images""]","[""Image""]","[""Images""]"
"37051835","[""Canada""]","[""Inertial""], [""inertial data""]","[""Inertial""]","[""inertial data""]"
"37051847","[""Canada"", ""Netherlands"", ""United States""]","[""patient and injury characteristics""], [""text"", ""statistics""]","[""patient and injury characteristics""]","[""text"", ""statistics""]"
"37052589","[""Canada""]","[""Sequencing"", ""Microbiome""], [""Microbiome diversity data"", ""SNVs""]","[""Sequencing"", ""Microbiome""]","[""Microbiome diversity data"", ""SNVs""]"
"37063449","[""Canada"", ""United States""]","[""Plasma metabolomics""], [""amino acids""]","[""Plasma metabolomics""]","[""amino acids""]"
"37064531","[""Australia"", ""Canada"", ""United Kingdom""]","[""dMRI"", ""iEEG""], [""functional iEEG"", ""structural connectivity abnormalities""]","[""dMRI"", ""iEEG""]","[""functional iEEG"", ""structural connectivity abnormalities""]"
"37070145","[""Canada"", ""United States""]","[""Clinical""], [""text"", ""numeric data""]","[""Clinical""]","[""text"", ""numeric data""]"
"37070854","[""Canada"", ""Italy"", ""United States""]","[""Computed Tomography"", ""Non-Contrast Computed Tomography""], [""radiomics""]","[""Computed Tomography"", ""Non-Contrast Computed Tomography""]","[""radiomics""]"
"37070957","[""Australia"", ""Canada"", ""China"", ""Hong Kong"", ""United Kingdom""]","[""Medical Imaging""], [""text"", ""numeric""]","[""Medical Imaging""]","[""text"", ""numeric""]"
"37076338","[""Canada"", ""Korea, Republic of""]",NULL,NULL,"[""text"", ""image""]"
"37076833","[""Canada"", ""Iran"", ""United Kingdom""]","[""variables""], {""audio_data"": false, ""image_data"": false}","[""variables""]","{""audio_data"": false, ""image_data"": false}"
"37079936","[""Canada""]","[""T1-weighted magnetic resonance imaging""], [""MRI""]","[""T1-weighted magnetic resonance imaging""]","[""MRI""]"
"37084389","[""Canada"", ""Ghana""]","[{""Modality"": ""Genomic""}], [""Genomic"", ""Clinical""]","[{""Modality"": ""Genomic""}]","[""Genomic"", ""Clinical""]"
"37084548","[""Canada"", ""China""]","[""Foot progression angle""], [""inertial sensing""]","[""Foot progression angle""]","[""inertial sensing""]"
"37095759","[""Canada"", ""Pakistan""]","[""chest X-ray""], [""X-ray""]","[""chest X-ray""]","[""X-ray""]"
"37098650","[""Canada"", ""Korea, Republic of""]","[""Magnetic resonance enterography (MRE)"", ""T1-weighted""], [""Magnetic Resonance Enterography"", ""Computed Tomography""]","[""Magnetic resonance enterography (MRE)"", ""T1-weighted""]","[""Magnetic Resonance Enterography"", ""Computed Tomography""]"
"37114183","[""Canada""]","[""clinical"", ""imaging""], [""clinical"", ""imaging""]","[""clinical"", ""imaging""]","[""clinical"", ""imaging""]"
"37126349","[""Canada""]","[""Nil""], [""Health data"", ""Clinical AI trials""]","[""Nil""]","[""Health data"", ""Clinical AI trials""]"
"37128461","[""Canada"", ""Turkey"", ""United States""]","[""Laboratory tests""], [{""Modality"": ""Image""}, {""Modality"": ""Text""}]","[""Laboratory tests""]","[{""Modality"": ""Image""}, {""Modality"": ""Text""}]"
"37130342","[""Canada"", ""United States""]","[""Clinical""], [""Text"", ""Structured medical data""]","[""Clinical""]","[""Text"", ""Structured medical data""]"
"37131691","[""Canada"", ""Turkey"", ""United States""]","[""Digital Pathology"", ""Clinical""], [""Image"", ""Clinical""]","[""Digital Pathology"", ""Clinical""]","[""Image"", ""Clinical""]"
"37132542","[""Canada"", ""France"", ""United States""]","[""Computed Tomography""], [{""Type"": ""Affiliations""}]","[""Computed Tomography""]","[{""Type"": ""Affiliations""}]"
"37147083","[""Canada""]","[""Wearable vital signs sensors""], [""physiological"", ""immunological""]","[""Wearable vital signs sensors""]","[""physiological"", ""immunological""]"
"37147305","[""Canada"", ""United States""]","[""RNA sequencing""], [""RNA"", ""Imaging""]","[""RNA sequencing""]","[""RNA"", ""Imaging""]"
"37148227","[""Canada"", ""United States""]","[""Structural MRI"", ""Voxel-based morphometry""], [""MRI"", ""cognitive assessment""]","[""Structural MRI"", ""Voxel-based morphometry""]","[""MRI"", ""cognitive assessment""]"
"37148709","[""Canada""]","[""fMRI""], [""fMRI"", ""self-report measures""]","[""fMRI""]","[""fMRI"", ""self-report measures""]"
"37158213","[""Canada"", ""China""]","[""MRI""], [{""modality"": ""MRI""}]","[""MRI""]","[{""modality"": ""MRI""}]"
"37158607","[""Canada"", ""Germany"", ""Netherlands"", ""United States""]","[""time series data""], [{""category"": ""text"", ""subcategory"": null}, {""category"": ""bacterial_abundance_data"", ""subcategory"": null}]","[""time series data""]","[{""category"": ""text"", ""subcategory"": null}, {""category"": ""bacterial_abundance_data"", ""subcategory"": null}]"
"37158946","[""Canada"", ""United States""]","[""Salivary flow rates"", ""Dose-volume histograms""], [""Head and neck cancer""]","[""Salivary flow rates"", ""Dose-volume histograms""]","[""Head and neck cancer""]"
"37162823","[""Canada"", ""Spain""]","[""Structural MRI"", ""Diffusion tensor imaging"", ""Task and rest functional MRI""], [""structural MRI"", ""diffusion tensor imaging"", ""task and rest functional MRI""]","[""Structural MRI"", ""Diffusion tensor imaging"", ""Task and rest functional MRI""]","[""structural MRI"", ""diffusion tensor imaging"", ""task and rest functional MRI""]"
"37163297","[""Canada"", ""United States""]","[""Video"", ""Echocardiogram""], [""Video"", ""Images""]","[""Video"", ""Echocardiogram""]","[""Video"", ""Images""]"
"37164024","[""Canada""]","[""CT""], [""CT""]","[""CT""]","[""CT""]"
"37166304","[""Canada"", ""France""]",NULL,"[""smartphone app"", ""questionnaires""]",NULL
"37169366","[""Brazil"", ""Canada""]","[""PET""], [""positron emission tomography""]","[""PET""]","[""positron emission tomography""]"
"37170067","[""Canada"", ""United States""]","[""Breath"", ""Visual stimuli""], [""Neuroimaging""]","[""Breath"", ""Visual stimuli""]","[""Neuroimaging""]"
"37173594","[""Australia"", ""Canada"", ""United States""]",NULL,"[""Surgical""]",NULL
"37177432","[""Canada"", ""Italy""]","[""Body mass index"", ""Diastolic and systolic blood pressure"", ""Fasting glucose"", ""Glycated hemoglobin"", ""Low-density lipoproteins"", ""High-density lipoproteins"", ""Total cholesterol"", ""Triglycerides""], [""Blood biomarkers"", ""ECG""]","[""Body mass index"", ""Diastolic and systolic blood pressure"", ""Fasting glucose"", ""Glycated hemoglobin"", ""Low-density lipoproteins"", ""High-density lipoproteins"", ""Total cholesterol"", ""Triglycerides""]","[""Blood biomarkers"", ""ECG""]"
"37186582","[""Canada""]","[""Gene expression"", ""DNA methylation"", ""Genotyping""], [""Gene expression"", ""DNA methylation"", ""Genotyping""]","[""Gene expression"", ""DNA methylation"", ""Genotyping""]","[""Gene expression"", ""DNA methylation"", ""Genotyping""]"
"37187130","[""Canada""]","[""Wearable sensor""], [""Sensor data"", ""Gait surface classification""]","[""Wearable sensor""]","[""Sensor data"", ""Gait surface classification""]"
"37192786","[""Canada""]","[""three-dimensional rotational angiography""], [""angiography"", ""three-dimensional rotational angiography""]","[""three-dimensional rotational angiography""]","[""angiography"", ""three-dimensional rotational angiography""]"
"37197011","[""Canada""]","[""Smartphone"", ""Artificial Intelligence""], [""Smartphone-based""]","[""Smartphone"", ""Artificial Intelligence""]","[""Smartphone-based""]"
"37199779","[""Canada""]","[""Heart rate"", ""Percent heart rate reserve"", ""Estimated minute ventilation"", ""Breathing frequency"", ""Work rate""], [""Heart Rate"", ""Respiratory Rate""]","[""Heart rate"", ""Percent heart rate reserve"", ""Estimated minute ventilation"", ""Breathing frequency"", ""Work rate""]","[""Heart Rate"", ""Respiratory Rate""]"
"37202037","[""Canada"", ""Iran""]","[""Dietary intake"", ""Anthropometric measurements""], [""Food Frequency Questionnaire"", null]","[""Dietary intake"", ""Anthropometric measurements""]","[""Food Frequency Questionnaire"", null]"
"37202113","[""Canada"", ""China"", ""Czechia"", ""Germany"", ""Korea, Republic of"", ""Turkey""]","[""Intracranial""], [""Computed Tomography""]","[""Intracranial""]","[""Computed Tomography""]"
"37205528","[""Canada"", ""Kuwait"", ""United States""]","[""saliva"", ""blood""], [""saliva"", ""serum cytokines""]","[""saliva"", ""blood""]","[""saliva"", ""serum cytokines""]"
"37209758","[""Canada""]","[""EEG""], [""EEG"", ""anesthesia""]","[""EEG""]","[""EEG"", ""anesthesia""]"
"37210229","[""Canada"", ""Pakistan""]",NULL,"[""Text"", ""Image""]",NULL
"37211142","[""Canada"", ""Saudi Arabia""]","[""Text"", ""Image""], [""image"", ""text""]","[""Text"", ""Image""]","[""image"", ""text""]"
"37217768","[""Canada""]","[""Ultrasound""], [""Micro-ultrasound""]","[""Ultrasound""]","[""Micro-ultrasound""]"
"37219403","[""Canada"", ""United States""]","[""Arm"", ""Hand""], [""arm"", ""hand""]","[""Arm"", ""Hand""]","[""arm"", ""hand""]"
"37219619","[""Belgium"", ""Canada"", ""Germany""]","[""MRI""], [""radiology"", ""rheumatology""]","[""MRI""]","[""radiology"", ""rheumatology""]"
"37224994","[""Canada"", ""United States""]","[""Voice""], [""Voice"", ""Text""]","[""Voice""]","[""Voice"", ""Text""]"
"37231069","[""Canada""]","[""MRI""], [""MRI""]","[""MRI""]","[""MRI""]"
"37231073","[""Canada""]","[""Laboratory results"", ""Clinical data""], [""Time-series"", ""Multimodal""]","[""Laboratory results"", ""Clinical data""]","[""Time-series"", ""Multimodal""]"
"37231096","[""Canada"", ""Germany"", ""United States""]","[""genetics"", ""single-cell""], [""Text"", ""Image""]","[""genetics"", ""single-cell""]","[""Text"", ""Image""]"
"37234042","[""Canada""]","[""Structured data"", ""Clinical and geographical data sets""], [""Clinical data"", ""Geographical data""]","[""Structured data"", ""Clinical and geographical data sets""]","[""Clinical data"", ""Geographical data""]"
"37238175","[""Canada"", ""Iran""]","[""Single-photon emission computed tomography (DAT-SPECT)"", ""Clinical features""], [""Single-photon emission computed tomography (DAT-SPECT) images"", ""Clinical features""]","[""Single-photon emission computed tomography (DAT-SPECT)"", ""Clinical features""]","[""Single-photon emission computed tomography (DAT-SPECT) images"", ""Clinical features""]"
"37238180","[""Canada""]","[""PET"", ""CT""], [""Computed Tomography (CT)"", ""Positron Emission Tomography (PET)""]","[""PET"", ""CT""]","[""Computed Tomography (CT)"", ""Positron Emission Tomography (PET)""]"
"37239203","[""Canada"", ""Italy""]","[""EEG""], [""High-density electroencephalography (EEG)"", ""Visuospatial performance""]","[""EEG""]","[""High-density electroencephalography (EEG)"", ""Visuospatial performance""]"
"37243350","[""Canada"", ""France""]","[""Radiologic"", ""Clinical""], [""radiologic"", ""clinical""]","[""Radiologic"", ""Clinical""]","[""radiologic"", ""clinical""]"
"37246053","[""Australia"", ""Canada"", ""Netherlands"", ""United States""]","[""Chest Computed Tomography""], [""CT scans""]","[""Chest Computed Tomography""]","[""CT scans""]"
"37257824","[""Canada"", ""Germany"", ""Ireland"", ""Netherlands"", ""Sweden""]","[""Histopathology""], [""Histopathology"", ""Whole slide images""]","[""Histopathology""]","[""Histopathology"", ""Whole slide images""]"
"37264564","[""Argentina"", ""Canada"", ""China""]","[""Computed Tomography""], [""CT"", ""MRI""]","[""Computed Tomography""]","[""CT"", ""MRI""]"
"37264917","[""Canada"", ""Japan""]","[""Computed Tomography"", ""Magnetic Resonance Imaging""], [""Computed Tomography"", ""Magnetic Resonance Imaging""]","[""Computed Tomography"", ""Magnetic Resonance Imaging""]","[""Computed Tomography"", ""Magnetic Resonance Imaging""]"
"37268414","[""Canada"", ""France"", ""United Kingdom"", ""United States""]","[""Pulmonary emphysema""], [""Imaging""]","[""Pulmonary emphysema""]","[""Imaging""]"
"37277740","[""Canada"", ""France"", ""Switzerland""]","[""smartphone app""], [""Text""]","[""smartphone app""]","[""Text""]"
"37286559","[""Canada"", ""United States""]","[""Ultrasound""], [""ultrasound""]","[""Ultrasound""]","[""ultrasound""]"
"37287542","[""Canada""]","[""CT""], [""Computed Tomography""]","[""CT""]","[""Computed Tomography""]"
"37291713","[""Canada""]","[""unsupervised machine learning clustering algorithm""], [""donor characteristics""]","[""unsupervised machine learning clustering algorithm""]","[""donor characteristics""]"
"37292380","[""Canada""]","[""Demographic"", ""Medical history"", ""Adverse exposures""], []","[""Demographic"", ""Medical history"", ""Adverse exposures""]","[]"
"37292770","[""Canada"", ""Germany"", ""United States""]","[""image"", ""quantitative""], [""Medical Images"", ""Medical Text Reports""]","[""image"", ""quantitative""]","[""Medical Images"", ""Medical Text Reports""]"
"37304014","[""Canada"", ""China""]","[""Structural magnetic resonance imaging""], [""structural magnetic resonance imaging""]","[""Structural magnetic resonance imaging""]","[""structural magnetic resonance imaging""]"
"37329212","[""Canada""]","[""microflow"", ""clinical""], [""Blood""]","[""microflow"", ""clinical""]","[""Blood""]"
"37315499","[""Belgium"", ""Brazil"", ""Canada""]","[""Musculoskeletal pain"", ""Cold-pressure test""], [""Pressure pain thresholds"", ""Cold water test""]","[""Musculoskeletal pain"", ""Cold-pressure test""]","[""Pressure pain thresholds"", ""Cold water test""]"
"37323348","[""Canada"", ""India""]","[""Text""], [""Text""]","[""Text""]","[""Text""]"
"37334615","[""Canada"", ""United States""]","[""verbatim responses""], [{""name"": ""Verbatim responses""}]","[""verbatim responses""]","[{""name"": ""Verbatim responses""}]"
"37339175","[""Canada"", ""Israel"", ""United States""]","[""Clinical"", ""Cardiovascular magnetic resonance imaging""], [""Cardiovascular Magnetic Resonance Imaging"", ""Electronic Health Record""]","[""Clinical"", ""Cardiovascular magnetic resonance imaging""]","[""Cardiovascular Magnetic Resonance Imaging"", ""Electronic Health Record""]"
"37339200","[""Canada"", ""France""]","[""EEG"", ""Polysomnography""], [""polysomnography"", ""stereoelectroencephalography""]","[""EEG"", ""Polysomnography""]","[""polysomnography"", ""stereoelectroencephalography""]"
"37343696","[""Canada"", ""China"", ""Germany"", ""Switzerland"", ""United Kingdom"", ""United States""]",NULL,"[""Proteomic Dynamics""]",NULL
"37344804","[""Canada"", ""Japan"", ""United States""]",NULL,NULL,"[""Endotoxin levels"", ""Clinical outcomes""]"
"37346816","[""Canada"", ""Kenya""]","[""Photoplethysmography""], [""photoplethysmography (PPG)""]","[""Photoplethysmography""]","[""photoplethysmography (PPG)""]"
"37350279","[""Canada"", ""United States""]","[""Image""], [""image""]","[""Image""]","[""image""]"
"37357974","[""Canada""]","[""Imaging""], [""Hippocampal volume"", ""SNIPE grading""]","[""Imaging""]","[""Hippocampal volume"", ""SNIPE grading""]"
"37358938","[""Canada"", ""Netherlands"", ""Saudi Arabia""]","[""T1w contrast-enhanced MRI""], [""MRI"", ""follow-up MRI""]","[""T1w contrast-enhanced MRI""]","[""MRI"", ""follow-up MRI""]"
"37377859","[""Canada"", ""China"", ""Czechia"", ""France"", ""Korea, Republic of""]","[""NCCT"", ""DWI"", ""FLAIR""], [""NCCT"", ""DWI"", ""FLAIR""]","[""NCCT"", ""DWI"", ""FLAIR""]","[""NCCT"", ""DWI"", ""FLAIR""]"
"37377903","[""Australia"", ""Canada"", ""United States""]",NULL,NULL,"[""Image"", ""Text""]"
"37380110","[""Canada"", ""United Kingdom""]","[""psychological"", ""non-psychological""], [""psychological scales"", ""socioeconomic"", ""environmental"", ""health"", ""lifestyle"", ""cognitive function"", ""personality""]","[""psychological"", ""non-psychological""]","[""psychological scales"", ""socioeconomic"", ""environmental"", ""health"", ""lifestyle"", ""cognitive function"", ""personality""]"
"37386246","[""Canada"", ""Georgia"", ""Netherlands"", ""United States""]","[""ECG""], [""ECG""]","[""ECG""]","[""ECG""]"
"37386964","[""Canada"", ""India"", ""Lebanon""]","[], [""self-rated health""]","[]","[""self-rated health""]"
"37389890","[""Canada"", ""Ireland"", ""Lebanon"", ""Saudi Arabia"", ""United States""]",NULL,"[""Medical"", ""Surgical""]",NULL
"37391321","[""Canada""]","[""computed tomography""], [""Computed tomography"", ""Digital reconstruction""]","[""computed tomography""]","[""Computed tomography"", ""Digital reconstruction""]"
"37397861","[""Canada"", ""Netherlands"", ""Poland"", ""United States""]","[""Medical""], [""Images"", ""Clinical Data""]","[""Medical""]","[""Images"", ""Clinical Data""]"
"37400574","[""Canada"", ""United States""]","[""Diffusion Tensor Imaging"", ""T1-Weighted Imaging""], [""diffusion tensor imaging"", ""T1-weighted imaging""]","[""Diffusion Tensor Imaging"", ""T1-Weighted Imaging""]","[""diffusion tensor imaging"", ""T1-weighted imaging""]"
"37400746","[""Canada""]","[""Inertial Measurement Unit (IMU)"", ""Optoelectronic system""], [""Inertial Measurement Unit (IMU)"", ""Optoelectronic System""]","[""Inertial Measurement Unit (IMU)"", ""Optoelectronic system""]","[""Inertial Measurement Unit (IMU)"", ""Optoelectronic System""]"
"37403567","[""Canada""]","[""Digital pathology images""], [""image"", ""text""]","[""Digital pathology images""]","[""image"", ""text""]"
"37410009","[""Canada"", ""Switzerland"", ""United States""]","[""computed tomographic angiography""], [""CT""]","[""computed tomographic angiography""]","[""CT""]"
"37414359","[""Australia"", ""Canada"", ""United Kingdom"", ""United States""]","[""text""], [""text""]","[""text""]","[""text""]"
"37414927","[""Australia"", ""Canada"", ""Pakistan"", ""United Kingdom"", ""United States""]","[""fMRI""], [""fMRI"", ""EEG""]","[""fMRI""]","[""fMRI"", ""EEG""]"
"37418109","[""Canada""]","[""Chest CT scans""], [""CT scans"", ""Image-based""]","[""Chest CT scans""]","[""CT scans"", ""Image-based""]"
"37419881","[""Canada"", ""United States""]","[""Neural"", ""Surface EMG""], [""EMG"", ""vision""]","[""Neural"", ""Surface EMG""]","[""EMG"", ""vision""]"
"37421974","[""Canada""]","[""CT Imaging""], [""CT imaging"", ""spirometry""]","[""CT Imaging""]","[""CT imaging"", ""spirometry""]"
"37422576","[""Canada"", ""France""]","[""CT scans""], [""CT scans""]","[""CT scans""]","[""CT scans""]"
"37428478","[""Canada""]",NULL,"[""General Internal Medicine"", ""Li Ka Shing Knowledge Institute"", ""St Michael's Hospital"", ""Unity Health Toronto""]",NULL
"37434131","[""Canada"", ""New Zealand""]",NULL,NULL,"[""Genomic"", ""Microbial""]"
"37441799","[""Canada""]","[""Virtual Reality""], [""text"", ""3D data""]","[""Virtual Reality""]","[""text"", ""3D data""]"
"37442671","[""Australia"", ""Canada"", ""France"", ""Israel"", ""United Kingdom"", ""United States""]","[""Lateral spine images""], [""Imaging""]","[""Lateral spine images""]","[""Imaging""]"
"37454499","[""Australia"", ""Canada""]","[""Demographic"", ""Clinical""], [""age"", ""sex"", ""reason for performing test"", ""medications"", ""blood pressure"", ""heart rate"", ""resting electrocardiogram""]","[""Demographic"", ""Clinical""]","[""age"", ""sex"", ""reason for performing test"", ""medications"", ""blood pressure"", ""heart rate"", ""resting electrocardiogram""]"
"37454952","[""Canada"", ""Lebanon"", ""Saudi Arabia""]","[""Medical""], [""Image"", ""Text""]","[""Medical""]","[""Image"", ""Text""]"
"37455354","[""Canada""]","[""EEG"", ""MRI""], [""EEG"", ""MRI""]","[""EEG"", ""MRI""]","[""EEG"", ""MRI""]"
"37463063","[""Canada""]","[""gene expression""], [""gene expression""]","[""gene expression""]","[""gene expression""]"
"37473589","[""Canada"", ""Iran""]","[""Positron Emission Tomography (PET)"", ""Computed Tomography (CT)""], [""PET"", ""CT""]","[""Positron Emission Tomography (PET)"", ""Computed Tomography (CT)""]","[""PET"", ""CT""]"
"37473656","[""Brazil"", ""Canada""]","[""growth measures""], [""Growth trajectories""]","[""growth measures""]","[""Growth trajectories""]"
"37488168","[""Canada"", ""Israel"", ""Romania"", ""United States""]",NULL,NULL,"[""Immunoglobulin genes""]"
"37494602","[""Canada"", ""France"", ""United Kingdom""]","[""Genetic"", ""Expression""], [{""count"": 1, ""modality"": ""text""}, {""count"": null, ""modality"": ""image""}]","[""Genetic"", ""Expression""]","[{""count"": 1, ""modality"": ""text""}, {""count"": null, ""modality"": ""image""}]"
"37501197","[""Belgium"", ""Canada""]","[""Computed Tomography""], [""medical imaging""]","[""Computed Tomography""]","[""medical imaging""]"
"37507558","[""Canada""]","[""Administrative data"", ""ICD10 codes""], [""Text""]","[""Administrative data"", ""ICD10 codes""]","[""Text""]"
"37507581","[""Canada"", ""France"", ""Lebanon"", ""United States""]","[""MRI"", ""Quantum""], [{""Modality Name"": ""CE-T1"", ""Modality Type"": ""MRI""}]","[""MRI"", ""Quantum""]","[{""Modality Name"": ""CE-T1"", ""Modality Type"": ""MRI""}]"
"37509214","[""Canada"", ""Greece"", ""Norway"", ""Sweden""]","[""SPECT/CT""], [""SPECT/CT""]","[""SPECT/CT""]","[""SPECT/CT""]"
"37516990","[""Canada"", ""Germany""]","[""Speech""], [""Speech""]","[""Speech""]","[""Speech""]"
"37517600","[""Canada"", ""United States""]","[""Magnetic Resonance Imaging"", ""Radiation Therapy""], [""magnetic resonance imaging"", ""radiation oncology""]","[""Magnetic Resonance Imaging"", ""Radiation Therapy""]","[""magnetic resonance imaging"", ""radiation oncology""]"
"37522430","[""Canada""]","[], [""Time-varying variables""]","[]","[""Time-varying variables""]"
"37535591","[""Canada""]","[""Fundus images""], [""Images""]","[""Fundus images""]","[""Images""]"
"37536152","[""Canada"", ""United Kingdom""]","[""electronic health records"", ""vital statistics data""], [""Electronic health records""]","[""electronic health records"", ""vital statistics data""]","[""Electronic health records""]"
"37537362","[""Canada"", ""Germany"", ""Greece"", ""Norway"", ""Sweden""]","[""CT scans"", ""Mass spectrometry imaging""], [""Imaging"", ""Mass Spectrometry""]","[""CT scans"", ""Mass spectrometry imaging""]","[""Imaging"", ""Mass Spectrometry""]"
"37542101","[""Canada""]","[""EEG""], [""EEG""]","[""EEG""]","[""EEG""]"
"37543994","[""Brazil"", ""Canada""]",NULL,"[""Medical""]",NULL
"37544983","[""Canada"", ""United States""]","[""Mammographic""], []","[""Mammographic""]","[]"
"37546315","[""Canada"", ""China""]","[""Wearable sensor-enabled 6-min walk test (6MWT)"", ""Comprehensive geriatric assessment (CGA)""], [""gait"", ""cognitive""]","[""Wearable sensor-enabled 6-min walk test (6MWT)"", ""Comprehensive geriatric assessment (CGA)""]","[""gait"", ""cognitive""]"
"37555143","[""Canada"", ""France""]","[""Diffusion MRI""], [""DWI"", ""T1-weighted""]","[""Diffusion MRI""]","[""DWI"", ""T1-weighted""]"
"37555156","[""Canada"", ""United States""]","[""T1-weighted"", ""T2-weighted fluid-attenuated inversion recovery""], [""MRI""]","[""T1-weighted"", ""T2-weighted fluid-attenuated inversion recovery""]","[""MRI""]"
"37555513","[""Canada""]","[""Electronic Medical Record Data""], [""electronic medical record"", ""COPD""]","[""Electronic Medical Record Data""]","[""electronic medical record"", ""COPD""]"
"37558674","[""Canada""]",NULL,NULL,NULL
"37564037","[""Brazil"", ""Canada""]","[""Clinical"", ""Demographic"", ""Genetic""], []","[""Clinical"", ""Demographic"", ""Genetic""]","[]"
"37568646","[""Canada"", ""France""]","[""CT scans""], [""CT scans"", ""Clinical variables""]","[""CT scans""]","[""CT scans"", ""Clinical variables""]"
"37572657","[""Canada"", ""Spain""]",NULL,NULL,"[""Medical"", ""Oncology""]"
"37573418","[""Australia"", ""Belgium"", ""Canada"", ""Germany""]","[""nervous system"", ""lumbar spinal tissue"", ""psychosocial factors""], [""nervous system"", ""lumbar spinal tissue"", ""psychosocial factors""]","[""nervous system"", ""lumbar spinal tissue"", ""psychosocial factors""]","[""nervous system"", ""lumbar spinal tissue"", ""psychosocial factors""]"
"37573646","[""Canada"", ""United States""]","[""T1-weighted"", ""R2*"", ""FLAIR""], [""T1-weighted"", ""R2*"", ""FLAIR""]","[""T1-weighted"", ""R2*"", ""FLAIR""]","[""T1-weighted"", ""R2*"", ""FLAIR""]"
"37574164","[""Canada""]",NULL,NULL,NULL
"37574600","[""Canada"", ""Italy"", ""United States""]","[""intrasnal""], [""Text"", ""Image""]","[""intrasnal""]","[""Text"", ""Image""]"
"37579523","[""Canada"", ""Iran""]","[""SPECT images"", ""DAT-SPECT images""], [""SPECT images""]","[""SPECT images"", ""DAT-SPECT images""]","[""SPECT images""]"
"37580407","[""Canada""]","[""clinical test scores"", ""cerebrospinal fluid biomarkers"", ""brain volumes"", ""genetic variants""], [""Clinical test scores"", ""Cerebrospinal fluid biomarkers"", ""Brain volumes"", ""Genetic variants""]","[""clinical test scores"", ""cerebrospinal fluid biomarkers"", ""brain volumes"", ""genetic variants""]","[""Clinical test scores"", ""Cerebrospinal fluid biomarkers"", ""Brain volumes"", ""Genetic variants""]"
"37580751","[""Canada"", ""United States""]","[""arm motor function""], [""Visual data""]","[""arm motor function""]","[""Visual data""]"
"37582731","[""Canada"", ""United States""]","[""Histologic"", ""Imaging""], [""Hematoxylin and eosin (HE)-stained normal breast biopsy specimens""]","[""Histologic"", ""Imaging""]","[""Hematoxylin and eosin (HE)-stained normal breast biopsy specimens""]"
"37584559","[""Canada""]","[""Text""], [""text""]","[""Text""]","[""text""]"
"37591010","[""Canada""]",NULL,"[""Administrative health data""]",NULL
"37594523","[""Canada"", ""Germany""]","[""MRI"", ""CT""], [""MRI""]","[""MRI"", ""CT""]","[""MRI""]"
"37594786","[""Canada""]","[""Ultrasonography"", ""Diuretic renogram""], [""Ultrasonography"", ""Diuretic renogram""]","[""Ultrasonography"", ""Diuretic renogram""]","[""Ultrasonography"", ""Diuretic renogram""]"
"37595684","[""Australia"", ""Brazil"", ""Canada"", ""Italy"", ""Japan"", ""Poland"", ""United Kingdom"", ""United States""]","[""Imaging""], {""0"": null, ""1"": null}","[""Imaging""]","{""0"": null, ""1"": null}"
"37607340","[""Canada"", ""France""]","[""Plasma""], [""microRNA""]","[""Plasma""]","[""microRNA""]"
"37607796","[""Canada""]",NULL,"[""Administrative health data""]",NULL
"37608469","[""Canada"", ""China""]",NULL,NULL,"[""Serum Metabolites""]"
"37612309","[""Canada"", ""Germany"", ""Iran"", ""United States""]","[""Image"", ""Photograph""], [""Image""]","[""Image"", ""Photograph""]","[""Image""]"
"37612646","[""Canada"", ""China""]",NULL,NULL,"[""Vital signs, physical examination""]"
"37614303","[""Canada""]","[""blood mononuclear cell"", ""RNA-Seq""], [""text""]","[""blood mononuclear cell"", ""RNA-Seq""]","[""text""]"
"37615058","[""Canada"", ""Denmark"", ""Sweden""]","[""video""], [""Video"", ""Motion Tracking""]","[""video""]","[""Video"", ""Motion Tracking""]"
"37616228","[""Canada"", ""United States""]",NULL,NULL,"[""Text"", ""NlmCategory""]"
"37616243","[""Canada"", ""Norway""]","[""Magnetic Resonance Imaging""], [""FLAIR-weighted"", ""3D FLAIR-weighted""]","[""Magnetic Resonance Imaging""]","[""FLAIR-weighted"", ""3D FLAIR-weighted""]"
"37625418","[""Canada""]","[""Magnetic Resonance Imaging (MRI)"", ""Positron Emission Tomography (PET)""], [""Magnetic Resonance Imaging (MRI)"", ""Positron Emission Tomography (PET)""]","[""Magnetic Resonance Imaging (MRI)"", ""Positron Emission Tomography (PET)""]","[""Magnetic Resonance Imaging (MRI)"", ""Positron Emission Tomography (PET)""]"
"37629214","[""Canada""]",NULL,NULL,"[""text""]"
"37635181","[""Canada"", ""Sweden"", ""United Kingdom""]","[""NIRS"", ""ICP""], [""intracranial pressure"", ""rSO2-based""]","[""NIRS"", ""ICP""]","[""intracranial pressure"", ""rSO2-based""]"
"37639641","[""Canada""]","[""computed tomography imaging""], [""Image"", ""Geometry""]","[""computed tomography imaging""]","[""Image"", ""Geometry""]"
"37641619","[""Canada"", ""Germany"", ""Spain"", ""Switzerland""]","[""Registry Data"", ""Machine Learning Methods""], [""annualized relapse rates"", ""time to first relapse""]","[""Registry Data"", ""Machine Learning Methods""]","[""annualized relapse rates"", ""time to first relapse""]"
"37644372","[""Canada"", ""Iran""]","[""Vaginal""], [""qPCR assay"", ""Microbiological Data""]","[""Vaginal""]","[""qPCR assay"", ""Microbiological Data""]"
"37651262","[""Canada"", ""Netherlands"", ""Spain"", ""United Kingdom""]",NULL,"[""Intensive Care Unit""]",NULL
"37658409","[""Canada""]",NULL,"[""Administrative data"", ""Electronic medical records (EMR) free text data""]",NULL
"37658890","[""Canada"", ""Israel""]","[""MRI"", ""Ultrasound""], [""MRI"", ""Ultrasound""]","[""MRI"", ""Ultrasound""]","[""MRI"", ""Ultrasound""]"
"37658963","[""Canada""]","[""Clinical Notes""], [""Text""]","[""Clinical Notes""]","[""Text""]"
"37659911","[""Canada"", ""Netherlands""]","[""Raw dataset""], [""feed intake"", ""growth"", ""environmental impact""]","[""Raw dataset""]","[""feed intake"", ""growth"", ""environmental impact""]"
"37661875","[""Canada""]","[""Image"", ""Audio""], [""Image"", ""Audio""]","[""Image"", ""Audio""]","[""Image"", ""Audio""]"
"37662586","[""Canada""]","[""Computed Tomography"", ""Electrocardiogram""], [""electrocardiogram-gated multiphase computed tomography"", ""intra-luminal thrombus thickness""]","[""Computed Tomography"", ""Electrocardiogram""]","[""electrocardiogram-gated multiphase computed tomography"", ""intra-luminal thrombus thickness""]"
"37666072","[""Canada"", ""Switzerland""]","[""MRI""], [""MRI""]","[""MRI""]","[""MRI""]"
"37670733","[""Canada""]",NULL,"[""Healthcare records"", ""Unsupervised learning""]",NULL
"37675000","[""Canada""]","[""digital pathology images""], [""Image"", ""Pathology""]","[""digital pathology images""]","[""Image"", ""Pathology""]"
"37706067","[""Canada""]","[""Raman Spectra""], [""Raman spectroscopy""]","[""Raman Spectra""]","[""Raman spectroscopy""]"
"37710397","[""Canada""]",NULL,NULL,"[""Surgical"", ""Vascular""]"
"37711756","[""Canada"", ""United States""]","[""Speech""], [""speech""]","[""Speech""]","[""speech""]"
"37717070","[""Canada"", ""Iran""]","[""blood samples""], [""RNA expression data""]","[""blood samples""]","[""RNA expression data""]"
"37718151","[""Canada""]","[""Radiation Therapy""], [{""data_type"": ""time"", ""modality_name"": ""radiation therapy""}]","[""Radiation Therapy""]","[{""data_type"": ""time"", ""modality_name"": ""radiation therapy""}]"
"37720416","[""Canada"", ""Pakistan""]","[""Computed Tomography (CT) scans""], [""Computed Tomography (CT) scans""]","[""Computed Tomography (CT) scans""]","[""Computed Tomography (CT) scans""]"
"37730717","[""Canada"", ""India"", ""Saudi Arabia""]","[""Thermal images""], [""Image"", ""Thermal""]","[""Thermal images""]","[""Image"", ""Thermal""]"
"37730990","[""Canada"", ""Georgia"", ""United States""]",NULL,NULL,NULL
"37737132","[""Canada""]","[""Magnetic Resonance Imaging (MRI)"", ""Computed Tomography (CT) Scan""], [{""modality"": ""CT""}, {""modality"": ""MRI""}]","[""Magnetic Resonance Imaging (MRI)"", ""Computed Tomography (CT) Scan""]","[{""modality"": ""CT""}, {""modality"": ""MRI""}]"
"37737222","[""Belgium"", ""Canada"", ""France""]","[""Cardiac"", ""Respiratory""], [""heart rate variability"", ""respiration rate variability""]","[""Cardiac"", ""Respiratory""]","[""heart rate variability"", ""respiration rate variability""]"
"37741065","[""Canada""]","[""Intracranial recordings""], [""EEG"", ""MRI""]","[""Intracranial recordings""]","[""EEG"", ""MRI""]"
"37745558","[""Canada"", ""Netherlands"", ""United States""]","[""Face""], [""radiology"", ""oncology""]","[""Face""]","[""radiology"", ""oncology""]"
"37745926","[""Canada"", ""United Kingdom""]","[""Semi-structured individual interviews"", ""Focus groups""], [""Robot technology"", ""Photographing/videotaping""]","[""Semi-structured individual interviews"", ""Focus groups""]","[""Robot technology"", ""Photographing/videotaping""]"
"37746786","[""Canada""]","[""Radiographs""], [""X-ray""]","[""Radiographs""]","[""X-ray""]"
"37751102","[""Canada"", ""Iran""]","[""MRI""], [""Magnetic Resonance Imaging (MRI)""]","[""MRI""]","[""Magnetic Resonance Imaging (MRI)""]"
"37761350","[""Canada"", ""France""]","[""Invasive mechanical ventilation""], [""Mechanical Invasive Ventilation""]","[""Invasive mechanical ventilation""]","[""Mechanical Invasive Ventilation""]"
"37761908","[""Canada"", ""United States""]","[""Text"", ""Clinical data""], [""text"", ""no multimodal""]","[""Text"", ""Clinical data""]","[""text"", ""no multimodal""]"
"37769635","[""Canada""]",NULL,NULL,"[""Machine Learning"", ""Algorithms""]"
"37770008","[""Canada""]",NULL,"[""Text""]",NULL
"37772080","[""Australia"", ""Canada"", ""Korea, Republic of""]","[""Genomic""], [{""count"": 1, ""modalities"": [""genomic"", ""clinical""]}]","[""Genomic""]","[{""count"": 1, ""modalities"": [""genomic"", ""clinical""]}]"
"37774678","[""Canada"", ""United States""]",NULL,NULL,"[""transcriptomics"", ""epigenomics""]"
"37776331","[""Canada"", ""Korea, Republic of"", ""Saudi Arabia""]","[""Computed Tomography (CT)"", ""Image""], [""kidney stone"", ""uric acid stones""]","[""Computed Tomography (CT)"", ""Image""]","[""kidney stone"", ""uric acid stones""]"
"37778424","[""Canada""]","[""Optical"", ""Infrared""], [""Optical"", ""Infrared""]","[""Optical"", ""Infrared""]","[""Optical"", ""Infrared""]"
"37778881","[""Canada""]","[""Text""], [""Occupational Science and Occupational Therapy"", ""Plastic and Reconstructive Surgery""]","[""Text""]","[""Occupational Science and Occupational Therapy"", ""Plastic and Reconstructive Surgery""]"
"37787286","[""Canada"", ""Denmark"", ""Iran""]","[""Auditory Brain Stem Responses"", ""Computed Tomography""], [{""Modality"": ""Computed Tomography""}]","[""Auditory Brain Stem Responses"", ""Computed Tomography""]","[{""Modality"": ""Computed Tomography""}]"
"37787678","[""Canada""]","[""Radiology"", ""Pathology""], [""text"", ""image""]","[""Radiology"", ""Pathology""]","[""text"", ""image""]"
"37789055","[""Canada""]","[""Oropharyngeal samples"", ""spirometry""], [""Oropharyngeal microbiome""]","[""Oropharyngeal samples"", ""spirometry""]","[""Oropharyngeal microbiome""]"
"37789357","[""Canada""]",NULL,"[]",NULL
"37798700","[""Canada""]","[""Electronic medical records""], [""Text"", ""Code""]","[""Electronic medical records""]","[""Text"", ""Code""]"
"37804197","[""Canada"", ""Ireland"", ""Lebanon"", ""Saudi Arabia"", ""United States""]","[""Preoperative demographic/clinical variables""], [""Text""]","[""Preoperative demographic/clinical variables""]","[""Text""]"
"37805012","[""Canada""]","[""X-ray"", ""DXA""], [""x-ray""]","[""X-ray"", ""DXA""]","[""x-ray""]"
"37807084","[""Australia"", ""Canada"", ""China"", ""Japan"", ""Netherlands"", ""Switzerland"", ""United Kingdom""]","[""MRI""], [{""Modality"": ""Imaging""}, {""Modality"": ""Questionnaires""}]","[""MRI""]","[{""Modality"": ""Imaging""}, {""Modality"": ""Questionnaires""}]"
"37809738","[""Canada"", ""United States""]","[""CT angiography""], [""CT angiography""]","[""CT angiography""]","[""CT angiography""]"
"37812784","[""Canada"", ""United States""]","[""Continuous glucose monitoring"", ""Physical activity data""], [""Continuous glucose monitoring"", ""Physical activity data""]","[""Continuous glucose monitoring"", ""Physical activity data""]","[""Continuous glucose monitoring"", ""Physical activity data""]"
"37813086","[""Canada""]","[""Imaging""], Imaging","[""Imaging""]","Imaging"
"37813920","[""Canada""]","[""Clinical"", ""Biochemical""], [""Clinical data"", ""Biochemical data""]","[""Clinical"", ""Biochemical""]","[""Clinical data"", ""Biochemical data""]"
"37814311","[""Australia"", ""Canada""]","[""sCr"", ""serum creatinine""], [""Serum creatinine (sCr)""]","[""sCr"", ""serum creatinine""]","[""Serum creatinine (sCr)""]"
"37819748","[""Canada"", ""France""]","[""Facial""], Facial metrics","[""Facial""]","Facial metrics"
"37819878","[""Canada""]","[""Video""], [""video""]","[""Video""]","[""video""]"
"37819932","[""Brazil"", ""Canada""]","[""EMG"", ""EEG""], [""EMG"", ""EEG""]","[""EMG"", ""EEG""]","[""EMG"", ""EEG""]"
"37820417","[""Canada"", ""China"", ""United States""]","[""MR images""], [""images""]","[""MR images""]","[""images""]"
"37821970","[""Canada""]","[""Proprioceptive"", ""Visual feedback""], [{""Type"": ""Proprioceptive Feedback"", ""Visual Feedback"": null}, {""Type"": ""Rapid Feedback Processing"", ""Related to Stroke"": null}]","[""Proprioceptive"", ""Visual feedback""]","[{""Type"": ""Proprioceptive Feedback"", ""Visual Feedback"": null}, {""Type"": ""Rapid Feedback Processing"", ""Related to Stroke"": null}]"
"37823574","[""Canada"", ""India""]","[""Salivary"", ""Blood""], [""blood"", ""saliva""]","[""Salivary"", ""Blood""]","[""blood"", ""saliva""]"
"37823606","[""Australia"", ""Canada"", ""Ethiopia"", ""France"", ""United States""]","[""DXA""], [""Image"", ""Text""]","[""DXA""]","[""Image"", ""Text""]"
"37828064","[""Canada"", ""United States""]","[""Neuroimaging""], [""fMRI""]","[""Neuroimaging""]","[""fMRI""]"
"37832707","[""Canada""]","[""Functional magnetic resonance imaging (fMRI)""], [""fMRI""]","[""Functional magnetic resonance imaging (fMRI)""]","[""fMRI""]"
"37835496","[""Canada""]","[""Gene expression levels""], [""gene expression levels""]","[""Gene expression levels""]","[""gene expression levels""]"
"37839909","[""Canada"", ""Israel"", ""Japan"", ""Turkey"", ""United States""]",NULL,NULL,"[""Text"", ""Multimedia""]"
"37847731","[""Canada"", ""Italy"", ""United States""]","[""video"", ""face""], [""Video"", ""Image""]","[""video"", ""face""]","[""Video"", ""Image""]"
"37848633","[""Canada""]","[""miRNA"", ""clinical parameters""], [""miRNA"", ""clinical features""]","[""miRNA"", ""clinical parameters""]","[""miRNA"", ""clinical features""]"
"37849805","[""Canada""]","[""Ultrasound""], [""Ultrasound""]","[""Ultrasound""]","[""Ultrasound""]"
"37855075","[""Canada"", ""Germany""]","[""Functional Magnetic Resonance Imaging""], [""functional magnetic resonance imaging""]","[""Functional Magnetic Resonance Imaging""]","[""functional magnetic resonance imaging""]"
"37856226","[""Canada"", ""United States""]","[""intravenous systemic therapy"", ""laboratory tests""], [""Patient-Reported Symptoms"", ""Laboratory Values""]","[""intravenous systemic therapy"", ""laboratory tests""]","[""Patient-Reported Symptoms"", ""Laboratory Values""]"
"37856414","[""Canada"", ""United States""]",NULL,NULL,"[""Text"", ""Image""]"
"37858907","[""Australia"", ""Canada"", ""China"", ""Czechia"", ""France"", ""Germany"", ""Israel"", ""Netherlands"", ""United States""]","[""MRI"", ""EEG"", ""Behavioral""], [""Questionnaire"", ""Survey Data""]","[""MRI"", ""EEG"", ""Behavioral""]","[""Questionnaire"", ""Survey Data""]"
"37861272","[""Canada""]",NULL,"[""Blood inventory"", ""recipient demographics"", ""laboratory test results""]",NULL
"37864248","[""Canada"", ""Iran""]","[""Medical""], [""prescriptions"", ""diabetes drugs""]","[""Medical""]","[""prescriptions"", ""diabetes drugs""]"
"37872467","[""Argentina"", ""Australia"", ""Brazil"", ""Canada"", ""Italy"", ""Mexico"", ""Nigeria"", ""United States""]","[""Echocardiographic""], [""echocardiography""]","[""Echocardiographic""]","[""echocardiography""]"
"37872889","[""Canada""]","[""Headache"", ""Medical Imaging""], [null, null, null, null, null, null, null, ""Medical Imaging"", ""Medical Imaging"", null]","[""Headache"", ""Medical Imaging""]","[null, null, null, null, null, null, null, ""Medical Imaging"", ""Medical Imaging"", null]"
"37877849","[""Canada""]","[""Hospital Records"", ""Outpatient Records""], [{""Modality"": ""Text""}]","[""Hospital Records"", ""Outpatient Records""]","[{""Modality"": ""Text""}]"
"37884442","[""Canada""]","[""Electronic health records""], [""Minimally Invasive Approach"", ""Open Approach""]","[""Electronic health records""]","[""Minimally Invasive Approach"", ""Open Approach""]"
"37888789","[""Canada""]","[""Ultrasound""], [""Medical Imaging"", ""Oncology""]","[""Ultrasound""]","[""Medical Imaging"", ""Oncology""]"
"37889992","[""Canada"", ""United States""]","[""myocardial perfusion"", ""coronary calcium""], [{""Modality"": ""Imaging""}]","[""myocardial perfusion"", ""coronary calcium""]","[{""Modality"": ""Imaging""}]"
"37890487","[""Austria"", ""Canada"", ""United States""]","[""proteome"", ""metabolome"", ""cytokines""], [""Cytokines"", ""Proteome"", ""Metabolome""]","[""proteome"", ""metabolome"", ""cytokines""]","[""Cytokines"", ""Proteome"", ""Metabolome""]"
"37890570","[""Canada""]","[""Electronic medical records""], [""text""]","[""Electronic medical records""]","[""text""]"
"37891565","[""Canada"", ""China"", ""Hong Kong""]",NULL,NULL,"[""HbA1c"", ""Cardiovascular Outcomes""]"
"37894979","[""Canada"", ""Slovakia""]","[""Liquid chromatography-mass spectrometry""], [""serum metabolites""]","[""Liquid chromatography-mass spectrometry""]","[""serum metabolites""]"
"37897548","[""Canada"", ""United Kingdom"", ""United States""]","[""Clinical"", ""Imaging"", ""Neuropathology""], [""Imaging"", ""Neuropathology""]","[""Clinical"", ""Imaging"", ""Neuropathology""]","[""Imaging"", ""Neuropathology""]"
"37898711","[""Canada"", ""United States""]","[""Ultrasound""], [""ultrasound"", ""echocardiogram""]","[""Ultrasound""]","[""ultrasound"", ""echocardiogram""]"
"37900603","[""Canada""]","[""Demographics"", ""Injury characteristics"", ""Functional Independence Measure (FIM) motor score""], [""demographic data (age, and body mass index)"", ""location of the injury"", ""severity of the injury"", ""Functional Independence Measure (FIM) motor""]","[""Demographics"", ""Injury characteristics"", ""Functional Independence Measure (FIM) motor score""]","[""demographic data (age, and body mass index)"", ""location of the injury"", ""severity of the injury"", ""Functional Independence Measure (FIM) motor""]"
"37903504","[""Canada"", ""United Kingdom"", ""United States""]","[""Pathologic Response Assessment""], [""text"", ""image""]","[""Pathologic Response Assessment""]","[""text"", ""image""]"
"37905407","[""Canada"", ""Norway""]","[""Imaging""], [""MRI"", ""ECG""]","[""Imaging""]","[""MRI"", ""ECG""]"
"37918343","[""Canada"", ""China""]","[""Ultrasound""], [""Ultrasound images"", ""Video""]","[""Ultrasound""]","[""Ultrasound images"", ""Video""]"
"37930726","[""Canada"", ""Norway""]","[""Structural MRI"", ""Functional MRI""], [""MRI"", ""fALFFs""]","[""Structural MRI"", ""Functional MRI""]","[""MRI"", ""fALFFs""]"
"37956346","[""Canada"", ""United States""]","[""Image"", ""Measurement""], [""image"", ""text""]","[""Image"", ""Measurement""]","[""image"", ""text""]"
"37960359","[""Canada"", ""France""]","[""Motion Capture"", ""Kinematics""], [""Biomechanical model"", ""Fuzzy logic""]","[""Motion Capture"", ""Kinematics""]","[""Biomechanical model"", ""Fuzzy logic""]"
"37963517","[""Canada"", ""United States""]","[""EEG""], [""EEG""]","[""EEG""]","[""EEG""]"
"37964440","[""Australia"", ""Canada"", ""France"", ""United States""]",NULL,"[""medical claims"", ""PAP usage data""]",NULL
"37970100","[""Canada"", ""Switzerland""]","[""Echocardiograms""], [""EchoNet-Dynamic""]","[""Echocardiograms""]","[""EchoNet-Dynamic""]"
"37972608","[""Canada"", ""United States""]","[""Medical records"", ""Surveys""], {""modality1"": ""text data"", ""modality2"": ""image data""}","[""Medical records"", ""Surveys""]","{""modality1"": ""text data"", ""modality2"": ""image data""}"
"37975292","[""Canada""]","[""Clinical Data"", ""Urinary Stone Composition""], []","[""Clinical Data"", ""Urinary Stone Composition""]","[]"
"37979921","[""Canada"", ""United States""]","[""Imaging mass cytometry""], [""histopathology"", ""immunofluorescence""]","[""Imaging mass cytometry""]","[""histopathology"", ""immunofluorescence""]"
"37980216","[""Canada""]","[""stool sample""], [""blood"", ""gut bacteria""]","[""stool sample""]","[""blood"", ""gut bacteria""]"
"37999128","[""Canada""]",NULL,"[""Photon Absorption Remote Sensing"", ""Histologic Assessment""]",NULL
"37999728","[""Canada""]","[""CT""], [""MRI"", ""CT scans""]","[""CT""]","[""MRI"", ""CT scans""]"
"38005535","[""Canada""]","[""RGB""], [""RGB"", ""Video""]","[""RGB""]","[""RGB"", ""Video""]"
"38006509","[""Canada""]","[""PET""], [""PET""]","[""PET""]","[""PET""]"
"38011843","[""Canada""]","[""Adaptive Optics"", ""Intravenous Fluorescein Angiography""], [{""Type"": ""Medical images""}, {""Type"": ""Artificial intelligence""}]","[""Adaptive Optics"", ""Intravenous Fluorescein Angiography""]","[{""Type"": ""Medical images""}, {""Type"": ""Artificial intelligence""}]"
"38014004","[""Brazil"", ""Canada"", ""United States""]","[""MRI""], [""T1-weighted MRI""]","[""MRI""]","[""T1-weighted MRI""]"
"38014199","[""Canada"", ""Germany"", ""Ireland"", ""Switzerland"", ""United Kingdom""]","[""Functional MRI""], [""fMRI""]","[""Functional MRI""]","[""fMRI""]"
"38014537","[""Canada"", ""Netherlands"", ""Singapore"", ""Turkey"", ""United Kingdom"", ""United States""]",NULL,NULL,"[{""ECG"": true}, {""Echo"": true}]"
"38016622","[""Canada""]",NULL,"[""patient characteristics"", ""intraoperative decisions""]",NULL
"38017055","[""Canada"", ""Saudi Arabia""]","[""Magnetic Resonance Imaging""], [""magnetic resonance imaging (MRI), radiomics""]","[""Magnetic Resonance Imaging""]","[""magnetic resonance imaging (MRI), radiomics""]"
"38019168","[""Canada"", ""Germany"", ""United Kingdom"", ""United States""]","[""Demographic"", ""Clinical""], [{""Modality"": ""demographics""}, {""Modality"": ""clinical indicators""}]","[""Demographic"", ""Clinical""]","[{""Modality"": ""demographics""}, {""Modality"": ""clinical indicators""}]"
"38021248","[""Canada"", ""Sweden"", ""United States""]",NULL,NULL,"[""Video teletherapy"", ""Digital messaging""]"
"38029530","[""Canada"", ""China""]","[""Genomics"", ""Gene expression"", ""Single-cell RNA-sequencing""], [""Genomics"", ""Gene expression data""]","[""Genomics"", ""Gene expression"", ""Single-cell RNA-sequencing""]","[""Genomics"", ""Gene expression data""]"
"38030046","[""Canada""]","[""Serum"", ""Liquid Chromatography Mass Spectrometry""], [""serum"", ""plasma""]","[""Serum"", ""Liquid Chromatography Mass Spectrometry""]","[""serum"", ""plasma""]"
"38030063","[""Canada"", ""Turkey"", ""United States""]","[""Nasal epithelial cells"", ""Whole-transcriptome sequencing""], genomic and clinical","[""Nasal epithelial cells"", ""Whole-transcriptome sequencing""]","genomic and clinical"
"38040450","[""Canada""]","[""Text"", ""Image""], Cardiology","[""Text"", ""Image""]","Cardiology"
"38040769","[""Canada"", ""United States""]","[""task"", ""resting-state""], [""neural signatures"", ""cognition"", ""depression""]","[""task"", ""resting-state""]","[""neural signatures"", ""cognition"", ""depression""]"
"38050002","[""Canada"", ""Israel""]","[""MRI""], [{""value"": ""2D MR imaging""}, {""value"": ""3D reconstructed MR imaging""}]","[""MRI""]","[{""value"": ""2D MR imaging""}, {""value"": ""3D reconstructed MR imaging""}]"
"38050032","[""Canada""]","[""MRI""], [""MRI""]","[""MRI""]","[""MRI""]"
"38051671","[""Canada"", ""United States""]","[""Electronic Health Record"", ""Clinical Data""], [""Text"", ""Image""]","[""Electronic Health Record"", ""Clinical Data""]","[""Text"", ""Image""]"
"38066031","[""Canada"", ""United States""]","[""Clinical"", ""Multimodal""], [""Image"", ""Text""]","[""Clinical"", ""Multimodal""]","[""Image"", ""Text""]"
"38066735","[""Canada"", ""Pakistan"", ""Turkey""]","[""Metabolomics""], [""Metabolites""]","[""Metabolomics""]","[""Metabolites""]"
"38075554","[""Canada"", ""Switzerland"", ""United States""]","[""Electronic Health Records""], [""Electronic Health Records""]","[""Electronic Health Records""]","[""Electronic Health Records""]"
"38079600","[""Canada"", ""China""]","[""Visual""], [""Vision""]","[""Visual""]","[""Vision""]"
"38082277","[""Canada""]","[""Vision""], [""video""]","[""Vision""]","[""video""]"
"38082372","[""Canada""]","[""Multi-modal frailty indicators"", ""Memory"", ""Leisure"", ""Lymphocyte count"", ""Neutrophil count"", ""Quality of life"", ""Olfaction"", ""Sex"", ""Dependence in activities of daily living"", ""Visual contrast""], [""Cognitive Characteristics"", ""Biomarkers"", ""Clinical Symptoms""]","[""Multi-modal frailty indicators"", ""Memory"", ""Leisure"", ""Lymphocyte count"", ""Neutrophil count"", ""Quality of life"", ""Olfaction"", ""Sex"", ""Dependence in activities of daily living"", ""Visual contrast""]","[""Cognitive Characteristics"", ""Biomarkers"", ""Clinical Symptoms""]"
"38089001","[""Canada""]","[""Radiographs""], [""radiograph""]","[""Radiographs""]","[""radiograph""]"
"38100260","[""Canada""]","[""CT"", ""MRI""], [""Image"", ""Clinical""]","[""CT"", ""MRI""]","[""Image"", ""Clinical""]"
"38103765","[""Australia"", ""Canada"", ""France"", ""United States""]","[""ECG"", ""Medical imaging""], [""Medical Imaging"", ""Clinical Data""]","[""ECG"", ""Medical imaging""]","[""Medical Imaging"", ""Clinical Data""]"
"38106308","[""Canada""]","[""Diffusion Weighted Imaging"", ""Contrast Enhanced-T1"", ""Apparent Diffusion Coefficient""], [""Diffusion weighted imaging (DWI), Radiomics""]","[""Diffusion Weighted Imaging"", ""Contrast Enhanced-T1"", ""Apparent Diffusion Coefficient""]","[""Diffusion weighted imaging (DWI), Radiomics""]"
"38108259","[""Canada"", ""Italy"", ""Switzerland"", ""Turkey"", ""United States""]","[""Computed Tomography Angiography"", ""Nuclear Medicine""], [""Image"", ""Text""]","[""Computed Tomography Angiography"", ""Nuclear Medicine""]","[""Image"", ""Text""]"
"38114526","[""Canada"", ""United States""]","[""Imaging"", ""Pathology""], [""Ultrasound"", ""Texture analysis""]","[""Imaging"", ""Pathology""]","[""Ultrasound"", ""Texture analysis""]"
"38116648","[""Canada"", ""Saudi Arabia""]",NULL,NULL,"[""electronic_health_records"", ""clinical_data""]"
"38123557","[""Belgium"", ""Brazil"", ""Canada"", ""Denmark"", ""France"", ""Germany"", ""Korea, Republic of"", ""Luxembourg"", ""Netherlands"", ""United Kingdom"", ""United States"", ""Uzbekistan""]","[""Mass Spectrometry""], {""Modality1"": 0.7, ""Modality2"": 0.3}","[""Mass Spectrometry""]","{""Modality1"": 0.7, ""Modality2"": 0.3}"
"38124790","[""Canada"", ""France""]","[""Computed Tomography scans"", ""Clinical variables""], [""computed tomography scans""]","[""Computed Tomography scans"", ""Clinical variables""]","[""computed tomography scans""]"
"38126807","[""Canada""]","[""Images""], [""2D color images""]","[""Images""]","[""2D color images""]"
"38128123","[""Canada""]","[""Medical Imaging"", ""Clinical Data""], [{""version"": null, ""modality"": ""text""}, {""version"": null, ""modality"": ""image""}]","[""Medical Imaging"", ""Clinical Data""]","[{""version"": null, ""modality"": ""text""}, {""version"": null, ""modality"": ""image""}]"
"38130696","[""Canada""]","[""Voice""], [""speech"", ""Mel-spectrogram""]","[""Voice""]","[""speech"", ""Mel-spectrogram""]"
"38133915","[""Canada"", ""Germany""]",NULL,NULL,"[""Image""]"
"38138887","[""Canada""]","[""Verbatims""], [""verbatims"", ""immersive sessions""]","[""Verbatims""]","[""verbatims"", ""immersive sessions""]"
"38139721","[""Canada"", ""Turkey""]","[""US""], [""B-mode Ultrasound""]","[""US""]","[""B-mode Ultrasound""]"
"38149177","[""Canada"", ""United States""]","[""Sleep-EVAL system""], Sleep and medical data","[""Sleep-EVAL system""]","Sleep and medical data"
"38156628","[""Canada"", ""New Zealand""]","[""Images"", ""Dermoscopic Images""], [""Macroscopic images"", ""Dermoscopic images""]","[""Images"", ""Dermoscopic Images""]","[""Macroscopic images"", ""Dermoscopic images""]"
"38156913","[""Canada"", ""Germany""]","[""N/A""], [""Text""]","[""N/A""]","[""Text""]"
"38159275","[""Canada"", ""Germany""]","[""brain imaging""], [""Functional magnetic resonance imaging"", ""Structural magnetic resonance imaging""]","[""brain imaging""]","[""Functional magnetic resonance imaging"", ""Structural magnetic resonance imaging""]"
"38161089","[""Canada"", ""Turkey""]","[""CT"", ""MRI""], [""CT"", ""MRI""]","[""CT"", ""MRI""]","[""CT"", ""MRI""]"
"38161988","[""Canada"", ""Switzerland"", ""United States""]","[""Electronic Medical Records""], [""text"", ""numeric""]","[""Electronic Medical Records""]","[""text"", ""numeric""]"
"38170208","[""Canada"", ""Italy""]",NULL,NULL,"[""images"", ""text""]"
"38174138","[""Canada""]","[""Text""], []","[""Text""]","[]"
"38180398","[""Canada""]","[""ED visit date and time"", ""patient age"", ""sex"", ""reason for visit"", ""presenting complaint"", ""patient-reported pain score""], [{""sex"": true, ""pain_score"": true, ""patient_age"": true, ""reason_for_visit"": true, ""presenting_complaint"": true, ""ED_visit_date_and_time"": true}]","[""ED visit date and time"", ""patient age"", ""sex"", ""reason for visit"", ""presenting complaint"", ""patient-reported pain score""]","[{""sex"": true, ""pain_score"": true, ""patient_age"": true, ""reason_for_visit"": true, ""presenting_complaint"": true, ""ED_visit_date_and_time"": true}]"
"38181606","[""Canada"", ""China""]","[""sMRI""], [""anatomical features"", ""deep convolutional features""]","[""sMRI""]","[""anatomical features"", ""deep convolutional features""]"
"38183029","[""Brazil"", ""Canada""]",NULL,NULL,"[""No-shows to medical appointments""]"
"38183082","[""Canada"", ""Taiwan""]","[""Genomic"", ""Electronic health records""], [""Genomic data"", ""Electronic health records""]","[""Genomic"", ""Electronic health records""]","[""Genomic data"", ""Electronic health records""]"
"38185409","[""Canada"", ""United States""]","[""Positron Emission Tomography (PET)"", ""Rubidium-82""], [""Myocardial Blood Flow (MBF)"", ""Rubidium-82 PET""]","[""Positron Emission Tomography (PET)"", ""Rubidium-82""]","[""Myocardial Blood Flow (MBF)"", ""Rubidium-82 PET""]"
"38185882","[""Canada"", ""Germany""]","[""PET"", ""MRI"", ""ASL""], [""PET"", ""MRI""]","[""PET"", ""MRI"", ""ASL""]","[""PET"", ""MRI""]"
"38186562","[""Canada""]","[""healthcare data""], [""Electronic health records"", ""Administrative data""]","[""healthcare data""]","[""Electronic health records"", ""Administrative data""]"
"38186943","[""Canada"", ""China""]","[""Wearable sensor""], [{""Modality"": ""multimodal"", ""Data_Source"": ""wearable sensor data""}]","[""Wearable sensor""]","[{""Modality"": ""multimodal"", ""Data_Source"": ""wearable sensor data""}]"
"38193866","[""Canada"", ""Germany"", ""Switzerland"", ""United Kingdom"", ""United States""]","[""Pathology data""], [""histological tumour type"", ""lymphovascular invasion"", ""tumour grade""]","[""Pathology data""]","[""histological tumour type"", ""lymphovascular invasion"", ""tumour grade""]"
"38195644","[""Canada"", ""United States""]","[""CT""], [""CT""]","[""CT""]","[""CT""]"
"38197796","[""Canada""]","[], [{""Name"": ""Image"", ""Value"": [""Computed Tomography""]}, {""Name"": ""Text"", ""Value"": [""Surveys""]}]","[]","[{""Name"": ""Image"", ""Value"": [""Computed Tomography""]}, {""Name"": ""Text"", ""Value"": [""Surveys""]}]"
"38199138","[""Canada"", ""United States""]","[""accelerometry""], [""Acceleration"", ""Gait speed""]","[""accelerometry""]","[""Acceleration"", ""Gait speed""]"
"38199790","[""Canada"", ""United Kingdom""]","[""Voice""], [""Voice-based""]","[""Voice""]","[""Voice-based""]"
"38200511","[""Canada""]","[""Imaging""], [{""Name"": ""images""}]","[""Imaging""]","[{""Name"": ""images""}]"
"38212349","[""Australia"", ""Canada"", ""Germany"", ""Netherlands"", ""Singapore"", ""South Africa"", ""Spain"", ""Sweden"", ""Turkey"", ""United Kingdom"", ""United States""]",NULL,NULL,"[""Text"", ""Image""]"
"38212387","[""Canada"", ""United States""]","[""Non-biological and non-genetic information""], [""non-genetic"", ""non-biological""]","[""Non-biological and non-genetic information""]","[""non-genetic"", ""non-biological""]"
"38222038","[""Canada""]","[""Diagnostic codes"", ""Socio-demographic factors""], [""diagnostic codes"", ""socio-demographic factors""]","[""Diagnostic codes"", ""Socio-demographic factors""]","[""diagnostic codes"", ""socio-demographic factors""]"
"38226736","[""Canada"", ""United States""]","[""Clinical""], [""Text""]","[""Clinical""]","[""Text""]"
"38228640","[""Belgium"", ""Brazil"", ""Canada"", ""Netherlands"", ""Norway""]","[""kinematic"", ""kinetic""], [""Kinematic"", ""Kinetic""]","[""kinematic"", ""kinetic""]","[""Kinematic"", ""Kinetic""]"
"38229001","[""Canada""]","[""Cardiovascular Magnetic Resonance""], [""cardiovascular magnetic resonance images""]","[""Cardiovascular Magnetic Resonance""]","[""cardiovascular magnetic resonance images""]"
"38234469","[""Brazil"", ""Canada""]","[""EEG"", ""EOG"", ""ECG"", ""Head movement data""], [""EEG"", ""EOG"", ""ECG"", ""head movement""]","[""EEG"", ""EOG"", ""ECG"", ""Head movement data""]","[""EEG"", ""EOG"", ""ECG"", ""head movement""]"
"38234807","[""Australia"", ""Belgium"", ""Canada"", ""Cyprus"", ""France"", ""Germany"", ""Greece"", ""Netherlands"", ""Spain"", ""United Kingdom"", ""United States""]",NULL,"[""Whole-Genome Sequencing""]",NULL
"38234857","[""Australia"", ""Canada"", ""Germany"", ""United States""]",NULL,NULL,"[""Image"", ""Text""]"
"38245498","[""Canada"", ""China"", ""United States""]","[""Eye Movement""], [""Eye Movement""]","[""Eye Movement""]","[""Eye Movement""]"
"38249735","[""Canada""]",NULL,"[""Text"", ""Questionnaire""]",NULL
"38260634","[""Canada"", ""United States""]","[""Cardiac CT"", ""MRI""], [""CT"", ""MRI""]","[""Cardiac CT"", ""MRI""]","[""CT"", ""MRI""]"
"38265444","[""Canada"", ""United States""]","[""Pre-hospital"", ""Emergency department""], [""Pre-hospital data"", ""Emergency department data""]","[""Pre-hospital"", ""Emergency department""]","[""Pre-hospital data"", ""Emergency department data""]"
"38266105","[""Canada"", ""Germany"", ""United States""]","[""Medical""], []","[""Medical""]","[]"
"38267475","[""Canada"", ""United Kingdom""]","[""text""], [""Text""]","[""text""]","[""Text""]"
"38267619","[""Canada""]","[""Lipid analysis"", ""Serum samples""], [""lipid analysis""]","[""Lipid analysis"", ""Serum samples""]","[""lipid analysis""]"
"38267686","[""Canada"", ""Netherlands"", ""Switzerland""]","[""SPECT"", ""CT""], [""SPECT"", ""CT""]","[""SPECT"", ""CT""]","[""SPECT"", ""CT""]"
"38273986","[""Canada"", ""Italy"", ""United States""]",NULL,"[""Central Nervous System"", ""Electronic Health Records""]",NULL
"38279813","[""Canada""]","[""Computed Tomography"", ""Clinical Data""], [""Computed Tomography scans""]","[""Computed Tomography"", ""Clinical Data""]","[""Computed Tomography scans""]"
"38287324","[""Canada""]","[""RGB"", ""Thermal"", ""Depth""], [""RGB"", ""Thermal"", ""Depth""]","[""RGB"", ""Thermal"", ""Depth""]","[""RGB"", ""Thermal"", ""Depth""]"
"38289643","[""Canada""]","[""electronic medical records"", ""administrative data""], [""Notes""]","[""electronic medical records"", ""administrative data""]","[""Notes""]"
"38302323","[""Canada"", ""United States""]","[""Digital Path""], [{""Modality"": ""Audio""}, {""Modality"": ""Video""}]","[""Digital Path""]","[{""Modality"": ""Audio""}, {""Modality"": ""Video""}]"
"38314558","[""Canada"", ""Turkey""]","[""Intravascular Ultrasound""], [""intravascular ultrasound""]","[""Intravascular Ultrasound""]","[""intravascular ultrasound""]"
"38316811","[""Canada"", ""Saudi Arabia"", ""United States""]","[""Pre-operative demographic/clinical variables""], [""demographic/clinical variables""]","[""Pre-operative demographic/clinical variables""]","[""demographic/clinical variables""]"
"38316895","[""Canada"", ""United States""]","[""HM"", ""head circumference"", ""demographic, health, dietary and home environment data""], [""human milk (HM) data"", ""maternal and infant demographic, health, dietary and home environment data""]","[""HM"", ""head circumference"", ""demographic, health, dietary and home environment data""]","[""human milk (HM) data"", ""maternal and infant demographic, health, dietary and home environment data""]"
"38320143","[""Brazil"", ""Canada"", ""Turkey"", ""United States""]","[""Medical Imaging"", ""Genomics""], [{""Tags"": [""Computed Tomography""], ""Modality"": ""Images""}, {""Tags"": [], ""Modality"": ""Audio""}, {""Tags"": [], ""Modality"": ""Text""}]","[""Medical Imaging"", ""Genomics""]","[{""Tags"": [""Computed Tomography""], ""Modality"": ""Images""}, {""Tags"": [], ""Modality"": ""Audio""}, {""Tags"": [], ""Modality"": ""Text""}]"
"38321027","[""Canada"", ""United States""]","[""CT""], [""CT scan"", ""segmentations""]","[""CT""]","[""CT scan"", ""segmentations""]"
"38322813","[""Canada""]",NULL,NULL,"[""Text""]"
"38324597","[""Argentina"", ""Australia"", ""Brazil"", ""Canada"", ""Egypt"", ""Germany"", ""India"", ""Netherlands"", ""Romania"", ""Saudi Arabia"", ""Slovakia"", ""Switzerland"", ""United States""]",NULL,NULL,"[[""X-Ray""], [""MRI"", ""CT Scan""], null, [""X-Ray"", ""MRI""], [""ECG"", ""EEG""], [""Speech"", ""Text""], [""Video"", ""Audio""], null, null, null, null, null]"
"38326559","[""Brazil"", ""Canada"", ""China"", ""Germany"", ""India"", ""Italy"", ""Japan"", ""Korea, Republic of"", ""Netherlands"", ""Norway"", ""Portugal"", ""Qatar"", ""South Africa"", ""Spain"", ""Switzerland"", ""United Kingdom"", ""United States""]",NULL,NULL,"[""Imaging"", ""Psychiatry""]"
"38330168","[""Australia"", ""Belgium"", ""Canada"", ""France"", ""United States""]","[""PSG"", ""PG"", ""MJM-based technology""], [""PSG/PG""]","[""PSG"", ""PG"", ""MJM-based technology""]","[""PSG/PG""]"
"38331204","[""Canada"", ""Lebanon""]","[""Endoscopy"", ""Optical Diagnosis""], None","[""Endoscopy"", ""Optical Diagnosis""]","None"
"38332374","[""Canada"", ""China"", ""Denmark"", ""Germany"", ""Japan"", ""Netherlands"", ""Norway"", ""Singapore"", ""South Korea"", ""Spain"", ""Sweden"", ""Switzerland"", ""United Kingdom"", ""United States""]",NULL,"[""brain structural neuroimaging""]",NULL
"38341999","[""Canada"", ""Norway""]",NULL,"[""Clinical""]",NULL
"38340117","[""Canada"", ""United States""]","[""PPG""], [""photoplethysmography"", ""electrocardiography""]","[""PPG""]","[""photoplethysmography"", ""electrocardiography""]"
"38342041","[""Canada""]","[""biopsy"", ""histology"", ""serum CA-125""], [""image data""]","[""biopsy"", ""histology"", ""serum CA-125""]","[""image data""]"
"38343230","[""Canada"", ""United States""]","[""CT Imaging"", ""Pathology-Supported Diagnostic Labels""], [""Imaging"", ""Pathology""]","[""CT Imaging"", ""Pathology-Supported Diagnostic Labels""]","[""Imaging"", ""Pathology""]"
"38351686","[""Canada"", ""China""]","[""Python's Scikit-Learn Library""], [""Text"", ""Python""]","[""Python's Scikit-Learn Library""]","[""Text"", ""Python""]"
"38352035","[""Canada"", ""Turkey"", ""United States""]","[], [""text"", ""image""]","[]","[""text"", ""image""]"
"38353022","[""Canada""]","[""Metagenomics"", ""Metabolomics""], [""Clinical"", ""Metabolomics""]","[""Metagenomics"", ""Metabolomics""]","[""Clinical"", ""Metabolomics""]"
"38355486","[""Canada"", ""United States""]","[""Medical Codes""], [""Text"", null]","[""Medical Codes""]","[""Text"", null]"
"38356654","[""Cameroon"", ""Canada"", ""Ghana"", ""South Africa""]","[""health"", ""education"", ""social wellbeing"", ""empowerment"", ""livelihood""], [""audio"", ""video""]","[""health"", ""education"", ""social wellbeing"", ""empowerment"", ""livelihood""]","[""audio"", ""video""]"
"38361633","[""Canada""]","[""plasma""], [""Protein panel""]","[""plasma""]","[""Protein panel""]"
"38362943","[""Canada""]","[""computed tomography (CT)""], [""Computed Tomography (CT)""]","[""computed tomography (CT)""]","[""Computed Tomography (CT)""]"
"38364600","[""Canada""]","[""Computed Tomography""], [""non-contrast computed tomography""]","[""Computed Tomography""]","[""non-contrast computed tomography""]"
"38370787","[""Australia"", ""Canada"", ""China"", ""Hong Kong"", ""South Korea"", ""Spain"", ""Turkey"", ""United Kingdom"", ""United States""]","[""Electronic Health Records"", ""Medical Claims Data""], [{""Modality"": [""Electronic Health Records""]}, {""Modality"": [""Medical Images""]}, null]","[""Electronic Health Records"", ""Medical Claims Data""]","[{""Modality"": [""Electronic Health Records""]}, {""Modality"": [""Medical Images""]}, null]"
"38373289","[""Canada""]","[""Computed Tomography (CT)""], [""CT"", ""MRI""]","[""Computed Tomography (CT)""]","[""CT"", ""MRI""]"
"38382095","[""Canada"", ""Ireland""]","[""Breath samples""], [""volatile organic compounds"", ""LAS-spectra""]","[""Breath samples""]","[""volatile organic compounds"", ""LAS-spectra""]"
"38382816","[""Canada"", ""Chile"", ""Denmark"", ""Greece"", ""Israel"", ""Italy"", ""Latvia"", ""Malaysia"", ""Mexico"", ""Netherlands"", ""Pakistan"", ""Peru"", ""Russia"", ""Spain"", ""Turkey"", ""United Kingdom"", ""United States""]",NULL,NULL,"[]"
"38383177","[""Canada""]","[""Ultrasound"", ""Operative""], [""Text"", ""Ultrasound reports""]","[""Ultrasound"", ""Operative""]","[""Text"", ""Ultrasound reports""]"
"38384277","[""Canada"", ""United Kingdom""]","[""3D medical images""], [""Medical Images""]","[""3D medical images""]","[""Medical Images""]"
"38387384","[""Canada""]","[""Respiratory Sounds""], [""audio""]","[""Respiratory Sounds""]","[""audio""]"
"38387816","[""Canada"", ""United States""]","[""Vascular Quality Initiative database""], [{""type"": null}, {""type"": ""text""}]","[""Vascular Quality Initiative database""]","[{""type"": null}, {""type"": ""text""}]"
"38390963","[""Canada""]","[""RNA-seq""], [""gene_expression""]","[""RNA-seq""]","[""gene_expression""]"
"38395016","[""Canada""]","[""Medical events"", ""Past medical events""], [""administrative data"", ""healthcare""]","[""Medical events"", ""Past medical events""]","[""administrative data"", ""healthcare""]"
"38397935","[""Canada""]","[""Stool Proteome""], [""Proteome profiles"", ""machine learning""]","[""Stool Proteome""]","[""Proteome profiles"", ""machine learning""]"
"38400281","[""Canada"", ""United States""]","[""accelerometer""], [""Accelerometer"", null]","[""accelerometer""]","[""Accelerometer"", null]"
"38402362","[""Canada"", ""Germany"", ""United States""]","[""EHR"", ""Lab data""], [""text"", ""image""]","[""EHR"", ""Lab data""]","[""text"", ""image""]"
"38417411","[""Canada""]","[""hematological indicators"", ""intestinal flora abundance""], [""blood indicators"", ""intestinal flora""]","[""hematological indicators"", ""intestinal flora abundance""]","[""blood indicators"", ""intestinal flora""]"
"38418018","[""Canada"", ""Japan"", ""United States""]","[""Imaging"", ""Surgical""], [""Acetabular cup"", ""Femoral head"", ""Femoral stem""]","[""Imaging"", ""Surgical""]","[""Acetabular cup"", ""Femoral head"", ""Femoral stem""]"
"38418987","[""Canada"", ""India"", ""Lithuania"", ""Nigeria""]","[""X-ray"", ""Computed Tomography (CT) scan""], [""X-ray and CT scan images""]","[""X-ray"", ""Computed Tomography (CT) scan""]","[""X-ray and CT scan images""]"
"38421670","[""Canada""]","[""OCTCases"", ""Multimodal imaging""], [""image"", ""text""]","[""OCTCases"", ""Multimodal imaging""]","[""image"", ""text""]"
"38422727","[""Canada""]","[""Magnetic Resonance Imaging""], [""MRI""]","[""Magnetic Resonance Imaging""]","[""MRI""]"
"38423450","[""Canada"", ""Turkey"", ""United States""]","[""Clinical""], [""Text""]","[""Clinical""]","[""Text""]"
"38424096","[""Canada"", ""United States""]","[""X-rays"", ""Medical Imaging""], [""X-rays""]","[""X-rays"", ""Medical Imaging""]","[""X-rays""]"
"38428251","[""Canada""]","[""Medical Imaging""], {""3D aortic model"": true, ""2D eccentric stenosis model"": true, ""1D advection-diffusion problem"": true}","[""Medical Imaging""]","{""3D aortic model"": true, ""2D eccentric stenosis model"": true, ""1D advection-diffusion problem"": true}"
"38429796","[""Canada""]","[""Magnetic resonance imaging"", ""Multi-omic""], [""MRI"", ""multi-omic data""]","[""Magnetic resonance imaging"", ""Multi-omic""]","[""MRI"", ""multi-omic data""]"
"38430856","[""Canada"", ""Czechia"", ""France""]","[""EEG""], [""EEG""]","[""EEG""]","[""EEG""]"
"38432285","[""Canada""]","[""Radiation therapy"", ""Brain""], [""Radiation Medicine""]","[""Radiation therapy"", ""Brain""]","[""Radiation Medicine""]"
"38435711","[""Canada""]","[""MRI"", ""T2-weighted MRI"", ""Diffusion Weighted Imaging (DWI)"", ""Apparent Diffusion Coefficient (ADC)""], [""MRI"", ""localizer images""]","[""MRI"", ""T2-weighted MRI"", ""Diffusion Weighted Imaging (DWI)"", ""Apparent Diffusion Coefficient (ADC)""]","[""MRI"", ""localizer images""]"
"38436242","[""Canada""]","[], [""genomic""]","[]","[""genomic""]"
"38441539","[""Canada"", ""Korea, Republic of"", ""United States""]","[""Multimodal""], [{""Modality"": ""Cognitive phenotypes""}, {""Modality"": ""Familial and neighborhood socioeconomic status (SES)""}, {""Modality"": ""Supportive environment""}]","[""Multimodal""]","[{""Modality"": ""Cognitive phenotypes""}, {""Modality"": ""Familial and neighborhood socioeconomic status (SES)""}, {""Modality"": ""Supportive environment""}]"
"38442128","[""Canada"", ""France""]","[""Auditory""], [""auditory"", ""visuo-spatial""]","[""Auditory""]","[""auditory"", ""visuo-spatial""]"
"38443276","[""Canada""]","[""RGB-D camera"", ""Optical Motion Capture""], [""RGB"", ""Depth""]","[""RGB-D camera"", ""Optical Motion Capture""]","[""RGB"", ""Depth""]"
"38444851","[""Brazil"", ""Canada"", ""Germany"", ""Singapore"", ""United Kingdom"", ""United States""]","[""Immunology""], [""text"", ""image""]","[""Immunology""]","[""text"", ""image""]"
"38446445","[""Canada""]","[""ECG""], [""ECG"", ""Text""]","[""ECG""]","[""ECG"", ""Text""]"
"38446766","[""Canada"", ""Germany"", ""Liechtenstein"", ""Maldives"", ""Netherlands"", ""South Africa"", ""Switzerland"", ""United Kingdom"", ""United States""]",NULL,NULL,NULL
"38469689","[""Belgium"", ""Canada"", ""Denmark"", ""Italy"", ""Japan"", ""Netherlands"", ""Switzerland"", ""United Kingdom"", ""United States""]",NULL,NULL,"[""Medical Images"", ""Clinical Data""]"
"38456877","[""Canada"", ""United States""]","[""Computed Tomography"", ""Single-photon emission computed tomography""], {""text"": [""survey""], ""image"": [""CT scan""]}","[""Computed Tomography"", ""Single-photon emission computed tomography""]","{""text"": [""survey""], ""image"": [""CT scan""]}"
"38468224","[""Canada""]","[""Rich Text Format text"", ""plain text format""], [""Rich Text Format text conversion"", ""Syntax and Lexical analyses""]","[""Rich Text Format text"", ""plain text format""]","[""Rich Text Format text conversion"", ""Syntax and Lexical analyses""]"
"38467853","[""Canada"", ""United States""]","[""MRI"", ""Clinical""], [""MRI"", ""clinical data""]","[""MRI"", ""Clinical""]","[""MRI"", ""clinical data""]"
"38470880","[""Canada""]","[""Time series""], [""multi-channel nerve cuff recordings"", ""time series classification""]","[""Time series""]","[""multi-channel nerve cuff recordings"", ""time series classification""]"
"38480766","[""Canada"", ""United States""]","[""Ultrasonography"", ""Vowel articulation""], [""Ultrasound"", ""Audio""]","[""Ultrasonography"", ""Vowel articulation""]","[""Ultrasound"", ""Audio""]"
"38483388","[""Canada""]",NULL,"[""Medical Imaging""]",NULL
"38484398","[""Canada""]","[""3D dose volumes"", ""Prostate anatomy""], [""medical images"", ""patient geometry""]","[""3D dose volumes"", ""Prostate anatomy""]","[""medical images"", ""patient geometry""]"
"38486013","[""Canada"", ""China""]","[""Electroencephalography""], [""iEEG""]","[""Electroencephalography""]","[""iEEG""]"
"38486268","[""Argentina"", ""Canada"", ""France"", ""Spain""]",NULL,NULL,"text"
"38531844","[""Canada"", ""United Kingdom"", ""United States""]","[""Imaging"", ""Genomics""], []","[""Imaging"", ""Genomics""]","[]"
"38492206","[""Canada"", ""France"", ""Norway""]","[""Pharmacokinetic profiles""], [""Pharmacokinetic Parameters"", ""World Health Organization (WHO) Growth Curve""]","[""Pharmacokinetic profiles""]","[""Pharmacokinetic Parameters"", ""World Health Organization (WHO) Growth Curve""]"
"38497716","[""Canada"", ""Kazakhstan"", ""Romania""]","[""MALDI-TOF""], [""Text"", ""Image""]","[""MALDI-TOF""]","[""Text"", ""Image""]"
"38502860","[""Canada"", ""China""]","[""proteomics"", ""metabolomics""], [""Proteomics"", ""Metabolomics""]","[""proteomics"", ""metabolomics""]","[""Proteomics"", ""Metabolomics""]"
"38505008","[""Canada"", ""Italy"", ""Switzerland"", ""United States""]","[""CT scans""], [""CT scans""]","[""CT scans""]","[""CT scans""]"
"38505491","[""Australia"", ""Canada"", ""United States""]",NULL,NULL,NULL
"38509230","[""Canada"", ""Germany""]",NULL,"[""Sensorimotor"", ""Cognitive"", ""Global Functioning""]",NULL
"38511261","[""Canada"", ""Netherlands""]","[""Three-dimensional kinematics"", ""Gas exchange""], [""three-dimensional kinematics""]","[""Three-dimensional kinematics"", ""Gas exchange""]","[""three-dimensional kinematics""]"
"38519152","[""Canada"", ""United Kingdom""]",NULL,"[""health system"", ""demographic"", ""clinical""]",NULL
"38532015","[""Australia"", ""Canada"", ""China"", ""Finland"", ""France"", ""Germany"", ""Hong Kong"", ""India"", ""Portugal"", ""United States""]","[""Cell""], [""Image"", ""Text""]","[""Cell""]","[""Image"", ""Text""]"
"38532639","[""Australia"", ""Canada""]","[""Audio""], [""text""]","[""Audio""]","[""text""]"
"38537536","[""Canada"", ""Germany""]","[""CT""], [""CT perfusion imaging"", ""MRI"", ""Ultrasound""]","[""CT""]","[""CT perfusion imaging"", ""MRI"", ""Ultrasound""]"
"38538415","[""Canada""]","[""MRI""], [{""Modality"": ""MRI""}, {""Modality"": ""Dosimetry Data""}]","[""MRI""]","[{""Modality"": ""MRI""}, {""Modality"": ""Dosimetry Data""}]"
"38538559","[""Canada"", ""Czechia"", ""United States"", ""Venezuela""]",NULL,"[""Biopsy"", ""Plasma""]",NULL
"38538619","[""Canada""]","[""Radiographs""], [""Radiograph"", ""Manual measurement""]","[""Radiographs""]","[""Radiograph"", ""Manual measurement""]"
"38539074","[""Canada"", ""United States""]",NULL,NULL,"[""Age"", ""Health Instability"", ""Functional and Cognitive Status""]"
"38539236","[""Canada""]","[""Video""], [""Ultrasound"", ""ECG""]","[""Video""]","[""Ultrasound"", ""ECG""]"
"38539425","[""Canada""]","[""Imaging""], [{""Name"": ""Image""}, {""Name"": ""Text""}, {""Name"": ""Video""}]","[""Imaging""]","[{""Name"": ""Image""}, {""Name"": ""Text""}, {""Name"": ""Video""}]"
"38544181","[""Canada"", ""Germany"", ""Poland"", ""United States""]","[""Video"", ""Audio""], [""video"", ""audio"", ""physiological data""]","[""Video"", ""Audio""]","[""video"", ""audio"", ""physiological data""]"
"38547927","[""Canada"", ""Germany"", ""Japan"", ""United States""]","[""Endoscopy videos""], [""Video"", ""Text""]","[""Endoscopy videos""]","[""Video"", ""Text""]"
"38549146","[""Canada"", ""Spain"", ""Sweden""]","[""DNA methylation""], [""Methylation""]","[""DNA methylation""]","[""Methylation""]"
"38552452","[""Canada"", ""United States""]","[""Chest X-Ray images""], [""X-Ray""]","[""Chest X-Ray images""]","[""X-Ray""]"
"38552566","[""Canada""]","[""Static oocyte images""], [""Image""]","[""Static oocyte images""]","[""Image""]"
"38557148","[""Canada"", ""France"", ""Netherlands"", ""United States""]","[""Colorimetric information"", ""Imaging""], [""Imaging application"", ""Colorimetric information""]","[""Colorimetric information"", ""Imaging""]","[""Imaging application"", ""Colorimetric information""]"
"38563856","[""Canada"", ""Turkey"", ""United States""]","[""Intracranial metastases""], [{""modality"": ""image""}, {""modality"": ""text""}]","[""Intracranial metastases""]","[{""modality"": ""image""}, {""modality"": ""text""}]"
"38564508","[""Canada""]","[""Video""], {""sagittal_plane_gait_patterns"": null}","[""Video""]","{""sagittal_plane_gait_patterns"": null}"
"38567100","[""Canada"", ""India"", ""Qatar""]","[""Histopathology""], [""High-Resolution Histopathological Images""]","[""Histopathology""]","[""High-Resolution Histopathological Images""]"
"38568987","[""Canada""]","[""administrative data""], [""health administrative data""]","[""administrative data""]","[""health administrative data""]"
"38573752","[""Canada"", ""United States""]","[""text""], [""text""]","[""text""]","[""text""]"
"38575814","[""Canada"", ""Hungary"", ""Iran""]","[""PET""], [""PET imaging""]","[""PET""]","[""PET imaging""]"
"38582770","[""Canada"", ""Iran""]","[""Electrochemical"", ""Urine""], [""urine samples""]","[""Electrochemical"", ""Urine""]","[""urine samples""]"
"38585855","[""Canada"", ""India"", ""Madagascar"", ""Philippines"", ""South Africa"", ""Tanzania"", ""Uganda"", ""United States"", ""Vietnam""]","[""Audio""], [""sound""]","[""Audio""]","[""sound""]"
"38588794","[""Australia"", ""Canada""]","[""Electrocardiogram""], [""ECGs""]","[""Electrocardiogram""]","[""ECGs""]"
"38589545","[""Canada""]","[""text""], [""Text""]","[""text""]","[""Text""]"
"38589815","[""Canada""]","[""EEG"", ""Auditory""], [""EEG"", ""vocal and musical""]","[""EEG"", ""Auditory""]","[""EEG"", ""vocal and musical""]"
"38598191","[""Canada"", ""United States""]","[""CT scans"", ""Electronic Health Records""], [""Multislice abdominal CT scans""]","[""CT scans"", ""Electronic Health Records""]","[""Multislice abdominal CT scans""]"
"38599293","[""Canada"", ""Lebanon"", ""Saudi Arabia""]",NULL,"[""Plasma concentrations of three biomarkers (N-terminal pro-B-type natriuretic peptide [NT-proBNP], fatty acid binding protein 3 [FABP3], and FABP4)""]",NULL
"38604185","[""Canada"", ""United States""]","[""Computed tomography"", ""Monte Carlo simulations""], [""CT scans""]","[""Computed tomography"", ""Monte Carlo simulations""]","[""CT scans""]"
"38604736","[""Canada"", ""Germany"", ""United States""]","[""MR""], {""size"": {""count"": 1}, ""type"": {""count"": null}}","[""MR""]","{""size"": {""count"": 1}, ""type"": {""count"": null}}"
"38605059","[""Canada"", ""Ethiopia"", ""Morocco"", ""Saudi Arabia"", ""United States""]",NULL,NULL,"[""X-ray""]"
"38605172","[""Canada"", ""Netherlands""]","[""neuroimaging"", ""behavioral data""], [""hippocampal-cortical connectivity"", ""episodic memory"", ""social cognition""]","[""neuroimaging"", ""behavioral data""]","[""hippocampal-cortical connectivity"", ""episodic memory"", ""social cognition""]"
"38605799","[""Canada"", ""Iran""]","[""CT-scan""], [""CT scan""]","[""CT-scan""]","[""CT scan""]"
"38607809","[""Argentina"", ""Bolivia"", ""Canada"", ""Chile"", ""Colombia"", ""India"", ""Luxembourg"", ""Mexico"", ""Romania"", ""Spain"", ""Turkey"", ""United States""]",NULL,NULL,"[]"
"38617584","[""Canada"", ""Kuwait"", ""United States""]","[""Saliva"", ""Blood""], [""microbiome, salivary cytokines, systemic cytokines""]","[""Saliva"", ""Blood""]","[""microbiome, salivary cytokines, systemic cytokines""]"
"38621801","[""Canada"", ""Denmark"", ""United Kingdom""]","[""Electronic medical records"", ""Albuminuria""], [""Electronic medical records""]","[""Electronic medical records"", ""Albuminuria""]","[""Electronic medical records""]"
"38626440","[""Canada"", ""United States""]","[""Demographic data"", ""Clinical data""], [""Text""]","[""Demographic data"", ""Clinical data""]","[""Text""]"
"38630732","[""Canada"", ""United States""]",NULL,NULL,"[""muscle mass measurement""]"
"38632526","[""Canada"", ""Switzerland""]","[""Proteomics""], [""Proteinomics data""]","[""Proteomics""]","[""Proteinomics data""]"
"38637239","[""Canada""]","[""MRI""], [""MRI""]","[""MRI""]","[""MRI""]"
"38638495","[""Canada""]","[""2D-3D"", ""Video""], [""2D-3D Convolutional Neural Networks"", ""Videos""]","[""2D-3D"", ""Video""]","[""2D-3D Convolutional Neural Networks"", ""Videos""]"
"38639373","[""Canada"", ""Saudi Arabia""]",NULL,"[""Clinical Data"", ""Imaging Data""]",NULL
"38642296","[""Canada""]","[""Ultrasound""], Ultrasound images","[""Ultrasound""]","Ultrasound images"
"38642704","[""Canada""]",NULL,NULL,"[{""Type"": ""Machine Learning"", ""Model"": ""Feedforward and Recurrent Neural Networks""}]"
"38643691","[""Canada"", ""United States""]","[""brain magnetic resonance imaging""], [""MRI""]","[""brain magnetic resonance imaging""]","[""MRI""]"
"38647339","[""Canada""]","[""serum concentrations of 9 biomarkers""], [""Blood-based biomarkers""]","[""serum concentrations of 9 biomarkers""]","[""Blood-based biomarkers""]"
"38651539","[""Canada""]","[""Oral""], [""Text""]","[""Oral""]","[""Text""]"
"38652720","[""Canada""]","[""Time series"", ""Clinical data""], [{""modality"": ""Text""}, {""modality"": ""Image""}]","[""Time series"", ""Clinical data""]","[{""modality"": ""Text""}, {""modality"": ""Image""}]"
"38662370","[""Canada""]","[""Text""], [""symptoms"", ""sleep difficulties"", ""cognitive difficulties"", ""disabling fatigue""]","[""Text""]","[""symptoms"", ""sleep difficulties"", ""cognitive difficulties"", ""disabling fatigue""]"
"38664377","[""Australia"", ""Canada"", ""Germany"", ""Norway"", ""United Kingdom""]","[""Structural MRI"", ""Clinical"", ""Sociodemographic"", ""Genetic""], [""MRI"", ""clinical data""]","[""Structural MRI"", ""Clinical"", ""Sociodemographic"", ""Genetic""]","[""MRI"", ""clinical data""]"
"38668049","[""Canada""]","[""Text""], [""Text""]","[""Text""]","[""Text""]"
"38668064","[""Canada""]","[""Electronic Health Records""], [""text""]","[""Electronic Health Records""]","[""text""]"
"38669487","[""Australia"", ""Canada"", ""China"", ""France"", ""Germany"", ""Korea, Republic of""]","[""Medical Records"", ""Medical Imaging""], [""musculoskeletal""]","[""Medical Records"", ""Medical Imaging""]","[""musculoskeletal""]"
"38671083","[""Canada"", ""United States""]",NULL,NULL,NULL
"38671486","[""Canada""]","[""optical coherence tomography (OCT) videos and fovea-centered images""], [""videos"", ""images""]","[""optical coherence tomography (OCT) videos and fovea-centered images""]","[""videos"", ""images""]"
"38674204","[""Canada""]","[""Hemodynamic traces"", ""Arterial pressure""], [""Arterial Pressure Wave""]","[""Hemodynamic traces"", ""Arterial pressure""]","[""Arterial Pressure Wave""]"
"38678144","[""Canada"", ""Cyprus"", ""India"", ""Italy"", ""Portugal"", ""Serbia"", ""United States""]","[""Ultrasound"", ""Angiography""], [{""name"": ""MR""}, {""name"": ""CT""}]","[""Ultrasound"", ""Angiography""]","[{""name"": ""MR""}, {""name"": ""CT""}]"
"38678567","[""Canada""]","[""plasma"", ""omics""], [""multi-omics""]","[""plasma"", ""omics""]","[""multi-omics""]"
"38679324","[""Canada"", ""United States""]","[""brain imaging""], [""Text"", ""Image""]","[""brain imaging""]","[""Text"", ""Image""]"
"38693326","[""Canada"", ""United Arab Emirates""]","[""Anthropometric measurements""], [""image"", ""tissue mass""]","[""Anthropometric measurements""]","[""image"", ""tissue mass""]"
"38696609","[""Canada"", ""China"", ""Japan""]","[""MRI""], [""image""]","[""MRI""]","[""image""]"
"38697028","[""Canada""]","[""Planning CT"", ""Last synthetic CT""], [""radiomic"", ""dosiomic""]","[""Planning CT"", ""Last synthetic CT""]","[""radiomic"", ""dosiomic""]"
"38699676","[""Canada""]","[""Structural T1-weighted magnetic resonance imaging""], [""MRI"", ""Cognitive assessments""]","[""Structural T1-weighted magnetic resonance imaging""]","[""MRI"", ""Cognitive assessments""]"
"38699950","[""Australia"", ""Canada"", ""United States""]","[""Medical images""], [""Images""]","[""Medical images""]","[""Images""]"
"38704793","[""Canada""]","[""Micro-ultrasound""], [""micro-ultrasound"", ""convolutional neural network models""]","[""Micro-ultrasound""]","[""micro-ultrasound"", ""convolutional neural network models""]"
"38706611","[""Canada""]","[""Ultrasound""], [""ultrasound""]","[""Ultrasound""]","[""ultrasound""]"
"38706783","[""Canada""]","[""Clinical""], [""unsupervised dimensionality reduction and clustering"", ""supervised analysis""]","[""Clinical""]","[""unsupervised dimensionality reduction and clustering"", ""supervised analysis""]"
"38707712","[""Canada"", ""Germany"", ""Korea, Republic of"", ""Netherlands"", ""South Korea""]","[""Visual"", ""Auditory"", ""Cognitive""], [""Language"", ""Executive control""]","[""Visual"", ""Auditory"", ""Cognitive""]","[""Language"", ""Executive control""]"
"38723886","[""Canada"", ""China""]","[""Echocardiography"", ""Single-photon emission computed tomography (SPECT)""], [""SPECT"", ""Echocardiography""]","[""Echocardiography"", ""Single-photon emission computed tomography (SPECT)""]","[""SPECT"", ""Echocardiography""]"
"38724761","[""Canada"", ""United States""]","[""Tree-based"", ""Clinical""], [""XgBoost""]","[""Tree-based"", ""Clinical""]","[""XgBoost""]"
"38727827","[""Austria"", ""Canada"", ""Germany"", ""Italy"", ""Switzerland""]","[""Survey"", ""Electronic Health Records""], []","[""Survey"", ""Electronic Health Records""]","[]"
"38734697","[""Canada"", ""China""]","[""Ultrasound""], [""Ultrasound""]","[""Ultrasound""]","[""Ultrasound""]"
"38739557","[""Canada""]","[""Electromyography""], [""Myoelectric Prosthesis Control"", ""User Experience""]","[""Electromyography""]","[""Myoelectric Prosthesis Control"", ""User Experience""]"
"38751214","[""Canada"", ""Korea, Republic of""]",NULL,"[""Cortical""]",NULL
"38754135","[""Canada""]","[""Medical Records""], [""Text""]","[""Medical Records""]","[""Text""]"
"38760690","[""Canada""]","[""Proteomic""], [""Proteomics""]","[""Proteomic""]","[""Proteomics""]"
"38762552","[""Canada""]","[""Robot"", ""Clinical""], [""Proprioception"", ""Visuomotor adaptation""]","[""Robot"", ""Clinical""]","[""Proprioception"", ""Visuomotor adaptation""]"
"38763356","[""Canada""]","[""MR""], [""MRI""]","[""MR""]","[""MRI""]"
"38763972","[""Canada""]","[""Hot Flush Rating Scale""], [""Hot Flush Rating Scale (HFRS)""]","[""Hot Flush Rating Scale""]","[""Hot Flush Rating Scale (HFRS)""]"
"38769334","[""Canada"", ""France"", ""Germany"", ""Hungary"", ""Italy"", ""Luxembourg"", ""Netherlands"", ""Spain"", ""United Kingdom""]",NULL,"[""Medical"", ""Pharmacology""]",NULL
"38772191","[""Canada"", ""United States""]","[""CT""], [""image"", ""text""]","[""CT""]","[""image"", ""text""]"
"38774366","[""Canada"", ""United States""]","[""breath-by-breath""], [""breath-by-breath data""]","[""breath-by-breath""]","[""breath-by-breath data""]"
"38790952","[""Canada"", ""Spain"", ""Switzerland"", ""United States""]","[""Metabolic"", ""Transcriptomic""], [""None of the above""]","[""Metabolic"", ""Transcriptomic""]","[""None of the above""]"
"38777894","[""Canada"", ""Switzerland"", ""United States""]","[], [""Surgical Data""]","[]","[""Surgical Data""]"
"38780375","[""Canada""]","[""ECG"", ""ACC""], [""ECG"", ""accelerometric""]","[""ECG"", ""ACC""]","[""ECG"", ""accelerometric""]"
"38784249","[""Canada"", ""Iran""]","[""Laboratory Tests"", ""Age"", ""ICU Admission""], [""Hematological"", ""Clinical chemistry""]","[""Laboratory Tests"", ""Age"", ""ICU Admission""]","[""Hematological"", ""Clinical chemistry""]"
"38784688","[""Canada"", ""United States""]","[""MRI"", ""Clinical""], [""MRI"", ""clinical_features""]","[""MRI"", ""Clinical""]","[""MRI"", ""clinical_features""]"
"38786284","[""Canada"", ""United States""]","[""Photoplethysmographic"", ""Orthogonal voltage gradient""], [""Photoplethysmographic"", ""Orthogonal Voltage Gradient""]","[""Photoplethysmographic"", ""Orthogonal voltage gradient""]","[""Photoplethysmographic"", ""Orthogonal Voltage Gradient""]"
"38786731","[""Canada""]","[""Serum metabolites""], [""Serum"", ""Clinical variables""]","[""Serum metabolites""]","[""Serum"", ""Clinical variables""]"
"38788286","[""Canada""]",NULL,NULL,"[{""value"": ""text""}, {""value"": ""image""}]"
"38807510","[""Australia"", ""Canada"", ""Netherlands""]","[""Laboratory data""], [""Laboratory data"", ""Electronic medical records""]","[""Laboratory data""]","[""Laboratory data"", ""Electronic medical records""]"
"38807993","[""Canada"", ""Poland"", ""United Kingdom"", ""United States""]","[""Text""], [""text""]","[""Text""]","[""text""]"
"38834975","[""Canada"", ""Iran""]",NULL,NULL,NULL
"38838843","[""Canada"", ""United Kingdom"", ""United States""]","[""Text""], []","[""Text""]","[]"
"38842257","[""Canada"", ""China"", ""Germany"", ""Israel"", ""Netherlands"", ""Poland"", ""Spain"", ""United Kingdom""]","[""Serum metabolites"", ""Magnetic resonance enterography"", ""Ileocolonoscopy""], [""Serum metabolites""]","[""Serum metabolites"", ""Magnetic resonance enterography"", ""Ileocolonoscopy""]","[""Serum metabolites""]"
"38842593","[""Canada"", ""Germany""]","[""Metabolomics""], [""Metabolomic"", ""Xenobiotic""]","[""Metabolomics""]","[""Metabolomic"", ""Xenobiotic""]"
"38848770","[""Canada"", ""Germany""]","[""Computed Tomography""], [""Image data""]","[""Computed Tomography""]","[""Image data""]"
"38850215","[""Canada"", ""China"", ""Japan""]","[""MRI""], [""Structural connectivity data""]","[""MRI""]","[""Structural connectivity data""]"
"38852813","[""Canada"", ""Japan""]","[""Image""], [""immunostaining""]","[""Image""]","[""immunostaining""]"
"38854972","[""Canada"", ""Lebanon"", ""United States""]","[""Text""], [""happiness"", ""depressive symptoms""]","[""Text""]","[""happiness"", ""depressive symptoms""]"
"38858500","[""Canada""]","[""B-mode US images""], [""B-mode US images""]","[""B-mode US images""]","[""B-mode US images""]"
"38861067","[""Canada"", ""United States""]","[""CT""], [""CT"", ""high-frequency kernel""]","[""CT""]","[""CT"", ""high-frequency kernel""]"
"38866253","[""Canada"", ""United States""]","[""symptoms""], [""symptoms"", ""ratings""]","[""symptoms""]","[""symptoms"", ""ratings""]"
"38866367","[""Canada"", ""Georgia"", ""United States""]","[""Fundus images""], [""Fundus images""]","[""Fundus images""]","[""Fundus images""]"
"38875552","[""Canada""]",NULL,NULL,"[""Text""]"
"38875561","[""Canada""]",NULL,"[""Text""]",NULL
"38875572","[""Canada""]","[""Computed Tomography""], [{""modality1"": ""Computed Tomography (CT) Images"", ""modality2"": ""Radiation Oncology Consultation Notes""}]","[""Computed Tomography""]","[{""modality1"": ""Computed Tomography (CT) Images"", ""modality2"": ""Radiation Oncology Consultation Notes""}]"
"38875685","[""Canada""]","[""Audio"", ""Text""], [""Audio""]","[""Audio"", ""Text""]","[""Audio""]"
"38875686","[""Canada"", ""United Kingdom""]","[""Interviews""], [""Audio"", ""Video""]","[""Interviews""]","[""Audio"", ""Video""]"
"38886757","[""Canada"", ""United States""]","[""single-cell RNA-seq""], [""single-cell RNA-sequencing""]","[""single-cell RNA-seq""]","[""single-cell RNA-sequencing""]"
"38893608","[""Canada"", ""Chile""]","[""Lung ultrasound (LUS)""], [""ultrasound""]","[""Lung ultrasound (LUS)""]","[""ultrasound""]"
"38900978","[""Canada"", ""United States""]","[""Hematoxylin and eosin- stained histopathology images"", ""Ki-67-stained histopathology images""], [""Images"", ""Ki-67-stained histopathology images""]","[""Hematoxylin and eosin- stained histopathology images"", ""Ki-67-stained histopathology images""]","[""Images"", ""Ki-67-stained histopathology images""]"
"38902526","[""Canada"", ""Czechia"", ""United States""]","[""Blood-based biomarkers"", ""Clinical Biomarker Data""], [""blood test"", ""clinical data""]","[""Blood-based biomarkers"", ""Clinical Biomarker Data""]","[""blood test"", ""clinical data""]"
"38906883","[""Canada""]","[""Clinical""], [""21 clinical and sociodemographic features""]","[""Clinical""]","[""21 clinical and sociodemographic features""]"
"38918900","[""Canada""]","[""Images""], [""Image"", ""Clinical assessment""]","[""Images""]","[""Image"", ""Clinical assessment""]"
"38926172","[""Canada""]","[""radiographs""], [""X-ray"", ""biplanar radiograph""]","[""radiographs""]","[""X-ray"", ""biplanar radiograph""]"
"38926357","[""Canada"", ""Germany""]","[""Histopathology images"", ""Whole genome sequencing""], [""Histopathology images""]","[""Histopathology images"", ""Whole genome sequencing""]","[""Histopathology images""]"
"38929614","[""Canada""]","[""Blood samples""], {""blood plasma concentrations"": true}","[""Blood samples""]","{""blood plasma concentrations"": true}"
"38930089","[""Canada"", ""United States""]",NULL,NULL,"[""text""]"
"38930112","[""Canada""]","[""Plasma IL-7 levels""], [""Clinical Features"", ""Plasma IL-7 levels""]","[""Plasma IL-7 levels""]","[""Clinical Features"", ""Plasma IL-7 levels""]"
"38937550","[""Canada""]","[""Electronic Health Records (EHR)""], [""structured EHR data""]","[""Electronic Health Records (EHR)""]","[""structured EHR data""]"
"38938360","[""Canada""]","[""Tissue"", ""Scans""], [""echocardiogram""]","[""Tissue"", ""Scans""]","[""echocardiogram""]"
"38939385","[""Canada""]","[""Claims data"", ""Hospitalization data""], [""Claims data""]","[""Claims data"", ""Hospitalization data""]","[""Claims data""]"
"38944904","[""Canada""]","[""Virtual Reality"", ""Augmented Reality""], [""Virtual Reality"", ""Augmented Reality""]","[""Virtual Reality"", ""Augmented Reality""]","[""Virtual Reality"", ""Augmented Reality""]"
"38945043","[""Canada""]","[""Computed Tomography""], [""CT scan""]","[""Computed Tomography""]","[""CT scan""]"
"38946948","[""Canada"", ""Israel"", ""United States""]","[""RNA""], {""text"": null, ""image"": null}","[""RNA""]","{""text"": null, ""image"": null}"
"38951965","[""Canada"", ""China""]","[""Medical""], [""Image"", ""Text""]","[""Medical""]","[""Image"", ""Text""]"
"38960508","[""Australia"", ""Canada"", ""United Kingdom"", ""United States""]","[""Cardiovascular""], [""text""]","[""Cardiovascular""]","[""text""]"
"38960798","[""Canada""]",NULL,"[""University Health Network"", ""Princess Margaret Cancer Centre"", ""Ontario Institute for Cancer Research""]",NULL
"38962264","[""Canada""]","[""Spectroscopy""], [""Raman spectra""]","[""Spectroscopy""]","[""Raman spectra""]"
"38962394","[""Canada""]","[""Neurology"", ""Parkinson's Disease""], [{""Modality_Name"": ""Speech""}, {""Modality_Name"": ""Text""}]","[""Neurology"", ""Parkinson's Disease""]","[{""Modality_Name"": ""Speech""}, {""Modality_Name"": ""Text""}]"
"38968776","[""Canada"", ""Switzerland""]","[""Clinical"", ""Neurological""], [""Nurick score"", ""NDI (neck disability index)"", ""neck pain""]","[""Clinical"", ""Neurological""]","[""Nurick score"", ""NDI (neck disability index)"", ""neck pain""]"
"38973606","[""Canada"", ""Serbia""]","[""Histopathology"", ""Radiomics""], [""histopathology"", ""radiomics""]","[""Histopathology"", ""Radiomics""]","[""histopathology"", ""radiomics""]"
"38977181","[""Canada""]","[""Sociodemographic"", ""Medical""], [""Text""]","[""Sociodemographic"", ""Medical""]","[""Text""]"
"38980984","[""Canada""]","[""Electrocardiography"", ""Respiratory"", ""Accelerometry""], [""electrocardiography"", ""respiratory"", ""accelerometry""]","[""Electrocardiography"", ""Respiratory"", ""Accelerometry""]","[""electrocardiography"", ""respiratory"", ""accelerometry""]"
"38987512","[""Canada""]","[""3D spinal ultrasonographs""], [""Ultrasonography""]","[""3D spinal ultrasonographs""]","[""Ultrasonography""]"
"39001096","[""Canada""]","[""Heart Rate Variability""], [""RR interval (RRI)""]","[""Heart Rate Variability""]","[""RR interval (RRI)""]"
"39001410","[""Canada"", ""United States""]","[""T2-weighted"", ""diffusion-weighted imaging/apparent diffusion coefficient"", ""T1-weighted contrast-enhanced""], [""multi-parametric MRI""]","[""T2-weighted"", ""diffusion-weighted imaging/apparent diffusion coefficient"", ""T1-weighted contrast-enhanced""]","[""multi-parametric MRI""]"
"39002043","[""Canada"", ""Jersey"", ""United States""]","[""Text""], [""Electronic Health Records""]","[""Text""]","[""Electronic Health Records""]"
"39013848","[""Australia"", ""Canada"", ""China"", ""Germany"", ""Italy"", ""Japan"", ""Spain"", ""Switzerland"", ""United Kingdom"", ""United States""]",NULL,"[""Magnetic Resonance"", ""Brain Imaging""]",NULL
"31981624","[""Barbados"", ""Belgium"", ""Canada"", ""France"", ""Japan"", ""Turkey"", ""United States""]",NULL,NULL,NULL
"38542033","[""Canada"", ""Netherlands"", ""Spain"", ""United Kingdom""]",NULL,"[""medical""]",NULL
"34694234","[""Canada"", ""United Kingdom"", ""United States""]",NULL,"[""Clinical""]",NULL
"31926806","[""Australia"", ""Brazil"", ""Canada"", ""Germany"", ""Japan"", ""New Zealand"", ""Sweden"", ""Taiwan"", ""United Kingdom"", ""United States""]",NULL,"[null, null, null, null, null]",NULL
"38783089","[""Canada"", ""Egypt"", ""Turkey"", ""United Arab Emirates"", ""United States""]",NULL,"[""cervical extension traction (CET)""]",NULL
"37829182","[""Australia"", ""Canada"", ""China"", ""Colombia"", ""Hong Kong"", ""South Korea"", ""Spain"", ""United Kingdom"", ""United States""]",NULL,"[""Medical Imaging"", ""Electronic Health Records""]",NULL
"36280681","[""Canada"", ""Saudi Arabia"", ""United States""]",NULL,"[""Ultrasound"", ""Clinical""]",NULL
"31919503","[""Canada"", ""Turkey"", ""United Kingdom"", ""United States""]",NULL,NULL,NULL
"38290583","[""Brazil"", ""Canada"", ""Norway""]",NULL,NULL,NULL
"37546399","[""Canada"", ""France""]",NULL,NULL,NULL
